incident_id,severity_label,severity_score,area_load,available_teams,team_skill_match,historical_team_performance,citizen_trust_score,priority_level,assigned_team,suggested_resources
1,Low,0.3,0.22,4,0.72,0.69,0.73,P3,Team_B,Low
2,Medium,0.6,0.21,4,0.86,0.8,0.31,P2,Team_A,Medium
3,High,0.9,0.24,3,0.6,0.6,0.45,P2,Team_B,Medium
4,Low,0.3,0.28,3,0.89,0.68,0.86,P3,Team_A,Low
5,Low,0.3,0.34,3,0.7,0.64,0.53,P3,Team_C,Low
6,Low,0.3,0.83,1,0.78,0.75,0.38,P2,Team_A,Medium
7,Low,0.3,0.33,1,0.9,0.74,0.87,P3,Team_A,Low
8,Low,0.3,0.22,4,0.72,0.68,0.59,P3,Team_A,Low
9,Medium,0.6,0.48,4,0.41,0.92,0.33,P2,Team_A,Medium
10,High,0.9,0.43,2,0.89,0.69,0.56,P2,Team_B,Medium
11,Medium,0.6,0.3,2,0.74,0.69,0.96,P2,Team_C,Medium
12,High,0.9,0.61,2,0.5,0.54,0.5,P1,Team_C,High
13,Medium,0.6,0.48,3,0.67,0.9,0.61,P2,Team_A,Medium
14,Low,0.3,0.41,4,0.79,0.93,0.99,P2,Team_C,Medium
15,High,0.9,0.62,4,0.84,0.84,0.82,P1,Team_A,High
16,High,0.9,0.54,3,0.98,0.55,0.48,P2,Team_B,Medium
17,High,0.9,0.15,1,0.95,0.73,0.32,P2,Team_B,Medium
18,Low,0.3,0.48,1,0.75,0.96,0.49,P2,Team_A,Medium
19,Medium,0.6,0.65,4,0.59,0.8,0.32,P2,Team_A,Medium
20,Low,0.3,0.2,3,0.49,0.42,0.47,P3,Team_C,Low
21,High,0.9,0.71,4,0.9,0.36,0.78,P1,Team_C,High
22,High,0.9,0.44,3,0.97,0.81,0.89,P2,Team_B,Medium
23,Low,0.3,0.85,3,0.68,0.84,0.59,P2,Team_B,Medium
24,Low,0.3,0.63,3,0.69,0.8,0.57,P2,Team_A,Medium
25,High,0.9,0.57,3,0.65,0.43,0.38,P2,Team_A,Medium
26,Medium,0.6,0.65,3,0.74,0.56,0.4,P2,Team_A,Medium
27,Low,0.3,0.76,4,0.92,0.41,0.48,P2,Team_B,Medium
28,Medium,0.6,0.72,2,0.98,0.84,0.53,P2,Team_B,Medium
29,High,0.9,0.41,3,0.73,0.75,0.97,P2,Team_B,Medium
30,Medium,0.6,0.12,2,0.81,0.64,0.72,P2,Team_A,Medium
31,Low,0.3,0.95,2,0.77,0.87,0.89,P2,Team_A,Medium
32,Low,0.3,0.28,3,0.59,0.62,0.73,P3,Team_C,Low
33,Low,0.3,0.25,4,0.32,0.72,0.99,P3,Team_B,Low
34,Medium,0.6,0.76,2,0.82,0.69,0.84,P2,Team_A,Medium
35,High,0.9,0.1,3,0.19,0.47,0.91,P2,Team_C,Medium
36,Medium,0.6,0.51,4,0.73,0.8,0.53,P2,Team_B,Medium
37,High,0.9,0.32,1,0.86,0.67,0.8,P2,Team_B,Medium
38,Low,0.3,0.81,3,0.89,0.89,0.67,P2,Team_A,Medium
39,High,0.9,0.62,3,0.78,0.23,0.73,P1,Team_C,High
40,Low,0.3,0.48,2,0.97,0.74,0.64,P2,Team_B,Medium
41,Medium,0.6,0.39,4,0.53,0.67,0.95,P2,Team_A,Medium
42,Medium,0.6,0.55,4,0.9,0.91,0.9,P2,Team_B,Medium
43,Low,0.3,0.52,4,0.72,0.55,0.94,P2,Team_A,Medium
44,High,0.9,0.76,3,0.5,0.84,0.46,P1,Team_C,High
45,Low,0.3,0.43,3,0.57,0.68,0.8,P2,Team_A,Medium
46,High,0.9,0.76,4,0.39,0.86,0.7,P1,Team_B,High
47,Low,0.3,0.37,4,0.65,0.89,0.94,P3,Team_A,Low
48,High,0.9,0.26,2,0.78,0.47,0.73,P2,Team_C,Medium
49,Low,0.3,0.77,3,0.84,0.77,0.94,P2,Team_B,Medium
50,Low,0.3,0.23,1,0.82,0.91,0.52,P3,Team_B,Low
51,Medium,0.6,0.55,1,0.71,0.47,0.65,P2,Team_C,Medium
52,Low,0.3,0.93,4,0.7,0.78,0.54,P2,Team_A,Medium
53,Low,0.3,0.25,2,0.93,0.45,0.91,P3,Team_A,Low
54,Medium,0.6,0.68,2,0.66,0.67,0.99,P2,Team_C,Medium
55,High,0.9,0.24,2,0.91,0.5,0.87,P2,Team_A,Medium
56,Low,0.3,0.42,2,0.88,0.59,0.89,P2,Team_A,Medium
57,Low,0.3,0.84,2,0.79,0.72,0.97,P2,Team_B,Medium
58,Medium,0.6,0.64,1,0.81,0.67,0.62,P2,Team_C,Medium
59,High,0.9,0.6,3,0.72,0.6,0.75,P2,Team_A,Medium
60,High,0.9,0.67,4,0.62,0.63,0.96,P1,Team_B,High
61,Medium,0.6,0.26,2,0.44,0.45,0.52,P2,Team_A,Medium
62,Medium,0.6,0.29,4,0.77,0.5,0.64,P2,Team_A,Medium
63,Medium,0.6,0.53,4,0.78,0.82,0.31,P2,Team_B,Medium
64,Low,0.3,0.55,1,0.74,0.25,0.99,P2,Team_C,Medium
65,Medium,0.6,0.27,3,0.79,0.39,0.41,P2,Team_C,Medium
66,Low,0.3,0.13,2,0.95,0.51,0.5,P3,Team_C,Low
67,Low,0.3,0.45,4,0.82,0.92,0.92,P2,Team_C,Medium
68,High,0.9,0.46,1,0.67,0.64,0.41,P2,Team_B,Medium
69,High,0.9,0.45,1,0.6,0.63,0.6,P2,Team_B,Medium
70,Low,0.3,0.57,4,0.85,0.32,0.57,P2,Team_A,Medium
71,Low,0.3,0.89,2,0.89,0.51,0.89,P2,Team_C,Medium
72,Medium,0.6,0.14,4,0.74,0.4,0.81,P2,Team_B,Medium
73,Low,0.3,0.56,4,0.57,0.86,0.86,P2,Team_A,Medium
74,High,0.9,0.52,4,0.66,0.44,0.35,P2,Team_B,Medium
75,Medium,0.6,0.11,2,0.69,0.84,0.45,P2,Team_A,Medium
76,Medium,0.6,0.31,4,0.79,0.7,0.97,P2,Team_A,Medium
77,Medium,0.6,0.64,2,0.76,0.47,0.64,P2,Team_C,Medium
78,Medium,0.6,0.39,1,0.91,0.69,0.41,P2,Team_B,Medium
79,Medium,0.6,0.48,1,0.65,0.59,0.81,P2,Team_B,Medium
80,High,0.9,0.06,2,0.78,0.83,0.89,P2,Team_A,Medium
81,Low,0.3,0.54,2,0.31,0.81,0.76,P2,Team_C,Medium
82,Low,0.3,0.59,3,0.68,0.78,0.61,P2,Team_B,Medium
83,Low,0.3,0.51,3,0.36,0.73,0.49,P2,Team_B,Medium
84,Low,0.3,0.54,1,0.68,0.24,0.66,P2,Team_B,Medium
85,Low,0.3,0.71,3,0.63,0.67,0.91,P2,Team_A,Medium
86,Low,0.3,0.62,4,0.72,0.96,1.0,P2,Team_A,Medium
87,High,0.9,0.56,2,0.64,0.73,0.75,P2,Team_A,Medium
88,Low,0.3,0.41,1,0.95,0.78,0.65,P2,Team_A,Medium
89,High,0.9,0.36,4,0.93,0.46,0.66,P2,Team_A,Medium
90,Low,0.3,0.43,3,0.77,0.4,0.95,P2,Team_C,Medium
91,Medium,0.6,0.88,2,0.78,0.68,0.48,P2,Team_B,Medium
92,High,0.9,0.54,3,0.33,0.8,0.84,P2,Team_A,Medium
93,Low,0.3,0.18,2,0.77,0.65,0.67,P3,Team_B,Low
94,Low,0.3,0.28,2,0.81,0.22,0.54,P3,Team_B,Low
95,Low,0.3,0.78,4,0.95,0.92,0.77,P2,Team_C,Medium
96,Medium,0.6,0.55,2,0.71,0.83,0.42,P2,Team_C,Medium
97,High,0.9,0.72,4,0.33,0.79,0.68,P1,Team_A,High
98,Medium,0.6,0.53,1,0.7,0.72,0.96,P2,Team_A,Medium
99,Medium,0.6,0.26,2,0.61,0.71,0.91,P2,Team_B,Medium
100,Low,0.3,0.7,3,0.41,0.63,0.64,P2,Team_B,Medium
101,High,0.9,0.25,1,0.71,0.61,0.52,P2,Team_B,Medium
102,High,0.9,0.71,2,0.56,0.61,0.79,P1,Team_A,High
103,Medium,0.6,0.23,1,0.75,0.94,0.39,P2,Team_C,Medium
104,Medium,0.6,0.66,1,0.79,0.85,0.43,P2,Team_A,Medium
105,Low,0.3,0.39,3,0.52,0.54,0.73,P3,Team_A,Low
106,Medium,0.6,0.51,1,0.78,0.67,0.62,P2,Team_A,Medium
107,Medium,0.6,0.66,1,0.69,0.71,0.66,P2,Team_B,Medium
108,Medium,0.6,0.7,4,0.89,0.69,0.75,P2,Team_B,Medium
109,Medium,0.6,0.32,2,0.62,0.51,0.46,P2,Team_A,Medium
110,Low,0.3,0.04,4,0.76,0.85,0.94,P3,Team_B,Low
111,Medium,0.6,0.32,4,0.76,0.69,0.45,P2,Team_C,Medium
112,Low,0.3,0.72,3,0.96,0.71,0.31,P2,Team_A,Medium
113,Medium,0.6,0.33,2,0.92,0.82,0.3,P2,Team_B,Medium
114,High,0.9,0.5,3,0.84,0.87,0.57,P2,Team_A,Medium
115,Low,0.3,0.5,3,0.9,0.61,0.86,P2,Team_C,Medium
116,Low,0.3,0.89,4,0.66,0.57,0.36,P2,Team_A,Medium
117,Medium,0.6,0.43,4,0.89,0.91,0.79,P2,Team_B,Medium
118,High,0.9,0.62,1,0.71,0.6,0.85,P1,Team_B,High
119,Low,0.3,0.47,1,0.76,0.6,0.61,P2,Team_A,Medium
120,Low,0.3,0.57,3,0.89,0.7,0.34,P2,Team_B,Medium
121,Medium,0.6,0.19,1,0.42,0.72,0.68,P2,Team_C,Medium
122,Medium,0.6,0.31,1,0.88,0.49,0.85,P2,Team_B,Medium
123,High,0.9,0.38,3,0.59,0.47,0.69,P2,Team_B,Medium
124,Medium,0.6,0.3,2,0.63,0.87,0.67,P2,Team_A,Medium
125,Medium,0.6,0.6,4,0.2,0.26,0.65,P2,Team_A,Medium
126,Low,0.3,0.83,2,0.63,0.74,0.77,P2,Team_A,Medium
127,Low,0.3,0.26,4,0.74,0.77,0.8,P3,Team_A,Low
128,Medium,0.6,0.27,3,0.59,0.78,0.82,P2,Team_B,Medium
129,Medium,0.6,0.46,3,0.58,0.77,0.42,P2,Team_A,Medium
130,High,0.9,0.87,2,0.71,0.69,0.34,P1,Team_C,High
131,Low,0.3,0.43,4,0.7,0.85,0.6,P2,Team_B,Medium
132,High,0.9,0.7,2,0.74,0.74,0.61,P1,Team_B,High
133,Low,0.3,0.52,4,0.95,0.54,0.36,P2,Team_A,Medium
134,High,0.9,0.78,1,0.66,0.61,0.7,P1,Team_A,High
135,Medium,0.6,0.28,2,0.69,0.92,0.64,P2,Team_B,Medium
136,Low,0.3,0.84,2,0.76,0.95,0.5,P2,Team_A,Medium
137,Medium,0.6,0.6,2,0.71,0.84,0.7,P2,Team_C,Medium
138,Medium,0.6,0.56,4,0.66,0.9,0.9,P2,Team_B,Medium
139,Low,0.3,0.6,3,0.62,0.52,0.59,P2,Team_A,Medium
140,Medium,0.6,0.93,2,0.9,0.61,0.36,P2,Team_C,Medium
141,Low,0.3,0.74,1,0.82,0.82,0.46,P2,Team_C,Medium
142,Medium,0.6,0.66,4,0.96,0.62,0.92,P2,Team_A,Medium
143,High,0.9,0.93,3,0.83,0.26,0.62,P1,Team_A,High
144,Low,0.3,0.41,4,0.75,0.64,0.39,P2,Team_B,Medium
145,Low,0.3,0.44,4,0.63,0.98,0.89,P2,Team_C,Medium
146,Low,0.3,0.46,4,0.85,0.78,0.81,P2,Team_B,Medium
147,Medium,0.6,0.61,4,0.67,0.63,0.33,P2,Team_B,Medium
148,High,0.9,0.62,4,0.64,0.94,0.61,P1,Team_C,High
149,Medium,0.6,0.26,4,0.68,0.89,0.52,P2,Team_C,Medium
150,Medium,0.6,0.55,4,0.44,0.55,0.86,P2,Team_C,Medium
151,High,0.9,0.42,1,0.87,0.63,0.79,P2,Team_C,Medium
152,Low,0.3,0.62,2,0.35,0.71,0.89,P2,Team_B,Medium
153,Low,0.3,0.9,3,0.79,0.44,0.45,P2,Team_A,Medium
154,Medium,0.6,0.72,3,0.58,0.98,0.51,P2,Team_C,Medium
155,Medium,0.6,0.7,3,0.84,0.7,0.72,P2,Team_A,Medium
156,Low,0.3,0.56,1,0.69,0.73,0.96,P2,Team_C,Medium
157,Low,0.3,0.97,4,0.79,0.73,0.96,P2,Team_A,Medium
158,Low,0.3,0.51,4,0.76,0.82,0.59,P2,Team_B,Medium
159,Low,0.3,0.38,1,0.74,0.61,0.71,P3,Team_A,Low
160,Low,0.3,0.82,2,0.72,0.59,0.81,P2,Team_A,Medium
161,High,0.9,0.7,3,0.9,0.74,0.54,P1,Team_C,High
162,Medium,0.6,0.13,3,0.37,0.78,0.8,P2,Team_A,Medium
163,Low,0.3,0.45,2,0.94,0.77,0.73,P2,Team_A,Medium
164,Medium,0.6,0.34,4,0.76,0.46,0.78,P2,Team_B,Medium
165,Low,0.3,0.71,1,0.66,0.73,0.9,P2,Team_A,Medium
166,Low,0.3,0.29,4,0.79,0.89,0.45,P3,Team_B,Low
167,High,0.9,0.71,3,0.8,0.65,0.62,P1,Team_A,High
168,Low,0.3,0.67,2,0.48,0.89,0.47,P2,Team_A,Medium
169,Medium,0.6,0.28,3,0.64,0.55,0.61,P2,Team_B,Medium
170,Low,0.3,0.24,4,0.53,0.41,0.69,P3,Team_A,Low
171,Medium,0.6,0.2,3,0.53,0.54,0.51,P2,Team_C,Medium
172,Low,0.3,0.1,1,0.87,0.68,0.91,P3,Team_C,Low
173,Low,0.3,0.6,1,0.66,0.76,0.81,P2,Team_B,Medium
174,Medium,0.6,0.11,2,0.92,0.8,0.83,P2,Team_A,Medium
175,Medium,0.6,0.66,4,0.85,0.32,0.37,P2,Team_A,Medium
176,Medium,0.6,0.27,2,0.68,0.85,0.53,P2,Team_A,Medium
177,High,0.9,0.52,1,0.96,0.59,0.89,P2,Team_C,Medium
178,Low,0.3,0.55,3,0.65,0.67,0.52,P2,Team_B,Medium
179,Medium,0.6,0.25,4,0.72,0.6,0.6,P2,Team_B,Medium
180,Medium,0.6,0.64,2,0.72,0.66,0.59,P2,Team_B,Medium
181,Medium,0.6,0.55,2,0.85,0.61,0.44,P2,Team_A,Medium
182,Medium,0.6,0.32,3,0.7,0.66,0.98,P2,Team_C,Medium
183,Medium,0.6,0.84,3,0.78,0.69,0.79,P2,Team_A,Medium
184,Low,0.3,0.09,3,0.65,0.6,0.6,P3,Team_C,Low
185,High,0.9,0.31,1,0.74,0.79,0.47,P2,Team_C,Medium
186,Medium,0.6,0.16,4,0.84,0.83,0.48,P2,Team_C,Medium
187,Medium,0.6,0.6,1,0.78,0.81,0.4,P2,Team_C,Medium
188,Low,0.3,0.78,4,0.68,0.18,0.59,P2,Team_B,Medium
189,Low,0.3,0.19,4,0.78,0.8,0.88,P3,Team_B,Low
190,High,0.9,0.76,3,0.47,0.6,0.92,P1,Team_C,High
191,Medium,0.6,0.58,4,0.6,0.86,0.37,P2,Team_B,Medium
192,Medium,0.6,0.84,4,0.69,0.84,0.44,P2,Team_B,Medium
193,Medium,0.6,0.67,1,0.88,0.72,0.84,P2,Team_C,Medium
194,Medium,0.6,0.13,4,0.55,0.59,0.39,P2,Team_B,Medium
195,High,0.9,0.42,3,0.44,0.81,0.89,P2,Team_A,Medium
196,High,0.9,0.43,1,0.88,0.63,0.81,P2,Team_B,Medium
197,Low,0.3,0.22,1,0.6,0.69,0.83,P3,Team_C,Low
198,Medium,0.6,0.84,3,0.8,0.59,0.74,P2,Team_B,Medium
199,Low,0.3,0.72,1,0.88,0.68,0.76,P2,Team_A,Medium
200,Low,0.3,0.71,1,0.75,0.72,0.99,P2,Team_B,Medium
201,Medium,0.6,0.68,2,0.58,0.71,0.61,P2,Team_A,Medium
202,High,0.9,0.15,4,0.45,0.96,0.97,P2,Team_C,Medium
203,Low,0.3,0.91,3,0.9,0.96,0.35,P2,Team_A,Medium
204,High,0.9,0.31,3,0.96,0.96,0.9,P2,Team_B,Medium
205,Medium,0.6,0.22,3,0.76,0.69,0.87,P2,Team_A,Medium
206,Low,0.3,0.13,2,0.71,0.46,0.92,P3,Team_B,Low
207,Medium,0.6,0.6,4,0.84,0.9,0.72,P2,Team_A,Medium
208,High,0.9,0.41,1,0.64,0.73,0.98,P2,Team_A,Medium
209,Medium,0.6,0.32,3,0.54,0.51,0.83,P2,Team_C,Medium
210,High,0.9,0.67,3,0.83,0.66,0.49,P1,Team_B,High
211,Medium,0.6,0.91,2,0.5,0.72,0.58,P2,Team_C,Medium
212,Low,0.3,0.84,3,0.89,0.75,0.69,P2,Team_B,Medium
213,High,0.9,0.72,4,0.77,0.84,0.95,P1,Team_A,High
214,Medium,0.6,0.87,4,0.64,0.95,0.48,P2,Team_B,Medium
215,Low,0.3,0.46,2,0.41,0.71,0.56,P2,Team_A,Medium
216,Low,0.3,0.84,2,0.69,0.63,0.83,P2,Team_C,Medium
217,Medium,0.6,0.2,1,0.48,0.58,0.9,P2,Team_A,Medium
218,High,0.9,0.22,2,0.69,0.8,0.69,P2,Team_A,Medium
219,Medium,0.6,0.35,4,0.67,0.8,0.75,P2,Team_C,Medium
220,Medium,0.6,0.13,3,0.43,0.89,0.6,P2,Team_C,Medium
221,Low,0.3,0.42,2,0.7,0.53,0.8,P2,Team_C,Medium
222,Low,0.3,0.4,2,0.44,0.43,0.8,P2,Team_C,Medium
223,High,0.9,0.86,2,0.66,0.88,0.96,P1,Team_B,High
224,Medium,0.6,0.28,1,0.78,0.81,0.96,P2,Team_C,Medium
225,Low,0.3,0.42,3,0.84,0.43,0.7,P2,Team_C,Medium
226,Medium,0.6,0.75,2,0.68,0.35,0.48,P2,Team_C,Medium
227,Medium,0.6,0.47,4,0.88,0.82,0.45,P2,Team_C,Medium
228,Low,0.3,0.66,4,0.69,0.41,0.98,P2,Team_A,Medium
229,High,0.9,0.32,3,0.68,0.19,0.73,P2,Team_A,Medium
230,High,0.9,0.39,4,0.65,0.77,0.42,P2,Team_A,Medium
231,Medium,0.6,0.58,3,0.8,0.62,0.67,P2,Team_A,Medium
232,High,0.9,0.79,2,0.81,0.61,0.66,P1,Team_A,High
233,High,0.9,0.61,3,0.9,0.86,0.32,P1,Team_C,High
234,Medium,0.6,0.21,1,0.83,0.71,0.93,P2,Team_A,Medium
235,Medium,0.6,0.77,4,0.79,0.79,0.34,P2,Team_C,Medium
236,Medium,0.6,0.21,4,0.78,0.39,0.68,P2,Team_A,Medium
237,High,0.9,0.28,1,0.82,0.93,0.81,P2,Team_C,Medium
238,Low,0.3,0.22,3,0.62,0.6,0.71,P3,Team_C,Low
239,Medium,0.6,0.81,4,0.72,0.66,0.37,P2,Team_A,Medium
240,Low,0.3,0.17,2,0.8,0.81,0.75,P3,Team_C,Low
241,Medium,0.6,0.09,1,0.87,0.68,0.67,P2,Team_C,Medium
242,Medium,0.6,0.21,3,0.83,0.48,0.72,P2,Team_B,Medium
243,Medium,0.6,0.22,4,0.66,0.91,0.79,P2,Team_C,Medium
244,Medium,0.6,0.89,4,0.79,0.83,0.64,P2,Team_B,Medium
245,Medium,0.6,0.38,2,0.81,0.67,0.52,P2,Team_A,Medium
246,Medium,0.6,0.43,3,0.63,0.73,0.39,P2,Team_B,Medium
247,Low,0.3,0.43,4,0.82,0.96,0.87,P2,Team_A,Medium
248,High,0.9,0.24,2,0.89,0.62,0.92,P2,Team_C,Medium
249,High,0.9,0.46,2,0.76,0.52,0.86,P2,Team_C,Medium
250,Medium,0.6,0.4,2,0.96,0.92,0.51,P2,Team_A,Medium
251,Medium,0.6,0.72,2,0.79,0.96,0.98,P2,Team_C,Medium
252,Low,0.3,0.54,1,0.42,0.4,0.48,P2,Team_C,Medium
253,Low,0.3,0.07,1,0.59,0.51,0.92,P3,Team_C,Low
254,Low,0.3,0.5,4,0.75,0.58,0.39,P2,Team_A,Medium
255,Medium,0.6,0.6,3,0.78,0.49,0.94,P2,Team_B,Medium
256,Low,0.3,0.36,1,0.57,0.89,0.49,P3,Team_C,Low
257,Medium,0.6,0.68,3,0.59,0.78,0.61,P2,Team_C,Medium
258,Low,0.3,0.5,1,0.81,0.73,0.45,P2,Team_C,Medium
259,Medium,0.6,0.05,4,0.72,0.67,0.89,P2,Team_C,Medium
260,Medium,0.6,0.65,4,0.94,0.7,0.32,P2,Team_C,Medium
261,Medium,0.6,0.46,2,0.92,0.67,0.39,P2,Team_B,Medium
262,Low,0.3,0.53,2,0.93,0.88,0.71,P2,Team_B,Medium
263,High,0.9,0.58,1,0.64,0.48,0.46,P2,Team_A,Medium
264,Medium,0.6,0.46,4,0.49,0.6,0.68,P2,Team_A,Medium
265,Medium,0.6,0.55,1,0.46,0.34,0.41,P2,Team_A,Medium
266,Low,0.3,0.21,4,0.67,0.42,0.39,P3,Team_A,Low
267,High,0.9,0.86,1,0.64,0.74,0.69,P1,Team_A,High
268,Low,0.3,0.77,2,0.77,0.73,0.43,P2,Team_B,Medium
269,Low,0.3,0.76,1,0.63,0.91,0.58,P2,Team_A,Medium
270,Medium,0.6,0.6,1,0.49,0.68,0.33,P2,Team_B,Medium
271,Low,0.3,0.84,3,0.56,0.59,0.58,P2,Team_A,Medium
272,Low,0.3,0.38,3,0.33,0.85,0.85,P3,Team_A,Low
273,Low,0.3,0.72,3,0.68,0.84,0.94,P2,Team_B,Medium
274,High,0.9,0.57,2,0.55,0.81,0.46,P2,Team_C,Medium
275,High,0.9,0.34,1,0.66,0.47,0.45,P2,Team_C,Medium
276,Low,0.3,0.38,4,0.85,0.67,0.73,P3,Team_B,Low
277,High,0.9,0.32,4,0.61,0.74,0.48,P2,Team_B,Medium
278,Low,0.3,0.36,1,0.75,0.59,0.59,P3,Team_B,Low
279,Low,0.3,0.84,2,0.84,0.81,0.56,P2,Team_A,Medium
280,Low,0.3,0.75,2,0.89,0.77,0.8,P2,Team_B,Medium
281,Low,0.3,0.51,1,0.54,0.76,0.33,P2,Team_C,Medium
282,Medium,0.6,0.68,2,0.85,0.71,0.31,P2,Team_C,Medium
283,Low,0.3,0.64,3,0.81,0.33,0.54,P2,Team_B,Medium
284,Low,0.3,0.87,2,0.84,0.27,0.61,P2,Team_B,Medium
285,Low,0.3,0.5,3,0.45,0.31,0.59,P2,Team_A,Medium
286,Low,0.3,0.5,3,0.78,0.44,0.79,P2,Team_B,Medium
287,High,0.9,0.59,2,0.54,0.72,0.95,P2,Team_A,Medium
288,Low,0.3,0.85,2,0.96,0.6,0.71,P2,Team_C,Medium
289,High,0.9,0.79,3,0.64,0.9,0.73,P1,Team_C,High
290,Low,0.3,0.9,4,0.76,0.61,0.69,P2,Team_A,Medium
291,High,0.9,0.62,2,0.47,0.71,0.82,P1,Team_B,High
292,Medium,0.6,0.16,2,0.96,0.6,0.99,P2,Team_A,Medium
293,Medium,0.6,0.72,1,0.49,0.35,0.82,P2,Team_C,Medium
294,Low,0.3,0.28,3,0.86,0.48,0.39,P3,Team_B,Low
295,Low,0.3,0.83,2,0.43,0.81,0.75,P2,Team_B,Medium
296,Medium,0.6,0.86,4,0.71,0.7,0.42,P2,Team_C,Medium
297,High,0.9,0.65,4,0.48,0.7,0.34,P1,Team_B,High
298,Low,0.3,0.65,2,0.66,0.46,0.43,P2,Team_C,Medium
299,Medium,0.6,0.63,4,0.46,0.33,0.49,P2,Team_A,Medium
300,Low,0.3,0.38,2,0.81,0.61,0.64,P3,Team_B,Low
301,Medium,0.6,0.56,1,0.74,0.88,0.34,P2,Team_B,Medium
302,Low,0.3,0.42,3,0.75,0.84,0.56,P2,Team_B,Medium
303,Medium,0.6,0.36,1,0.94,0.42,0.34,P2,Team_B,Medium
304,High,0.9,0.33,2,0.63,0.46,0.31,P2,Team_C,Medium
305,High,0.9,0.25,4,0.9,0.79,0.77,P2,Team_C,Medium
306,Low,0.3,0.73,2,0.61,0.66,0.57,P2,Team_A,Medium
307,Low,0.3,0.63,1,0.99,0.93,0.95,P2,Team_C,Medium
308,Low,0.3,0.47,3,0.91,0.73,0.76,P2,Team_B,Medium
309,High,0.9,0.93,2,0.88,0.74,0.86,P1,Team_A,High
310,Low,0.3,0.13,2,0.78,0.77,0.86,P3,Team_C,Low
311,Medium,0.6,0.41,1,0.66,0.6,0.34,P2,Team_A,Medium
312,Medium,0.6,0.7,2,0.81,0.7,0.54,P2,Team_B,Medium
313,Medium,0.6,0.45,3,0.83,0.56,0.6,P2,Team_C,Medium
314,Low,0.3,0.27,3,0.59,0.76,0.5,P3,Team_A,Low
315,Low,0.3,0.78,1,0.7,0.86,0.38,P2,Team_B,Medium
316,Low,0.3,0.5,3,0.69,0.61,0.32,P2,Team_B,Medium
317,Medium,0.6,0.47,4,0.53,0.63,0.9,P2,Team_C,Medium
318,Low,0.3,0.55,4,0.28,0.6,0.4,P2,Team_B,Medium
319,Low,0.3,0.21,2,0.63,0.87,0.98,P3,Team_C,Low
320,Medium,0.6,0.75,4,0.97,0.76,0.64,P2,Team_A,Medium
321,Medium,0.6,0.72,1,0.92,0.81,0.82,P2,Team_B,Medium
322,Low,0.3,0.56,3,0.95,0.71,0.79,P2,Team_C,Medium
323,Medium,0.6,0.29,4,0.78,0.68,0.52,P2,Team_C,Medium
324,Medium,0.6,0.48,3,0.53,0.9,0.41,P2,Team_B,Medium
325,Medium,0.6,0.84,3,0.91,0.76,0.39,P2,Team_A,Medium
326,Low,0.3,0.96,2,0.62,0.59,0.7,P2,Team_A,Medium
327,Medium,0.6,0.39,2,0.5,0.84,0.77,P2,Team_C,Medium
328,High,0.9,0.31,2,0.74,0.61,0.38,P2,Team_A,Medium
329,High,0.9,0.41,4,0.79,0.69,0.35,P2,Team_C,Medium
330,Medium,0.6,0.33,1,0.59,0.61,0.6,P2,Team_B,Medium
331,High,0.9,0.11,2,0.75,0.67,0.37,P2,Team_A,Medium
332,Low,0.3,0.43,2,0.91,0.93,0.94,P2,Team_C,Medium
333,Low,0.3,0.26,1,0.63,0.72,0.71,P3,Team_A,Low
334,Low,0.3,0.64,1,0.66,0.62,0.5,P2,Team_B,Medium
335,Low,0.3,0.57,4,0.81,0.71,0.97,P2,Team_A,Medium
336,Low,0.3,0.42,3,0.55,0.82,0.4,P2,Team_A,Medium
337,Low,0.3,0.38,2,0.85,0.49,0.93,P3,Team_A,Low
338,High,0.9,0.75,1,0.91,0.81,0.4,P1,Team_B,High
339,Medium,0.6,0.28,4,0.66,0.34,0.33,P2,Team_A,Medium
340,Medium,0.6,0.76,2,0.49,0.65,0.6,P2,Team_C,Medium
341,Low,0.3,0.65,1,0.79,0.74,0.48,P2,Team_B,Medium
342,Low,0.3,0.8,4,0.65,0.44,0.36,P2,Team_B,Medium
343,High,0.9,0.42,4,0.76,0.5,0.93,P2,Team_C,Medium
344,High,0.9,0.03,2,0.76,0.48,0.39,P2,Team_B,Medium
345,Medium,0.6,0.18,3,0.86,0.81,0.49,P2,Team_B,Medium
346,Low,0.3,0.5,1,0.32,0.76,0.6,P2,Team_C,Medium
347,Medium,0.6,0.28,3,0.68,0.82,0.72,P2,Team_C,Medium
348,High,0.9,0.62,2,0.47,0.81,0.72,P1,Team_A,High
349,Medium,0.6,0.77,2,0.64,0.92,0.34,P2,Team_B,Medium
350,High,0.9,0.53,3,0.86,0.89,0.84,P2,Team_C,Medium
351,Low,0.3,0.62,4,0.4,0.75,0.46,P2,Team_C,Medium
352,Low,0.3,0.53,2,0.85,0.79,0.52,P2,Team_A,Medium
353,Medium,0.6,0.51,4,0.72,0.74,0.4,P2,Team_C,Medium
354,Medium,0.6,0.49,3,0.65,0.58,0.84,P2,Team_B,Medium
355,Medium,0.6,0.84,4,0.74,0.55,0.44,P2,Team_B,Medium
356,High,0.9,0.18,1,0.81,0.73,0.55,P2,Team_B,Medium
357,Medium,0.6,0.74,2,0.56,0.71,0.37,P2,Team_A,Medium
358,Low,0.3,0.86,1,0.7,0.76,0.53,P2,Team_A,Medium
359,Medium,0.6,0.52,1,0.9,0.63,0.69,P2,Team_C,Medium
360,Medium,0.6,0.77,4,0.72,0.94,0.96,P2,Team_A,Medium
361,Medium,0.6,0.55,2,0.92,0.9,0.39,P2,Team_C,Medium
362,High,0.9,0.51,2,0.86,0.72,0.89,P2,Team_A,Medium
363,High,0.9,0.64,1,0.72,0.5,0.89,P1,Team_C,High
364,Medium,0.6,0.76,2,0.89,0.88,1.0,P2,Team_B,Medium
365,Medium,0.6,0.86,1,0.69,0.22,0.42,P2,Team_A,Medium
366,Low,0.3,0.78,2,0.89,0.68,0.85,P2,Team_C,Medium
367,Low,0.3,0.32,4,0.9,0.74,0.55,P3,Team_A,Low
368,Low,0.3,0.17,1,0.9,0.87,0.85,P3,Team_A,Low
369,Medium,0.6,0.81,4,0.88,0.55,0.65,P2,Team_C,Medium
370,Medium,0.6,0.26,3,0.91,0.53,0.43,P2,Team_B,Medium
371,High,0.9,0.51,1,0.37,0.44,0.68,P2,Team_A,Medium
372,Medium,0.6,0.86,1,0.89,0.53,0.56,P2,Team_B,Medium
373,High,0.9,0.11,2,0.56,0.85,0.44,P2,Team_A,Medium
374,Medium,0.6,0.67,1,0.92,0.25,0.99,P2,Team_B,Medium
375,Medium,0.6,0.43,4,0.6,0.59,0.91,P2,Team_A,Medium
376,High,0.9,0.7,2,0.65,0.6,0.68,P1,Team_C,High
377,Medium,0.6,0.65,4,0.88,0.47,0.96,P2,Team_B,Medium
378,High,0.9,0.63,3,0.7,0.4,0.74,P1,Team_A,High
379,High,0.9,0.81,2,0.52,0.66,0.59,P1,Team_A,High
380,High,0.9,0.66,1,0.66,0.64,0.54,P1,Team_B,High
381,Low,0.3,0.24,4,0.44,0.93,0.81,P3,Team_C,Low
382,Low,0.3,0.87,2,0.8,0.24,0.49,P2,Team_B,Medium
383,High,0.9,0.75,3,0.52,0.78,0.68,P1,Team_A,High
384,Medium,0.6,0.09,4,0.79,0.54,0.45,P2,Team_A,Medium
385,Low,0.3,0.46,2,0.75,0.35,0.54,P2,Team_A,Medium
386,Low,0.3,0.52,4,0.75,0.56,0.77,P2,Team_A,Medium
387,High,0.9,0.74,4,0.74,0.6,0.98,P1,Team_A,High
388,High,0.9,0.86,3,0.89,0.43,0.5,P1,Team_A,High
389,Low,0.3,0.59,1,0.84,0.89,0.42,P2,Team_A,Medium
390,Low,0.3,0.54,4,0.86,0.2,0.5,P2,Team_A,Medium
391,High,0.9,0.17,2,0.82,0.52,0.45,P2,Team_A,Medium
392,Medium,0.6,0.61,2,0.65,0.54,0.51,P2,Team_B,Medium
393,Medium,0.6,0.2,3,0.78,0.81,0.48,P2,Team_B,Medium
394,Medium,0.6,0.35,3,0.73,0.82,0.59,P2,Team_B,Medium
395,Low,0.3,0.61,3,0.42,0.71,0.58,P2,Team_A,Medium
396,Low,0.3,0.59,3,0.73,0.81,0.31,P2,Team_A,Medium
397,Medium,0.6,0.76,4,0.66,0.56,0.73,P2,Team_B,Medium
398,Low,0.3,0.62,2,0.9,0.77,0.45,P2,Team_B,Medium
399,High,0.9,0.09,1,0.42,0.74,0.31,P2,Team_B,Medium
400,Low,0.3,0.58,3,0.68,0.54,0.6,P2,Team_C,Medium
401,High,0.9,0.53,3,0.67,0.35,0.73,P2,Team_B,Medium
402,Low,0.3,0.55,1,0.81,0.25,0.86,P2,Team_A,Medium
403,Medium,0.6,0.73,4,0.62,0.88,0.85,P2,Team_A,Medium
404,Medium,0.6,0.89,2,0.43,0.63,0.87,P2,Team_B,Medium
405,High,0.9,0.68,4,0.9,0.73,0.41,P1,Team_C,High
406,Low,0.3,0.39,2,0.61,0.33,0.94,P3,Team_C,Low
407,Low,0.3,0.64,2,0.83,0.83,0.63,P2,Team_B,Medium
408,Low,0.3,0.15,3,0.67,0.63,0.64,P3,Team_C,Low
409,High,0.9,0.65,3,0.31,0.62,0.93,P1,Team_A,High
410,Low,0.3,0.65,4,0.95,0.8,0.33,P2,Team_A,Medium
411,Low,0.3,0.14,3,0.97,0.5,0.77,P3,Team_C,Low
412,Medium,0.6,0.45,4,0.63,0.61,0.5,P2,Team_B,Medium
413,High,0.9,0.55,3,0.63,0.44,0.5,P2,Team_A,Medium
414,Medium,0.6,0.64,2,0.4,0.52,0.54,P2,Team_C,Medium
415,Low,0.3,0.19,1,0.71,0.71,0.89,P3,Team_C,Low
416,Low,0.3,0.62,2,0.71,0.66,0.35,P2,Team_B,Medium
417,Medium,0.6,0.5,3,0.65,0.54,0.41,P2,Team_B,Medium
418,Low,0.3,0.6,3,0.68,0.66,0.93,P2,Team_B,Medium
419,Medium,0.6,0.55,3,0.53,0.8,0.35,P2,Team_B,Medium
420,High,0.9,0.12,4,0.42,0.9,0.36,P2,Team_A,Medium
421,Low,0.3,0.47,2,0.84,0.47,0.45,P2,Team_C,Medium
422,Medium,0.6,0.35,1,0.83,0.66,0.84,P2,Team_B,Medium
423,Low,0.3,0.73,2,0.65,0.78,0.92,P2,Team_B,Medium
424,Medium,0.6,0.47,2,0.72,0.78,0.91,P2,Team_A,Medium
425,Medium,0.6,0.71,1,0.54,0.6,0.58,P2,Team_A,Medium
426,Low,0.3,0.44,3,0.83,0.6,0.87,P2,Team_C,Medium
427,Medium,0.6,0.44,2,0.81,0.8,0.93,P2,Team_C,Medium
428,Low,0.3,0.67,1,0.62,0.57,0.9,P2,Team_B,Medium
429,Low,0.3,0.54,4,0.78,0.7,0.85,P2,Team_C,Medium
430,Medium,0.6,0.1,4,0.59,0.82,0.8,P2,Team_A,Medium
431,High,0.9,0.59,3,0.87,0.49,0.32,P2,Team_B,Medium
432,High,0.9,0.45,2,0.5,0.69,0.97,P2,Team_B,Medium
433,Low,0.3,0.62,2,0.86,0.79,0.64,P2,Team_A,Medium
434,Low,0.3,0.87,2,0.75,0.78,0.58,P2,Team_C,Medium
435,Low,0.3,0.47,2,0.87,0.51,0.6,P2,Team_C,Medium
436,Low,0.3,0.24,1,0.85,0.85,0.57,P3,Team_B,Low
437,Medium,0.6,0.08,4,0.95,0.82,0.48,P2,Team_C,Medium
438,Low,0.3,0.17,1,0.79,0.62,0.82,P3,Team_C,Low
439,Low,0.3,0.47,4,0.96,0.82,0.48,P2,Team_A,Medium
440,Low,0.3,0.82,4,0.71,0.94,0.52,P2,Team_C,Medium
441,High,0.9,0.52,3,0.71,0.66,0.39,P2,Team_C,Medium
442,High,0.9,0.24,1,0.99,0.95,0.48,P2,Team_A,Medium
443,High,0.9,0.59,3,0.6,0.97,0.77,P2,Team_B,Medium
444,Medium,0.6,0.64,1,0.68,0.72,0.7,P2,Team_B,Medium
445,Low,0.3,0.18,3,0.71,0.37,0.89,P3,Team_A,Low
446,Medium,0.6,0.25,1,0.98,0.95,0.75,P2,Team_C,Medium
447,Low,0.3,0.74,4,0.72,0.6,0.99,P2,Team_B,Medium
448,High,0.9,0.2,3,0.63,0.27,0.67,P2,Team_B,Medium
449,High,0.9,0.57,1,0.78,0.89,0.79,P2,Team_C,Medium
450,Low,0.3,0.72,3,0.3,0.68,0.81,P2,Team_C,Medium
451,Medium,0.6,0.8,1,0.69,0.32,0.63,P2,Team_A,Medium
452,Low,0.3,0.71,3,0.93,0.61,0.67,P2,Team_B,Medium
453,High,0.9,0.41,3,0.79,0.64,0.38,P2,Team_A,Medium
454,Low,0.3,0.33,1,0.71,0.5,0.89,P3,Team_A,Low
455,Medium,0.6,0.37,4,0.88,0.76,0.49,P2,Team_C,Medium
456,Low,0.3,0.42,2,0.47,0.93,0.59,P2,Team_B,Medium
457,High,0.9,0.82,3,0.72,0.47,0.56,P1,Team_B,High
458,Medium,0.6,0.56,4,0.88,0.89,0.43,P2,Team_C,Medium
459,Low,0.3,0.58,2,0.89,0.63,0.39,P2,Team_A,Medium
460,High,0.9,0.34,1,0.92,0.6,0.56,P2,Team_A,Medium
461,Medium,0.6,0.88,1,0.88,0.64,0.96,P2,Team_B,Medium
462,Low,0.3,0.31,1,0.9,0.74,0.39,P3,Team_A,Low
463,Medium,0.6,0.65,2,0.85,0.56,0.59,P2,Team_B,Medium
464,Medium,0.6,0.73,4,0.66,0.93,0.91,P2,Team_B,Medium
465,Low,0.3,0.3,4,0.54,0.91,0.65,P3,Team_B,Low
466,Medium,0.6,0.88,3,0.39,0.79,0.32,P2,Team_A,Medium
467,Low,0.3,0.61,2,0.68,0.76,0.45,P2,Team_C,Medium
468,High,0.9,0.9,3,0.93,0.8,0.33,P1,Team_C,High
469,Low,0.3,0.23,3,0.89,0.52,0.36,P3,Team_C,Low
470,Low,0.3,0.61,4,0.56,0.81,0.55,P2,Team_C,Medium
471,Medium,0.6,0.36,1,0.66,0.68,0.93,P2,Team_C,Medium
472,High,0.9,0.29,3,0.88,0.55,0.75,P2,Team_B,Medium
473,Low,0.3,0.51,1,0.89,0.8,0.85,P2,Team_C,Medium
474,Low,0.3,0.15,3,0.71,0.45,0.95,P3,Team_A,Low
475,Medium,0.6,0.75,1,0.65,0.7,0.65,P2,Team_C,Medium
476,Low,0.3,0.57,4,0.49,0.77,0.37,P2,Team_B,Medium
477,Low,0.3,0.58,2,0.8,0.72,0.54,P2,Team_A,Medium
478,Medium,0.6,0.85,3,0.7,0.55,0.53,P2,Team_A,Medium
479,Low,0.3,0.79,3,0.73,0.64,0.47,P2,Team_A,Medium
480,Medium,0.6,0.55,4,0.89,0.64,0.94,P2,Team_B,Medium
481,Low,0.3,0.75,4,0.51,0.54,0.78,P2,Team_C,Medium
482,Medium,0.6,0.34,1,0.85,0.7,0.59,P2,Team_A,Medium
483,Medium,0.6,0.62,4,0.48,0.71,0.65,P2,Team_B,Medium
484,Low,0.3,0.78,3,0.74,0.66,0.76,P2,Team_B,Medium
485,Medium,0.6,0.88,3,0.58,0.46,0.31,P2,Team_B,Medium
486,Low,0.3,0.38,4,0.77,0.81,0.96,P3,Team_A,Low
487,Low,0.3,0.5,4,0.43,0.75,0.71,P2,Team_C,Medium
488,Low,0.3,0.27,1,0.72,0.93,0.78,P3,Team_C,Low
489,Low,0.3,0.61,4,0.53,0.78,0.63,P2,Team_C,Medium
490,High,0.9,0.92,2,0.62,0.87,0.32,P1,Team_C,High
491,Low,0.3,0.63,1,0.58,0.83,0.97,P2,Team_B,Medium
492,Low,0.3,0.49,3,0.65,0.61,0.95,P2,Team_C,Medium
493,High,0.9,0.57,2,0.59,0.65,0.38,P2,Team_B,Medium
494,Medium,0.6,0.55,4,0.54,0.36,0.64,P2,Team_A,Medium
495,Low,0.3,0.44,1,0.53,0.59,0.61,P2,Team_C,Medium
496,Low,0.3,0.25,2,0.8,0.75,0.88,P3,Team_C,Low
497,Medium,0.6,0.3,3,0.57,0.68,0.52,P2,Team_C,Medium
498,Medium,0.6,0.02,1,0.81,0.83,0.94,P2,Team_B,Medium
499,Low,0.3,0.11,3,0.7,0.25,0.35,P3,Team_C,Low
500,Low,0.3,0.59,2,0.86,0.36,0.94,P2,Team_C,Medium
501,Medium,0.6,0.66,3,0.69,0.94,0.32,P2,Team_A,Medium
502,High,0.9,0.46,3,0.76,0.63,0.43,P2,Team_A,Medium
503,Low,0.3,0.63,4,0.66,0.73,0.78,P2,Team_B,Medium
504,Low,0.3,0.6,2,0.84,0.98,0.41,P2,Team_B,Medium
505,High,0.9,0.29,3,0.65,0.75,0.53,P2,Team_A,Medium
506,Low,0.3,0.58,4,0.99,0.63,0.75,P2,Team_A,Medium
507,Low,0.3,0.47,3,0.64,0.51,0.93,P2,Team_C,Medium
508,Low,0.3,0.38,2,0.54,0.87,0.62,P3,Team_C,Low
509,Low,0.3,0.51,4,0.74,0.52,0.76,P2,Team_B,Medium
510,Medium,0.6,0.53,2,0.47,0.79,0.46,P2,Team_B,Medium
511,High,0.9,0.78,2,0.5,0.49,0.98,P1,Team_C,High
512,High,0.9,0.25,3,0.91,0.4,0.59,P2,Team_A,Medium
513,Low,0.3,0.27,1,0.81,0.74,0.95,P3,Team_B,Low
514,Medium,0.6,0.24,4,0.93,0.88,0.58,P2,Team_C,Medium
515,Low,0.3,0.32,4,0.94,0.63,0.51,P3,Team_B,Low
516,Medium,0.6,0.43,4,0.95,0.69,0.45,P2,Team_A,Medium
517,High,0.9,0.86,4,0.81,0.66,0.74,P1,Team_A,High
518,Low,0.3,0.38,4,0.77,0.58,0.41,P3,Team_B,Low
519,Medium,0.6,0.64,3,0.8,0.84,0.45,P2,Team_B,Medium
520,Low,0.3,0.8,4,0.79,0.76,0.33,P2,Team_C,Medium
521,Medium,0.6,0.4,3,0.94,0.83,0.93,P2,Team_A,Medium
522,Medium,0.6,0.09,4,0.61,0.92,0.89,P2,Team_B,Medium
523,Low,0.3,0.23,3,0.54,0.25,0.36,P3,Team_B,Low
524,Low,0.3,0.68,4,0.86,0.75,0.71,P2,Team_B,Medium
525,High,0.9,0.4,2,0.67,0.54,0.64,P2,Team_B,Medium
526,High,0.9,0.92,3,0.72,0.33,0.55,P1,Team_C,High
527,Medium,0.6,0.48,3,0.81,0.21,0.87,P2,Team_B,Medium
528,Low,0.3,0.62,2,0.71,0.57,0.94,P2,Team_C,Medium
529,Low,0.3,0.95,4,0.76,0.58,0.66,P2,Team_A,Medium
530,Medium,0.6,0.41,2,0.55,0.6,0.73,P2,Team_B,Medium
531,High,0.9,0.62,4,0.85,0.65,0.7,P1,Team_B,High
532,High,0.9,0.52,2,0.51,0.89,0.84,P2,Team_A,Medium
533,Medium,0.6,0.33,1,0.31,0.59,0.48,P2,Team_A,Medium
534,Medium,0.6,0.33,2,0.65,0.67,0.37,P2,Team_A,Medium
535,Low,0.3,0.73,1,0.29,0.9,0.84,P2,Team_B,Medium
536,High,0.9,0.58,3,0.62,0.43,0.5,P2,Team_B,Medium
537,Low,0.3,0.27,1,0.62,0.8,0.64,P3,Team_A,Low
538,Medium,0.6,0.39,2,0.87,0.94,0.82,P2,Team_C,Medium
539,High,0.9,0.59,1,0.45,0.67,0.44,P2,Team_C,Medium
540,Medium,0.6,0.48,1,0.77,0.61,0.66,P2,Team_A,Medium
541,Medium,0.6,0.72,3,0.59,0.5,0.67,P2,Team_C,Medium
542,Low,0.3,0.61,3,0.58,0.75,0.8,P2,Team_A,Medium
543,Low,0.3,0.27,1,0.51,0.58,0.42,P3,Team_B,Low
544,Medium,0.6,0.68,1,0.91,0.93,0.47,P2,Team_B,Medium
545,High,0.9,0.59,1,0.95,0.9,0.74,P2,Team_C,Medium
546,Medium,0.6,0.59,1,0.68,0.65,0.87,P2,Team_C,Medium
547,Medium,0.6,0.66,4,0.55,0.27,0.65,P2,Team_B,Medium
548,High,0.9,0.33,4,0.72,0.79,0.57,P2,Team_A,Medium
549,Low,0.3,0.76,4,0.53,0.51,0.94,P2,Team_A,Medium
550,Medium,0.6,0.7,3,0.63,0.47,0.53,P2,Team_A,Medium
551,Low,0.3,0.49,2,0.81,0.75,1.0,P2,Team_A,Medium
552,Medium,0.6,0.45,4,0.8,0.36,0.91,P2,Team_B,Medium
553,Medium,0.6,0.69,2,0.45,0.73,0.56,P2,Team_A,Medium
554,Medium,0.6,0.25,3,0.91,0.91,0.87,P2,Team_C,Medium
555,Low,0.3,0.82,1,0.46,0.57,0.38,P2,Team_B,Medium
556,Low,0.3,0.48,3,0.55,0.92,0.65,P2,Team_C,Medium
557,High,0.9,0.66,2,0.78,0.42,0.67,P1,Team_C,High
558,High,0.9,0.09,1,0.83,0.64,0.52,P2,Team_A,Medium
559,Medium,0.6,0.74,1,0.66,0.62,0.45,P2,Team_B,Medium
560,Medium,0.6,0.33,2,0.72,0.67,0.42,P2,Team_B,Medium
561,Medium,0.6,0.2,4,0.5,0.82,0.61,P2,Team_A,Medium
562,Low,0.3,0.47,2,0.97,0.25,0.88,P2,Team_B,Medium
563,Medium,0.6,0.75,1,0.7,0.63,0.93,P2,Team_C,Medium
564,Low,0.3,0.17,4,0.57,0.66,0.66,P3,Team_B,Low
565,High,0.9,0.44,2,0.42,0.57,0.43,P2,Team_B,Medium
566,Medium,0.6,0.45,3,0.69,0.83,0.74,P2,Team_C,Medium
567,Medium,0.6,0.56,4,0.81,0.64,0.65,P2,Team_A,Medium
568,High,0.9,0.14,2,0.77,0.61,0.57,P2,Team_B,Medium
569,Medium,0.6,0.54,4,0.58,0.54,0.85,P2,Team_B,Medium
570,Medium,0.6,0.79,2,0.46,0.71,0.44,P2,Team_B,Medium
571,High,0.9,0.1,2,0.66,0.87,0.82,P2,Team_C,Medium
572,Medium,0.6,0.68,2,0.86,0.81,0.77,P2,Team_C,Medium
573,Medium,0.6,0.56,2,0.56,0.81,0.55,P2,Team_B,Medium
574,Low,0.3,0.07,3,0.7,0.74,0.66,P3,Team_B,Low
575,Low,0.3,0.95,1,0.64,0.51,0.82,P2,Team_C,Medium
576,Medium,0.6,0.08,3,0.93,0.68,0.64,P2,Team_A,Medium
577,Low,0.3,0.57,1,0.51,0.84,0.39,P2,Team_C,Medium
578,Medium,0.6,0.47,3,0.94,0.68,0.76,P2,Team_B,Medium
579,Medium,0.6,0.11,2,0.78,0.74,0.96,P2,Team_B,Medium
580,Low,0.3,0.21,2,0.88,0.7,0.56,P3,Team_A,Low
581,Medium,0.6,0.39,3,0.77,0.85,0.53,P2,Team_C,Medium
582,High,0.9,0.28,4,0.65,0.65,0.91,P2,Team_C,Medium
583,Medium,0.6,0.13,2,0.56,0.55,0.31,P2,Team_C,Medium
584,High,0.9,0.36,3,0.48,0.67,0.3,P2,Team_C,Medium
585,High,0.9,0.72,1,0.85,0.51,0.79,P1,Team_A,High
586,Medium,0.6,0.47,2,0.5,0.9,0.7,P2,Team_C,Medium
587,High,0.9,0.79,3,0.82,0.62,0.8,P1,Team_A,High
588,Low,0.3,0.47,4,0.79,0.24,0.45,P2,Team_C,Medium
589,High,0.9,0.91,1,0.63,0.67,0.91,P1,Team_A,High
590,Medium,0.6,0.65,2,0.99,0.7,0.83,P2,Team_A,Medium
591,High,0.9,0.52,1,0.62,0.55,0.97,P2,Team_C,Medium
592,Low,0.3,0.63,2,0.39,0.45,0.87,P2,Team_A,Medium
593,High,0.9,0.29,1,0.71,0.57,0.79,P2,Team_A,Medium
594,High,0.9,0.91,2,0.79,0.6,0.79,P1,Team_A,High
595,High,0.9,0.52,4,0.76,0.87,1.0,P2,Team_A,Medium
596,Low,0.3,0.68,3,0.77,0.36,0.54,P2,Team_B,Medium
597,High,0.9,0.09,1,0.75,0.64,0.99,P2,Team_B,Medium
598,Medium,0.6,0.45,1,0.92,0.71,0.76,P2,Team_C,Medium
599,Low,0.3,0.73,2,0.83,0.3,0.64,P2,Team_C,Medium
600,Low,0.3,0.09,3,0.46,0.6,0.4,P3,Team_B,Low
601,High,0.9,0.78,4,0.82,0.71,0.56,P1,Team_B,High
602,High,0.9,0.43,3,0.77,0.8,0.88,P2,Team_A,Medium
603,Medium,0.6,0.24,4,0.55,0.69,0.9,P2,Team_C,Medium
604,High,0.9,0.08,3,0.74,0.86,0.66,P2,Team_B,Medium
605,High,0.9,0.4,3,0.66,0.76,0.75,P2,Team_C,Medium
606,Low,0.3,0.45,3,0.85,0.84,0.91,P2,Team_A,Medium
607,Medium,0.6,0.45,4,0.54,0.82,0.31,P2,Team_C,Medium
608,Medium,0.6,0.83,3,0.77,0.63,0.95,P2,Team_A,Medium
609,Low,0.3,0.29,4,0.47,0.73,0.73,P3,Team_C,Low
610,High,0.9,0.41,2,0.75,0.7,0.8,P2,Team_B,Medium
611,Low,0.3,0.68,1,0.43,0.71,0.86,P2,Team_C,Medium
612,Low,0.3,0.24,4,0.82,0.88,0.6,P3,Team_A,Low
613,Medium,0.6,0.2,2,0.53,0.27,0.4,P2,Team_A,Medium
614,Low,0.3,0.27,2,0.66,0.57,0.67,P3,Team_A,Low
615,Medium,0.6,0.36,2,0.86,0.4,0.54,P2,Team_B,Medium
616,High,0.9,0.2,3,0.91,0.62,0.93,P2,Team_C,Medium
617,High,0.9,0.59,3,0.81,0.43,0.64,P2,Team_A,Medium
618,High,0.9,0.07,2,0.95,0.65,0.96,P2,Team_A,Medium
619,Medium,0.6,0.64,2,0.86,0.89,0.51,P2,Team_C,Medium
620,Low,0.3,0.15,4,0.93,0.61,0.49,P3,Team_C,Low
621,Low,0.3,0.19,3,0.83,0.68,0.6,P3,Team_A,Low
622,Medium,0.6,0.65,3,0.82,0.43,0.53,P2,Team_C,Medium
623,Medium,0.6,0.36,3,0.85,0.49,0.86,P2,Team_A,Medium
624,Medium,0.6,0.89,3,0.88,0.82,0.69,P2,Team_C,Medium
625,Medium,0.6,0.21,2,0.67,0.49,0.71,P2,Team_C,Medium
626,High,0.9,0.64,3,0.67,0.77,0.65,P1,Team_C,High
627,Low,0.3,0.28,3,0.82,0.28,0.96,P3,Team_B,Low
628,Low,0.3,0.55,4,0.86,0.76,0.9,P2,Team_B,Medium
629,High,0.9,0.52,1,0.61,0.51,0.75,P2,Team_A,Medium
630,High,0.9,0.3,4,0.51,0.78,0.32,P2,Team_B,Medium
631,High,0.9,0.71,3,0.49,0.56,0.7,P1,Team_C,High
632,Low,0.3,0.84,4,0.81,0.75,0.83,P2,Team_C,Medium
633,Low,0.3,0.95,2,0.75,0.22,0.68,P2,Team_B,Medium
634,Medium,0.6,0.45,4,0.57,0.56,0.44,P2,Team_C,Medium
635,Low,0.3,0.52,3,0.71,0.61,0.99,P2,Team_B,Medium
636,Low,0.3,0.72,4,0.87,0.56,0.71,P2,Team_C,Medium
637,Low,0.3,0.36,1,0.75,0.41,0.79,P3,Team_B,Low
638,Low,0.3,0.27,4,0.69,0.84,0.44,P3,Team_B,Low
639,Medium,0.6,0.67,4,0.71,0.76,0.43,P2,Team_B,Medium
640,Medium,0.6,0.2,1,0.97,0.34,0.3,P2,Team_C,Medium
641,High,0.9,0.73,1,0.69,0.35,0.87,P1,Team_C,High
642,Medium,0.6,0.8,1,0.82,0.74,0.72,P2,Team_A,Medium
643,Low,0.3,0.36,4,0.67,0.6,0.79,P3,Team_B,Low
644,Medium,0.6,0.37,3,0.84,0.62,0.63,P2,Team_B,Medium
645,Medium,0.6,0.3,4,0.78,0.31,0.5,P2,Team_C,Medium
646,Low,0.3,0.27,4,0.71,0.45,0.74,P3,Team_A,Low
647,High,0.9,0.5,3,0.7,0.83,0.87,P2,Team_B,Medium
648,Low,0.3,0.77,4,0.75,0.75,0.59,P2,Team_C,Medium
649,Medium,0.6,0.31,4,0.78,0.31,0.31,P2,Team_A,Medium
650,Medium,0.6,0.27,3,0.87,0.67,0.54,P2,Team_C,Medium
651,High,0.9,0.67,2,0.54,0.48,0.9,P1,Team_B,High
652,Low,0.3,0.53,4,0.9,0.76,0.82,P2,Team_B,Medium
653,High,0.9,0.21,1,0.42,0.38,0.78,P2,Team_C,Medium
654,Medium,0.6,0.29,3,0.62,0.46,0.91,P2,Team_B,Medium
655,Medium,0.6,0.44,4,0.79,0.73,0.79,P2,Team_C,Medium
656,Low,0.3,0.82,2,0.68,0.59,0.56,P2,Team_A,Medium
657,Low,0.3,0.66,1,0.62,0.65,0.8,P2,Team_C,Medium
658,Low,0.3,0.77,3,0.96,0.72,0.59,P2,Team_A,Medium
659,Medium,0.6,0.41,2,0.3,0.79,0.52,P2,Team_B,Medium
660,High,0.9,0.39,2,0.53,0.28,0.6,P2,Team_A,Medium
661,High,0.9,0.64,1,0.87,0.69,0.9,P1,Team_B,High
662,High,0.9,0.37,2,0.87,0.44,0.32,P2,Team_C,Medium
663,Low,0.3,0.74,1,0.85,0.35,0.35,P2,Team_C,Medium
664,Low,0.3,0.45,2,0.32,0.8,0.7,P2,Team_B,Medium
665,Medium,0.6,0.14,4,0.71,0.77,0.66,P2,Team_A,Medium
666,High,0.9,0.53,4,0.69,0.89,0.61,P2,Team_A,Medium
667,Medium,0.6,0.7,2,0.74,0.54,0.43,P2,Team_C,Medium
668,Medium,0.6,0.97,2,0.72,0.43,0.9,P2,Team_A,Medium
669,High,0.9,0.46,1,0.77,0.77,0.81,P2,Team_C,Medium
670,Low,0.3,0.89,1,0.86,0.74,0.83,P2,Team_B,Medium
671,Low,0.3,0.56,2,0.65,0.3,0.33,P2,Team_C,Medium
672,Medium,0.6,0.74,4,0.43,0.63,0.51,P2,Team_B,Medium
673,Low,0.3,0.46,3,0.66,0.92,0.32,P2,Team_C,Medium
674,Low,0.3,0.55,2,0.73,0.6,0.55,P2,Team_A,Medium
675,Low,0.3,0.73,2,0.78,0.67,0.6,P2,Team_C,Medium
676,Low,0.3,0.7,4,0.49,0.4,0.6,P2,Team_A,Medium
677,Low,0.3,0.43,3,0.73,0.74,0.78,P2,Team_A,Medium
678,Medium,0.6,0.72,4,0.62,0.49,0.88,P2,Team_A,Medium
679,Medium,0.6,0.63,1,0.89,0.58,0.78,P2,Team_A,Medium
680,Medium,0.6,0.81,1,0.76,0.76,0.69,P2,Team_C,Medium
681,High,0.9,0.45,4,0.95,0.64,0.4,P2,Team_C,Medium
682,Low,0.3,0.1,3,0.93,0.6,0.46,P3,Team_A,Low
683,High,0.9,0.34,3,0.7,0.87,0.96,P2,Team_C,Medium
684,High,0.9,0.37,3,0.61,0.82,0.33,P2,Team_B,Medium
685,High,0.9,0.56,3,0.58,0.5,0.89,P2,Team_C,Medium
686,High,0.9,0.7,2,0.5,0.68,0.62,P1,Team_B,High
687,Medium,0.6,0.22,4,0.61,0.96,0.6,P2,Team_C,Medium
688,Low,0.3,0.6,2,0.85,0.96,0.65,P2,Team_B,Medium
689,High,0.9,0.39,3,0.55,0.82,0.41,P2,Team_B,Medium
690,Low,0.3,0.11,2,0.74,0.68,0.55,P3,Team_B,Low
691,High,0.9,0.48,4,0.59,0.92,0.5,P2,Team_C,Medium
692,Low,0.3,0.44,1,0.89,0.87,0.55,P2,Team_B,Medium
693,Medium,0.6,0.39,1,0.85,0.65,0.88,P2,Team_C,Medium
694,Low,0.3,0.61,3,0.53,0.42,0.34,P2,Team_A,Medium
695,Low,0.3,0.8,4,0.69,0.56,0.75,P2,Team_B,Medium
696,Low,0.3,0.46,2,0.66,0.4,0.91,P2,Team_C,Medium
697,Low,0.3,0.68,3,0.52,0.88,0.8,P2,Team_B,Medium
698,Medium,0.6,0.53,4,0.84,0.23,0.7,P2,Team_C,Medium
699,Medium,0.6,0.32,4,0.89,0.57,0.77,P2,Team_B,Medium
700,Low,0.3,0.16,4,0.96,0.85,0.46,P3,Team_B,Low
701,Medium,0.6,0.22,1,0.76,0.41,0.95,P2,Team_B,Medium
702,Medium,0.6,0.39,2,0.82,0.56,0.84,P2,Team_B,Medium
703,Low,0.3,0.71,1,0.83,0.52,0.85,P2,Team_A,Medium
704,High,0.9,0.54,3,0.85,0.68,0.3,P2,Team_C,Medium
705,Low,0.3,0.39,4,0.46,0.62,0.98,P3,Team_A,Low
706,Low,0.3,0.61,3,0.72,0.82,0.37,P2,Team_B,Medium
707,Low,0.3,0.58,1,0.65,0.46,0.94,P2,Team_C,Medium
708,Low,0.3,0.25,1,0.88,0.68,0.79,P3,Team_C,Low
709,High,0.9,0.41,3,0.95,0.71,0.6,P2,Team_B,Medium
710,Medium,0.6,0.34,4,0.87,0.66,0.89,P2,Team_B,Medium
711,Low,0.3,0.3,2,0.66,0.55,0.95,P3,Team_B,Low
712,High,0.9,0.33,3,0.92,0.95,0.56,P2,Team_B,Medium
713,Low,0.3,0.08,3,0.75,0.72,0.85,P3,Team_B,Low
714,Medium,0.6,0.63,1,0.87,0.42,0.46,P2,Team_C,Medium
715,Medium,0.6,0.62,4,0.84,0.56,0.61,P2,Team_A,Medium
716,High,0.9,0.67,2,0.94,0.77,0.9,P1,Team_A,High
717,Low,0.3,0.55,4,0.84,0.6,0.97,P2,Team_B,Medium
718,Medium,0.6,0.69,2,0.72,0.72,0.71,P2,Team_C,Medium
719,Medium,0.6,0.29,4,0.85,0.86,0.62,P2,Team_B,Medium
720,Low,0.3,0.58,1,0.84,0.89,0.66,P2,Team_C,Medium
721,Low,0.3,0.37,4,0.86,0.87,0.54,P3,Team_A,Low
722,Medium,0.6,0.42,4,0.68,0.65,0.93,P2,Team_A,Medium
723,Low,0.3,0.89,4,0.69,0.6,0.91,P2,Team_C,Medium
724,High,0.9,0.55,2,0.48,0.95,0.63,P2,Team_A,Medium
725,Medium,0.6,0.94,1,0.89,0.35,0.83,P2,Team_B,Medium
726,High,0.9,0.84,4,0.79,0.54,0.86,P1,Team_B,High
727,Low,0.3,0.41,1,0.51,0.55,0.7,P2,Team_B,Medium
728,Low,0.3,0.61,1,0.76,0.57,0.45,P2,Team_B,Medium
729,High,0.9,0.57,1,0.93,0.8,0.96,P2,Team_B,Medium
730,Low,0.3,0.59,1,0.76,0.75,0.62,P2,Team_C,Medium
731,High,0.9,0.77,2,0.62,0.73,0.59,P1,Team_B,High
732,High,0.9,0.59,1,0.8,0.64,0.97,P2,Team_C,Medium
733,Low,0.3,0.64,2,0.87,0.47,0.84,P2,Team_C,Medium
734,Low,0.3,0.74,3,0.57,0.81,0.69,P2,Team_A,Medium
735,Low,0.3,0.47,3,0.68,0.88,0.46,P2,Team_A,Medium
736,Medium,0.6,0.49,3,0.56,0.51,0.98,P2,Team_A,Medium
737,High,0.9,0.48,4,0.4,0.47,0.97,P2,Team_C,Medium
738,Low,0.3,0.84,4,0.72,0.53,0.31,P2,Team_A,Medium
739,High,0.9,0.57,2,0.63,0.79,0.4,P2,Team_C,Medium
740,Medium,0.6,0.55,4,0.72,0.9,0.62,P2,Team_C,Medium
741,Low,0.3,0.13,2,0.68,0.7,0.52,P3,Team_A,Low
742,Medium,0.6,0.77,1,0.76,0.64,0.94,P2,Team_C,Medium
743,High,0.9,0.64,1,0.77,0.8,0.36,P1,Team_A,High
744,Medium,0.6,0.77,1,0.37,0.58,0.67,P2,Team_C,Medium
745,Medium,0.6,0.13,3,0.69,0.75,0.98,P2,Team_A,Medium
746,Medium,0.6,0.65,1,0.85,0.54,0.48,P2,Team_B,Medium
747,High,0.9,0.49,1,0.78,0.79,0.63,P2,Team_C,Medium
748,Medium,0.6,0.64,1,0.88,0.59,0.67,P2,Team_A,Medium
749,Low,0.3,0.45,4,0.89,0.79,0.53,P2,Team_A,Medium
750,Low,0.3,0.6,4,0.79,0.93,0.79,P2,Team_B,Medium
751,Low,0.3,0.51,3,0.52,0.67,0.67,P2,Team_B,Medium
752,Low,0.3,0.72,1,0.69,0.51,0.46,P2,Team_C,Medium
753,Medium,0.6,0.3,4,0.76,0.77,0.4,P2,Team_B,Medium
754,Low,0.3,0.34,2,0.85,0.71,0.39,P3,Team_A,Low
755,High,0.9,0.65,1,0.68,0.52,0.53,P1,Team_C,High
756,Low,0.3,0.82,3,0.81,0.41,0.31,P2,Team_C,Medium
757,Low,0.3,0.5,1,0.67,0.89,0.6,P2,Team_C,Medium
758,Medium,0.6,0.4,3,0.77,0.86,0.4,P2,Team_B,Medium
759,High,0.9,0.54,3,0.4,0.3,0.49,P2,Team_C,Medium
760,Medium,0.6,0.96,1,0.6,0.84,0.37,P2,Team_A,Medium
761,Medium,0.6,0.47,4,0.58,0.84,0.38,P2,Team_C,Medium
762,High,0.9,0.68,4,0.6,0.54,0.61,P1,Team_A,High
763,High,0.9,0.74,3,0.84,0.83,0.45,P1,Team_B,High
764,High,0.9,0.83,3,0.74,0.59,0.68,P1,Team_B,High
765,Low,0.3,0.68,1,0.81,0.58,0.98,P2,Team_C,Medium
766,Low,0.3,0.68,1,0.81,0.79,0.77,P2,Team_A,Medium
767,Medium,0.6,0.72,3,0.96,0.58,0.6,P2,Team_B,Medium
768,Medium,0.6,0.76,4,0.55,0.95,0.93,P2,Team_A,Medium
769,Medium,0.6,0.55,1,0.91,0.92,0.81,P2,Team_C,Medium
770,Low,0.3,0.75,3,0.74,0.71,0.35,P2,Team_C,Medium
771,High,0.9,0.67,3,0.89,0.92,0.87,P1,Team_B,High
772,Low,0.3,0.5,1,0.76,0.64,0.59,P2,Team_A,Medium
773,Medium,0.6,0.3,4,0.46,0.7,0.81,P2,Team_C,Medium
774,High,0.9,0.11,2,0.8,0.85,0.79,P2,Team_C,Medium
775,Low,0.3,0.68,4,0.52,0.39,0.9,P2,Team_B,Medium
776,Medium,0.6,0.41,2,0.91,0.47,0.37,P2,Team_B,Medium
777,Medium,0.6,0.34,2,0.79,0.81,0.8,P2,Team_B,Medium
778,High,0.9,0.51,2,0.63,0.45,0.69,P2,Team_A,Medium
779,Low,0.3,0.58,1,0.76,0.69,0.38,P2,Team_B,Medium
780,Medium,0.6,0.08,3,0.65,0.33,0.37,P2,Team_A,Medium
781,High,0.9,0.43,1,0.9,0.94,0.37,P2,Team_B,Medium
782,Medium,0.6,0.4,1,0.83,0.76,0.54,P2,Team_A,Medium
783,Low,0.3,0.29,3,0.65,0.6,0.95,P3,Team_B,Low
784,Medium,0.6,0.5,4,0.77,0.54,0.38,P2,Team_C,Medium
785,High,0.9,0.23,2,0.7,0.89,0.61,P2,Team_C,Medium
786,Low,0.3,0.54,4,0.66,0.9,0.99,P2,Team_B,Medium
787,Low,0.3,0.39,3,0.65,0.82,0.85,P3,Team_A,Low
788,High,0.9,0.3,2,0.65,0.84,0.75,P2,Team_B,Medium
789,Medium,0.6,0.38,2,0.7,0.57,0.6,P2,Team_A,Medium
790,Medium,0.6,0.37,1,0.62,0.91,0.78,P2,Team_C,Medium
791,Medium,0.6,0.29,1,0.64,0.34,0.77,P2,Team_B,Medium
792,Low,0.3,0.41,4,0.87,0.56,0.3,P2,Team_A,Medium
793,Medium,0.6,0.58,2,0.68,0.82,0.52,P2,Team_B,Medium
794,Medium,0.6,0.77,1,0.62,0.89,0.73,P2,Team_C,Medium
795,Medium,0.6,0.58,3,0.83,0.66,0.97,P2,Team_B,Medium
796,Medium,0.6,0.48,3,0.74,0.88,0.5,P2,Team_A,Medium
797,Medium,0.6,0.47,2,0.21,0.53,0.7,P2,Team_B,Medium
798,High,0.9,0.16,2,0.8,0.38,0.46,P2,Team_B,Medium
799,Medium,0.6,0.49,4,0.39,0.73,0.78,P2,Team_B,Medium
800,Medium,0.6,0.37,3,0.41,0.9,0.41,P2,Team_B,Medium
801,Medium,0.6,0.56,2,0.79,0.79,0.48,P2,Team_C,Medium
802,High,0.9,0.53,4,0.63,0.64,0.56,P2,Team_C,Medium
803,Low,0.3,0.44,4,0.8,0.79,0.58,P2,Team_A,Medium
804,Medium,0.6,0.57,1,0.27,0.76,0.32,P2,Team_C,Medium
805,Low,0.3,0.5,2,0.73,0.85,0.96,P2,Team_A,Medium
806,Low,0.3,0.69,2,0.91,0.82,0.6,P2,Team_A,Medium
807,Medium,0.6,0.63,2,0.86,0.72,0.83,P2,Team_B,Medium
808,Low,0.3,0.81,3,0.58,0.57,0.47,P2,Team_B,Medium
809,Low,0.3,0.24,2,0.79,0.51,0.93,P3,Team_A,Low
810,Low,0.3,0.71,2,0.78,0.75,0.51,P2,Team_B,Medium
811,Low,0.3,0.53,2,0.27,0.85,0.91,P2,Team_C,Medium
812,Medium,0.6,0.3,1,0.8,0.76,0.45,P2,Team_B,Medium
813,High,0.9,0.28,4,0.78,0.47,0.41,P2,Team_B,Medium
814,Medium,0.6,0.32,3,0.71,0.73,0.7,P2,Team_B,Medium
815,Low,0.3,0.69,1,0.51,0.49,0.84,P2,Team_A,Medium
816,High,0.9,0.36,2,0.82,0.65,0.34,P2,Team_C,Medium
817,Low,0.3,0.6,2,0.9,0.77,0.51,P2,Team_C,Medium
818,Medium,0.6,0.63,1,0.46,0.52,0.98,P2,Team_A,Medium
819,Medium,0.6,0.83,3,0.82,0.46,0.99,P2,Team_B,Medium
820,Low,0.3,0.31,4,0.58,0.73,0.66,P3,Team_C,Low
821,Low,0.3,0.51,1,0.7,0.96,0.67,P2,Team_A,Medium
822,Low,0.3,0.07,4,0.89,0.51,0.31,P3,Team_B,Low
823,High,0.9,0.27,1,0.8,0.81,0.67,P2,Team_A,Medium
824,Low,0.3,0.33,3,0.83,0.78,0.59,P3,Team_A,Low
825,Low,0.3,0.07,2,0.84,0.77,0.96,P3,Team_A,Low
826,Low,0.3,0.56,3,0.81,0.82,0.82,P2,Team_A,Medium
827,Medium,0.6,0.38,4,0.27,0.64,0.54,P2,Team_C,Medium
828,High,0.9,0.28,3,0.67,0.51,0.89,P2,Team_B,Medium
829,Medium,0.6,0.4,1,0.55,0.88,0.76,P2,Team_C,Medium
830,Low,0.3,0.48,3,0.81,0.91,0.31,P2,Team_C,Medium
831,Medium,0.6,0.39,1,0.79,0.52,0.74,P2,Team_C,Medium
832,High,0.9,0.72,1,0.93,0.49,0.99,P1,Team_B,High
833,Low,0.3,0.32,2,0.71,0.47,0.4,P3,Team_C,Low
834,Low,0.3,0.65,1,0.77,0.74,0.98,P2,Team_B,Medium
835,Medium,0.6,0.57,2,0.87,0.93,0.64,P2,Team_A,Medium
836,Low,0.3,0.11,1,0.61,0.81,0.65,P3,Team_B,Low
837,Low,0.3,0.37,2,0.49,0.52,0.66,P3,Team_B,Low
838,Medium,0.6,0.85,3,0.76,0.6,0.77,P2,Team_A,Medium
839,Low,0.3,0.63,3,0.82,0.59,0.62,P2,Team_C,Medium
840,Medium,0.6,0.75,2,0.9,0.68,0.4,P2,Team_B,Medium
841,High,0.9,0.42,3,0.71,0.84,0.79,P2,Team_C,Medium
842,Medium,0.6,0.1,2,0.93,0.91,0.71,P2,Team_B,Medium
843,High,0.9,0.53,2,0.78,0.51,0.94,P2,Team_B,Medium
844,High,0.9,0.51,3,0.81,0.85,0.57,P2,Team_A,Medium
845,Low,0.3,0.13,4,0.81,0.55,0.68,P3,Team_C,Low
846,High,0.9,0.17,3,0.63,0.48,0.6,P2,Team_B,Medium
847,Medium,0.6,0.45,1,0.66,0.78,0.56,P2,Team_B,Medium
848,High,0.9,0.55,1,0.85,0.68,0.97,P2,Team_C,Medium
849,Medium,0.6,0.26,3,0.9,0.92,0.37,P2,Team_A,Medium
850,Low,0.3,0.51,1,0.59,0.67,0.67,P2,Team_B,Medium
851,Low,0.3,0.66,2,0.97,0.7,0.56,P2,Team_B,Medium
852,High,0.9,0.62,1,0.75,0.71,0.73,P1,Team_B,High
853,Medium,0.6,0.42,4,0.91,0.86,0.65,P2,Team_B,Medium
854,Low,0.3,0.71,2,0.56,0.88,0.86,P2,Team_C,Medium
855,Medium,0.6,0.4,4,0.81,0.51,0.72,P2,Team_B,Medium
856,Low,0.3,0.42,4,0.8,0.75,0.9,P2,Team_B,Medium
857,Medium,0.6,0.69,4,0.76,0.8,0.45,P2,Team_C,Medium
858,Medium,0.6,0.87,4,0.88,0.62,0.55,P2,Team_C,Medium
859,High,0.9,0.73,4,0.68,0.58,0.91,P1,Team_B,High
860,Medium,0.6,0.98,3,0.99,0.83,0.47,P2,Team_A,Medium
861,Low,0.3,0.43,3,0.73,0.74,0.83,P2,Team_C,Medium
862,High,0.9,0.05,4,0.83,0.66,0.96,P2,Team_A,Medium
863,High,0.9,0.3,2,0.51,0.54,0.77,P2,Team_C,Medium
864,High,0.9,0.6,3,0.9,0.73,0.89,P2,Team_A,Medium
865,Low,0.3,0.37,1,0.32,0.35,0.85,P3,Team_C,Low
866,Medium,0.6,0.87,2,0.67,0.71,0.92,P2,Team_B,Medium
867,Medium,0.6,0.56,4,0.54,0.6,0.67,P2,Team_B,Medium
868,Medium,0.6,0.65,4,0.84,0.81,0.67,P2,Team_B,Medium
869,Medium,0.6,0.6,2,0.76,0.65,0.51,P2,Team_A,Medium
870,Low,0.3,0.39,2,0.48,0.75,0.69,P3,Team_A,Low
871,Medium,0.6,0.52,4,0.84,0.61,0.95,P2,Team_A,Medium
872,Low,0.3,0.23,4,0.83,0.59,0.69,P3,Team_C,Low
873,High,0.9,0.06,3,0.87,0.75,0.95,P2,Team_C,Medium
874,Medium,0.6,0.69,1,0.56,0.41,0.9,P2,Team_B,Medium
875,High,0.9,0.09,4,0.52,0.5,0.45,P2,Team_A,Medium
876,Low,0.3,0.7,2,0.77,0.77,0.77,P2,Team_B,Medium
877,Medium,0.6,0.16,4,0.9,0.66,0.45,P2,Team_B,Medium
878,Medium,0.6,0.43,2,0.45,0.76,0.92,P2,Team_C,Medium
879,Low,0.3,0.85,1,0.75,0.63,0.65,P2,Team_A,Medium
880,Medium,0.6,0.37,2,0.73,0.66,0.32,P2,Team_A,Medium
881,Medium,0.6,0.82,4,0.72,0.7,0.65,P2,Team_B,Medium
882,Medium,0.6,0.45,1,0.9,0.63,0.76,P2,Team_B,Medium
883,Low,0.3,0.11,2,0.82,0.77,0.66,P3,Team_B,Low
884,High,0.9,0.37,2,0.78,0.74,0.76,P2,Team_B,Medium
885,High,0.9,0.26,3,0.74,0.26,0.6,P2,Team_A,Medium
886,Low,0.3,0.64,2,0.48,0.6,0.9,P2,Team_A,Medium
887,Medium,0.6,0.2,2,0.76,0.93,0.68,P2,Team_C,Medium
888,Medium,0.6,0.49,1,0.96,0.6,0.94,P2,Team_B,Medium
889,Low,0.3,0.53,1,0.59,0.69,0.79,P2,Team_A,Medium
890,Low,0.3,0.09,2,0.95,0.59,0.63,P3,Team_A,Low
891,High,0.9,0.78,3,0.48,0.73,0.41,P1,Team_A,High
892,Low,0.3,0.35,4,0.73,0.77,0.42,P3,Team_A,Low
893,Medium,0.6,0.58,2,0.73,0.68,0.64,P2,Team_C,Medium
894,High,0.9,0.43,3,0.71,0.53,0.4,P2,Team_B,Medium
895,Low,0.3,0.75,2,0.5,0.94,0.75,P2,Team_C,Medium
896,Low,0.3,0.58,2,0.88,0.59,0.99,P2,Team_A,Medium
897,High,0.9,0.62,3,0.75,0.6,0.47,P1,Team_A,High
898,Medium,0.6,0.14,1,0.74,0.76,0.82,P2,Team_C,Medium
899,High,0.9,0.78,1,0.86,0.31,0.69,P1,Team_C,High
900,Low,0.3,0.08,3,0.92,0.56,0.86,P3,Team_A,Low
901,Low,0.3,0.27,1,0.84,0.72,0.96,P3,Team_C,Low
902,High,0.9,0.59,4,0.91,0.83,0.61,P2,Team_A,Medium
903,High,0.9,0.78,3,0.84,0.47,0.95,P1,Team_C,High
904,Low,0.3,0.4,4,0.27,0.89,0.3,P2,Team_C,Medium
905,High,0.9,0.45,2,0.37,0.99,0.92,P2,Team_C,Medium
906,High,0.9,0.89,2,0.89,0.88,0.35,P1,Team_A,High
907,Low,0.3,0.47,3,0.46,0.63,0.75,P2,Team_A,Medium
908,Low,0.3,0.37,3,0.37,0.82,0.58,P3,Team_C,Low
909,Low,0.3,0.66,2,0.89,0.78,0.92,P2,Team_A,Medium
910,Medium,0.6,0.72,1,0.93,0.74,0.89,P2,Team_A,Medium
911,High,0.9,0.32,3,0.79,0.59,0.88,P2,Team_A,Medium
912,Low,0.3,0.69,1,0.49,0.71,0.52,P2,Team_C,Medium
913,Low,0.3,0.3,4,0.73,0.35,0.8,P3,Team_B,Low
914,Low,0.3,0.18,1,0.53,0.76,0.72,P3,Team_C,Low
915,Low,0.3,0.64,4,0.91,0.71,0.79,P2,Team_A,Medium
916,Low,0.3,0.92,1,0.6,0.77,0.43,P2,Team_B,Medium
917,Low,0.3,0.37,3,0.93,0.19,0.59,P3,Team_C,Low
918,Medium,0.6,0.69,3,0.68,0.97,0.84,P2,Team_A,Medium
919,Medium,0.6,0.11,3,0.86,0.62,0.36,P2,Team_A,Medium
920,Medium,0.6,0.5,3,0.8,0.6,0.32,P2,Team_B,Medium
921,Medium,0.6,0.43,4,0.56,0.79,0.95,P2,Team_B,Medium
922,Low,0.3,0.5,3,0.76,0.71,0.58,P2,Team_A,Medium
923,Medium,0.6,0.01,4,0.62,0.76,0.82,P2,Team_B,Medium
924,Medium,0.6,0.43,2,0.87,0.65,0.55,P2,Team_B,Medium
925,High,0.9,0.02,1,0.85,0.46,0.92,P2,Team_A,Medium
926,Medium,0.6,0.58,4,0.93,0.43,0.7,P2,Team_A,Medium
927,High,0.9,0.49,4,0.62,0.96,0.8,P2,Team_A,Medium
928,Medium,0.6,0.32,3,0.62,0.63,0.44,P2,Team_C,Medium
929,Low,0.3,0.3,4,0.66,0.95,0.72,P3,Team_B,Low
930,Medium,0.6,0.94,1,0.62,0.7,0.46,P2,Team_C,Medium
931,Low,0.3,0.15,2,0.64,0.72,0.58,P3,Team_B,Low
932,High,0.9,0.71,2,0.65,0.46,0.89,P1,Team_C,High
933,Low,0.3,0.54,3,0.81,0.76,0.79,P2,Team_B,Medium
934,Low,0.3,0.29,3,0.89,0.66,0.38,P3,Team_B,Low
935,Low,0.3,0.69,4,0.81,0.61,0.73,P2,Team_B,Medium
936,High,0.9,0.58,2,0.72,0.35,0.81,P2,Team_C,Medium
937,Medium,0.6,0.2,3,0.66,0.74,0.78,P2,Team_C,Medium
938,Medium,0.6,0.57,4,0.41,0.53,0.65,P2,Team_B,Medium
939,Low,0.3,0.23,4,0.55,0.77,0.94,P3,Team_B,Low
940,Low,0.3,0.23,2,0.95,0.65,0.65,P3,Team_B,Low
941,Low,0.3,0.63,2,0.86,0.86,0.99,P2,Team_B,Medium
942,Low,0.3,0.49,2,0.79,0.71,0.32,P2,Team_C,Medium
943,Medium,0.6,0.49,4,0.98,0.94,0.48,P2,Team_B,Medium
944,Low,0.3,0.54,4,0.71,0.76,0.36,P2,Team_B,Medium
945,Low,0.3,0.17,4,0.98,0.7,0.66,P3,Team_C,Low
946,High,0.9,0.55,1,0.76,0.69,0.58,P2,Team_B,Medium
947,High,0.9,0.7,1,0.68,0.56,0.57,P1,Team_A,High
948,Medium,0.6,0.37,1,0.4,0.67,0.82,P2,Team_C,Medium
949,Low,0.3,0.55,2,0.66,0.84,0.95,P2,Team_C,Medium
950,Low,0.3,0.53,1,0.77,0.74,0.78,P2,Team_C,Medium
951,High,0.9,0.74,4,0.87,0.57,0.47,P1,Team_A,High
952,High,0.9,0.35,2,0.49,0.95,0.9,P2,Team_A,Medium
953,Low,0.3,0.54,3,0.38,0.98,0.95,P2,Team_A,Medium
954,Low,0.3,0.05,4,0.75,0.88,0.5,P3,Team_A,Low
955,Low,0.3,0.61,2,0.66,0.88,0.43,P2,Team_A,Medium
956,Low,0.3,0.06,3,0.55,0.57,0.86,P3,Team_A,Low
957,Low,0.3,0.46,3,0.26,0.51,0.52,P2,Team_B,Medium
958,Medium,0.6,0.34,1,0.75,0.8,0.49,P2,Team_B,Medium
959,Medium,0.6,0.8,2,0.76,0.57,0.8,P2,Team_B,Medium
960,High,0.9,0.41,4,0.47,0.86,0.51,P2,Team_A,Medium
961,High,0.9,0.47,1,0.78,0.36,0.72,P2,Team_C,Medium
962,Medium,0.6,0.75,3,0.87,0.67,0.85,P2,Team_A,Medium
963,Medium,0.6,0.14,3,0.71,0.82,0.65,P2,Team_B,Medium
964,Low,0.3,0.41,2,0.6,0.71,0.81,P2,Team_B,Medium
965,Low,0.3,0.3,4,0.87,0.39,0.75,P3,Team_B,Low
966,Low,0.3,0.74,3,0.73,0.89,0.83,P2,Team_A,Medium
967,High,0.9,0.43,2,0.78,0.79,0.76,P2,Team_B,Medium
968,Low,0.3,0.4,1,0.73,0.49,0.66,P2,Team_B,Medium
969,Medium,0.6,0.5,2,0.43,0.73,0.97,P2,Team_B,Medium
970,Medium,0.6,0.7,2,0.81,0.68,0.98,P2,Team_C,Medium
971,High,0.9,0.81,4,0.49,0.23,0.8,P1,Team_A,High
972,Medium,0.6,0.31,4,0.38,0.86,0.88,P2,Team_B,Medium
973,Low,0.3,0.76,4,0.51,0.59,0.35,P2,Team_A,Medium
974,Medium,0.6,0.69,3,0.88,0.76,0.56,P2,Team_C,Medium
975,Medium,0.6,0.82,4,0.87,0.57,0.92,P2,Team_B,Medium
976,Medium,0.6,0.26,3,0.34,0.5,0.91,P2,Team_B,Medium
977,Low,0.3,0.14,4,0.72,0.27,0.97,P3,Team_C,Low
978,Low,0.3,0.6,2,0.34,0.75,0.76,P2,Team_B,Medium
979,Medium,0.6,0.32,3,0.69,0.94,0.74,P2,Team_C,Medium
980,High,0.9,0.27,2,0.73,0.69,0.79,P2,Team_C,Medium
981,Low,0.3,0.84,3,0.86,0.91,0.74,P2,Team_A,Medium
982,Low,0.3,0.52,1,0.92,0.28,0.33,P2,Team_A,Medium
983,Medium,0.6,0.25,2,0.88,0.52,0.97,P2,Team_B,Medium
984,High,0.9,0.58,3,0.9,0.56,0.92,P2,Team_A,Medium
985,Low,0.3,0.63,2,0.4,0.68,0.67,P2,Team_B,Medium
986,Medium,0.6,0.46,1,0.72,0.75,0.88,P2,Team_C,Medium
987,High,0.9,0.37,3,0.55,0.87,0.76,P2,Team_A,Medium
988,Low,0.3,0.31,4,0.9,0.29,0.65,P3,Team_B,Low
989,High,0.9,0.42,4,0.54,0.45,0.56,P2,Team_A,Medium
990,High,0.9,0.85,1,0.81,0.68,0.67,P1,Team_B,High
991,Low,0.3,0.3,3,0.48,0.39,0.61,P3,Team_B,Low
992,High,0.9,0.83,2,0.7,0.75,0.79,P1,Team_B,High
993,Medium,0.6,0.84,3,0.57,0.59,0.5,P2,Team_C,Medium
994,Low,0.3,0.36,4,0.95,0.89,0.88,P3,Team_A,Low
995,Low,0.3,0.45,4,0.41,0.7,0.39,P2,Team_B,Medium
996,Low,0.3,0.63,3,0.64,0.79,0.93,P2,Team_B,Medium
997,Medium,0.6,0.55,2,0.78,0.7,0.38,P2,Team_A,Medium
998,High,0.9,0.81,2,0.84,0.79,0.7,P1,Team_C,High
999,High,0.9,0.75,4,0.75,0.76,0.76,P1,Team_B,High
1000,Low,0.3,0.85,2,0.95,0.74,0.71,P2,Team_A,Medium
1001,Low,0.3,0.42,4,0.82,0.65,0.86,P2,Team_C,Medium
1002,Medium,0.6,0.18,3,0.76,0.88,0.56,P2,Team_B,Medium
1003,Low,0.3,0.33,2,0.6,0.64,0.8,P3,Team_C,Low
1004,Low,0.3,0.3,1,0.77,0.6,0.82,P3,Team_C,Low
1005,High,0.9,0.79,3,0.75,0.5,0.5,P1,Team_B,High
1006,Medium,0.6,0.66,1,0.76,0.52,0.92,P2,Team_B,Medium
1007,Low,0.3,0.56,2,0.74,0.76,0.37,P2,Team_C,Medium
1008,Medium,0.6,0.52,2,0.87,0.89,0.88,P2,Team_A,Medium
1009,Medium,0.6,0.21,1,0.9,0.77,0.95,P2,Team_A,Medium
1010,Medium,0.6,0.83,2,0.5,0.89,0.73,P2,Team_A,Medium
1011,High,0.9,0.48,1,0.37,0.38,0.48,P2,Team_A,Medium
1012,High,0.9,0.54,2,0.43,0.72,0.73,P2,Team_B,Medium
1013,Medium,0.6,0.24,3,0.67,0.47,0.38,P2,Team_A,Medium
1014,Low,0.3,0.27,3,0.48,0.53,0.69,P3,Team_A,Low
1015,Low,0.3,0.65,3,0.88,0.7,0.53,P2,Team_B,Medium
1016,Low,0.3,0.25,2,0.78,0.49,0.3,P3,Team_B,Low
1017,Medium,0.6,0.58,1,0.36,0.86,0.44,P2,Team_A,Medium
1018,Low,0.3,0.5,2,0.62,0.36,0.67,P2,Team_B,Medium
1019,Medium,0.6,0.31,1,0.63,0.27,0.95,P2,Team_B,Medium
1020,Low,0.3,0.32,2,0.86,0.65,0.58,P3,Team_C,Low
1021,Medium,0.6,0.14,3,0.87,0.89,0.7,P2,Team_C,Medium
1022,Low,0.3,0.83,3,0.9,0.78,0.6,P2,Team_C,Medium
1023,High,0.9,0.06,4,0.63,0.84,0.65,P2,Team_C,Medium
1024,Medium,0.6,0.56,2,0.82,0.67,0.6,P2,Team_A,Medium
1025,Medium,0.6,0.37,2,0.95,0.7,0.73,P2,Team_C,Medium
1026,Medium,0.6,0.27,3,0.46,0.54,0.44,P2,Team_B,Medium
1027,Medium,0.6,0.53,1,0.73,0.3,0.38,P2,Team_B,Medium
1028,Low,0.3,0.02,2,0.77,0.41,0.86,P3,Team_A,Low
1029,Medium,0.6,0.49,3,0.62,0.77,0.34,P2,Team_A,Medium
1030,Medium,0.6,0.8,4,0.44,0.53,0.61,P2,Team_B,Medium
1031,Medium,0.6,0.42,2,0.43,0.48,0.46,P2,Team_A,Medium
1032,Low,0.3,0.82,4,0.73,0.62,0.58,P2,Team_C,Medium
1033,Medium,0.6,0.39,4,0.78,0.35,0.41,P2,Team_A,Medium
1034,Medium,0.6,0.31,1,0.82,0.58,0.6,P2,Team_B,Medium
1035,Low,0.3,0.58,3,0.75,0.87,0.4,P2,Team_A,Medium
1036,High,0.9,0.77,2,0.95,0.77,0.94,P1,Team_B,High
1037,Low,0.3,0.47,4,0.69,0.75,0.72,P2,Team_B,Medium
1038,Low,0.3,0.55,3,0.58,0.78,0.4,P2,Team_A,Medium
1039,High,0.9,0.45,2,0.71,0.8,0.38,P2,Team_B,Medium
1040,Low,0.3,0.45,4,0.74,0.55,0.76,P2,Team_A,Medium
1041,High,0.9,0.56,1,0.86,0.42,0.81,P2,Team_B,Medium
1042,Medium,0.6,0.47,4,0.88,0.62,0.89,P2,Team_B,Medium
1043,High,0.9,0.75,1,0.7,0.63,0.56,P1,Team_A,High
1044,Medium,0.6,0.29,2,0.8,0.52,0.74,P2,Team_A,Medium
1045,Low,0.3,0.89,4,0.71,0.48,0.37,P2,Team_B,Medium
1046,Low,0.3,0.24,1,0.89,0.78,0.67,P3,Team_A,Low
1047,High,0.9,0.35,4,0.49,0.75,0.79,P2,Team_C,Medium
1048,Medium,0.6,0.57,2,0.72,0.64,0.66,P2,Team_B,Medium
1049,Low,0.3,0.38,1,0.86,0.82,0.47,P3,Team_B,Low
1050,Low,0.3,0.64,1,0.9,0.45,0.6,P2,Team_B,Medium
1051,Medium,0.6,0.66,2,0.75,0.81,0.7,P2,Team_B,Medium
1052,Low,0.3,0.06,3,0.9,0.46,0.84,P3,Team_C,Low
1053,High,0.9,0.46,4,0.9,0.66,0.38,P2,Team_C,Medium
1054,Low,0.3,0.81,4,0.74,0.3,0.96,P2,Team_B,Medium
1055,Low,0.3,0.81,1,0.79,0.71,0.63,P2,Team_B,Medium
1056,High,0.9,0.72,2,0.88,0.59,0.62,P1,Team_A,High
1057,Medium,0.6,0.24,3,0.92,0.65,0.46,P2,Team_B,Medium
1058,Medium,0.6,0.64,3,0.79,0.79,0.58,P2,Team_B,Medium
1059,High,0.9,0.67,1,0.8,0.71,0.84,P1,Team_C,High
1060,High,0.9,0.25,1,0.78,0.5,0.92,P2,Team_B,Medium
1061,Medium,0.6,0.9,2,0.53,0.58,0.66,P2,Team_C,Medium
1062,Low,0.3,0.21,1,0.63,0.83,0.85,P3,Team_A,Low
1063,High,0.9,0.64,2,0.96,0.96,0.83,P1,Team_A,High
1064,High,0.9,0.51,4,0.97,0.63,0.4,P2,Team_C,Medium
1065,Low,0.3,0.83,3,0.86,0.42,0.82,P2,Team_B,Medium
1066,Low,0.3,0.47,1,0.71,0.51,0.88,P2,Team_A,Medium
1067,Low,0.3,0.69,1,0.92,0.63,0.91,P2,Team_B,Medium
1068,High,0.9,0.68,3,0.78,0.61,0.66,P1,Team_A,High
1069,Medium,0.6,0.59,4,0.59,0.74,0.32,P2,Team_B,Medium
1070,High,0.9,0.77,4,0.76,0.56,0.77,P1,Team_C,High
1071,High,0.9,0.73,1,0.81,0.92,0.78,P1,Team_B,High
1072,Low,0.3,0.73,1,0.78,0.48,0.97,P2,Team_A,Medium
1073,Low,0.3,0.73,1,0.79,0.71,0.33,P2,Team_B,Medium
1074,Low,0.3,0.15,1,0.45,0.72,0.73,P3,Team_A,Low
1075,Medium,0.6,0.25,1,0.62,0.26,0.8,P2,Team_B,Medium
1076,Low,0.3,0.34,2,0.47,0.5,0.87,P3,Team_A,Low
1077,Medium,0.6,0.47,1,0.68,0.61,0.83,P2,Team_C,Medium
1078,Low,0.3,0.34,3,0.53,0.73,0.87,P3,Team_A,Low
1079,Low,0.3,0.84,4,0.41,0.88,0.88,P2,Team_A,Medium
1080,Low,0.3,0.87,4,0.79,0.45,0.42,P2,Team_A,Medium
1081,Low,0.3,0.69,2,0.82,0.8,0.77,P2,Team_C,Medium
1082,Low,0.3,0.41,3,0.96,0.36,0.66,P2,Team_C,Medium
1083,High,0.9,0.54,3,0.76,0.79,0.9,P2,Team_C,Medium
1084,Medium,0.6,0.77,1,0.86,0.27,0.43,P2,Team_C,Medium
1085,Low,0.3,0.36,1,0.8,0.59,0.85,P3,Team_A,Low
1086,Low,0.3,0.43,4,0.77,0.76,0.45,P2,Team_C,Medium
1087,Low,0.3,0.33,1,0.73,0.87,0.84,P3,Team_A,Low
1088,Medium,0.6,0.24,1,0.86,0.68,0.89,P2,Team_A,Medium
1089,Medium,0.6,0.31,4,0.77,0.48,0.65,P2,Team_B,Medium
1090,Low,0.3,0.4,3,0.37,0.74,0.9,P2,Team_C,Medium
1091,Low,0.3,0.73,4,0.76,0.69,0.72,P2,Team_C,Medium
1092,High,0.9,0.76,1,0.6,0.89,0.6,P1,Team_C,High
1093,Low,0.3,0.83,3,0.81,0.59,0.43,P2,Team_C,Medium
1094,Medium,0.6,0.34,4,0.68,0.61,0.66,P2,Team_C,Medium
1095,Medium,0.6,0.44,3,0.59,0.64,0.43,P2,Team_A,Medium
1096,Low,0.3,0.7,4,0.7,0.32,0.68,P2,Team_B,Medium
1097,Low,0.3,0.23,2,0.63,0.87,0.53,P3,Team_C,Low
1098,High,0.9,0.28,4,0.8,0.48,0.5,P2,Team_B,Medium
1099,High,0.9,0.24,1,0.79,0.57,0.55,P2,Team_A,Medium
1100,High,0.9,0.13,1,0.69,0.82,0.92,P2,Team_C,Medium
1101,Low,0.3,0.6,1,0.39,0.85,0.34,P2,Team_C,Medium
1102,Low,0.3,0.44,4,0.66,0.58,0.5,P2,Team_C,Medium
1103,Low,0.3,0.44,1,0.41,0.92,0.81,P2,Team_C,Medium
1104,High,0.9,0.18,3,0.66,0.7,0.8,P2,Team_B,Medium
1105,Low,0.3,0.57,2,0.85,0.96,0.4,P2,Team_A,Medium
1106,High,0.9,0.32,1,0.75,0.65,0.68,P2,Team_B,Medium
1107,High,0.9,0.43,3,0.89,0.81,0.93,P2,Team_C,Medium
1108,Low,0.3,0.29,4,0.84,0.87,0.9,P3,Team_A,Low
1109,Low,0.3,0.38,2,0.8,0.7,0.83,P3,Team_B,Low
1110,High,0.9,0.34,1,0.75,0.57,0.92,P2,Team_C,Medium
1111,Low,0.3,0.59,4,0.86,0.67,0.46,P2,Team_C,Medium
1112,Low,0.3,0.39,2,0.84,0.91,0.85,P3,Team_A,Low
1113,High,0.9,0.27,2,0.6,0.59,0.99,P2,Team_B,Medium
1114,High,0.9,0.7,2,0.75,0.8,0.48,P1,Team_B,High
1115,Medium,0.6,0.17,4,0.85,0.73,0.49,P2,Team_C,Medium
1116,Low,0.3,0.16,2,0.76,0.53,0.58,P3,Team_C,Low
1117,Low,0.3,0.77,3,0.76,0.85,0.41,P2,Team_C,Medium
1118,Low,0.3,0.4,2,0.86,0.65,0.36,P2,Team_A,Medium
1119,High,0.9,0.45,2,0.72,0.68,0.34,P2,Team_B,Medium
1120,Medium,0.6,0.1,3,0.72,0.45,0.96,P2,Team_C,Medium
1121,High,0.9,0.15,2,0.66,0.82,0.93,P2,Team_C,Medium
1122,Medium,0.6,0.83,1,0.73,0.87,0.89,P2,Team_C,Medium
1123,Medium,0.6,0.32,4,0.67,0.53,0.66,P2,Team_A,Medium
1124,Medium,0.6,0.24,3,0.72,0.66,0.99,P2,Team_C,Medium
1125,Low,0.3,0.14,4,0.46,0.65,0.76,P3,Team_A,Low
1126,Low,0.3,0.33,4,0.8,0.61,0.83,P3,Team_A,Low
1127,Low,0.3,0.79,2,0.9,0.57,0.77,P2,Team_A,Medium
1128,Medium,0.6,0.14,4,0.63,0.49,0.8,P2,Team_A,Medium
1129,High,0.9,0.71,4,0.86,0.57,0.35,P1,Team_B,High
1130,Low,0.3,0.47,4,0.89,0.24,0.38,P2,Team_A,Medium
1131,Medium,0.6,0.47,2,0.72,0.58,0.49,P2,Team_C,Medium
1132,Low,0.3,0.57,4,0.83,0.42,0.52,P2,Team_B,Medium
1133,Low,0.3,0.25,2,0.62,0.79,0.51,P3,Team_C,Low
1134,Medium,0.6,0.62,3,0.89,0.78,0.99,P2,Team_B,Medium
1135,High,0.9,0.45,2,0.9,0.43,0.69,P2,Team_B,Medium
1136,Low,0.3,0.16,1,0.61,0.79,0.34,P3,Team_B,Low
1137,Medium,0.6,0.2,1,0.79,0.75,0.69,P2,Team_B,Medium
1138,Low,0.3,0.83,3,0.7,0.83,0.8,P2,Team_B,Medium
1139,Medium,0.6,0.5,1,0.56,0.63,0.45,P2,Team_B,Medium
1140,Medium,0.6,0.33,2,0.48,0.53,0.89,P2,Team_B,Medium
1141,High,0.9,0.13,1,0.84,0.81,0.69,P2,Team_A,Medium
1142,Low,0.3,0.25,4,0.71,0.95,0.5,P3,Team_B,Low
1143,Low,0.3,0.65,4,0.76,0.67,0.41,P2,Team_C,Medium
1144,Medium,0.6,0.43,1,0.9,0.75,0.54,P2,Team_B,Medium
1145,Medium,0.6,0.35,1,0.78,0.74,0.66,P2,Team_B,Medium
1146,Medium,0.6,0.7,2,0.64,0.7,0.88,P2,Team_A,Medium
1147,Low,0.3,0.5,2,0.95,0.58,0.87,P2,Team_C,Medium
1148,Low,0.3,0.18,4,0.69,0.51,0.82,P3,Team_B,Low
1149,Medium,0.6,0.03,1,0.73,0.28,0.75,P2,Team_A,Medium
1150,Medium,0.6,0.22,2,0.6,0.59,0.4,P2,Team_B,Medium
1151,High,0.9,0.51,3,0.94,0.64,0.66,P2,Team_A,Medium
1152,Medium,0.6,0.1,4,0.56,0.26,0.47,P2,Team_A,Medium
1153,High,0.9,0.16,4,0.57,0.54,0.35,P2,Team_B,Medium
1154,Low,0.3,0.38,2,0.84,0.58,0.6,P3,Team_B,Low
1155,High,0.9,0.65,2,0.87,0.82,0.8,P1,Team_B,High
1156,Medium,0.6,0.41,4,0.84,0.62,0.84,P2,Team_C,Medium
1157,High,0.9,0.7,3,0.85,0.76,0.46,P1,Team_C,High
1158,High,0.9,0.35,3,0.49,0.84,0.64,P2,Team_C,Medium
1159,Low,0.3,0.4,4,0.9,0.71,0.43,P2,Team_B,Medium
1160,Medium,0.6,0.58,4,0.67,0.65,0.96,P2,Team_A,Medium
1161,Low,0.3,0.08,4,0.53,0.56,0.46,P3,Team_A,Low
1162,Medium,0.6,0.6,4,0.76,0.76,0.55,P2,Team_A,Medium
1163,Low,0.3,0.8,1,0.74,0.59,0.79,P2,Team_C,Medium
1164,Low,0.3,0.78,3,0.84,0.56,0.39,P2,Team_B,Medium
1165,Low,0.3,0.61,3,0.34,0.48,0.37,P2,Team_B,Medium
1166,Low,0.3,0.15,3,0.83,0.4,0.72,P3,Team_B,Low
1167,Medium,0.6,0.59,1,0.93,0.7,0.58,P2,Team_A,Medium
1168,Medium,0.6,0.09,4,0.99,0.53,0.63,P2,Team_A,Medium
1169,Medium,0.6,0.69,3,0.87,0.66,0.65,P2,Team_B,Medium
1170,Medium,0.6,0.84,3,0.94,0.55,0.42,P2,Team_C,Medium
1171,Medium,0.6,0.96,1,0.96,0.9,0.62,P2,Team_C,Medium
1172,Low,0.3,0.22,3,0.79,0.7,0.32,P3,Team_C,Low
1173,Low,0.3,0.47,3,0.84,0.75,0.78,P2,Team_B,Medium
1174,Medium,0.6,0.4,2,0.58,0.76,0.74,P2,Team_C,Medium
1175,High,0.9,0.38,1,0.68,0.78,0.44,P2,Team_B,Medium
1176,High,0.9,0.36,3,0.79,0.91,0.74,P2,Team_C,Medium
1177,Low,0.3,0.1,3,0.5,0.86,0.33,P3,Team_C,Low
1178,Low,0.3,0.49,1,0.77,0.97,0.43,P2,Team_B,Medium
1179,Medium,0.6,0.46,1,1.0,0.91,0.94,P2,Team_A,Medium
1180,Medium,0.6,0.67,3,0.58,0.6,0.5,P2,Team_B,Medium
1181,High,0.9,0.15,4,0.51,0.68,0.72,P2,Team_A,Medium
1182,High,0.9,0.05,3,0.95,0.91,0.72,P2,Team_A,Medium
1183,High,0.9,0.31,4,0.48,0.6,0.78,P2,Team_A,Medium
1184,High,0.9,0.45,3,0.82,0.76,0.66,P2,Team_C,Medium
1185,High,0.9,0.78,3,0.77,0.67,0.54,P1,Team_B,High
1186,Medium,0.6,0.6,2,0.8,0.95,0.33,P2,Team_A,Medium
1187,High,0.9,0.64,2,0.77,0.67,0.93,P1,Team_A,High
1188,High,0.9,0.38,4,0.56,0.71,0.92,P2,Team_B,Medium
1189,Medium,0.6,0.59,1,0.62,0.53,0.31,P2,Team_A,Medium
1190,Medium,0.6,0.05,4,0.79,0.54,0.72,P2,Team_B,Medium
1191,High,0.9,0.5,3,0.49,0.76,0.55,P2,Team_A,Medium
1192,High,0.9,0.64,3,0.76,0.81,0.66,P1,Team_A,High
1193,High,0.9,0.38,2,0.78,0.76,0.62,P2,Team_A,Medium
1194,Medium,0.6,0.48,1,0.36,0.82,0.32,P2,Team_C,Medium
1195,High,0.9,0.77,4,0.77,0.67,0.86,P1,Team_B,High
1196,High,0.9,0.36,3,0.59,0.44,0.47,P2,Team_C,Medium
1197,Medium,0.6,0.22,4,0.62,0.56,0.99,P2,Team_A,Medium
1198,Low,0.3,0.48,3,0.63,0.71,0.41,P2,Team_C,Medium
1199,Medium,0.6,0.73,4,0.9,0.81,0.72,P2,Team_B,Medium
1200,High,0.9,0.63,1,0.97,0.59,0.4,P1,Team_C,High
1201,Low,0.3,0.74,1,0.87,0.53,0.89,P2,Team_A,Medium
1202,High,0.9,0.64,3,0.63,0.72,0.73,P1,Team_C,High
1203,Low,0.3,0.83,1,0.4,0.65,0.73,P2,Team_A,Medium
1204,Medium,0.6,0.68,4,0.76,0.64,0.3,P2,Team_A,Medium
1205,High,0.9,0.61,2,0.67,0.82,0.91,P1,Team_C,High
1206,High,0.9,0.34,2,0.74,0.26,0.34,P2,Team_B,Medium
1207,High,0.9,0.36,1,0.54,0.3,0.35,P2,Team_B,Medium
1208,High,0.9,0.61,4,0.65,0.54,0.79,P1,Team_C,High
1209,Low,0.3,0.33,3,0.69,0.59,0.68,P3,Team_C,Low
1210,Medium,0.6,0.65,1,0.67,0.83,0.43,P2,Team_B,Medium
1211,Medium,0.6,0.69,3,0.79,0.94,0.92,P2,Team_A,Medium
1212,High,0.9,0.58,1,0.61,0.72,0.52,P2,Team_C,Medium
1213,Low,0.3,0.43,4,0.67,0.62,0.76,P2,Team_A,Medium
1214,Medium,0.6,0.7,3,0.83,0.1,0.82,P2,Team_A,Medium
1215,Low,0.3,0.12,3,0.68,0.36,0.55,P3,Team_B,Low
1216,Low,0.3,0.64,2,0.62,0.75,0.32,P2,Team_C,Medium
1217,Medium,0.6,0.14,2,0.88,0.79,0.78,P2,Team_A,Medium
1218,Medium,0.6,0.76,3,0.77,0.38,0.46,P2,Team_B,Medium
1219,Medium,0.6,0.73,1,0.57,0.85,0.58,P2,Team_A,Medium
1220,Medium,0.6,0.66,2,0.39,0.76,0.65,P2,Team_B,Medium
1221,High,0.9,0.35,2,0.36,0.69,0.72,P2,Team_C,Medium
1222,Low,0.3,0.57,1,0.6,0.52,0.56,P2,Team_B,Medium
1223,Medium,0.6,0.73,3,0.66,0.59,0.67,P2,Team_A,Medium
1224,Low,0.3,0.27,3,0.56,0.59,0.77,P3,Team_C,Low
1225,Low,0.3,0.66,4,0.61,0.66,0.41,P2,Team_C,Medium
1226,Low,0.3,0.48,4,0.51,0.45,0.64,P2,Team_C,Medium
1227,High,0.9,0.64,3,0.92,0.8,0.49,P1,Team_C,High
1228,Medium,0.6,0.91,3,0.74,0.56,0.89,P2,Team_A,Medium
1229,High,0.9,0.43,4,0.71,0.74,0.57,P2,Team_B,Medium
1230,Low,0.3,0.57,3,0.83,0.66,0.71,P2,Team_B,Medium
1231,Low,0.3,0.36,3,0.85,0.66,0.78,P3,Team_B,Low
1232,High,0.9,0.15,4,0.75,0.97,0.37,P2,Team_A,Medium
1233,Medium,0.6,0.66,2,0.57,0.83,0.63,P2,Team_B,Medium
1234,High,0.9,0.38,1,0.71,0.43,0.94,P2,Team_B,Medium
1235,Medium,0.6,0.51,4,0.71,0.71,0.61,P2,Team_A,Medium
1236,Medium,0.6,0.45,1,0.61,0.86,0.48,P2,Team_A,Medium
1237,Low,0.3,0.51,4,0.55,0.67,0.87,P2,Team_B,Medium
1238,High,0.9,0.43,3,0.65,0.47,0.8,P2,Team_C,Medium
1239,High,0.9,0.5,3,0.68,0.65,0.74,P2,Team_B,Medium
1240,High,0.9,0.25,3,0.68,0.87,0.43,P2,Team_A,Medium
1241,Medium,0.6,0.61,2,0.7,0.6,0.8,P2,Team_C,Medium
1242,High,0.9,0.68,4,0.93,0.5,0.35,P1,Team_B,High
1243,Medium,0.6,0.3,2,0.58,0.71,0.84,P2,Team_C,Medium
1244,High,0.9,0.06,2,0.66,0.35,0.46,P2,Team_A,Medium
1245,High,0.9,0.66,3,0.86,0.79,0.91,P1,Team_C,High
1246,High,0.9,0.48,3,0.57,0.76,0.48,P2,Team_A,Medium
1247,Medium,0.6,0.28,4,0.37,0.36,0.37,P2,Team_A,Medium
1248,Low,0.3,0.53,3,0.82,0.58,0.45,P2,Team_B,Medium
1249,Medium,0.6,0.66,2,0.35,0.29,0.31,P2,Team_C,Medium
1250,Low,0.3,0.44,4,0.6,0.96,0.49,P2,Team_C,Medium
1251,Low,0.3,0.66,3,0.58,0.69,0.78,P2,Team_A,Medium
1252,Medium,0.6,0.79,4,0.88,0.73,0.74,P2,Team_A,Medium
1253,Low,0.3,0.31,4,0.7,0.67,0.52,P3,Team_A,Low
1254,Medium,0.6,0.56,3,0.81,0.53,0.91,P2,Team_C,Medium
1255,Medium,0.6,0.54,2,0.48,0.91,0.95,P2,Team_B,Medium
1256,Low,0.3,0.61,2,0.91,0.88,0.84,P2,Team_B,Medium
1257,High,0.9,0.69,2,0.76,0.72,0.3,P1,Team_A,High
1258,Medium,0.6,0.38,4,0.57,0.57,0.43,P2,Team_B,Medium
1259,Low,0.3,0.59,2,0.78,0.66,0.82,P2,Team_C,Medium
1260,Low,0.3,0.81,1,0.83,0.5,0.87,P2,Team_C,Medium
1261,Low,0.3,0.04,3,0.52,0.75,0.39,P3,Team_B,Low
1262,High,0.9,0.14,1,0.54,0.57,0.76,P2,Team_B,Medium
1263,Low,0.3,0.46,2,0.92,0.92,0.96,P2,Team_A,Medium
1264,Medium,0.6,0.6,3,0.95,0.96,0.84,P2,Team_A,Medium
1265,Low,0.3,0.51,3,0.79,0.79,0.69,P2,Team_A,Medium
1266,Low,0.3,0.54,1,0.65,0.65,0.81,P2,Team_A,Medium
1267,High,0.9,0.61,3,0.69,0.42,0.64,P1,Team_C,High
1268,Low,0.3,0.49,2,0.93,0.76,0.35,P2,Team_A,Medium
1269,High,0.9,0.36,2,0.54,0.5,0.8,P2,Team_C,Medium
1270,High,0.9,0.76,1,0.85,0.79,0.65,P1,Team_C,High
1271,High,0.9,0.46,2,0.74,0.83,0.97,P2,Team_A,Medium
1272,Low,0.3,0.69,1,0.72,0.5,0.77,P2,Team_B,Medium
1273,High,0.9,0.59,2,0.59,0.85,0.9,P2,Team_C,Medium
1274,Medium,0.6,0.51,4,0.67,0.4,0.94,P2,Team_A,Medium
1275,High,0.9,0.92,1,0.97,0.68,0.57,P1,Team_B,High
1276,Low,0.3,0.33,4,0.95,0.56,0.58,P3,Team_A,Low
1277,Medium,0.6,0.9,4,0.82,0.67,0.93,P2,Team_B,Medium
1278,Medium,0.6,0.75,2,0.84,0.91,0.31,P2,Team_C,Medium
1279,High,0.9,0.86,1,0.89,0.6,0.81,P1,Team_B,High
1280,Medium,0.6,0.45,2,0.92,0.8,0.75,P2,Team_A,Medium
1281,Low,0.3,0.76,3,0.84,0.53,0.55,P2,Team_C,Medium
1282,Medium,0.6,0.49,1,0.54,0.58,0.43,P2,Team_A,Medium
1283,Low,0.3,0.88,2,0.9,0.21,0.39,P2,Team_C,Medium
1284,Low,0.3,0.53,4,0.85,0.88,0.65,P2,Team_C,Medium
1285,High,0.9,0.67,1,0.6,0.7,0.68,P1,Team_C,High
1286,Low,0.3,0.62,3,0.77,0.72,0.7,P2,Team_A,Medium
1287,Low,0.3,0.09,1,0.72,0.95,0.45,P3,Team_B,Low
1288,Low,0.3,0.72,2,0.99,0.73,0.91,P2,Team_B,Medium
1289,Medium,0.6,0.53,3,0.4,0.73,0.75,P2,Team_A,Medium
1290,Low,0.3,0.69,4,0.43,0.82,0.31,P2,Team_B,Medium
1291,High,0.9,0.78,3,0.79,0.48,0.73,P1,Team_B,High
1292,Medium,0.6,0.52,1,0.7,0.72,0.5,P2,Team_A,Medium
1293,High,0.9,0.9,1,0.62,0.71,0.63,P1,Team_C,High
1294,Medium,0.6,0.19,2,0.75,0.66,0.67,P2,Team_A,Medium
1295,Medium,0.6,0.54,3,0.81,0.55,0.3,P2,Team_A,Medium
1296,Medium,0.6,0.65,4,0.76,0.58,0.57,P2,Team_A,Medium
1297,Medium,0.6,0.52,4,0.7,0.82,0.94,P2,Team_A,Medium
1298,Medium,0.6,0.61,1,0.81,0.78,0.59,P2,Team_A,Medium
1299,High,0.9,0.21,4,0.9,0.86,0.74,P2,Team_A,Medium
1300,High,0.9,0.17,4,0.32,0.92,0.82,P2,Team_C,Medium
1301,Low,0.3,0.83,3,0.78,0.23,0.93,P2,Team_B,Medium
1302,Medium,0.6,0.39,4,0.65,0.76,0.3,P2,Team_B,Medium
1303,Medium,0.6,0.6,2,0.52,0.79,0.71,P2,Team_A,Medium
1304,Medium,0.6,0.52,3,0.97,0.35,0.41,P2,Team_C,Medium
1305,High,0.9,0.8,2,0.8,0.52,0.42,P1,Team_B,High
1306,Low,0.3,0.51,1,0.96,0.77,0.74,P2,Team_B,Medium
1307,High,0.9,0.27,3,0.87,0.88,0.9,P2,Team_B,Medium
1308,Low,0.3,0.7,3,0.63,0.7,0.94,P2,Team_B,Medium
1309,High,0.9,0.54,2,0.61,0.72,0.49,P2,Team_B,Medium
1310,Low,0.3,0.31,2,0.67,0.35,0.71,P3,Team_C,Low
1311,Low,0.3,0.63,3,0.59,0.68,0.42,P2,Team_A,Medium
1312,Medium,0.6,0.73,4,0.92,0.86,0.89,P2,Team_B,Medium
1313,High,0.9,0.65,2,0.64,0.61,0.59,P1,Team_A,High
1314,Low,0.3,0.36,2,0.86,0.48,0.5,P3,Team_A,Low
1315,Medium,0.6,0.92,4,0.63,0.66,0.49,P2,Team_A,Medium
1316,Medium,0.6,0.54,2,0.76,0.78,0.89,P2,Team_C,Medium
1317,High,0.9,0.25,4,0.88,0.56,0.7,P2,Team_B,Medium
1318,Low,0.3,0.6,2,0.81,0.85,0.65,P2,Team_A,Medium
1319,Medium,0.6,0.27,1,0.47,0.87,0.32,P2,Team_A,Medium
1320,Medium,0.6,0.59,3,0.41,0.43,0.65,P2,Team_A,Medium
1321,High,0.9,0.87,1,0.56,0.37,0.61,P1,Team_B,High
1322,Low,0.3,0.87,1,0.79,0.34,0.92,P2,Team_B,Medium
1323,High,0.9,0.51,3,0.82,0.56,0.43,P2,Team_B,Medium
1324,Low,0.3,0.62,1,0.6,0.65,0.68,P2,Team_C,Medium
1325,Medium,0.6,0.52,2,0.82,0.73,0.75,P2,Team_C,Medium
1326,Medium,0.6,0.31,2,0.4,0.76,0.44,P2,Team_B,Medium
1327,Low,0.3,0.39,1,0.69,0.41,0.92,P3,Team_B,Low
1328,High,0.9,0.35,3,0.89,0.34,0.46,P2,Team_C,Medium
1329,High,0.9,0.63,2,0.58,0.83,0.74,P1,Team_B,High
1330,High,0.9,0.44,2,0.74,0.61,0.48,P2,Team_B,Medium
1331,High,0.9,0.91,4,0.44,0.89,0.83,P1,Team_C,High
1332,Low,0.3,0.23,3,0.77,0.75,0.99,P3,Team_C,Low
1333,Medium,0.6,0.85,3,0.87,0.58,0.6,P2,Team_A,Medium
1334,Low,0.3,0.8,2,0.58,0.76,0.38,P2,Team_B,Medium
1335,High,0.9,0.65,3,0.58,0.83,0.6,P1,Team_C,High
1336,Medium,0.6,0.12,2,0.55,0.68,0.99,P2,Team_C,Medium
1337,Medium,0.6,0.17,2,0.54,0.48,0.58,P2,Team_A,Medium
1338,Low,0.3,0.79,3,0.42,0.89,0.66,P2,Team_C,Medium
1339,Low,0.3,0.14,3,0.72,0.42,0.7,P3,Team_B,Low
1340,High,0.9,0.3,3,0.74,0.54,0.7,P2,Team_A,Medium
1341,Low,0.3,0.32,4,0.44,0.83,0.59,P3,Team_B,Low
1342,Low,0.3,0.42,4,0.55,0.63,0.86,P2,Team_C,Medium
1343,Medium,0.6,0.5,1,0.92,0.83,0.4,P2,Team_C,Medium
1344,Medium,0.6,0.2,3,0.76,0.84,0.92,P2,Team_A,Medium
1345,Low,0.3,0.75,3,0.74,0.58,0.68,P2,Team_A,Medium
1346,High,0.9,0.59,1,0.87,0.74,0.48,P2,Team_B,Medium
1347,Medium,0.6,0.18,4,0.62,0.73,0.7,P2,Team_C,Medium
1348,Medium,0.6,0.12,1,0.76,0.51,0.63,P2,Team_B,Medium
1349,Low,0.3,0.38,1,0.53,0.67,0.37,P3,Team_A,Low
1350,Low,0.3,0.31,2,0.58,0.27,0.54,P3,Team_A,Low
1351,Low,0.3,0.71,3,0.63,0.85,0.88,P2,Team_C,Medium
1352,Medium,0.6,0.39,2,0.62,0.62,0.81,P2,Team_C,Medium
1353,High,0.9,0.64,2,0.87,0.74,0.98,P1,Team_A,High
1354,High,0.9,0.31,2,0.65,0.72,0.39,P2,Team_B,Medium
1355,High,0.9,0.38,4,0.57,0.44,0.58,P2,Team_C,Medium
1356,High,0.9,0.59,4,0.65,0.55,0.54,P2,Team_B,Medium
1357,Low,0.3,0.71,3,0.87,0.85,0.44,P2,Team_B,Medium
1358,High,0.9,0.73,4,0.54,0.7,0.68,P1,Team_B,High
1359,High,0.9,0.8,1,0.73,0.75,0.94,P1,Team_B,High
1360,High,0.9,0.86,2,0.6,0.64,0.5,P1,Team_C,High
1361,Medium,0.6,0.35,2,0.61,0.87,0.3,P2,Team_B,Medium
1362,Low,0.3,0.44,1,0.86,0.93,0.88,P2,Team_A,Medium
1363,Medium,0.6,0.65,4,0.73,0.91,0.91,P2,Team_A,Medium
1364,Low,0.3,0.76,3,0.58,0.7,0.89,P2,Team_A,Medium
1365,Medium,0.6,0.62,4,0.49,0.61,0.49,P2,Team_C,Medium
1366,Medium,0.6,0.18,4,0.59,0.74,0.34,P2,Team_C,Medium
1367,Medium,0.6,0.2,2,0.75,0.65,0.93,P2,Team_C,Medium
1368,Low,0.3,0.51,3,0.67,0.61,0.76,P2,Team_A,Medium
1369,Low,0.3,0.58,1,0.88,0.43,0.8,P2,Team_A,Medium
1370,Medium,0.6,0.59,3,0.87,0.54,0.53,P2,Team_A,Medium
1371,Low,0.3,0.61,2,0.71,0.92,0.34,P2,Team_A,Medium
1372,Medium,0.6,0.41,2,0.79,0.54,0.47,P2,Team_B,Medium
1373,Low,0.3,0.12,3,0.92,0.89,0.72,P3,Team_C,Low
1374,Low,0.3,0.23,3,0.69,0.72,0.51,P3,Team_A,Low
1375,Low,0.3,0.69,3,0.96,0.62,0.69,P2,Team_A,Medium
1376,Low,0.3,0.75,1,0.75,0.89,0.82,P2,Team_B,Medium
1377,High,0.9,0.87,3,0.81,0.95,0.86,P1,Team_A,High
1378,Medium,0.6,0.84,3,0.89,0.58,0.64,P2,Team_B,Medium
1379,Low,0.3,0.28,4,0.8,0.66,0.66,P3,Team_B,Low
1380,Medium,0.6,0.65,3,0.51,0.74,0.49,P2,Team_C,Medium
1381,Low,0.3,0.15,2,0.88,0.72,0.75,P3,Team_B,Low
1382,High,0.9,0.18,4,0.87,0.8,0.41,P2,Team_A,Medium
1383,Medium,0.6,0.3,1,0.6,0.66,0.53,P2,Team_C,Medium
1384,High,0.9,0.88,3,0.61,0.8,0.76,P1,Team_B,High
1385,High,0.9,0.62,1,0.87,0.4,0.87,P1,Team_C,High
1386,Medium,0.6,0.33,3,0.63,0.51,0.68,P2,Team_C,Medium
1387,Low,0.3,0.45,1,0.62,0.53,0.52,P2,Team_B,Medium
1388,Medium,0.6,0.66,3,0.66,0.89,0.87,P2,Team_A,Medium
1389,Medium,0.6,0.28,2,0.68,0.65,0.64,P2,Team_B,Medium
1390,Low,0.3,0.94,1,0.73,0.94,0.75,P2,Team_B,Medium
1391,Medium,0.6,0.23,3,0.79,0.41,0.44,P2,Team_C,Medium
1392,Medium,0.6,0.6,3,0.53,0.72,0.84,P2,Team_B,Medium
1393,Medium,0.6,0.46,3,0.97,0.66,0.62,P2,Team_C,Medium
1394,High,0.9,0.64,1,0.48,0.82,0.51,P1,Team_B,High
1395,High,0.9,0.1,4,0.44,0.87,0.8,P2,Team_C,Medium
1396,Low,0.3,0.88,3,0.61,0.65,0.62,P2,Team_A,Medium
1397,Medium,0.6,0.65,2,0.94,0.78,0.99,P2,Team_B,Medium
1398,Medium,0.6,0.4,4,0.33,0.66,0.67,P2,Team_C,Medium
1399,Low,0.3,0.21,3,0.81,0.62,0.66,P3,Team_A,Low
1400,Medium,0.6,0.21,1,0.94,0.73,0.56,P2,Team_A,Medium
1401,Medium,0.6,0.49,1,0.58,0.72,0.64,P2,Team_C,Medium
1402,High,0.9,0.3,4,0.53,0.96,0.55,P2,Team_C,Medium
1403,Low,0.3,0.37,3,0.49,0.77,0.43,P3,Team_A,Low
1404,Medium,0.6,0.14,4,0.82,0.74,0.57,P2,Team_A,Medium
1405,Low,0.3,0.78,1,0.48,0.97,0.89,P2,Team_C,Medium
1406,High,0.9,0.41,4,0.57,0.47,0.61,P2,Team_B,Medium
1407,High,0.9,0.64,2,0.57,0.9,0.86,P1,Team_A,High
1408,Low,0.3,0.21,2,0.48,0.77,0.51,P3,Team_A,Low
1409,Low,0.3,0.58,2,0.79,0.58,0.53,P2,Team_B,Medium
1410,Low,0.3,0.48,4,0.55,0.89,0.36,P2,Team_C,Medium
1411,Medium,0.6,0.45,4,0.47,0.33,0.91,P2,Team_A,Medium
1412,High,0.9,0.62,2,0.71,0.65,0.95,P1,Team_A,High
1413,Medium,0.6,0.61,2,0.88,0.2,0.47,P2,Team_C,Medium
1414,Medium,0.6,0.19,1,0.84,0.63,0.59,P2,Team_B,Medium
1415,Low,0.3,0.39,3,0.66,0.8,0.65,P3,Team_A,Low
1416,Medium,0.6,0.81,4,0.91,0.74,0.89,P2,Team_B,Medium
1417,Medium,0.6,0.07,2,0.92,0.81,0.61,P2,Team_A,Medium
1418,Medium,0.6,0.58,2,0.93,0.6,0.94,P2,Team_B,Medium
1419,Medium,0.6,0.96,3,0.86,0.81,0.59,P2,Team_B,Medium
1420,Medium,0.6,0.6,4,0.56,0.76,0.64,P2,Team_A,Medium
1421,Low,0.3,0.63,3,0.93,0.76,0.96,P2,Team_A,Medium
1422,High,0.9,0.35,2,0.74,0.64,0.98,P2,Team_B,Medium
1423,Low,0.3,0.31,2,0.91,0.75,0.38,P3,Team_A,Low
1424,Medium,0.6,0.37,1,0.75,0.75,0.33,P2,Team_B,Medium
1425,Medium,0.6,0.6,3,0.88,0.89,0.69,P2,Team_C,Medium
1426,High,0.9,0.3,1,0.9,0.74,0.7,P2,Team_C,Medium
1427,Medium,0.6,0.37,3,0.92,0.84,0.37,P2,Team_A,Medium
1428,Low,0.3,0.58,1,0.58,0.66,0.46,P2,Team_C,Medium
1429,High,0.9,0.33,3,0.6,0.68,0.81,P2,Team_B,Medium
1430,High,0.9,0.86,4,0.77,0.72,0.31,P1,Team_A,High
1431,Low,0.3,0.37,2,0.92,0.77,0.92,P3,Team_B,Low
1432,Low,0.3,0.31,1,0.81,0.45,0.95,P3,Team_C,Low
1433,Medium,0.6,0.71,4,0.68,0.71,0.32,P2,Team_C,Medium
1434,High,0.9,0.45,1,0.77,0.54,0.62,P2,Team_A,Medium
1435,Medium,0.6,0.33,4,0.82,0.27,0.41,P2,Team_B,Medium
1436,Medium,0.6,0.83,3,0.51,0.35,0.56,P2,Team_C,Medium
1437,Medium,0.6,0.68,2,0.82,0.95,0.49,P2,Team_A,Medium
1438,Medium,0.6,0.78,2,0.58,0.49,0.45,P2,Team_A,Medium
1439,Medium,0.6,0.87,4,0.71,0.27,0.49,P2,Team_B,Medium
1440,Low,0.3,0.47,4,0.72,0.51,0.8,P2,Team_C,Medium
1441,High,0.9,0.46,1,0.96,0.81,0.84,P2,Team_C,Medium
1442,High,0.9,0.27,3,0.87,0.88,0.43,P2,Team_B,Medium
1443,Medium,0.6,0.83,3,0.75,0.92,0.94,P2,Team_B,Medium
1444,High,0.9,0.29,2,0.68,0.75,0.9,P2,Team_B,Medium
1445,Medium,0.6,0.1,2,0.66,0.18,0.9,P2,Team_A,Medium
1446,Medium,0.6,0.54,2,0.48,0.39,0.97,P2,Team_B,Medium
1447,Low,0.3,0.51,3,0.71,0.9,0.64,P2,Team_A,Medium
1448,High,0.9,0.37,4,0.69,0.93,0.97,P2,Team_A,Medium
1449,High,0.9,0.2,2,0.78,0.38,0.55,P2,Team_B,Medium
1450,Medium,0.6,0.4,3,0.49,0.57,0.33,P2,Team_A,Medium
1451,High,0.9,0.41,3,0.92,0.71,0.73,P2,Team_C,Medium
1452,Low,0.3,0.62,2,0.55,0.61,0.68,P2,Team_A,Medium
1453,Medium,0.6,0.46,1,0.91,0.89,0.63,P2,Team_A,Medium
1454,Low,0.3,0.26,2,0.65,0.88,0.31,P3,Team_A,Low
1455,Low,0.3,0.61,1,0.51,0.76,0.55,P2,Team_A,Medium
1456,Medium,0.6,0.41,2,0.73,0.71,0.61,P2,Team_A,Medium
1457,Medium,0.6,0.21,2,0.99,0.41,0.48,P2,Team_B,Medium
1458,High,0.9,0.24,3,0.95,0.5,0.87,P2,Team_B,Medium
1459,High,0.9,0.61,4,0.9,0.43,0.49,P1,Team_A,High
1460,High,0.9,0.36,2,0.75,0.61,0.89,P2,Team_B,Medium
1461,Low,0.3,0.02,1,0.75,0.61,0.97,P3,Team_C,Low
1462,Medium,0.6,0.85,1,0.76,0.82,0.8,P2,Team_A,Medium
1463,High,0.9,0.45,2,0.77,0.66,0.68,P2,Team_A,Medium
1464,High,0.9,0.64,2,0.87,0.72,0.8,P1,Team_A,High
1465,High,0.9,0.6,1,0.54,0.24,0.9,P2,Team_B,Medium
1466,Low,0.3,0.31,3,0.43,0.63,0.32,P3,Team_B,Low
1467,Low,0.3,0.37,2,0.56,0.79,0.55,P3,Team_A,Low
1468,Low,0.3,0.32,1,0.81,0.88,0.7,P3,Team_C,Low
1469,Low,0.3,0.41,4,0.73,0.84,0.44,P2,Team_C,Medium
1470,Low,0.3,0.7,4,0.63,0.82,0.38,P2,Team_B,Medium
1471,Medium,0.6,0.48,2,0.82,0.57,0.99,P2,Team_B,Medium
1472,Low,0.3,0.58,4,0.95,0.83,0.87,P2,Team_B,Medium
1473,High,0.9,0.18,4,0.7,0.69,0.86,P2,Team_C,Medium
1474,Low,0.3,0.6,1,0.74,0.95,0.62,P2,Team_A,Medium
1475,Medium,0.6,0.29,4,0.36,0.7,0.73,P2,Team_A,Medium
1476,High,0.9,0.7,1,0.89,0.72,0.71,P1,Team_A,High
1477,Low,0.3,0.52,1,0.91,0.91,0.95,P2,Team_B,Medium
1478,Medium,0.6,0.64,4,0.61,0.77,0.66,P2,Team_B,Medium
1479,Medium,0.6,0.63,4,0.81,0.76,0.5,P2,Team_A,Medium
1480,Medium,0.6,0.66,1,0.68,0.64,0.67,P2,Team_A,Medium
1481,Low,0.3,0.67,4,0.51,0.51,0.45,P2,Team_B,Medium
1482,Medium,0.6,0.74,4,0.68,0.82,0.74,P2,Team_B,Medium
1483,Medium,0.6,0.35,3,0.75,0.52,0.59,P2,Team_B,Medium
1484,Low,0.3,0.25,4,0.79,0.85,0.3,P3,Team_A,Low
1485,High,0.9,0.88,3,0.64,0.74,0.78,P1,Team_A,High
1486,High,0.9,0.47,3,0.77,0.86,0.85,P2,Team_C,Medium
1487,Low,0.3,0.74,1,0.88,0.65,0.45,P2,Team_B,Medium
1488,High,0.9,0.42,1,0.64,0.62,0.51,P2,Team_A,Medium
1489,Low,0.3,0.03,4,0.58,0.63,0.88,P3,Team_C,Low
1490,Medium,0.6,0.1,1,0.82,0.77,0.97,P2,Team_C,Medium
1491,Low,0.3,0.44,2,0.51,0.68,0.7,P2,Team_C,Medium
1492,Low,0.3,0.72,4,0.45,0.82,0.98,P2,Team_A,Medium
1493,Low,0.3,0.46,4,0.53,0.49,0.69,P2,Team_C,Medium
1494,High,0.9,0.76,1,0.88,0.76,0.85,P1,Team_C,High
1495,Low,0.3,0.36,1,0.67,0.49,0.61,P3,Team_C,Low
1496,Medium,0.6,0.58,3,0.74,0.5,0.96,P2,Team_A,Medium
1497,Medium,0.6,0.61,1,0.74,0.85,0.99,P2,Team_B,Medium
1498,Medium,0.6,0.36,4,0.69,0.51,0.57,P2,Team_B,Medium
1499,Low,0.3,0.04,3,0.71,0.73,0.97,P3,Team_C,Low
1500,Medium,0.6,0.21,4,0.93,0.44,0.59,P2,Team_B,Medium
1501,High,0.9,0.32,1,0.79,0.76,0.5,P2,Team_C,Medium
1502,High,0.9,0.69,2,0.84,0.61,0.83,P1,Team_C,High
1503,High,0.9,0.35,2,0.68,0.86,0.69,P2,Team_A,Medium
1504,Medium,0.6,0.9,1,0.86,0.69,0.45,P2,Team_C,Medium
1505,Low,0.3,0.57,1,0.68,0.85,0.59,P2,Team_C,Medium
1506,Low,0.3,0.09,4,0.68,0.73,0.61,P3,Team_B,Low
1507,Low,0.3,0.3,2,0.78,0.55,0.82,P3,Team_A,Low
1508,Low,0.3,0.64,4,0.3,0.46,0.91,P2,Team_A,Medium
1509,Low,0.3,0.24,4,0.86,0.77,0.65,P3,Team_B,Low
1510,Medium,0.6,0.58,3,0.29,0.49,0.57,P2,Team_C,Medium
1511,Low,0.3,0.67,3,0.67,0.61,0.96,P2,Team_C,Medium
1512,Low,0.3,0.52,1,0.53,0.95,0.44,P2,Team_B,Medium
1513,High,0.9,0.05,4,0.81,0.62,0.96,P2,Team_C,Medium
1514,High,0.9,0.53,3,0.98,0.83,0.32,P2,Team_C,Medium
1515,Low,0.3,0.42,2,0.71,0.83,0.87,P2,Team_B,Medium
1516,High,0.9,0.28,1,0.88,0.39,0.67,P2,Team_A,Medium
1517,Medium,0.6,0.45,3,0.61,0.68,0.61,P2,Team_C,Medium
1518,Low,0.3,0.65,4,0.68,0.61,0.76,P2,Team_C,Medium
1519,Low,0.3,0.13,2,0.95,0.7,0.38,P3,Team_A,Low
1520,High,0.9,0.37,2,0.71,0.52,0.94,P2,Team_B,Medium
1521,High,0.9,0.41,2,0.91,0.64,0.65,P2,Team_A,Medium
1522,Low,0.3,0.47,1,0.64,0.78,0.76,P2,Team_C,Medium
1523,Low,0.3,0.18,4,0.95,0.87,0.79,P3,Team_C,Low
1524,Medium,0.6,0.86,2,0.53,0.45,0.51,P2,Team_A,Medium
1525,Low,0.3,0.81,4,0.89,0.75,0.84,P2,Team_B,Medium
1526,High,0.9,0.28,2,0.82,0.84,0.86,P2,Team_C,Medium
1527,High,0.9,0.33,3,0.67,0.65,0.81,P2,Team_C,Medium
1528,Low,0.3,0.78,3,0.74,0.62,0.99,P2,Team_B,Medium
1529,Low,0.3,0.49,2,0.64,0.9,0.35,P2,Team_A,Medium
1530,Low,0.3,0.71,4,0.89,0.62,0.88,P2,Team_C,Medium
1531,Low,0.3,0.44,2,0.88,0.4,0.74,P2,Team_C,Medium
1532,Medium,0.6,0.65,3,0.91,0.81,0.94,P2,Team_C,Medium
1533,Low,0.3,0.36,1,0.69,0.9,0.99,P3,Team_A,Low
1534,Medium,0.6,0.73,4,0.7,0.97,0.85,P2,Team_C,Medium
1535,Medium,0.6,0.5,1,0.61,0.68,0.73,P2,Team_A,Medium
1536,Low,0.3,0.53,1,0.64,0.84,0.53,P2,Team_C,Medium
1537,Low,0.3,0.5,4,0.58,0.73,0.45,P2,Team_C,Medium
1538,Low,0.3,0.67,4,0.45,0.49,0.48,P2,Team_C,Medium
1539,High,0.9,0.1,1,0.98,0.78,0.42,P2,Team_B,Medium
1540,High,0.9,0.25,3,0.84,0.45,0.78,P2,Team_B,Medium
1541,Medium,0.6,0.05,4,0.5,0.79,0.94,P2,Team_C,Medium
1542,Low,0.3,0.51,4,0.87,0.9,0.71,P2,Team_C,Medium
1543,High,0.9,0.62,1,0.93,0.66,0.63,P1,Team_B,High
1544,Low,0.3,0.66,1,0.79,0.65,0.78,P2,Team_B,Medium
1545,Low,0.3,0.68,3,0.74,0.64,0.51,P2,Team_B,Medium
1546,Medium,0.6,0.42,3,0.46,0.74,0.85,P2,Team_B,Medium
1547,Low,0.3,0.65,4,0.97,0.92,0.37,P2,Team_A,Medium
1548,Medium,0.6,0.37,2,0.68,0.85,0.65,P2,Team_B,Medium
1549,Low,0.3,0.75,4,0.74,0.9,0.56,P2,Team_A,Medium
1550,High,0.9,0.88,3,0.63,0.66,0.88,P1,Team_B,High
1551,Low,0.3,0.92,4,0.93,0.94,0.57,P2,Team_C,Medium
1552,Medium,0.6,0.24,4,0.68,0.88,0.65,P2,Team_A,Medium
1553,Low,0.3,0.42,3,0.79,0.85,0.68,P2,Team_A,Medium
1554,Medium,0.6,0.66,2,0.77,0.43,0.88,P2,Team_A,Medium
1555,Low,0.3,0.45,3,0.8,0.63,0.81,P2,Team_C,Medium
1556,High,0.9,0.35,3,0.64,0.74,0.4,P2,Team_C,Medium
1557,High,0.9,0.55,4,0.8,0.86,0.79,P2,Team_C,Medium
1558,Medium,0.6,0.48,3,0.8,0.63,0.33,P2,Team_C,Medium
1559,Medium,0.6,0.36,2,0.96,0.89,0.6,P2,Team_B,Medium
1560,Low,0.3,0.32,4,0.5,0.46,0.95,P3,Team_C,Low
1561,Medium,0.6,0.42,1,0.92,0.52,0.54,P2,Team_B,Medium
1562,Medium,0.6,0.89,2,0.86,0.82,0.33,P2,Team_C,Medium
1563,Medium,0.6,0.33,2,0.82,0.47,0.71,P2,Team_C,Medium
1564,Medium,0.6,0.77,4,0.99,0.44,0.32,P2,Team_C,Medium
1565,Low,0.3,0.26,2,0.38,0.91,0.53,P3,Team_C,Low
1566,Medium,0.6,0.52,2,0.84,0.69,0.69,P2,Team_A,Medium
1567,High,0.9,0.52,4,0.9,0.69,0.48,P2,Team_A,Medium
1568,High,0.9,0.74,2,0.96,0.82,0.7,P1,Team_B,High
1569,Medium,0.6,0.55,2,0.69,0.92,0.6,P2,Team_B,Medium
1570,Low,0.3,0.46,4,0.6,0.85,0.44,P2,Team_C,Medium
1571,High,0.9,0.49,2,0.8,0.91,0.79,P2,Team_C,Medium
1572,Low,0.3,0.46,3,0.81,0.83,0.81,P2,Team_C,Medium
1573,Low,0.3,0.53,4,0.65,0.69,0.92,P2,Team_A,Medium
1574,Low,0.3,0.74,2,0.84,0.45,0.99,P2,Team_A,Medium
1575,Low,0.3,0.94,2,0.53,0.82,0.59,P2,Team_C,Medium
1576,High,0.9,0.27,3,0.96,0.72,0.96,P2,Team_A,Medium
1577,Low,0.3,0.81,4,0.76,0.78,0.98,P2,Team_B,Medium
1578,Low,0.3,0.52,4,0.84,0.67,0.54,P2,Team_A,Medium
1579,Medium,0.6,0.91,4,0.95,0.58,0.57,P2,Team_C,Medium
1580,Medium,0.6,0.44,2,0.84,0.82,0.85,P2,Team_A,Medium
1581,Low,0.3,0.24,4,0.8,0.94,0.84,P3,Team_C,Low
1582,High,0.9,0.49,2,0.96,0.59,0.79,P2,Team_B,Medium
1583,High,0.9,0.72,2,0.95,0.85,0.46,P1,Team_C,High
1584,High,0.9,0.35,1,0.4,0.33,0.65,P2,Team_C,Medium
1585,Medium,0.6,0.16,1,0.85,0.9,0.72,P2,Team_B,Medium
1586,Medium,0.6,0.23,1,0.72,0.92,0.62,P2,Team_B,Medium
1587,Medium,0.6,0.38,1,0.48,0.75,0.71,P2,Team_B,Medium
1588,Low,0.3,0.75,3,0.8,0.64,0.49,P2,Team_C,Medium
1589,Medium,0.6,0.65,1,0.69,0.84,0.83,P2,Team_A,Medium
1590,Low,0.3,0.63,1,0.48,0.43,0.87,P2,Team_B,Medium
1591,Low,0.3,0.37,4,0.74,0.82,0.71,P3,Team_B,Low
1592,High,0.9,0.5,2,0.73,0.58,0.9,P2,Team_B,Medium
1593,Medium,0.6,0.4,2,0.82,0.56,0.93,P2,Team_C,Medium
1594,Low,0.3,0.6,4,0.92,0.48,0.53,P2,Team_C,Medium
1595,High,0.9,0.88,4,0.63,0.71,0.53,P1,Team_C,High
1596,High,0.9,0.4,4,0.59,0.91,0.65,P2,Team_B,Medium
1597,Medium,0.6,0.6,3,0.69,0.49,0.39,P2,Team_B,Medium
1598,High,0.9,0.39,4,0.73,0.14,0.62,P2,Team_A,Medium
1599,Low,0.3,0.63,2,0.79,0.9,0.84,P2,Team_B,Medium
1600,Low,0.3,0.65,4,0.66,0.69,0.63,P2,Team_B,Medium
1601,Low,0.3,0.38,1,0.72,0.82,0.71,P3,Team_B,Low
1602,Low,0.3,0.38,4,0.84,0.63,0.65,P3,Team_A,Low
1603,Low,0.3,0.75,4,0.85,0.79,0.96,P2,Team_C,Medium
1604,Low,0.3,0.84,3,0.4,0.65,0.38,P2,Team_B,Medium
1605,Low,0.3,0.26,3,0.8,0.74,0.74,P3,Team_C,Low
1606,High,0.9,0.28,2,0.71,0.77,0.47,P2,Team_A,Medium
1607,High,0.9,0.39,2,0.87,0.7,0.43,P2,Team_B,Medium
1608,Medium,0.6,0.15,4,0.33,0.42,0.78,P2,Team_A,Medium
1609,Medium,0.6,0.98,3,0.47,0.82,0.69,P2,Team_C,Medium
1610,Low,0.3,0.36,4,0.74,0.71,0.96,P3,Team_C,Low
1611,Medium,0.6,0.16,1,0.67,0.54,0.79,P2,Team_C,Medium
1612,High,0.9,0.65,2,0.79,0.83,0.86,P1,Team_B,High
1613,Low,0.3,0.38,4,0.72,0.94,0.42,P3,Team_A,Low
1614,Medium,0.6,0.35,3,0.79,0.94,0.32,P2,Team_C,Medium
1615,Medium,0.6,0.39,1,0.73,0.72,0.89,P2,Team_A,Medium
1616,Low,0.3,0.34,1,0.72,0.56,0.97,P3,Team_C,Low
1617,Low,0.3,0.21,4,0.89,0.87,0.63,P3,Team_B,Low
1618,Medium,0.6,0.6,3,0.78,0.75,0.42,P2,Team_B,Medium
1619,High,0.9,0.57,1,0.79,0.54,0.79,P2,Team_C,Medium
1620,Low,0.3,0.29,4,0.82,0.94,0.45,P3,Team_C,Low
1621,Low,0.3,0.5,3,0.6,0.6,0.53,P2,Team_B,Medium
1622,High,0.9,0.96,4,0.95,0.73,0.45,P1,Team_C,High
1623,Medium,0.6,0.69,4,0.09,0.33,0.75,P2,Team_A,Medium
1624,Low,0.3,0.8,1,0.24,0.3,0.3,P2,Team_A,Medium
1625,Low,0.3,0.33,2,0.67,0.5,0.48,P3,Team_A,Low
1626,Low,0.3,0.58,3,0.7,0.91,0.94,P2,Team_A,Medium
1627,Medium,0.6,0.36,3,0.65,0.89,0.69,P2,Team_B,Medium
1628,High,0.9,0.49,4,0.47,0.67,0.75,P2,Team_A,Medium
1629,High,0.9,0.69,1,0.66,0.68,0.83,P1,Team_A,High
1630,Medium,0.6,0.44,1,0.49,0.63,0.44,P2,Team_C,Medium
1631,Medium,0.6,0.54,1,0.67,0.88,0.75,P2,Team_B,Medium
1632,Medium,0.6,0.13,1,0.75,0.65,0.47,P2,Team_C,Medium
1633,Low,0.3,0.65,2,0.7,0.85,0.79,P2,Team_C,Medium
1634,Low,0.3,0.61,4,0.83,0.76,0.85,P2,Team_A,Medium
1635,High,0.9,0.3,3,0.75,0.55,0.95,P2,Team_B,Medium
1636,Low,0.3,0.49,3,0.66,0.47,0.54,P2,Team_A,Medium
1637,Medium,0.6,0.26,1,0.62,0.74,0.83,P2,Team_A,Medium
1638,Low,0.3,0.37,3,0.72,0.58,0.47,P3,Team_B,Low
1639,Low,0.3,0.57,1,0.83,0.54,0.42,P2,Team_A,Medium
1640,Medium,0.6,0.57,1,0.7,0.8,0.44,P2,Team_C,Medium
1641,Low,0.3,0.87,3,0.68,0.9,0.71,P2,Team_B,Medium
1642,Medium,0.6,0.56,3,0.46,0.53,0.41,P2,Team_B,Medium
1643,Low,0.3,0.81,1,0.85,0.88,0.42,P2,Team_A,Medium
1644,Medium,0.6,0.43,2,0.79,0.42,0.59,P2,Team_B,Medium
1645,Medium,0.6,0.54,2,0.85,0.52,0.51,P2,Team_A,Medium
1646,High,0.9,0.58,2,0.71,0.93,0.67,P2,Team_B,Medium
1647,Medium,0.6,0.84,3,0.65,0.52,0.76,P2,Team_A,Medium
1648,Medium,0.6,0.19,4,0.73,0.86,0.68,P2,Team_A,Medium
1649,High,0.9,0.74,2,0.72,0.53,0.95,P1,Team_B,High
1650,Medium,0.6,0.14,1,0.6,0.95,0.86,P2,Team_C,Medium
1651,Medium,0.6,0.76,4,0.82,0.66,0.74,P2,Team_B,Medium
1652,Low,0.3,0.57,3,0.66,0.71,0.63,P2,Team_B,Medium
1653,Medium,0.6,0.16,3,0.61,0.74,0.72,P2,Team_A,Medium
1654,Medium,0.6,0.19,1,0.81,0.9,0.67,P2,Team_C,Medium
1655,High,0.9,0.61,2,0.82,0.37,0.56,P1,Team_C,High
1656,High,0.9,0.1,2,0.86,0.97,0.95,P2,Team_B,Medium
1657,High,0.9,0.78,1,0.67,0.96,0.63,P1,Team_B,High
1658,High,0.9,0.51,4,0.78,0.72,0.71,P2,Team_C,Medium
1659,High,0.9,0.89,3,0.63,0.89,0.83,P1,Team_A,High
1660,Low,0.3,0.86,4,0.5,0.74,0.93,P2,Team_B,Medium
1661,Low,0.3,0.33,4,0.78,0.91,0.7,P3,Team_A,Low
1662,Low,0.3,0.62,1,0.55,0.69,0.66,P2,Team_B,Medium
1663,Medium,0.6,0.14,3,0.93,0.77,0.62,P2,Team_C,Medium
1664,Low,0.3,0.27,2,0.85,0.43,0.99,P3,Team_A,Low
1665,Low,0.3,0.35,3,0.72,0.39,0.79,P3,Team_A,Low
1666,Medium,0.6,0.51,1,0.86,0.29,0.64,P2,Team_B,Medium
1667,Low,0.3,0.71,1,0.43,0.4,0.4,P2,Team_B,Medium
1668,Medium,0.6,0.54,3,0.57,0.6,0.6,P2,Team_C,Medium
1669,Medium,0.6,0.54,4,0.76,0.72,0.43,P2,Team_B,Medium
1670,Low,0.3,0.68,1,0.78,0.27,0.31,P2,Team_C,Medium
1671,Medium,0.6,0.27,1,0.8,0.61,0.46,P2,Team_B,Medium
1672,High,0.9,0.76,3,0.77,0.59,0.55,P1,Team_C,High
1673,High,0.9,0.17,4,0.72,0.82,0.86,P2,Team_B,Medium
1674,Low,0.3,0.67,3,0.68,0.74,0.47,P2,Team_B,Medium
1675,Medium,0.6,0.3,2,0.79,0.89,0.71,P2,Team_B,Medium
1676,Medium,0.6,0.54,2,0.67,0.79,0.79,P2,Team_A,Medium
1677,High,0.9,0.75,4,0.64,0.72,0.95,P1,Team_A,High
1678,Low,0.3,0.12,1,0.9,0.84,0.83,P3,Team_C,Low
1679,Low,0.3,0.85,2,0.81,0.86,0.58,P2,Team_A,Medium
1680,Low,0.3,0.73,2,0.84,0.69,0.36,P2,Team_B,Medium
1681,Medium,0.6,0.88,1,0.78,0.83,0.44,P2,Team_C,Medium
1682,High,0.9,0.44,2,0.47,0.8,0.65,P2,Team_C,Medium
1683,Low,0.3,0.21,2,0.79,0.67,0.4,P3,Team_B,Low
1684,High,0.9,0.41,2,0.91,0.46,0.57,P2,Team_A,Medium
1685,Low,0.3,0.81,3,0.6,0.77,0.63,P2,Team_C,Medium
1686,Low,0.3,0.72,4,0.87,0.78,0.76,P2,Team_C,Medium
1687,High,0.9,0.5,2,0.56,0.46,0.35,P2,Team_C,Medium
1688,Medium,0.6,0.41,3,0.5,0.69,0.72,P2,Team_A,Medium
1689,Medium,0.6,0.5,4,0.85,0.88,0.67,P2,Team_A,Medium
1690,Low,0.3,0.66,4,0.85,0.66,0.58,P2,Team_B,Medium
1691,Low,0.3,0.43,4,0.9,0.89,0.75,P2,Team_A,Medium
1692,Low,0.3,0.72,4,0.94,0.17,0.92,P2,Team_B,Medium
1693,Low,0.3,0.31,4,0.82,0.51,0.77,P3,Team_B,Low
1694,Low,0.3,0.41,2,0.64,0.85,0.83,P2,Team_C,Medium
1695,Low,0.3,0.52,2,0.79,0.39,0.99,P2,Team_B,Medium
1696,Medium,0.6,0.32,4,0.5,0.78,0.7,P2,Team_A,Medium
1697,Low,0.3,0.5,2,0.59,0.93,0.81,P2,Team_A,Medium
1698,Low,0.3,0.54,2,0.7,0.74,0.75,P2,Team_B,Medium
1699,Medium,0.6,0.48,4,0.31,0.93,0.7,P2,Team_C,Medium
1700,High,0.9,0.28,3,0.59,0.9,0.95,P2,Team_C,Medium
1701,Low,0.3,0.34,4,0.93,0.36,0.92,P3,Team_A,Low
1702,Medium,0.6,0.68,4,0.4,0.75,0.34,P2,Team_A,Medium
1703,Medium,0.6,0.23,3,0.68,0.96,0.49,P2,Team_B,Medium
1704,High,0.9,0.5,4,0.75,0.65,0.61,P2,Team_B,Medium
1705,Medium,0.6,0.76,4,0.66,0.86,0.75,P2,Team_C,Medium
1706,Low,0.3,0.3,4,0.82,0.81,0.61,P3,Team_B,Low
1707,High,0.9,0.17,3,0.85,0.45,0.6,P2,Team_B,Medium
1708,Medium,0.6,0.89,3,0.94,0.51,0.83,P2,Team_B,Medium
1709,High,0.9,0.69,1,0.71,0.64,0.97,P1,Team_C,High
1710,High,0.9,0.6,1,0.88,0.89,0.55,P2,Team_C,Medium
1711,Low,0.3,0.85,3,0.76,0.73,0.74,P2,Team_A,Medium
1712,Low,0.3,0.73,3,0.97,0.39,0.46,P2,Team_B,Medium
1713,Low,0.3,0.68,3,0.83,0.86,0.53,P2,Team_B,Medium
1714,High,0.9,0.24,2,0.53,0.36,0.86,P2,Team_B,Medium
1715,Low,0.3,0.31,2,0.82,0.56,0.89,P3,Team_C,Low
1716,Medium,0.6,0.64,4,0.67,0.93,0.59,P2,Team_C,Medium
1717,Low,0.3,0.25,3,0.68,0.3,0.68,P3,Team_B,Low
1718,High,0.9,0.66,3,0.75,0.8,0.79,P1,Team_C,High
1719,Medium,0.6,0.79,1,0.83,0.58,0.88,P2,Team_C,Medium
1720,High,0.9,0.36,3,0.34,0.59,0.65,P2,Team_B,Medium
1721,High,0.9,0.03,4,0.58,0.54,0.68,P2,Team_B,Medium
1722,Medium,0.6,0.82,1,0.74,0.72,0.33,P2,Team_C,Medium
1723,Medium,0.6,0.41,3,0.78,0.43,0.91,P2,Team_B,Medium
1724,Low,0.3,0.05,2,0.7,0.87,0.6,P3,Team_A,Low
1725,Low,0.3,0.92,3,0.79,0.9,0.62,P2,Team_B,Medium
1726,Medium,0.6,0.84,2,0.88,0.59,0.82,P2,Team_B,Medium
1727,Medium,0.6,0.46,3,0.81,0.53,0.93,P2,Team_A,Medium
1728,Medium,0.6,0.7,2,0.74,0.69,0.96,P2,Team_A,Medium
1729,Medium,0.6,0.3,3,0.79,0.93,0.68,P2,Team_C,Medium
1730,Medium,0.6,0.39,2,0.77,0.66,0.54,P2,Team_B,Medium
1731,Medium,0.6,0.85,2,0.98,0.87,0.57,P2,Team_A,Medium
1732,High,0.9,0.4,2,0.61,0.72,0.96,P2,Team_B,Medium
1733,Low,0.3,0.16,1,0.86,0.55,0.57,P3,Team_C,Low
1734,Low,0.3,0.1,4,0.53,0.67,0.54,P3,Team_C,Low
1735,Medium,0.6,0.73,3,0.87,0.68,0.5,P2,Team_B,Medium
1736,Low,0.3,0.48,1,0.65,0.85,0.69,P2,Team_C,Medium
1737,Medium,0.6,0.88,1,0.78,0.87,0.76,P2,Team_A,Medium
1738,Low,0.3,0.55,1,0.93,0.42,0.55,P2,Team_B,Medium
1739,Low,0.3,0.54,2,0.94,0.31,0.88,P2,Team_B,Medium
1740,Low,0.3,0.19,4,0.86,0.92,0.49,P3,Team_B,Low
1741,Low,0.3,0.72,2,0.68,0.55,0.38,P2,Team_A,Medium
1742,Low,0.3,0.85,2,0.79,0.55,0.9,P2,Team_C,Medium
1743,Low,0.3,0.23,1,0.64,0.28,0.52,P3,Team_B,Low
1744,Medium,0.6,0.37,2,0.86,0.77,0.39,P2,Team_A,Medium
1745,Medium,0.6,0.67,4,0.85,0.8,0.37,P2,Team_C,Medium
1746,Medium,0.6,0.55,4,0.67,0.53,0.51,P2,Team_A,Medium
1747,Low,0.3,0.24,4,0.58,0.45,0.83,P3,Team_C,Low
1748,High,0.9,0.92,2,0.6,0.37,0.56,P1,Team_A,High
1749,High,0.9,0.42,2,0.87,0.6,0.67,P2,Team_A,Medium
1750,Low,0.3,0.57,2,0.9,0.94,0.93,P2,Team_C,Medium
1751,Low,0.3,0.47,2,0.62,0.54,0.74,P2,Team_C,Medium
1752,High,0.9,0.72,3,0.98,0.54,0.75,P1,Team_A,High
1753,High,0.9,0.35,4,0.87,0.73,0.66,P2,Team_A,Medium
1754,Medium,0.6,0.51,2,0.81,0.59,0.42,P2,Team_A,Medium
1755,Low,0.3,0.75,2,0.55,0.65,0.74,P2,Team_B,Medium
1756,High,0.9,0.18,2,0.65,0.52,0.45,P2,Team_C,Medium
1757,Low,0.3,0.52,1,0.62,0.6,0.83,P2,Team_C,Medium
1758,High,0.9,0.21,1,0.9,0.71,0.34,P2,Team_A,Medium
1759,Medium,0.6,0.46,1,0.45,0.78,0.89,P2,Team_A,Medium
1760,Medium,0.6,0.73,1,0.73,0.67,0.52,P2,Team_A,Medium
1761,Low,0.3,0.38,4,0.4,0.87,0.45,P3,Team_A,Low
1762,Low,0.3,0.59,4,0.73,0.84,0.46,P2,Team_C,Medium
1763,Medium,0.6,0.67,1,0.72,0.71,0.79,P2,Team_B,Medium
1764,Medium,0.6,0.33,3,0.56,0.48,0.64,P2,Team_C,Medium
1765,Low,0.3,0.37,2,0.7,0.37,0.58,P3,Team_B,Low
1766,High,0.9,0.29,4,0.98,0.58,0.82,P2,Team_B,Medium
1767,Low,0.3,0.08,2,0.77,0.77,0.57,P3,Team_C,Low
1768,High,0.9,0.45,2,0.67,0.7,0.76,P2,Team_B,Medium
1769,Low,0.3,0.77,2,0.92,0.8,0.51,P2,Team_A,Medium
1770,Low,0.3,0.74,1,0.41,0.6,0.62,P2,Team_C,Medium
1771,Medium,0.6,0.78,1,0.77,0.3,0.7,P2,Team_A,Medium
1772,Medium,0.6,0.86,1,0.91,0.71,0.41,P2,Team_B,Medium
1773,High,0.9,0.13,1,0.46,0.93,0.4,P2,Team_B,Medium
1774,High,0.9,0.53,2,0.75,0.8,0.83,P2,Team_A,Medium
1775,Low,0.3,0.63,4,0.7,0.7,0.38,P2,Team_A,Medium
1776,Low,0.3,0.23,1,0.76,0.75,0.44,P3,Team_B,Low
1777,Medium,0.6,0.64,3,0.74,0.76,0.73,P2,Team_B,Medium
1778,High,0.9,0.12,3,0.86,0.73,0.82,P2,Team_C,Medium
1779,Low,0.3,0.07,1,0.62,0.73,0.97,P3,Team_A,Low
1780,Medium,0.6,0.59,2,0.81,0.51,0.65,P2,Team_B,Medium
1781,Medium,0.6,0.3,3,0.73,0.98,0.53,P2,Team_C,Medium
1782,Medium,0.6,0.58,1,0.75,0.37,0.55,P2,Team_B,Medium
1783,Medium,0.6,0.21,1,0.62,0.76,0.64,P2,Team_A,Medium
1784,Medium,0.6,0.87,4,0.39,0.66,0.53,P2,Team_C,Medium
1785,Medium,0.6,0.43,3,0.95,0.68,0.3,P2,Team_C,Medium
1786,Low,0.3,0.51,4,0.87,0.91,0.49,P2,Team_C,Medium
1787,Low,0.3,0.56,4,0.85,0.92,0.42,P2,Team_A,Medium
1788,Low,0.3,0.32,4,0.66,0.82,0.55,P3,Team_C,Low
1789,Low,0.3,0.78,2,0.68,0.93,0.96,P2,Team_B,Medium
1790,High,0.9,0.57,4,0.82,0.9,0.36,P2,Team_C,Medium
1791,High,0.9,0.74,3,0.61,0.67,0.76,P1,Team_B,High
1792,Medium,0.6,0.19,4,0.59,0.63,0.84,P2,Team_A,Medium
1793,High,0.9,0.71,4,0.31,0.66,0.36,P1,Team_A,High
1794,High,0.9,0.57,3,0.65,0.46,0.72,P2,Team_A,Medium
1795,High,0.9,0.85,1,0.54,0.59,0.86,P1,Team_C,High
1796,Medium,0.6,0.35,4,0.93,0.53,0.62,P2,Team_C,Medium
1797,Low,0.3,0.13,1,0.87,0.77,0.86,P3,Team_C,Low
1798,Medium,0.6,0.5,4,0.42,0.51,0.38,P2,Team_C,Medium
1799,High,0.9,0.41,3,0.82,0.84,0.96,P2,Team_C,Medium
1800,High,0.9,0.82,4,0.81,0.87,0.88,P1,Team_C,High
1801,Low,0.3,0.44,3,0.89,0.72,0.42,P2,Team_A,Medium
1802,Low,0.3,0.34,3,0.9,0.61,0.88,P3,Team_B,Low
1803,High,0.9,0.11,2,0.71,0.83,0.59,P2,Team_C,Medium
1804,Low,0.3,0.28,2,0.78,0.65,0.37,P3,Team_C,Low
1805,Low,0.3,0.54,1,0.86,0.55,0.87,P2,Team_B,Medium
1806,Medium,0.6,0.39,4,0.81,0.8,0.6,P2,Team_B,Medium
1807,Medium,0.6,0.27,3,0.63,0.9,0.43,P2,Team_A,Medium
1808,Medium,0.6,0.47,4,0.74,0.74,0.32,P2,Team_B,Medium
1809,Medium,0.6,0.55,2,0.8,0.59,0.42,P2,Team_A,Medium
1810,Medium,0.6,0.16,1,0.9,0.75,0.99,P2,Team_C,Medium
1811,Low,0.3,0.63,4,0.71,0.8,0.99,P2,Team_B,Medium
1812,Low,0.3,0.65,4,0.63,0.57,0.44,P2,Team_B,Medium
1813,Low,0.3,0.62,4,0.79,0.74,0.59,P2,Team_B,Medium
1814,Low,0.3,0.24,3,0.81,0.45,0.36,P3,Team_B,Low
1815,Low,0.3,0.88,1,0.9,0.88,0.66,P2,Team_B,Medium
1816,Low,0.3,0.82,2,0.78,0.93,1.0,P2,Team_A,Medium
1817,Low,0.3,0.61,2,0.72,0.88,0.85,P2,Team_A,Medium
1818,High,0.9,0.76,2,0.84,0.56,0.95,P1,Team_A,High
1819,Medium,0.6,0.47,4,0.7,0.49,0.43,P2,Team_B,Medium
1820,Low,0.3,0.48,2,0.82,0.88,0.65,P2,Team_B,Medium
1821,Medium,0.6,0.66,3,0.71,0.63,0.84,P2,Team_B,Medium
1822,Medium,0.6,0.59,3,0.92,0.73,0.45,P2,Team_A,Medium
1823,High,0.9,0.46,2,0.81,0.83,0.37,P2,Team_A,Medium
1824,Low,0.3,0.4,3,0.7,0.41,0.48,P2,Team_C,Medium
1825,High,0.9,0.14,4,0.74,0.63,0.55,P2,Team_C,Medium
1826,Medium,0.6,0.86,4,0.98,0.66,0.88,P2,Team_B,Medium
1827,High,0.9,0.46,4,0.87,0.45,0.77,P2,Team_B,Medium
1828,Low,0.3,0.19,1,0.78,0.89,0.98,P3,Team_B,Low
1829,Low,0.3,0.27,4,0.62,0.76,0.47,P3,Team_C,Low
1830,Medium,0.6,0.32,3,0.95,0.79,0.74,P2,Team_C,Medium
1831,Medium,0.6,0.57,1,0.61,0.26,0.55,P2,Team_B,Medium
1832,Low,0.3,0.26,2,0.88,0.73,0.96,P3,Team_A,Low
1833,Low,0.3,0.82,4,0.65,0.46,0.58,P2,Team_C,Medium
1834,Medium,0.6,0.31,2,0.45,0.87,0.98,P2,Team_A,Medium
1835,Medium,0.6,0.3,1,0.96,0.45,0.95,P2,Team_B,Medium
1836,Low,0.3,0.25,2,0.77,0.85,0.97,P3,Team_C,Low
1837,High,0.9,0.86,2,0.59,0.4,0.78,P1,Team_B,High
1838,High,0.9,0.39,3,0.63,0.75,0.31,P2,Team_C,Medium
1839,High,0.9,0.44,3,0.85,0.84,0.78,P2,Team_A,Medium
1840,Low,0.3,0.9,2,0.92,0.53,0.45,P2,Team_C,Medium
1841,Medium,0.6,0.39,1,0.65,0.58,0.85,P2,Team_C,Medium
1842,Medium,0.6,0.79,1,0.73,0.78,0.54,P2,Team_A,Medium
1843,High,0.9,0.81,3,0.89,0.56,0.88,P1,Team_B,High
1844,Low,0.3,0.7,4,0.83,0.75,0.82,P2,Team_B,Medium
1845,High,0.9,0.45,4,0.74,0.46,0.53,P2,Team_C,Medium
1846,High,0.9,0.23,3,0.83,0.66,0.32,P2,Team_A,Medium
1847,Low,0.3,0.38,3,0.88,0.42,0.38,P3,Team_B,Low
1848,Low,0.3,0.69,4,0.68,0.8,0.9,P2,Team_B,Medium
1849,Low,0.3,0.8,3,0.67,0.71,0.42,P2,Team_A,Medium
1850,Medium,0.6,0.5,3,0.86,0.82,0.74,P2,Team_B,Medium
1851,Low,0.3,0.68,1,0.3,0.57,0.99,P2,Team_A,Medium
1852,High,0.9,0.43,4,0.64,0.69,0.42,P2,Team_A,Medium
1853,Medium,0.6,0.75,2,0.87,0.52,0.93,P2,Team_A,Medium
1854,Low,0.3,0.33,1,0.48,0.83,0.48,P3,Team_A,Low
1855,High,0.9,0.61,2,0.51,0.61,0.65,P1,Team_B,High
1856,Low,0.3,0.5,1,0.82,0.75,0.69,P2,Team_B,Medium
1857,High,0.9,0.12,1,0.9,0.38,0.53,P2,Team_A,Medium
1858,High,0.9,0.47,2,0.77,0.88,0.76,P2,Team_B,Medium
1859,Low,0.3,0.73,1,0.85,0.54,0.38,P2,Team_B,Medium
1860,Medium,0.6,0.59,2,0.61,0.53,0.67,P2,Team_C,Medium
1861,Low,0.3,0.57,3,0.82,0.83,0.49,P2,Team_A,Medium
1862,High,0.9,0.68,4,0.71,0.71,0.62,P1,Team_A,High
1863,Medium,0.6,0.44,1,0.74,0.65,0.8,P2,Team_A,Medium
1864,Medium,0.6,0.46,4,0.78,0.89,0.56,P2,Team_A,Medium
1865,Low,0.3,0.22,4,0.81,0.48,0.94,P3,Team_A,Low
1866,Medium,0.6,0.61,4,0.91,0.81,0.99,P2,Team_B,Medium
1867,Low,0.3,0.21,3,0.74,0.75,0.86,P3,Team_A,Low
1868,Low,0.3,0.8,2,0.73,0.92,0.44,P2,Team_A,Medium
1869,High,0.9,0.49,2,0.7,0.67,0.99,P2,Team_B,Medium
1870,Low,0.3,0.86,1,0.77,0.84,0.51,P2,Team_A,Medium
1871,High,0.9,0.38,2,0.41,0.8,0.62,P2,Team_C,Medium
1872,High,0.9,0.57,2,0.67,0.61,0.67,P2,Team_B,Medium
1873,Low,0.3,0.45,3,0.8,0.95,0.73,P2,Team_C,Medium
1874,Low,0.3,0.3,3,0.85,0.93,0.97,P3,Team_C,Low
1875,Low,0.3,0.5,3,0.63,0.77,0.67,P2,Team_B,Medium
1876,Low,0.3,0.73,2,0.98,0.61,0.92,P2,Team_A,Medium
1877,Medium,0.6,0.6,1,0.51,0.69,0.86,P2,Team_B,Medium
1878,Medium,0.6,0.73,4,0.82,0.67,0.32,P2,Team_B,Medium
1879,Low,0.3,0.57,1,0.78,0.68,0.57,P2,Team_A,Medium
1880,Medium,0.6,0.47,2,0.71,0.66,0.31,P2,Team_A,Medium
1881,Low,0.3,0.53,4,0.79,0.89,0.96,P2,Team_B,Medium
1882,Medium,0.6,0.31,2,0.63,0.55,0.89,P2,Team_B,Medium
1883,High,0.9,0.38,3,0.81,0.82,0.79,P2,Team_C,Medium
1884,Medium,0.6,0.67,4,0.62,0.34,0.55,P2,Team_C,Medium
1885,Low,0.3,0.34,3,0.94,0.54,0.83,P3,Team_B,Low
1886,High,0.9,0.77,4,0.71,0.47,0.55,P1,Team_C,High
1887,Medium,0.6,0.05,4,0.8,0.95,0.49,P2,Team_A,Medium
1888,Low,0.3,0.64,4,0.82,0.48,0.38,P2,Team_C,Medium
1889,Low,0.3,0.33,3,0.85,0.65,0.51,P3,Team_C,Low
1890,Low,0.3,0.66,4,0.38,0.7,0.78,P2,Team_C,Medium
1891,Medium,0.6,0.51,4,0.9,0.79,0.76,P2,Team_C,Medium
1892,Low,0.3,0.6,3,0.49,0.44,0.95,P2,Team_C,Medium
1893,Medium,0.6,0.53,4,0.75,0.84,0.57,P2,Team_B,Medium
1894,Medium,0.6,0.38,3,0.55,0.79,0.37,P2,Team_B,Medium
1895,Low,0.3,0.32,2,0.55,0.9,0.94,P3,Team_C,Low
1896,Low,0.3,0.33,1,0.58,0.6,0.58,P3,Team_A,Low
1897,Low,0.3,0.4,1,0.29,0.48,0.83,P2,Team_A,Medium
1898,High,0.9,0.87,1,0.73,0.52,0.75,P1,Team_C,High
1899,Low,0.3,0.87,1,0.89,0.92,0.32,P2,Team_A,Medium
1900,Low,0.3,0.16,1,0.7,0.31,0.36,P3,Team_C,Low
1901,High,0.9,0.24,1,0.74,0.95,0.56,P2,Team_C,Medium
1902,Medium,0.6,0.89,1,0.68,0.71,0.52,P2,Team_C,Medium
1903,High,0.9,0.11,3,0.63,0.71,0.72,P2,Team_C,Medium
1904,Low,0.3,0.68,2,0.82,0.63,0.78,P2,Team_B,Medium
1905,Medium,0.6,0.51,4,0.66,0.16,0.5,P2,Team_C,Medium
1906,High,0.9,0.88,3,0.42,0.67,0.48,P1,Team_B,High
1907,Medium,0.6,0.06,3,0.63,0.76,0.9,P2,Team_A,Medium
1908,Low,0.3,0.39,3,0.93,0.82,0.84,P3,Team_C,Low
1909,Medium,0.6,0.65,2,0.84,0.72,0.65,P2,Team_C,Medium
1910,Medium,0.6,0.55,2,0.66,0.45,0.78,P2,Team_A,Medium
1911,Low,0.3,0.14,2,0.81,0.66,0.45,P3,Team_A,Low
1912,Low,0.3,0.77,4,0.48,0.76,0.35,P2,Team_A,Medium
1913,Medium,0.6,0.3,2,0.83,0.49,0.88,P2,Team_C,Medium
1914,Medium,0.6,0.21,4,0.94,0.62,0.87,P2,Team_B,Medium
1915,Low,0.3,0.64,2,0.94,0.24,0.43,P2,Team_C,Medium
1916,Low,0.3,0.82,4,0.85,0.89,0.95,P2,Team_A,Medium
1917,Medium,0.6,0.31,3,0.73,0.77,0.77,P2,Team_C,Medium
1918,Low,0.3,0.21,3,0.72,0.88,0.56,P3,Team_B,Low
1919,Low,0.3,0.56,4,0.69,0.26,0.75,P2,Team_C,Medium
1920,Medium,0.6,0.72,1,0.77,0.67,0.97,P2,Team_C,Medium
1921,Medium,0.6,0.75,3,0.92,0.69,0.3,P2,Team_B,Medium
1922,Medium,0.6,0.64,2,0.93,0.74,0.45,P2,Team_B,Medium
1923,High,0.9,0.65,3,0.83,0.67,0.68,P1,Team_A,High
1924,Low,0.3,0.48,3,0.82,0.46,0.91,P2,Team_A,Medium
1925,Low,0.3,0.05,2,0.66,0.66,0.5,P3,Team_C,Low
1926,Medium,0.6,0.15,2,0.77,0.86,0.55,P2,Team_B,Medium
1927,Low,0.3,0.66,1,0.78,0.85,0.42,P2,Team_B,Medium
1928,Low,0.3,0.75,3,0.76,0.51,0.69,P2,Team_A,Medium
1929,Low,0.3,0.33,4,0.71,0.88,0.89,P3,Team_A,Low
1930,High,0.9,0.55,3,0.34,0.92,0.58,P2,Team_B,Medium
1931,Medium,0.6,0.49,4,0.8,0.42,1.0,P2,Team_C,Medium
1932,Low,0.3,0.39,4,0.97,0.79,0.48,P3,Team_C,Low
1933,High,0.9,0.41,1,0.55,0.76,0.65,P2,Team_B,Medium
1934,High,0.9,0.35,1,0.74,0.69,0.92,P2,Team_A,Medium
1935,Medium,0.6,0.36,3,0.84,0.63,0.69,P2,Team_B,Medium
1936,High,0.9,0.77,3,0.86,0.62,0.3,P1,Team_A,High
1937,High,0.9,0.37,3,0.95,0.61,0.79,P2,Team_A,Medium
1938,Medium,0.6,0.35,4,0.9,0.9,0.88,P2,Team_C,Medium
1939,High,0.9,0.29,4,0.63,0.55,0.42,P2,Team_A,Medium
1940,Medium,0.6,0.62,1,0.78,0.6,0.69,P2,Team_B,Medium
1941,Low,0.3,0.9,1,0.65,0.53,0.61,P2,Team_A,Medium
1942,Low,0.3,0.19,2,0.64,0.61,0.36,P3,Team_A,Low
1943,Low,0.3,0.66,1,0.79,0.76,0.64,P2,Team_B,Medium
1944,High,0.9,0.69,4,0.67,0.55,0.78,P1,Team_C,High
1945,High,0.9,0.65,1,0.7,0.69,0.68,P1,Team_C,High
1946,High,0.9,0.31,1,0.85,0.47,0.51,P2,Team_A,Medium
1947,Medium,0.6,0.75,4,0.82,0.81,0.77,P2,Team_B,Medium
1948,Medium,0.6,0.61,3,0.4,0.85,0.92,P2,Team_C,Medium
1949,Medium,0.6,0.13,2,0.87,0.87,0.97,P2,Team_C,Medium
1950,Low,0.3,0.48,4,0.55,0.95,0.79,P2,Team_C,Medium
1951,Low,0.3,0.48,3,0.54,0.96,0.6,P2,Team_C,Medium
1952,Medium,0.6,0.41,1,0.7,0.87,0.39,P2,Team_B,Medium
1953,Medium,0.6,0.72,3,0.87,0.52,0.97,P2,Team_B,Medium
1954,High,0.9,0.36,4,0.83,0.5,0.39,P2,Team_B,Medium
1955,Low,0.3,0.51,2,0.67,0.43,0.87,P2,Team_B,Medium
1956,Low,0.3,0.89,3,0.38,0.53,0.84,P2,Team_B,Medium
1957,Low,0.3,0.62,2,0.83,0.71,0.54,P2,Team_A,Medium
1958,Medium,0.6,0.44,1,0.65,0.48,0.58,P2,Team_C,Medium
1959,High,0.9,0.57,4,0.9,0.73,0.68,P2,Team_B,Medium
1960,Medium,0.6,0.47,2,0.86,0.66,0.45,P2,Team_B,Medium
1961,Low,0.3,0.78,3,0.41,0.78,0.71,P2,Team_A,Medium
1962,Medium,0.6,0.49,3,0.7,0.75,0.54,P2,Team_A,Medium
1963,Medium,0.6,0.56,1,0.44,0.77,0.83,P2,Team_A,Medium
1964,Medium,0.6,0.66,2,0.75,0.48,0.94,P2,Team_C,Medium
1965,Low,0.3,0.64,4,0.72,0.54,0.66,P2,Team_B,Medium
1966,Low,0.3,0.55,4,0.59,0.72,0.68,P2,Team_C,Medium
1967,Medium,0.6,0.61,4,0.84,0.55,0.87,P2,Team_B,Medium
1968,Medium,0.6,0.12,4,0.65,0.8,0.54,P2,Team_C,Medium
1969,Low,0.3,0.38,3,0.68,0.84,0.43,P3,Team_B,Low
1970,Low,0.3,0.38,4,0.68,0.83,0.32,P3,Team_B,Low
1971,Low,0.3,0.52,2,0.63,0.41,0.53,P2,Team_A,Medium
1972,High,0.9,0.24,4,0.63,0.31,0.41,P2,Team_A,Medium
1973,Medium,0.6,0.78,2,0.62,0.56,0.99,P2,Team_C,Medium
1974,High,0.9,0.71,4,0.69,0.68,0.68,P1,Team_B,High
1975,Medium,0.6,0.11,1,0.74,0.9,0.67,P2,Team_A,Medium
1976,Low,0.3,0.89,1,0.82,0.4,0.35,P2,Team_C,Medium
1977,Medium,0.6,0.56,3,0.82,0.74,0.44,P2,Team_B,Medium
1978,Medium,0.6,0.32,1,0.88,0.41,0.33,P2,Team_C,Medium
1979,High,0.9,0.53,4,0.83,0.58,0.79,P2,Team_B,Medium
1980,Medium,0.6,0.77,4,0.58,0.82,0.4,P2,Team_A,Medium
1981,Medium,0.6,0.51,1,0.78,0.58,0.54,P2,Team_A,Medium
1982,Medium,0.6,0.89,4,0.44,0.61,0.4,P2,Team_A,Medium
1983,Medium,0.6,0.76,2,0.93,0.81,0.61,P2,Team_C,Medium
1984,Medium,0.6,0.78,2,0.67,0.89,0.4,P2,Team_C,Medium
1985,Low,0.3,0.48,4,0.73,0.76,0.78,P2,Team_B,Medium
1986,Medium,0.6,0.57,2,0.75,0.22,0.52,P2,Team_B,Medium
1987,High,0.9,0.88,2,0.51,0.64,0.47,P1,Team_B,High
1988,Medium,0.6,0.43,4,0.57,0.59,0.33,P2,Team_C,Medium
1989,Medium,0.6,0.21,2,0.7,0.67,0.67,P2,Team_C,Medium
1990,Medium,0.6,0.58,3,0.91,0.16,0.94,P2,Team_C,Medium
1991,Low,0.3,0.87,3,0.84,0.35,0.62,P2,Team_C,Medium
1992,High,0.9,0.41,3,0.78,0.52,0.56,P2,Team_A,Medium
1993,Low,0.3,0.39,4,0.91,0.57,0.49,P3,Team_B,Low
1994,Medium,0.6,0.77,3,0.76,0.78,0.35,P2,Team_A,Medium
1995,High,0.9,0.34,4,0.42,0.43,0.6,P2,Team_B,Medium
1996,High,0.9,0.26,1,0.77,0.38,0.77,P2,Team_C,Medium
1997,Medium,0.6,0.7,2,0.69,0.59,0.37,P2,Team_C,Medium
1998,Medium,0.6,0.32,2,0.9,0.65,0.44,P2,Team_C,Medium
1999,Low,0.3,0.79,1,0.49,0.82,0.48,P2,Team_C,Medium
2000,Medium,0.6,0.47,4,0.7,0.81,0.47,P2,Team_C,Medium
2001,Low,0.3,0.56,3,0.72,0.74,0.75,P2,Team_A,Medium
2002,High,0.9,0.09,4,0.81,0.94,0.8,P2,Team_B,Medium
2003,Medium,0.6,0.47,1,0.69,0.56,0.49,P2,Team_C,Medium
2004,Medium,0.6,0.32,1,0.8,0.61,0.66,P2,Team_A,Medium
2005,Low,0.3,0.97,3,0.87,0.76,0.39,P2,Team_B,Medium
2006,Low,0.3,0.4,3,0.87,0.75,0.53,P2,Team_B,Medium
2007,High,0.9,0.27,2,0.9,0.79,0.86,P2,Team_C,Medium
2008,Low,0.3,0.24,2,0.56,0.75,0.68,P3,Team_A,Low
2009,Low,0.3,0.79,4,0.62,0.88,0.77,P2,Team_B,Medium
2010,Medium,0.6,0.42,4,0.76,0.51,0.97,P2,Team_C,Medium
2011,Medium,0.6,0.42,1,0.71,0.82,0.62,P2,Team_B,Medium
2012,Medium,0.6,0.38,4,0.8,0.7,0.68,P2,Team_B,Medium
2013,Low,0.3,0.56,3,0.87,0.68,0.44,P2,Team_B,Medium
2014,Low,0.3,0.86,4,0.86,0.72,0.65,P2,Team_A,Medium
2015,Medium,0.6,0.62,2,0.75,0.73,0.51,P2,Team_C,Medium
2016,Medium,0.6,0.09,4,0.35,0.86,0.85,P2,Team_B,Medium
2017,Medium,0.6,0.66,4,0.64,0.53,0.95,P2,Team_A,Medium
2018,High,0.9,0.48,1,0.86,0.56,0.64,P2,Team_C,Medium
2019,Low,0.3,0.14,4,0.46,0.7,0.76,P3,Team_C,Low
2020,Low,0.3,0.38,1,0.81,0.79,0.81,P3,Team_C,Low
2021,Low,0.3,0.44,2,0.7,0.79,0.92,P2,Team_C,Medium
2022,High,0.9,0.24,1,0.57,0.3,0.98,P2,Team_A,Medium
2023,High,0.9,0.33,1,0.57,0.46,0.48,P2,Team_B,Medium
2024,Low,0.3,0.3,3,0.77,0.75,0.71,P3,Team_C,Low
2025,Low,0.3,0.6,3,0.59,0.46,0.54,P2,Team_B,Medium
2026,High,0.9,0.83,2,0.74,0.58,0.72,P1,Team_C,High
2027,Medium,0.6,0.76,1,0.95,0.64,0.89,P2,Team_B,Medium
2028,Medium,0.6,0.57,4,0.94,0.76,0.59,P2,Team_A,Medium
2029,Medium,0.6,0.78,1,0.93,0.73,0.54,P2,Team_C,Medium
2030,Medium,0.6,0.45,2,0.94,0.75,0.37,P2,Team_B,Medium
2031,Low,0.3,0.44,2,0.6,0.77,0.84,P2,Team_C,Medium
2032,Low,0.3,0.39,3,0.74,0.83,0.45,P3,Team_A,Low
2033,Low,0.3,0.53,4,0.91,0.71,0.77,P2,Team_C,Medium
2034,Medium,0.6,0.82,2,0.89,0.56,0.36,P2,Team_B,Medium
2035,Low,0.3,0.7,3,0.88,0.93,0.78,P2,Team_B,Medium
2036,Low,0.3,0.8,4,0.89,0.7,0.63,P2,Team_C,Medium
2037,Medium,0.6,0.39,1,0.81,0.47,0.9,P2,Team_B,Medium
2038,Medium,0.6,0.49,3,0.97,0.91,0.55,P2,Team_A,Medium
2039,High,0.9,0.68,3,0.88,0.91,0.71,P1,Team_C,High
2040,Low,0.3,0.64,4,0.85,0.53,0.75,P2,Team_B,Medium
2041,Low,0.3,0.81,3,0.57,0.87,0.93,P2,Team_C,Medium
2042,Low,0.3,0.31,2,0.72,0.43,0.97,P3,Team_B,Low
2043,High,0.9,0.62,1,0.75,0.59,0.85,P1,Team_A,High
2044,Medium,0.6,0.42,4,0.83,0.82,0.89,P2,Team_C,Medium
2045,Low,0.3,0.58,3,0.68,0.4,0.49,P2,Team_C,Medium
2046,Low,0.3,0.63,4,0.84,0.88,0.9,P2,Team_A,Medium
2047,Medium,0.6,0.49,2,0.4,0.63,0.84,P2,Team_B,Medium
2048,High,0.9,0.63,2,0.53,0.73,0.73,P1,Team_C,High
2049,Medium,0.6,0.66,2,0.88,0.99,0.59,P2,Team_B,Medium
2050,Medium,0.6,0.85,4,0.89,0.72,0.33,P2,Team_A,Medium
2051,Medium,0.6,0.22,4,0.39,0.95,0.51,P2,Team_C,Medium
2052,Medium,0.6,0.56,3,0.58,0.82,0.83,P2,Team_B,Medium
2053,Low,0.3,0.53,1,0.89,0.76,0.63,P2,Team_C,Medium
2054,Low,0.3,0.94,4,0.53,0.85,0.45,P2,Team_C,Medium
2055,Medium,0.6,0.53,4,0.3,0.29,0.65,P2,Team_B,Medium
2056,Medium,0.6,0.56,1,0.82,0.75,0.43,P2,Team_B,Medium
2057,High,0.9,0.62,2,0.53,0.7,0.69,P1,Team_B,High
2058,Low,0.3,0.2,4,0.68,0.84,0.92,P3,Team_A,Low
2059,High,0.9,0.86,4,0.36,0.75,0.41,P1,Team_A,High
2060,High,0.9,0.85,2,0.64,0.42,1.0,P1,Team_A,High
2061,Medium,0.6,0.83,1,0.81,0.72,0.67,P2,Team_A,Medium
2062,Low,0.3,0.63,2,0.73,0.4,0.6,P2,Team_A,Medium
2063,Low,0.3,0.74,4,0.89,0.51,0.31,P2,Team_C,Medium
2064,Medium,0.6,0.72,2,0.84,0.96,0.81,P2,Team_B,Medium
2065,High,0.9,0.29,2,0.93,0.62,0.71,P2,Team_C,Medium
2066,Low,0.3,0.52,1,0.46,0.8,0.37,P2,Team_B,Medium
2067,High,0.9,0.39,4,0.5,0.82,1.0,P2,Team_B,Medium
2068,Low,0.3,0.24,2,0.72,0.39,0.45,P3,Team_B,Low
2069,High,0.9,0.04,1,0.84,0.29,0.84,P2,Team_C,Medium
2070,Medium,0.6,0.63,3,0.54,0.81,0.38,P2,Team_C,Medium
2071,Low,0.3,0.08,1,0.78,0.87,0.4,P3,Team_B,Low
2072,Low,0.3,0.54,3,0.51,0.36,0.81,P2,Team_A,Medium
2073,Low,0.3,0.36,1,0.91,0.61,0.31,P3,Team_A,Low
2074,Medium,0.6,0.81,2,0.59,0.58,0.82,P2,Team_C,Medium
2075,Low,0.3,0.51,4,0.52,0.7,0.67,P2,Team_C,Medium
2076,High,0.9,0.43,1,0.88,0.61,0.75,P2,Team_C,Medium
2077,Low,0.3,0.24,2,0.95,0.8,0.55,P3,Team_C,Low
2078,Medium,0.6,0.23,3,0.85,0.53,0.86,P2,Team_B,Medium
2079,Medium,0.6,0.85,4,0.61,0.68,0.76,P2,Team_B,Medium
2080,High,0.9,0.39,3,0.81,0.72,0.52,P2,Team_B,Medium
2081,High,0.9,0.54,4,0.61,0.31,0.88,P2,Team_C,Medium
2082,Low,0.3,0.38,1,0.77,0.69,0.71,P3,Team_B,Low
2083,Low,0.3,0.54,1,0.39,0.57,0.94,P2,Team_A,Medium
2084,Medium,0.6,0.41,2,0.65,0.78,0.8,P2,Team_C,Medium
2085,Low,0.3,0.12,3,0.51,0.59,0.32,P3,Team_A,Low
2086,High,0.9,0.62,3,0.76,0.51,0.39,P1,Team_A,High
2087,Low,0.3,0.67,1,0.79,0.72,0.48,P2,Team_A,Medium
2088,Low,0.3,0.24,2,0.71,0.54,0.89,P3,Team_C,Low
2089,Medium,0.6,0.51,4,0.41,0.81,1.0,P2,Team_C,Medium
2090,High,0.9,0.69,3,0.57,0.65,0.59,P1,Team_B,High
2091,Low,0.3,0.8,1,0.68,0.67,0.54,P2,Team_B,Medium
2092,Medium,0.6,0.14,4,0.63,0.56,0.94,P2,Team_A,Medium
2093,Low,0.3,0.76,4,0.79,0.68,0.81,P2,Team_B,Medium
2094,High,0.9,0.26,2,0.57,0.87,0.51,P2,Team_B,Medium
2095,Medium,0.6,0.39,2,0.54,0.37,0.87,P2,Team_C,Medium
2096,Low,0.3,0.44,4,0.91,0.77,0.72,P2,Team_A,Medium
2097,High,0.9,0.73,1,0.86,0.89,0.78,P1,Team_C,High
2098,High,0.9,0.77,1,0.92,0.77,0.61,P1,Team_B,High
2099,Low,0.3,0.39,3,0.73,0.72,0.58,P3,Team_C,Low
2100,Low,0.3,0.51,4,0.75,0.66,0.48,P2,Team_C,Medium
2101,High,0.9,0.81,1,0.68,0.53,0.51,P1,Team_C,High
2102,Medium,0.6,0.22,1,0.7,0.36,0.41,P2,Team_C,Medium
2103,Low,0.3,0.07,2,0.6,0.9,0.86,P3,Team_C,Low
2104,High,0.9,0.43,1,0.72,0.55,0.8,P2,Team_B,Medium
2105,Low,0.3,0.78,1,0.7,0.78,0.82,P2,Team_C,Medium
2106,High,0.9,0.45,2,0.81,0.96,0.82,P2,Team_A,Medium
2107,Low,0.3,0.47,2,0.49,0.6,0.72,P2,Team_A,Medium
2108,Medium,0.6,0.49,4,0.66,0.91,0.58,P2,Team_C,Medium
2109,Medium,0.6,0.66,1,0.73,0.47,0.95,P2,Team_B,Medium
2110,High,0.9,0.7,3,0.75,0.53,0.49,P1,Team_C,High
2111,Low,0.3,0.79,1,0.89,0.68,0.87,P2,Team_C,Medium
2112,Low,0.3,0.67,3,0.77,0.52,0.51,P2,Team_C,Medium
2113,Low,0.3,0.69,4,0.67,0.89,0.39,P2,Team_C,Medium
2114,Low,0.3,0.76,3,0.91,0.83,0.33,P2,Team_C,Medium
2115,Low,0.3,0.38,1,0.85,0.3,0.97,P3,Team_C,Low
2116,High,0.9,0.16,2,0.65,0.27,0.9,P2,Team_A,Medium
2117,Medium,0.6,0.59,1,0.94,0.38,0.48,P2,Team_B,Medium
2118,Low,0.3,0.05,3,0.84,0.84,0.82,P3,Team_B,Low
2119,High,0.9,0.58,2,0.92,0.64,0.53,P2,Team_A,Medium
2120,Low,0.3,0.46,4,0.63,0.87,0.65,P2,Team_B,Medium
2121,Low,0.3,0.6,3,0.59,0.45,0.41,P2,Team_A,Medium
2122,High,0.9,0.59,3,0.8,0.47,0.75,P2,Team_B,Medium
2123,High,0.9,0.93,3,0.92,0.92,0.34,P1,Team_B,High
2124,Medium,0.6,0.81,2,0.88,0.62,0.8,P2,Team_C,Medium
2125,High,0.9,0.78,1,0.71,0.63,0.87,P1,Team_A,High
2126,High,0.9,0.78,1,0.75,0.66,0.32,P1,Team_C,High
2127,High,0.9,0.08,1,0.86,0.48,0.76,P2,Team_A,Medium
2128,Low,0.3,0.68,4,0.84,0.49,0.4,P2,Team_A,Medium
2129,High,0.9,0.79,2,0.47,0.42,0.67,P1,Team_A,High
2130,High,0.9,0.13,1,0.43,0.36,0.74,P2,Team_B,Medium
2131,High,0.9,0.72,3,0.75,0.9,0.51,P1,Team_C,High
2132,Low,0.3,0.46,4,0.95,0.78,0.76,P2,Team_B,Medium
2133,Low,0.3,0.13,4,0.95,0.42,0.58,P3,Team_B,Low
2134,High,0.9,0.35,1,0.9,0.64,0.97,P2,Team_C,Medium
2135,Low,0.3,0.67,4,0.78,0.71,0.6,P2,Team_B,Medium
2136,Low,0.3,0.74,4,0.66,0.55,0.96,P2,Team_B,Medium
2137,High,0.9,0.24,2,0.84,0.82,0.75,P2,Team_B,Medium
2138,Medium,0.6,0.37,2,0.84,0.54,0.89,P2,Team_C,Medium
2139,Medium,0.6,0.71,4,0.52,0.65,0.51,P2,Team_B,Medium
2140,Low,0.3,0.34,4,0.81,0.44,0.32,P3,Team_A,Low
2141,Medium,0.6,0.61,4,0.84,0.45,1.0,P2,Team_C,Medium
2142,Low,0.3,0.08,2,0.71,0.88,0.37,P3,Team_A,Low
2143,High,0.9,0.39,2,0.58,0.65,0.54,P2,Team_C,Medium
2144,Medium,0.6,0.5,3,0.9,0.77,0.74,P2,Team_B,Medium
2145,Low,0.3,0.33,2,0.48,0.39,0.89,P3,Team_A,Low
2146,Medium,0.6,0.29,3,0.77,0.37,0.66,P2,Team_B,Medium
2147,High,0.9,0.5,3,0.71,0.72,0.41,P2,Team_B,Medium
2148,Low,0.3,0.86,3,0.74,0.64,0.33,P2,Team_C,Medium
2149,Medium,0.6,0.5,1,0.76,0.55,0.6,P2,Team_C,Medium
2150,Low,0.3,0.23,4,0.91,0.7,0.65,P3,Team_C,Low
2151,High,0.9,0.23,2,0.83,0.81,0.53,P2,Team_C,Medium
2152,Low,0.3,0.64,2,0.82,0.75,0.32,P2,Team_A,Medium
2153,High,0.9,0.34,1,0.56,0.57,0.82,P2,Team_B,Medium
2154,Medium,0.6,0.28,3,0.61,0.76,0.8,P2,Team_B,Medium
2155,Medium,0.6,0.93,2,0.78,0.53,0.53,P2,Team_B,Medium
2156,Medium,0.6,0.73,4,0.78,0.54,0.37,P2,Team_A,Medium
2157,Medium,0.6,0.37,1,0.38,0.48,0.79,P2,Team_B,Medium
2158,Medium,0.6,0.6,2,0.49,0.58,0.56,P2,Team_B,Medium
2159,Low,0.3,0.98,4,0.82,0.29,0.66,P2,Team_A,Medium
2160,High,0.9,0.82,3,0.77,0.22,0.95,P1,Team_A,High
2161,Medium,0.6,0.48,3,0.74,0.82,0.48,P2,Team_C,Medium
2162,High,0.9,0.19,3,0.89,0.93,0.68,P2,Team_C,Medium
2163,Medium,0.6,0.63,4,0.71,0.56,0.53,P2,Team_C,Medium
2164,High,0.9,0.43,3,0.82,0.96,0.78,P2,Team_B,Medium
2165,Medium,0.6,0.16,3,0.84,0.8,0.93,P2,Team_A,Medium
2166,Medium,0.6,0.43,4,0.68,0.5,0.37,P2,Team_B,Medium
2167,High,0.9,0.15,2,0.64,0.94,0.35,P2,Team_A,Medium
2168,Low,0.3,0.22,3,0.62,0.86,0.35,P3,Team_B,Low
2169,Medium,0.6,0.59,2,0.87,0.88,0.54,P2,Team_A,Medium
2170,Low,0.3,0.42,2,0.65,0.44,0.76,P2,Team_B,Medium
2171,High,0.9,0.38,4,0.75,0.59,0.92,P2,Team_B,Medium
2172,Low,0.3,0.52,2,0.84,0.63,0.49,P2,Team_A,Medium
2173,Medium,0.6,0.64,3,0.66,0.8,0.92,P2,Team_A,Medium
2174,High,0.9,0.46,4,0.47,0.31,0.78,P2,Team_B,Medium
2175,High,0.9,0.9,4,0.35,0.58,0.46,P1,Team_A,High
2176,Medium,0.6,0.51,3,0.58,0.94,0.99,P2,Team_C,Medium
2177,Low,0.3,0.43,2,0.85,0.93,0.33,P2,Team_A,Medium
2178,Medium,0.6,0.42,1,0.8,0.72,0.86,P2,Team_A,Medium
2179,Medium,0.6,0.63,3,0.45,0.55,0.78,P2,Team_C,Medium
2180,Medium,0.6,0.61,4,0.43,0.45,0.45,P2,Team_A,Medium
2181,High,0.9,0.7,4,0.82,0.75,0.68,P1,Team_B,High
2182,Medium,0.6,0.38,1,0.74,0.23,0.73,P2,Team_C,Medium
2183,Medium,0.6,0.83,1,0.43,0.77,0.7,P2,Team_B,Medium
2184,Medium,0.6,0.53,1,0.7,0.62,0.7,P2,Team_A,Medium
2185,Low,0.3,0.37,3,0.74,0.76,0.83,P3,Team_B,Low
2186,High,0.9,0.61,1,0.73,0.91,0.61,P1,Team_B,High
2187,Medium,0.6,0.92,3,0.56,0.8,0.68,P2,Team_A,Medium
2188,Low,0.3,0.57,1,0.71,0.62,0.57,P2,Team_A,Medium
2189,High,0.9,0.03,1,0.63,0.52,0.71,P2,Team_A,Medium
2190,Medium,0.6,0.42,1,0.86,0.59,0.35,P2,Team_B,Medium
2191,Low,0.3,0.28,2,0.77,0.63,0.65,P3,Team_B,Low
2192,Low,0.3,0.32,3,0.6,0.63,0.78,P3,Team_C,Low
2193,High,0.9,0.95,4,0.57,0.73,1.0,P1,Team_A,High
2194,Medium,0.6,0.3,4,0.63,0.66,0.73,P2,Team_C,Medium
2195,High,0.9,0.51,4,0.35,0.49,0.34,P2,Team_B,Medium
2196,Low,0.3,0.47,4,0.74,0.89,0.59,P2,Team_A,Medium
2197,Low,0.3,0.33,3,0.74,0.91,0.87,P3,Team_B,Low
2198,Medium,0.6,0.74,1,0.54,0.73,0.57,P2,Team_B,Medium
2199,Low,0.3,0.62,4,0.79,0.64,0.71,P2,Team_B,Medium
2200,High,0.9,0.55,3,0.43,0.91,0.52,P2,Team_B,Medium
2201,Low,0.3,0.07,4,0.86,0.91,0.44,P3,Team_C,Low
2202,Low,0.3,0.7,3,0.93,0.24,0.97,P2,Team_A,Medium
2203,Low,0.3,0.72,2,0.84,0.45,0.76,P2,Team_A,Medium
2204,High,0.9,0.51,3,0.87,0.56,0.74,P2,Team_B,Medium
2205,High,0.9,0.57,3,0.52,0.51,0.69,P2,Team_C,Medium
2206,Medium,0.6,0.44,2,0.58,0.96,0.89,P2,Team_B,Medium
2207,High,0.9,0.34,2,0.81,0.53,0.77,P2,Team_A,Medium
2208,Medium,0.6,0.73,1,0.98,0.89,0.43,P2,Team_B,Medium
2209,Medium,0.6,0.15,2,0.7,0.78,0.59,P2,Team_B,Medium
2210,High,0.9,0.4,4,0.44,0.73,0.4,P2,Team_C,Medium
2211,Low,0.3,0.47,4,0.63,0.7,0.41,P2,Team_A,Medium
2212,Low,0.3,0.57,3,0.85,0.43,0.86,P2,Team_B,Medium
2213,Low,0.3,0.35,3,0.74,0.67,0.55,P3,Team_A,Low
2214,Medium,0.6,0.65,2,0.85,0.8,0.76,P2,Team_B,Medium
2215,High,0.9,0.42,2,0.82,0.53,0.47,P2,Team_B,Medium
2216,Low,0.3,0.79,1,0.81,0.76,0.39,P2,Team_A,Medium
2217,Medium,0.6,0.59,2,0.64,0.24,0.95,P2,Team_B,Medium
2218,Low,0.3,0.69,2,0.83,0.67,0.31,P2,Team_A,Medium
2219,Low,0.3,0.33,4,0.83,0.93,0.85,P3,Team_B,Low
2220,Medium,0.6,0.56,2,0.71,0.87,0.99,P2,Team_A,Medium
2221,Low,0.3,0.35,4,0.77,0.47,0.75,P3,Team_A,Low
2222,Medium,0.6,0.52,2,0.61,0.7,0.66,P2,Team_B,Medium
2223,Low,0.3,0.27,3,0.83,0.24,0.7,P3,Team_A,Low
2224,Low,0.3,0.49,2,0.63,0.75,0.72,P2,Team_B,Medium
2225,High,0.9,0.63,3,0.94,0.47,0.65,P1,Team_B,High
2226,Medium,0.6,0.39,4,0.89,0.38,0.3,P2,Team_A,Medium
2227,Low,0.3,0.77,1,0.8,0.45,0.65,P2,Team_B,Medium
2228,High,0.9,0.64,3,0.91,0.36,0.96,P1,Team_A,High
2229,High,0.9,0.55,1,0.58,0.75,0.69,P2,Team_B,Medium
2230,Medium,0.6,0.52,4,0.54,0.75,0.43,P2,Team_C,Medium
2231,Medium,0.6,0.89,3,0.67,0.48,0.59,P2,Team_B,Medium
2232,Low,0.3,0.34,2,0.68,0.67,0.33,P3,Team_B,Low
2233,High,0.9,0.54,4,0.67,0.45,0.94,P2,Team_A,Medium
2234,High,0.9,0.83,3,0.56,0.8,0.8,P1,Team_A,High
2235,Medium,0.6,0.6,1,0.78,0.88,0.93,P2,Team_C,Medium
2236,High,0.9,0.36,4,0.71,0.43,0.64,P2,Team_A,Medium
2237,Medium,0.6,0.3,2,0.67,0.56,0.58,P2,Team_B,Medium
2238,Low,0.3,0.31,3,0.59,0.84,0.96,P3,Team_B,Low
2239,Low,0.3,0.31,3,0.87,0.8,0.42,P3,Team_C,Low
2240,Medium,0.6,0.63,1,0.95,0.62,0.78,P2,Team_A,Medium
2241,High,0.9,0.07,1,0.6,0.3,0.3,P2,Team_C,Medium
2242,Low,0.3,0.44,1,0.54,0.78,0.36,P2,Team_A,Medium
2243,High,0.9,0.3,4,0.95,0.74,0.85,P2,Team_C,Medium
2244,Medium,0.6,0.73,3,0.59,0.83,0.38,P2,Team_B,Medium
2245,Medium,0.6,0.64,2,0.44,0.63,0.63,P2,Team_C,Medium
2246,Low,0.3,0.78,4,0.8,0.36,0.42,P2,Team_A,Medium
2247,Medium,0.6,0.7,4,0.72,0.76,0.33,P2,Team_A,Medium
2248,Low,0.3,0.21,3,0.47,0.9,0.36,P3,Team_C,Low
2249,Low,0.3,0.56,4,0.83,0.58,0.96,P2,Team_C,Medium
2250,Low,0.3,0.24,3,0.29,0.57,0.46,P3,Team_C,Low
2251,Medium,0.6,0.25,4,0.86,0.34,0.42,P2,Team_B,Medium
2252,Medium,0.6,0.21,2,0.87,0.84,0.37,P2,Team_B,Medium
2253,High,0.9,0.83,1,0.91,0.84,0.72,P1,Team_C,High
2254,Low,0.3,0.34,4,0.6,0.88,0.85,P3,Team_A,Low
2255,Medium,0.6,0.41,2,0.76,0.87,0.4,P2,Team_C,Medium
2256,High,0.9,0.7,4,0.72,0.95,0.88,P1,Team_C,High
2257,Low,0.3,0.46,1,0.78,0.83,0.72,P2,Team_B,Medium
2258,Medium,0.6,0.39,2,0.62,0.33,0.46,P2,Team_B,Medium
2259,Medium,0.6,0.23,4,0.65,0.41,0.77,P2,Team_C,Medium
2260,Low,0.3,0.45,3,0.9,0.53,0.42,P2,Team_A,Medium
2261,High,0.9,0.91,4,0.6,0.86,0.6,P1,Team_B,High
2262,Medium,0.6,0.26,2,0.84,0.76,0.95,P2,Team_C,Medium
2263,Medium,0.6,0.44,4,0.65,0.74,0.72,P2,Team_B,Medium
2264,Medium,0.6,0.56,2,0.77,0.87,0.87,P2,Team_C,Medium
2265,Medium,0.6,0.38,4,0.77,0.74,0.59,P2,Team_A,Medium
2266,High,0.9,0.78,2,0.83,0.71,0.89,P1,Team_B,High
2267,Medium,0.6,0.53,1,0.61,0.74,0.36,P2,Team_B,Medium
2268,Low,0.3,0.4,2,0.69,0.51,0.95,P2,Team_B,Medium
2269,High,0.9,0.57,4,0.61,0.51,0.45,P2,Team_C,Medium
2270,Medium,0.6,0.15,2,0.78,0.57,0.41,P2,Team_B,Medium
2271,Medium,0.6,0.72,4,0.87,0.57,0.66,P2,Team_C,Medium
2272,High,0.9,0.57,3,0.95,0.61,0.8,P2,Team_C,Medium
2273,Low,0.3,0.16,3,0.95,0.39,0.73,P3,Team_C,Low
2274,High,0.9,0.23,1,0.68,0.77,0.52,P2,Team_A,Medium
2275,High,0.9,0.4,3,0.86,0.67,0.55,P2,Team_C,Medium
2276,Medium,0.6,0.05,4,0.64,0.58,0.88,P2,Team_A,Medium
2277,Low,0.3,0.47,4,0.72,0.66,0.55,P2,Team_A,Medium
2278,Low,0.3,0.27,3,0.76,0.74,0.44,P3,Team_C,Low
2279,Low,0.3,0.46,3,0.89,0.69,0.33,P2,Team_B,Medium
2280,Low,0.3,0.86,1,0.55,0.9,0.63,P2,Team_B,Medium
2281,Medium,0.6,0.78,2,0.48,0.84,0.53,P2,Team_A,Medium
2282,Medium,0.6,0.33,2,0.86,0.62,0.47,P2,Team_A,Medium
2283,Medium,0.6,0.28,2,0.61,0.59,0.8,P2,Team_C,Medium
2284,Medium,0.6,0.25,3,0.5,0.82,0.72,P2,Team_A,Medium
2285,Medium,0.6,0.17,3,0.78,0.76,0.81,P2,Team_A,Medium
2286,Medium,0.6,0.25,3,0.35,0.85,0.68,P2,Team_C,Medium
2287,High,0.9,0.73,4,0.83,0.93,0.38,P1,Team_A,High
2288,High,0.9,0.71,1,0.74,0.46,0.98,P1,Team_C,High
2289,Low,0.3,0.05,2,0.8,0.98,0.61,P3,Team_B,Low
2290,High,0.9,0.34,2,0.94,0.75,0.59,P2,Team_B,Medium
2291,High,0.9,0.25,2,0.92,0.27,0.52,P2,Team_C,Medium
2292,Medium,0.6,0.66,4,0.83,0.82,0.85,P2,Team_B,Medium
2293,Low,0.3,0.18,3,0.79,0.53,0.9,P3,Team_C,Low
2294,Medium,0.6,0.55,1,0.29,0.94,0.53,P2,Team_C,Medium
2295,Medium,0.6,0.79,2,0.97,0.8,0.42,P2,Team_B,Medium
2296,Medium,0.6,0.73,2,0.61,0.23,0.35,P2,Team_C,Medium
2297,High,0.9,0.52,4,0.53,0.52,0.63,P2,Team_B,Medium
2298,High,0.9,0.36,1,0.9,0.32,0.78,P2,Team_A,Medium
2299,Medium,0.6,0.61,4,0.76,0.9,0.96,P2,Team_A,Medium
2300,Low,0.3,0.51,3,0.6,0.59,0.68,P2,Team_A,Medium
2301,Medium,0.6,0.56,3,0.65,0.96,0.7,P2,Team_B,Medium
2302,Low,0.3,0.18,2,0.88,0.54,0.5,P3,Team_B,Low
2303,High,0.9,0.43,3,0.6,0.55,0.96,P2,Team_B,Medium
2304,Medium,0.6,0.81,1,0.91,0.67,0.95,P2,Team_B,Medium
2305,High,0.9,0.64,1,0.81,0.9,0.61,P1,Team_A,High
2306,Low,0.3,0.1,4,0.37,0.6,0.81,P3,Team_A,Low
2307,High,0.9,0.2,2,0.89,0.84,0.48,P2,Team_B,Medium
2308,Medium,0.6,0.52,1,0.88,0.67,0.6,P2,Team_C,Medium
2309,High,0.9,0.57,4,0.84,0.51,0.67,P2,Team_C,Medium
2310,Medium,0.6,0.73,3,0.87,0.83,0.62,P2,Team_A,Medium
2311,Low,0.3,0.75,1,0.65,0.42,0.65,P2,Team_B,Medium
2312,Medium,0.6,0.88,4,0.6,0.46,0.48,P2,Team_B,Medium
2313,Low,0.3,0.79,3,0.39,0.49,0.64,P2,Team_B,Medium
2314,Medium,0.6,0.44,4,0.67,0.91,0.41,P2,Team_C,Medium
2315,Low,0.3,0.82,1,0.81,0.51,0.56,P2,Team_C,Medium
2316,Low,0.3,0.16,3,0.62,0.48,0.78,P3,Team_B,Low
2317,Low,0.3,0.56,3,0.86,0.71,0.41,P2,Team_B,Medium
2318,Medium,0.6,0.3,1,0.59,0.94,0.34,P2,Team_A,Medium
2319,High,0.9,0.51,4,0.85,0.76,0.82,P2,Team_A,Medium
2320,Low,0.3,0.67,3,0.79,0.74,0.77,P2,Team_C,Medium
2321,Medium,0.6,0.16,1,0.47,0.54,0.47,P2,Team_C,Medium
2322,Medium,0.6,0.8,1,0.59,0.43,0.52,P2,Team_A,Medium
2323,Medium,0.6,0.51,2,0.73,0.8,0.8,P2,Team_A,Medium
2324,Low,0.3,0.43,3,0.96,0.79,0.71,P2,Team_A,Medium
2325,Low,0.3,0.21,3,0.86,0.76,0.88,P3,Team_A,Low
2326,Low,0.3,0.74,3,0.75,0.84,0.6,P2,Team_C,Medium
2327,Medium,0.6,0.55,4,0.3,0.79,0.63,P2,Team_B,Medium
2328,Low,0.3,0.79,4,0.89,0.8,0.63,P2,Team_C,Medium
2329,Medium,0.6,0.44,3,0.82,0.91,0.85,P2,Team_C,Medium
2330,High,0.9,0.75,3,0.88,0.85,0.87,P1,Team_A,High
2331,High,0.9,0.61,1,0.75,0.94,0.96,P1,Team_A,High
2332,Low,0.3,0.69,4,0.8,0.67,0.87,P2,Team_C,Medium
2333,Low,0.3,0.87,2,0.69,0.72,0.83,P2,Team_B,Medium
2334,Low,0.3,0.44,4,0.48,0.72,0.45,P2,Team_A,Medium
2335,High,0.9,0.64,4,0.63,0.91,0.89,P1,Team_A,High
2336,Low,0.3,0.65,4,0.85,0.88,0.55,P2,Team_C,Medium
2337,Low,0.3,0.65,2,0.51,0.72,0.32,P2,Team_B,Medium
2338,Medium,0.6,0.15,2,0.51,0.78,0.74,P2,Team_C,Medium
2339,Low,0.3,0.72,2,0.58,0.86,0.97,P2,Team_C,Medium
2340,Medium,0.6,0.8,1,0.7,0.84,0.89,P2,Team_A,Medium
2341,Medium,0.6,0.43,2,0.76,0.82,0.6,P2,Team_A,Medium
2342,Low,0.3,0.56,2,0.92,0.9,0.36,P2,Team_A,Medium
2343,Low,0.3,0.86,4,0.51,0.78,0.53,P2,Team_A,Medium
2344,Medium,0.6,0.84,3,0.67,0.63,0.4,P2,Team_B,Medium
2345,Low,0.3,0.48,4,0.71,0.75,0.92,P2,Team_B,Medium
2346,Low,0.3,0.24,4,0.75,0.62,0.71,P3,Team_A,Low
2347,High,0.9,0.12,3,0.51,0.76,0.32,P2,Team_C,Medium
2348,Low,0.3,0.14,4,0.56,0.59,0.31,P3,Team_B,Low
2349,High,0.9,0.63,1,0.88,0.83,0.41,P1,Team_A,High
2350,Medium,0.6,0.29,1,0.94,0.57,0.54,P2,Team_C,Medium
2351,Low,0.3,0.29,4,0.88,0.79,0.62,P3,Team_C,Low
2352,High,0.9,0.72,1,0.57,0.71,0.99,P1,Team_B,High
2353,High,0.9,0.86,2,0.65,0.88,0.64,P1,Team_A,High
2354,Low,0.3,0.76,3,0.85,0.95,0.66,P2,Team_A,Medium
2355,Low,0.3,0.56,2,0.79,0.48,0.45,P2,Team_B,Medium
2356,Low,0.3,0.82,1,0.76,0.48,0.56,P2,Team_C,Medium
2357,High,0.9,0.8,4,0.69,0.72,0.85,P1,Team_C,High
2358,Medium,0.6,0.81,2,0.72,0.23,0.39,P2,Team_C,Medium
2359,High,0.9,0.46,2,0.74,0.42,0.54,P2,Team_B,Medium
2360,Low,0.3,0.62,3,0.6,0.81,0.63,P2,Team_C,Medium
2361,Low,0.3,0.68,2,0.61,0.74,0.41,P2,Team_A,Medium
2362,Medium,0.6,0.91,3,0.92,0.72,0.62,P2,Team_A,Medium
2363,High,0.9,0.28,2,0.88,0.51,0.48,P2,Team_C,Medium
2364,High,0.9,0.71,2,0.62,0.57,0.81,P1,Team_A,High
2365,Low,0.3,0.24,2,0.54,0.99,0.61,P3,Team_C,Low
2366,High,0.9,0.87,1,0.64,0.76,0.78,P1,Team_B,High
2367,Low,0.3,0.67,4,0.64,0.66,0.51,P2,Team_C,Medium
2368,Low,0.3,0.57,2,0.91,0.66,0.47,P2,Team_B,Medium
2369,Low,0.3,0.45,3,0.85,0.61,0.97,P2,Team_B,Medium
2370,High,0.9,0.32,2,0.82,0.62,0.87,P2,Team_A,Medium
2371,High,0.9,0.75,3,0.61,0.67,0.79,P1,Team_C,High
2372,Medium,0.6,0.34,3,0.77,0.78,0.96,P2,Team_B,Medium
2373,Medium,0.6,0.5,4,0.48,0.47,0.7,P2,Team_B,Medium
2374,High,0.9,0.33,3,0.67,0.94,0.79,P2,Team_C,Medium
2375,High,0.9,0.28,1,0.67,0.8,0.33,P2,Team_A,Medium
2376,Low,0.3,0.49,2,0.45,0.75,0.96,P2,Team_A,Medium
2377,Medium,0.6,0.52,1,0.75,0.51,0.58,P2,Team_B,Medium
2378,Low,0.3,0.3,3,0.86,0.79,0.74,P3,Team_C,Low
2379,Medium,0.6,0.59,2,0.98,0.75,0.68,P2,Team_C,Medium
2380,Medium,0.6,0.14,3,0.56,0.95,0.7,P2,Team_A,Medium
2381,High,0.9,0.62,1,0.81,0.53,0.52,P1,Team_C,High
2382,High,0.9,0.65,3,0.61,0.78,0.36,P1,Team_C,High
2383,High,0.9,0.56,4,0.58,0.58,0.42,P2,Team_A,Medium
2384,Low,0.3,0.87,2,0.76,0.74,0.84,P2,Team_B,Medium
2385,Medium,0.6,0.43,3,0.75,0.96,0.42,P2,Team_C,Medium
2386,High,0.9,0.75,4,0.77,0.66,0.94,P1,Team_C,High
2387,Low,0.3,0.72,3,0.75,0.89,0.64,P2,Team_C,Medium
2388,Low,0.3,0.3,4,0.67,0.62,0.71,P3,Team_C,Low
2389,Low,0.3,0.49,3,0.73,0.27,0.43,P2,Team_A,Medium
2390,Medium,0.6,0.54,4,0.99,0.6,0.48,P2,Team_A,Medium
2391,Medium,0.6,0.5,4,0.63,0.66,0.4,P2,Team_C,Medium
2392,Low,0.3,0.58,2,0.57,0.83,0.77,P2,Team_C,Medium
2393,Low,0.3,0.53,2,0.92,0.82,0.32,P2,Team_A,Medium
2394,High,0.9,0.67,2,0.75,0.75,0.64,P1,Team_C,High
2395,Medium,0.6,0.47,4,0.68,0.78,0.59,P2,Team_C,Medium
2396,Medium,0.6,0.47,3,0.48,0.66,0.82,P2,Team_B,Medium
2397,Low,0.3,0.57,3,0.83,0.89,0.55,P2,Team_A,Medium
2398,High,0.9,0.69,4,0.8,0.54,0.64,P1,Team_C,High
2399,Low,0.3,0.15,3,0.6,0.66,0.86,P3,Team_C,Low
2400,Low,0.3,0.58,1,0.64,0.68,0.97,P2,Team_A,Medium
2401,Low,0.3,0.16,3,0.51,0.5,0.56,P3,Team_A,Low
2402,High,0.9,0.17,1,0.72,0.83,0.42,P2,Team_A,Medium
2403,Low,0.3,0.56,2,0.73,0.74,0.42,P2,Team_A,Medium
2404,Low,0.3,0.58,2,0.45,0.38,0.52,P2,Team_A,Medium
2405,Low,0.3,0.45,2,0.79,0.6,0.87,P2,Team_C,Medium
2406,Medium,0.6,0.76,4,0.54,0.91,0.97,P2,Team_A,Medium
2407,Low,0.3,0.76,1,0.58,0.49,0.65,P2,Team_B,Medium
2408,Medium,0.6,0.35,4,0.84,0.38,0.83,P2,Team_C,Medium
2409,High,0.9,0.53,2,0.83,0.85,0.96,P2,Team_A,Medium
2410,Medium,0.6,0.05,1,0.71,0.86,0.65,P2,Team_A,Medium
2411,High,0.9,0.33,1,0.92,0.89,0.39,P2,Team_C,Medium
2412,High,0.9,0.19,2,0.78,0.74,0.32,P2,Team_C,Medium
2413,High,0.9,0.49,2,0.57,0.73,0.45,P2,Team_A,Medium
2414,Low,0.3,0.51,2,0.76,0.8,0.92,P2,Team_C,Medium
2415,Medium,0.6,0.69,1,0.84,0.43,0.38,P2,Team_C,Medium
2416,Low,0.3,0.49,1,0.74,0.85,0.59,P2,Team_B,Medium
2417,Medium,0.6,0.45,1,0.57,0.64,0.48,P2,Team_C,Medium
2418,High,0.9,0.43,2,0.35,0.58,0.79,P2,Team_C,Medium
2419,Medium,0.6,0.92,4,0.74,0.63,0.82,P2,Team_C,Medium
2420,Medium,0.6,0.05,3,0.96,0.67,0.99,P2,Team_A,Medium
2421,Medium,0.6,0.31,4,0.88,0.93,0.47,P2,Team_A,Medium
2422,Low,0.3,0.4,1,0.88,0.48,0.43,P2,Team_A,Medium
2423,Medium,0.6,0.62,1,0.4,0.58,0.68,P2,Team_C,Medium
2424,Medium,0.6,0.41,2,0.49,0.74,0.97,P2,Team_A,Medium
2425,Medium,0.6,0.22,2,0.73,0.81,0.62,P2,Team_C,Medium
2426,Medium,0.6,0.78,1,0.71,0.79,0.8,P2,Team_B,Medium
2427,Low,0.3,0.79,1,0.61,0.69,0.37,P2,Team_A,Medium
2428,Low,0.3,0.32,4,0.73,0.6,0.38,P3,Team_B,Low
2429,High,0.9,0.67,4,0.87,0.76,0.94,P1,Team_B,High
2430,Low,0.3,0.33,2,0.82,0.47,0.47,P3,Team_B,Low
2431,Low,0.3,0.26,2,0.59,0.94,0.65,P3,Team_C,Low
2432,Low,0.3,0.32,3,0.75,0.61,0.79,P3,Team_A,Low
2433,Low,0.3,0.59,1,0.55,0.83,0.48,P2,Team_C,Medium
2434,High,0.9,0.91,3,0.86,0.84,0.62,P1,Team_A,High
2435,Low,0.3,0.73,1,0.76,0.58,0.78,P2,Team_B,Medium
2436,High,0.9,0.5,2,0.56,0.69,0.57,P2,Team_C,Medium
2437,Low,0.3,0.11,2,0.57,0.82,0.77,P3,Team_A,Low
2438,Medium,0.6,0.52,3,0.69,0.7,0.75,P2,Team_C,Medium
2439,Medium,0.6,0.78,1,0.58,0.87,0.66,P2,Team_B,Medium
2440,High,0.9,0.85,2,0.66,0.84,0.37,P1,Team_C,High
2441,Medium,0.6,0.48,1,0.73,0.63,1.0,P2,Team_A,Medium
2442,Low,0.3,0.39,2,0.67,0.89,0.51,P3,Team_B,Low
2443,Low,0.3,0.15,1,0.8,0.5,0.56,P3,Team_B,Low
2444,Low,0.3,0.25,3,0.73,0.81,0.8,P3,Team_C,Low
2445,High,0.9,0.43,3,0.61,0.79,0.96,P2,Team_A,Medium
2446,High,0.9,0.5,3,0.46,0.46,0.61,P2,Team_B,Medium
2447,High,0.9,0.49,4,0.72,0.91,0.98,P2,Team_B,Medium
2448,Low,0.3,0.73,1,0.43,0.82,0.75,P2,Team_A,Medium
2449,Medium,0.6,0.12,3,0.81,0.94,0.99,P2,Team_A,Medium
2450,Medium,0.6,0.31,4,0.85,0.9,0.7,P2,Team_C,Medium
2451,Low,0.3,0.86,3,0.49,0.35,0.97,P2,Team_B,Medium
2452,Medium,0.6,0.83,2,0.76,0.68,0.74,P2,Team_C,Medium
2453,Medium,0.6,0.38,3,0.72,0.73,0.92,P2,Team_C,Medium
2454,Low,0.3,0.88,2,0.51,0.55,0.87,P2,Team_C,Medium
2455,High,0.9,0.11,1,0.87,0.91,0.95,P2,Team_B,Medium
2456,Medium,0.6,0.32,3,0.34,0.5,0.54,P2,Team_A,Medium
2457,Low,0.3,0.66,1,0.9,0.76,0.79,P2,Team_A,Medium
2458,Low,0.3,0.2,4,0.91,0.97,0.66,P3,Team_C,Low
2459,Low,0.3,0.72,4,0.97,0.67,0.33,P2,Team_C,Medium
2460,High,0.9,0.58,2,0.9,0.71,0.85,P2,Team_C,Medium
2461,Low,0.3,0.18,4,0.67,0.68,0.42,P3,Team_C,Low
2462,High,0.9,0.39,4,0.68,0.45,0.47,P2,Team_B,Medium
2463,Low,0.3,0.76,1,0.91,0.88,0.44,P2,Team_A,Medium
2464,Low,0.3,0.25,4,0.24,0.95,0.55,P3,Team_B,Low
2465,Medium,0.6,0.43,3,0.84,0.49,0.69,P2,Team_B,Medium
2466,High,0.9,0.46,1,0.93,0.94,0.84,P2,Team_C,Medium
2467,Medium,0.6,0.91,4,0.61,0.91,0.45,P2,Team_B,Medium
2468,Medium,0.6,0.38,2,0.82,0.45,0.53,P2,Team_C,Medium
2469,Low,0.3,0.34,4,0.64,0.51,0.86,P3,Team_C,Low
2470,Medium,0.6,0.38,4,0.69,0.5,0.54,P2,Team_C,Medium
2471,Low,0.3,0.43,4,0.76,0.87,0.93,P2,Team_A,Medium
2472,Medium,0.6,0.67,2,0.67,0.59,0.59,P2,Team_C,Medium
2473,High,0.9,0.4,1,0.69,0.45,0.8,P2,Team_A,Medium
2474,Low,0.3,0.82,4,0.84,0.5,0.44,P2,Team_B,Medium
2475,High,0.9,0.62,1,0.56,0.92,0.82,P1,Team_C,High
2476,Low,0.3,0.95,4,0.9,0.76,0.72,P2,Team_A,Medium
2477,Medium,0.6,0.8,4,0.96,0.35,0.61,P2,Team_B,Medium
2478,Low,0.3,0.85,3,0.27,0.69,0.66,P2,Team_B,Medium
2479,Medium,0.6,0.45,2,0.87,0.85,0.74,P2,Team_A,Medium
2480,Low,0.3,0.21,2,0.83,0.87,0.33,P3,Team_A,Low
2481,Medium,0.6,0.88,4,0.97,0.86,0.84,P2,Team_C,Medium
2482,Medium,0.6,0.45,4,0.79,0.82,0.99,P2,Team_B,Medium
2483,Low,0.3,0.19,3,0.81,0.76,0.75,P3,Team_A,Low
2484,Medium,0.6,0.7,4,0.89,0.56,1.0,P2,Team_B,Medium
2485,High,0.9,0.19,3,0.87,0.48,0.36,P2,Team_C,Medium
2486,Low,0.3,0.34,2,0.52,0.77,0.44,P3,Team_B,Low
2487,Low,0.3,0.83,1,0.85,0.29,0.82,P2,Team_B,Medium
2488,Low,0.3,0.63,4,0.78,0.5,0.64,P2,Team_B,Medium
2489,High,0.9,0.22,4,0.58,0.45,0.81,P2,Team_A,Medium
2490,Low,0.3,0.76,3,0.9,0.58,0.35,P2,Team_C,Medium
2491,Low,0.3,0.64,2,0.69,0.66,0.83,P2,Team_C,Medium
2492,Medium,0.6,0.55,3,0.48,0.67,0.83,P2,Team_A,Medium
2493,Medium,0.6,0.71,3,0.53,0.7,0.83,P2,Team_C,Medium
2494,Medium,0.6,0.54,4,0.69,0.52,0.59,P2,Team_B,Medium
2495,High,0.9,0.36,1,0.96,0.71,0.4,P2,Team_A,Medium
2496,High,0.9,0.39,4,0.76,0.75,0.49,P2,Team_C,Medium
2497,Medium,0.6,0.03,3,0.88,0.63,0.81,P2,Team_A,Medium
2498,Medium,0.6,0.65,3,0.39,0.67,0.75,P2,Team_A,Medium
2499,High,0.9,0.58,2,0.7,0.59,0.64,P2,Team_C,Medium
2500,High,0.9,0.65,4,0.75,0.61,0.58,P1,Team_C,High
2501,High,0.9,0.17,4,0.86,0.99,0.56,P2,Team_C,Medium
2502,Medium,0.6,0.34,2,0.84,0.41,0.32,P2,Team_A,Medium
2503,Low,0.3,0.59,1,0.71,0.48,0.98,P2,Team_C,Medium
2504,Low,0.3,0.1,1,0.72,0.66,0.41,P3,Team_C,Low
2505,Low,0.3,0.49,2,0.47,0.75,0.7,P2,Team_A,Medium
2506,Low,0.3,0.21,2,0.53,0.75,0.34,P3,Team_C,Low
2507,High,0.9,0.91,1,0.83,0.62,0.47,P1,Team_A,High
2508,Low,0.3,0.58,3,0.64,0.79,0.51,P2,Team_C,Medium
2509,Low,0.3,0.38,3,0.5,0.44,0.41,P3,Team_B,Low
2510,High,0.9,0.88,2,0.71,0.71,0.92,P1,Team_A,High
2511,Medium,0.6,0.24,1,0.77,0.58,0.38,P2,Team_A,Medium
2512,Low,0.3,0.86,4,0.9,0.53,0.65,P2,Team_C,Medium
2513,Low,0.3,0.39,2,0.71,0.69,0.54,P3,Team_C,Low
2514,Low,0.3,0.43,3,0.59,0.87,0.75,P2,Team_B,Medium
2515,High,0.9,0.75,3,0.87,0.62,0.76,P1,Team_A,High
2516,Low,0.3,0.42,4,0.81,0.55,0.55,P2,Team_C,Medium
2517,Low,0.3,0.68,3,0.58,0.78,0.45,P2,Team_C,Medium
2518,Low,0.3,0.41,2,0.79,0.81,0.48,P2,Team_A,Medium
2519,Low,0.3,0.77,3,0.59,0.49,0.84,P2,Team_A,Medium
2520,Medium,0.6,0.77,4,0.83,0.55,0.34,P2,Team_C,Medium
2521,Medium,0.6,0.49,4,0.48,0.49,0.43,P2,Team_A,Medium
2522,High,0.9,0.46,1,0.93,0.98,0.47,P2,Team_A,Medium
2523,High,0.9,0.57,2,0.93,0.93,0.86,P2,Team_B,Medium
2524,High,0.9,0.24,1,0.83,0.67,0.73,P2,Team_B,Medium
2525,Low,0.3,0.84,3,0.46,0.75,1.0,P2,Team_C,Medium
2526,Low,0.3,0.62,3,0.7,0.4,0.59,P2,Team_B,Medium
2527,Medium,0.6,0.42,3,0.56,0.72,0.38,P2,Team_C,Medium
2528,Low,0.3,0.64,3,0.55,0.89,0.9,P2,Team_A,Medium
2529,Medium,0.6,0.72,1,0.47,0.79,0.41,P2,Team_C,Medium
2530,Medium,0.6,0.4,4,0.76,0.77,0.62,P2,Team_C,Medium
2531,Medium,0.6,0.11,1,0.64,0.48,0.7,P2,Team_B,Medium
2532,Low,0.3,0.81,1,0.64,0.25,0.57,P2,Team_B,Medium
2533,High,0.9,0.23,1,0.8,0.62,0.97,P2,Team_B,Medium
2534,Low,0.3,0.9,2,0.55,0.67,0.99,P2,Team_B,Medium
2535,High,0.9,0.19,2,0.73,0.56,0.92,P2,Team_A,Medium
2536,Medium,0.6,0.36,2,0.63,0.39,0.32,P2,Team_A,Medium
2537,Medium,0.6,0.22,4,0.8,0.58,0.81,P2,Team_B,Medium
2538,Medium,0.6,0.69,4,0.54,0.72,0.95,P2,Team_B,Medium
2539,Medium,0.6,0.52,1,0.66,0.96,0.73,P2,Team_C,Medium
2540,Low,0.3,0.49,1,0.88,0.58,0.93,P2,Team_B,Medium
2541,High,0.9,0.87,3,0.8,0.6,0.68,P1,Team_A,High
2542,Low,0.3,0.44,1,0.44,0.42,0.31,P2,Team_C,Medium
2543,Low,0.3,0.54,2,0.76,0.77,0.61,P2,Team_C,Medium
2544,High,0.9,0.7,1,0.39,0.5,0.89,P1,Team_C,High
2545,Medium,0.6,0.52,4,0.84,0.8,0.61,P2,Team_A,Medium
2546,Medium,0.6,0.17,2,0.61,0.92,0.4,P2,Team_C,Medium
2547,Medium,0.6,0.66,2,0.74,0.66,0.79,P2,Team_C,Medium
2548,Low,0.3,0.49,2,0.9,0.72,0.61,P2,Team_B,Medium
2549,High,0.9,0.04,1,0.73,0.74,0.65,P2,Team_A,Medium
2550,Medium,0.6,0.91,1,0.48,0.76,0.42,P2,Team_A,Medium
2551,Medium,0.6,0.3,4,0.9,0.49,0.96,P2,Team_A,Medium
2552,Medium,0.6,0.46,4,0.79,0.72,0.65,P2,Team_A,Medium
2553,High,0.9,0.42,2,0.72,0.58,0.44,P2,Team_A,Medium
2554,Low,0.3,0.36,1,0.8,0.16,0.7,P3,Team_B,Low
2555,Medium,0.6,0.48,3,0.52,0.88,0.94,P2,Team_A,Medium
2556,Medium,0.6,0.43,2,0.56,0.71,0.3,P2,Team_A,Medium
2557,Low,0.3,0.16,4,0.8,0.45,0.66,P3,Team_B,Low
2558,Medium,0.6,0.57,1,0.88,0.78,0.92,P2,Team_C,Medium
2559,Low,0.3,0.7,3,0.82,0.85,0.83,P2,Team_C,Medium
2560,Medium,0.6,0.68,4,0.29,0.46,0.64,P2,Team_B,Medium
2561,Medium,0.6,0.73,3,0.71,0.85,0.98,P2,Team_A,Medium
2562,Medium,0.6,0.6,1,0.45,0.81,0.79,P2,Team_B,Medium
2563,Low,0.3,0.99,4,0.74,0.6,0.9,P2,Team_C,Medium
2564,Medium,0.6,0.69,3,0.53,0.75,0.59,P2,Team_A,Medium
2565,High,0.9,0.33,2,0.64,0.95,0.94,P2,Team_A,Medium
2566,Medium,0.6,0.49,2,0.58,0.91,0.81,P2,Team_C,Medium
2567,Medium,0.6,0.85,3,0.77,0.4,0.9,P2,Team_B,Medium
2568,High,0.9,0.82,4,0.75,0.73,0.4,P1,Team_B,High
2569,Low,0.3,0.26,2,0.83,0.88,0.82,P3,Team_C,Low
2570,High,0.9,0.85,3,0.69,0.3,0.41,P1,Team_B,High
2571,Medium,0.6,0.62,2,0.41,0.76,0.97,P2,Team_C,Medium
2572,Low,0.3,0.8,3,0.55,0.69,0.53,P2,Team_B,Medium
2573,Low,0.3,0.08,4,0.7,0.8,0.41,P3,Team_C,Low
2574,High,0.9,0.49,2,0.78,0.88,0.43,P2,Team_A,Medium
2575,Low,0.3,0.43,3,0.81,0.78,0.3,P2,Team_B,Medium
2576,Low,0.3,0.38,4,0.67,0.41,0.43,P3,Team_B,Low
2577,High,0.9,0.51,1,0.55,0.88,0.65,P2,Team_A,Medium
2578,Medium,0.6,0.6,3,0.82,0.31,0.77,P2,Team_B,Medium
2579,Low,0.3,0.69,1,0.85,0.87,1.0,P2,Team_B,Medium
2580,Low,0.3,0.77,2,0.87,0.8,0.63,P2,Team_B,Medium
2581,Low,0.3,0.32,2,0.93,0.82,0.35,P3,Team_B,Low
2582,Low,0.3,0.27,4,0.72,0.78,0.57,P3,Team_A,Low
2583,High,0.9,0.57,4,0.73,0.35,0.31,P2,Team_A,Medium
2584,High,0.9,0.28,4,0.72,0.51,0.31,P2,Team_C,Medium
2585,Medium,0.6,0.37,4,0.8,0.35,0.63,P2,Team_A,Medium
2586,Medium,0.6,0.42,1,0.79,0.74,0.93,P2,Team_B,Medium
2587,Medium,0.6,0.63,1,0.69,0.73,0.92,P2,Team_B,Medium
2588,High,0.9,0.95,1,0.78,0.52,0.39,P1,Team_A,High
2589,Low,0.3,0.56,1,0.58,0.52,1.0,P2,Team_B,Medium
2590,Medium,0.6,0.97,4,0.9,0.38,0.75,P2,Team_B,Medium
2591,Low,0.3,0.87,3,0.5,0.4,0.82,P2,Team_A,Medium
2592,Medium,0.6,0.6,3,0.78,0.85,0.79,P2,Team_A,Medium
2593,High,0.9,0.44,2,0.92,0.81,0.82,P2,Team_C,Medium
2594,High,0.9,0.72,1,0.89,0.91,0.67,P1,Team_C,High
2595,Low,0.3,0.14,3,0.69,0.69,1.0,P3,Team_B,Low
2596,Medium,0.6,0.89,2,0.6,0.83,0.8,P2,Team_A,Medium
2597,High,0.9,0.14,1,0.47,0.67,0.59,P2,Team_A,Medium
2598,Medium,0.6,0.05,1,0.84,0.65,0.71,P2,Team_C,Medium
2599,High,0.9,0.96,4,0.88,0.75,0.56,P1,Team_B,High
2600,Low,0.3,0.81,2,0.59,0.83,0.57,P2,Team_A,Medium
2601,Low,0.3,0.58,1,0.57,0.65,0.82,P2,Team_A,Medium
2602,Low,0.3,0.14,4,0.66,0.61,0.58,P3,Team_B,Low
2603,Medium,0.6,0.73,4,0.81,0.69,0.92,P2,Team_C,Medium
2604,Medium,0.6,0.09,4,0.89,0.96,0.94,P2,Team_A,Medium
2605,Medium,0.6,0.59,4,0.64,0.33,0.53,P2,Team_B,Medium
2606,Medium,0.6,0.09,3,0.83,0.93,0.93,P2,Team_A,Medium
2607,Low,0.3,0.53,4,0.6,0.94,0.73,P2,Team_B,Medium
2608,Low,0.3,0.66,4,0.9,0.96,0.83,P2,Team_A,Medium
2609,Low,0.3,0.63,1,0.81,0.77,0.9,P2,Team_A,Medium
2610,Medium,0.6,0.51,2,0.31,0.92,0.44,P2,Team_C,Medium
2611,Low,0.3,0.76,3,0.78,0.77,0.97,P2,Team_C,Medium
2612,Low,0.3,0.67,2,0.72,0.5,0.98,P2,Team_B,Medium
2613,Medium,0.6,0.27,2,0.86,0.46,0.8,P2,Team_B,Medium
2614,High,0.9,0.41,2,0.9,0.82,0.57,P2,Team_B,Medium
2615,Low,0.3,0.78,2,0.63,0.78,0.78,P2,Team_B,Medium
2616,Medium,0.6,0.37,4,0.93,0.59,0.62,P2,Team_A,Medium
2617,Low,0.3,0.43,4,0.7,0.69,0.5,P2,Team_C,Medium
2618,Medium,0.6,0.42,3,0.76,0.79,0.91,P2,Team_B,Medium
2619,Medium,0.6,0.75,1,0.84,0.74,0.37,P2,Team_A,Medium
2620,Medium,0.6,0.53,2,0.46,0.64,0.76,P2,Team_A,Medium
2621,Medium,0.6,0.77,1,0.64,0.7,0.67,P2,Team_A,Medium
2622,High,0.9,0.82,3,0.58,0.85,0.88,P1,Team_B,High
2623,High,0.9,0.31,1,0.24,0.65,0.4,P2,Team_A,Medium
2624,Medium,0.6,0.24,4,0.77,0.94,0.44,P2,Team_A,Medium
2625,Medium,0.6,0.39,2,0.83,0.5,0.54,P2,Team_B,Medium
2626,Medium,0.6,0.24,1,0.89,0.81,0.52,P2,Team_C,Medium
2627,Low,0.3,0.76,2,0.81,0.4,0.79,P2,Team_B,Medium
2628,Low,0.3,0.6,3,0.89,0.64,0.99,P2,Team_A,Medium
2629,Low,0.3,0.35,3,0.77,0.79,0.94,P3,Team_B,Low
2630,Low,0.3,0.29,3,0.7,0.71,0.98,P3,Team_B,Low
2631,Low,0.3,0.07,2,0.75,0.75,0.77,P3,Team_C,Low
2632,Medium,0.6,0.56,3,0.69,0.6,0.37,P2,Team_C,Medium
2633,Low,0.3,0.17,3,0.97,0.38,0.78,P3,Team_B,Low
2634,Low,0.3,0.36,2,0.76,0.65,0.95,P3,Team_C,Low
2635,High,0.9,0.82,4,0.73,0.75,0.45,P1,Team_A,High
2636,High,0.9,0.33,3,0.59,0.94,0.71,P2,Team_C,Medium
2637,High,0.9,0.45,1,0.54,0.51,0.67,P2,Team_A,Medium
2638,Medium,0.6,0.64,2,0.71,0.71,0.77,P2,Team_C,Medium
2639,Medium,0.6,0.46,3,0.61,0.54,0.78,P2,Team_B,Medium
2640,Medium,0.6,0.94,3,0.83,0.42,0.74,P2,Team_C,Medium
2641,Low,0.3,0.37,2,0.69,0.61,0.46,P3,Team_A,Low
2642,Medium,0.6,0.42,3,0.65,0.81,0.83,P2,Team_C,Medium
2643,High,0.9,0.71,4,0.72,0.64,0.77,P1,Team_A,High
2644,Low,0.3,0.68,2,0.71,0.38,0.43,P2,Team_C,Medium
2645,Low,0.3,0.37,4,0.92,0.78,0.61,P3,Team_C,Low
2646,High,0.9,0.17,4,0.54,0.8,0.8,P2,Team_A,Medium
2647,High,0.9,0.47,2,0.68,0.58,0.43,P2,Team_A,Medium
2648,Medium,0.6,0.7,2,0.88,0.54,0.46,P2,Team_A,Medium
2649,High,0.9,0.21,1,0.88,0.87,0.87,P2,Team_A,Medium
2650,Low,0.3,0.37,3,0.65,0.77,0.7,P3,Team_C,Low
2651,High,0.9,0.32,3,0.66,0.34,0.9,P2,Team_B,Medium
2652,Low,0.3,0.45,2,0.88,0.76,0.38,P2,Team_A,Medium
2653,High,0.9,0.54,2,0.72,0.71,0.65,P2,Team_A,Medium
2654,Low,0.3,0.48,1,0.61,0.64,0.8,P2,Team_C,Medium
2655,Low,0.3,0.4,1,0.88,0.65,0.77,P2,Team_B,Medium
2656,Low,0.3,0.07,3,0.82,0.71,0.88,P3,Team_A,Low
2657,Low,0.3,0.2,1,0.7,0.57,0.92,P3,Team_B,Low
2658,Low,0.3,0.71,2,0.83,0.52,0.95,P2,Team_C,Medium
2659,Low,0.3,0.15,3,0.78,0.8,0.93,P3,Team_B,Low
2660,Medium,0.6,0.97,2,0.62,0.42,0.72,P2,Team_A,Medium
2661,High,0.9,0.16,1,0.91,0.8,0.45,P2,Team_C,Medium
2662,Low,0.3,0.1,4,0.67,0.79,0.49,P3,Team_A,Low
2663,Medium,0.6,0.2,2,0.81,0.69,0.41,P2,Team_A,Medium
2664,Low,0.3,0.76,4,0.55,0.88,0.91,P2,Team_A,Medium
2665,Medium,0.6,0.49,3,0.72,0.35,0.81,P2,Team_A,Medium
2666,Medium,0.6,0.9,4,0.68,0.75,0.9,P2,Team_C,Medium
2667,Low,0.3,0.5,2,0.56,0.83,0.64,P2,Team_B,Medium
2668,High,0.9,0.81,4,0.59,0.8,0.44,P1,Team_B,High
2669,Low,0.3,0.42,1,0.84,0.57,0.68,P2,Team_B,Medium
2670,High,0.9,0.27,2,0.81,0.25,0.69,P2,Team_B,Medium
2671,Medium,0.6,0.64,3,0.79,0.43,0.55,P2,Team_A,Medium
2672,Medium,0.6,0.58,4,0.5,0.81,0.43,P2,Team_C,Medium
2673,Low,0.3,0.67,2,0.81,0.79,0.7,P2,Team_C,Medium
2674,Low,0.3,0.91,2,0.69,0.71,0.67,P2,Team_C,Medium
2675,Low,0.3,0.66,4,0.87,0.52,0.93,P2,Team_C,Medium
2676,Low,0.3,0.74,2,0.59,0.83,0.84,P2,Team_A,Medium
2677,High,0.9,0.31,1,0.81,0.31,0.8,P2,Team_B,Medium
2678,Low,0.3,0.36,1,0.62,0.56,0.48,P3,Team_A,Low
2679,Medium,0.6,0.49,3,0.79,0.48,0.81,P2,Team_A,Medium
2680,Medium,0.6,0.74,4,0.77,0.96,0.92,P2,Team_C,Medium
2681,Low,0.3,0.92,2,0.79,0.79,0.38,P2,Team_B,Medium
2682,Medium,0.6,0.27,4,0.7,0.55,0.51,P2,Team_A,Medium
2683,Low,0.3,0.54,3,0.89,0.85,0.62,P2,Team_C,Medium
2684,Low,0.3,0.38,4,0.97,0.74,0.44,P3,Team_A,Low
2685,Medium,0.6,0.43,4,0.57,0.95,0.85,P2,Team_B,Medium
2686,Low,0.3,0.85,1,0.74,0.56,0.5,P2,Team_B,Medium
2687,Medium,0.6,0.51,1,0.53,0.7,0.77,P2,Team_C,Medium
2688,Low,0.3,0.79,1,0.85,0.84,0.41,P2,Team_B,Medium
2689,Low,0.3,0.71,2,0.7,0.53,0.47,P2,Team_B,Medium
2690,Low,0.3,0.44,3,0.72,0.95,0.34,P2,Team_C,Medium
2691,High,0.9,0.42,4,0.6,0.89,0.68,P2,Team_A,Medium
2692,High,0.9,0.84,1,0.66,0.65,0.71,P1,Team_C,High
2693,Medium,0.6,0.47,2,0.75,0.52,0.8,P2,Team_A,Medium
2694,Medium,0.6,0.61,4,0.63,0.55,0.51,P2,Team_C,Medium
2695,Medium,0.6,0.38,3,0.54,0.42,0.59,P2,Team_B,Medium
2696,Medium,0.6,0.53,3,0.68,0.72,0.68,P2,Team_C,Medium
2697,Medium,0.6,0.81,1,0.85,0.94,0.56,P2,Team_C,Medium
2698,Medium,0.6,0.66,2,0.8,0.38,0.92,P2,Team_B,Medium
2699,Medium,0.6,0.37,2,0.86,0.88,0.96,P2,Team_A,Medium
2700,Low,0.3,0.29,4,0.93,0.42,0.52,P3,Team_A,Low
2701,High,0.9,0.14,1,0.69,0.44,0.64,P2,Team_C,Medium
2702,Low,0.3,0.71,2,0.55,0.69,0.6,P2,Team_A,Medium
2703,Medium,0.6,0.38,4,0.7,0.93,0.45,P2,Team_A,Medium
2704,High,0.9,0.29,1,0.82,0.13,0.72,P2,Team_C,Medium
2705,High,0.9,0.09,4,0.39,0.61,0.84,P2,Team_A,Medium
2706,High,0.9,0.85,4,0.79,0.67,0.55,P1,Team_A,High
2707,Low,0.3,0.64,1,0.58,0.86,0.91,P2,Team_B,Medium
2708,Medium,0.6,0.5,4,0.89,0.72,0.33,P2,Team_B,Medium
2709,Low,0.3,0.14,1,0.64,0.41,0.78,P3,Team_C,Low
2710,Medium,0.6,0.21,2,0.85,0.82,0.72,P2,Team_C,Medium
2711,Low,0.3,0.54,4,0.51,0.51,0.63,P2,Team_C,Medium
2712,Low,0.3,0.54,2,0.74,0.74,0.69,P2,Team_B,Medium
2713,High,0.9,0.88,2,0.83,0.94,0.84,P1,Team_A,High
2714,High,0.9,0.6,1,0.58,0.88,0.94,P2,Team_A,Medium
2715,Medium,0.6,0.79,2,0.56,0.35,1.0,P2,Team_B,Medium
2716,Low,0.3,0.34,2,0.74,0.76,0.37,P3,Team_B,Low
2717,Low,0.3,0.15,3,0.85,0.7,0.82,P3,Team_A,Low
2718,Low,0.3,0.17,2,0.77,0.61,0.31,P3,Team_A,Low
2719,Low,0.3,0.15,4,0.85,0.84,1.0,P3,Team_B,Low
2720,High,0.9,0.66,2,0.91,0.61,0.31,P1,Team_C,High
2721,Low,0.3,0.21,4,0.68,0.46,0.47,P3,Team_A,Low
2722,Low,0.3,0.38,1,0.89,0.52,0.99,P3,Team_C,Low
2723,High,0.9,0.6,2,0.86,0.51,0.31,P2,Team_A,Medium
2724,Medium,0.6,0.37,1,0.47,0.8,0.53,P2,Team_A,Medium
2725,Medium,0.6,0.82,3,0.95,0.84,0.71,P2,Team_C,Medium
2726,Medium,0.6,0.78,2,0.83,0.19,0.34,P2,Team_A,Medium
2727,Low,0.3,0.48,4,0.92,0.11,0.73,P2,Team_A,Medium
2728,Medium,0.6,0.59,1,0.79,0.49,0.82,P2,Team_C,Medium
2729,Low,0.3,0.78,1,0.48,0.8,0.63,P2,Team_A,Medium
2730,Medium,0.6,0.61,2,0.69,0.59,0.56,P2,Team_C,Medium
2731,Low,0.3,0.53,2,0.45,0.66,0.66,P2,Team_B,Medium
2732,Low,0.3,0.43,4,0.82,0.65,0.35,P2,Team_B,Medium
2733,High,0.9,0.73,1,0.8,0.92,0.5,P1,Team_B,High
2734,High,0.9,0.7,4,0.67,0.68,0.92,P1,Team_C,High
2735,Medium,0.6,0.73,3,0.73,0.94,0.73,P2,Team_A,Medium
2736,Low,0.3,0.27,4,0.92,0.76,0.97,P3,Team_C,Low
2737,Low,0.3,0.52,3,0.93,0.7,0.36,P2,Team_A,Medium
2738,Low,0.3,0.89,2,0.92,0.74,0.76,P2,Team_B,Medium
2739,Medium,0.6,0.79,1,0.84,0.84,0.65,P2,Team_C,Medium
2740,High,0.9,0.34,2,0.59,0.72,0.56,P2,Team_C,Medium
2741,Medium,0.6,0.81,3,0.45,0.59,0.53,P2,Team_A,Medium
2742,Low,0.3,0.57,1,0.73,0.82,0.69,P2,Team_C,Medium
2743,Low,0.3,0.07,4,0.91,0.63,0.47,P3,Team_C,Low
2744,Low,0.3,0.43,4,0.86,0.68,0.61,P2,Team_A,Medium
2745,High,0.9,0.02,2,0.75,0.68,0.53,P2,Team_C,Medium
2746,Medium,0.6,0.77,3,0.9,0.37,0.36,P2,Team_B,Medium
2747,Low,0.3,0.26,1,0.56,0.55,0.31,P3,Team_C,Low
2748,Low,0.3,0.46,2,0.9,0.69,0.87,P2,Team_C,Medium
2749,High,0.9,0.39,2,0.54,0.7,0.37,P2,Team_B,Medium
2750,Low,0.3,0.67,2,0.69,0.57,0.59,P2,Team_A,Medium
2751,Medium,0.6,0.65,1,0.87,0.98,0.73,P2,Team_A,Medium
2752,Medium,0.6,0.49,1,0.5,0.31,0.79,P2,Team_B,Medium
2753,Medium,0.6,0.57,2,0.92,0.74,0.87,P2,Team_B,Medium
2754,High,0.9,0.9,3,0.51,0.7,0.4,P1,Team_B,High
2755,Medium,0.6,0.23,1,0.61,0.61,0.66,P2,Team_B,Medium
2756,Low,0.3,0.65,3,0.53,0.82,0.52,P2,Team_A,Medium
2757,Medium,0.6,0.41,3,0.88,0.6,0.55,P2,Team_B,Medium
2758,High,0.9,0.49,3,0.55,0.79,0.33,P2,Team_B,Medium
2759,Medium,0.6,0.24,4,0.34,0.94,0.7,P2,Team_B,Medium
2760,Low,0.3,0.54,2,0.4,0.41,0.83,P2,Team_C,Medium
2761,Low,0.3,0.51,1,0.73,0.53,0.41,P2,Team_A,Medium
2762,Low,0.3,0.48,1,0.77,0.88,0.85,P2,Team_A,Medium
2763,Low,0.3,0.57,4,0.62,0.26,0.67,P2,Team_B,Medium
2764,Medium,0.6,0.8,4,0.51,0.29,0.68,P2,Team_B,Medium
2765,Low,0.3,0.42,2,0.82,0.67,0.93,P2,Team_C,Medium
2766,Low,0.3,0.01,1,0.51,0.89,0.42,P3,Team_A,Low
2767,Low,0.3,0.48,4,0.82,0.57,0.82,P2,Team_C,Medium
2768,Low,0.3,0.57,2,0.48,0.52,0.53,P2,Team_B,Medium
2769,Medium,0.6,0.3,2,0.62,0.56,0.47,P2,Team_B,Medium
2770,Medium,0.6,0.91,4,0.59,0.82,0.63,P2,Team_B,Medium
2771,High,0.9,0.62,2,0.81,0.68,0.38,P1,Team_B,High
2772,Medium,0.6,0.39,2,0.31,0.62,0.85,P2,Team_B,Medium
2773,Low,0.3,0.43,1,0.79,0.76,0.98,P2,Team_A,Medium
2774,Low,0.3,0.76,4,0.67,0.74,0.58,P2,Team_B,Medium
2775,High,0.9,0.75,3,0.44,0.65,0.83,P1,Team_A,High
2776,Medium,0.6,0.32,4,0.85,0.69,0.39,P2,Team_A,Medium
2777,Medium,0.6,0.5,1,0.7,0.69,0.46,P2,Team_A,Medium
2778,Low,0.3,0.8,2,0.84,0.82,0.47,P2,Team_B,Medium
2779,High,0.9,0.35,2,0.72,0.86,0.99,P2,Team_A,Medium
2780,Low,0.3,0.18,3,0.87,0.46,0.43,P3,Team_A,Low
2781,Medium,0.6,0.48,4,0.77,0.54,0.85,P2,Team_C,Medium
2782,High,0.9,0.38,2,0.96,0.76,0.69,P2,Team_A,Medium
2783,Medium,0.6,0.68,1,0.78,0.77,0.72,P2,Team_C,Medium
2784,High,0.9,0.79,1,0.71,0.72,0.44,P1,Team_B,High
2785,High,0.9,0.85,2,0.84,0.74,0.83,P1,Team_A,High
2786,Low,0.3,0.72,2,0.6,0.35,0.39,P2,Team_B,Medium
2787,Medium,0.6,0.73,3,0.6,0.52,0.9,P2,Team_C,Medium
2788,Low,0.3,0.34,2,0.73,0.65,0.64,P3,Team_C,Low
2789,Medium,0.6,0.27,3,0.7,0.47,0.55,P2,Team_B,Medium
2790,Medium,0.6,0.36,4,0.8,0.63,0.79,P2,Team_C,Medium
2791,Low,0.3,0.48,1,0.68,0.56,0.45,P2,Team_C,Medium
2792,Low,0.3,0.25,4,0.77,0.55,0.59,P3,Team_A,Low
2793,Medium,0.6,0.42,3,0.86,0.87,0.79,P2,Team_A,Medium
2794,Medium,0.6,0.26,3,0.88,0.89,0.92,P2,Team_C,Medium
2795,Medium,0.6,0.72,3,0.76,0.92,0.54,P2,Team_B,Medium
2796,Medium,0.6,0.35,2,0.82,0.7,0.36,P2,Team_A,Medium
2797,Medium,0.6,0.64,3,0.69,0.83,0.71,P2,Team_A,Medium
2798,Low,0.3,0.67,3,0.69,0.76,0.63,P2,Team_A,Medium
2799,Medium,0.6,0.73,2,0.87,0.79,0.99,P2,Team_C,Medium
2800,Medium,0.6,0.69,4,0.79,0.71,0.97,P2,Team_A,Medium
2801,High,0.9,0.59,3,0.89,0.71,0.4,P2,Team_A,Medium
2802,Medium,0.6,0.7,2,0.58,0.92,0.37,P2,Team_C,Medium
2803,Low,0.3,0.34,3,0.82,0.36,0.68,P3,Team_A,Low
2804,High,0.9,0.51,4,0.45,0.76,0.75,P2,Team_B,Medium
2805,Medium,0.6,0.56,2,0.45,0.43,0.75,P2,Team_C,Medium
2806,Low,0.3,0.64,3,0.77,0.45,0.76,P2,Team_A,Medium
2807,Low,0.3,0.24,2,0.77,0.65,0.7,P3,Team_A,Low
2808,Medium,0.6,0.22,4,0.39,0.68,0.86,P2,Team_A,Medium
2809,Low,0.3,0.52,1,0.95,0.51,0.3,P2,Team_C,Medium
2810,High,0.9,0.81,3,0.46,0.93,0.31,P1,Team_C,High
2811,Medium,0.6,0.2,1,0.88,0.83,0.97,P2,Team_A,Medium
2812,High,0.9,0.86,1,0.79,0.87,0.54,P1,Team_B,High
2813,High,0.9,0.5,3,0.84,0.53,0.5,P2,Team_C,Medium
2814,Low,0.3,0.61,4,0.9,0.77,0.46,P2,Team_A,Medium
2815,Medium,0.6,0.59,3,0.64,0.76,0.87,P2,Team_A,Medium
2816,Medium,0.6,0.68,1,0.77,0.67,0.53,P2,Team_A,Medium
2817,Medium,0.6,0.89,3,0.69,0.64,0.51,P2,Team_A,Medium
2818,Low,0.3,0.94,2,0.33,0.69,0.5,P2,Team_A,Medium
2819,Low,0.3,0.29,2,0.86,0.52,0.89,P3,Team_A,Low
2820,High,0.9,0.61,3,0.72,0.08,0.5,P1,Team_B,High
2821,Low,0.3,0.46,2,0.79,0.9,0.57,P2,Team_A,Medium
2822,Low,0.3,0.66,3,0.68,0.65,0.64,P2,Team_B,Medium
2823,High,0.9,0.38,4,0.85,0.7,0.38,P2,Team_C,Medium
2824,Low,0.3,0.78,1,0.75,0.53,0.6,P2,Team_C,Medium
2825,Low,0.3,0.89,1,0.62,0.92,0.85,P2,Team_A,Medium
2826,Medium,0.6,0.47,3,0.53,0.4,0.95,P2,Team_B,Medium
2827,Medium,0.6,0.24,1,0.43,0.79,0.49,P2,Team_B,Medium
2828,Low,0.3,0.2,1,0.79,0.57,0.34,P3,Team_C,Low
2829,High,0.9,0.49,1,0.55,0.77,0.73,P2,Team_B,Medium
2830,Medium,0.6,0.74,2,0.89,0.55,0.33,P2,Team_B,Medium
2831,Medium,0.6,0.84,4,0.81,0.89,0.55,P2,Team_B,Medium
2832,Medium,0.6,0.69,3,0.89,0.66,0.47,P2,Team_B,Medium
2833,Low,0.3,0.31,2,0.83,0.69,0.73,P3,Team_C,Low
2834,Medium,0.6,0.85,2,0.6,0.78,0.44,P2,Team_A,Medium
2835,High,0.9,0.26,2,0.76,0.95,0.51,P2,Team_C,Medium
2836,Medium,0.6,0.87,2,0.64,0.81,0.35,P2,Team_A,Medium
2837,High,0.9,0.61,4,0.93,0.93,0.84,P1,Team_C,High
2838,Medium,0.6,0.16,4,0.43,0.66,0.87,P2,Team_B,Medium
2839,High,0.9,0.6,3,0.67,0.81,1.0,P2,Team_A,Medium
2840,Medium,0.6,0.36,4,0.58,0.56,0.56,P2,Team_C,Medium
2841,Low,0.3,0.83,2,0.95,0.67,0.74,P2,Team_B,Medium
2842,Low,0.3,0.23,1,0.65,0.78,0.39,P3,Team_B,Low
2843,High,0.9,0.77,1,0.79,0.56,0.94,P1,Team_C,High
2844,Low,0.3,0.38,3,0.54,0.81,0.52,P3,Team_C,Low
2845,Medium,0.6,0.18,2,0.72,0.77,0.7,P2,Team_A,Medium
2846,Medium,0.6,0.79,2,0.84,0.91,0.52,P2,Team_B,Medium
2847,Medium,0.6,0.75,4,0.8,0.7,0.94,P2,Team_A,Medium
2848,Low,0.3,0.57,3,0.73,0.85,0.76,P2,Team_A,Medium
2849,High,0.9,0.67,3,0.79,0.48,0.62,P1,Team_C,High
2850,Low,0.3,0.8,3,0.88,0.66,0.47,P2,Team_B,Medium
2851,Low,0.3,0.88,2,0.61,0.59,0.82,P2,Team_C,Medium
2852,Low,0.3,0.43,2,0.65,0.95,0.68,P2,Team_B,Medium
2853,Low,0.3,0.48,4,0.5,0.84,0.56,P2,Team_B,Medium
2854,Medium,0.6,0.74,4,0.98,0.43,0.47,P2,Team_B,Medium
2855,High,0.9,0.36,4,0.91,0.5,0.36,P2,Team_B,Medium
2856,Medium,0.6,0.34,3,0.5,0.3,0.59,P2,Team_C,Medium
2857,High,0.9,0.21,4,0.86,0.84,0.44,P2,Team_B,Medium
2858,Low,0.3,0.26,3,0.68,0.26,0.3,P3,Team_A,Low
2859,High,0.9,0.8,4,0.68,0.62,0.35,P1,Team_B,High
2860,High,0.9,0.33,3,0.91,0.6,0.42,P2,Team_B,Medium
2861,Low,0.3,0.24,4,0.86,0.49,0.49,P3,Team_B,Low
2862,High,0.9,0.26,3,0.63,0.62,0.88,P2,Team_C,Medium
2863,High,0.9,0.56,4,0.91,0.73,0.92,P2,Team_B,Medium
2864,Low,0.3,0.64,2,0.72,0.69,0.54,P2,Team_A,Medium
2865,Medium,0.6,0.79,3,0.67,0.85,0.74,P2,Team_C,Medium
2866,Medium,0.6,0.56,1,0.87,0.74,0.41,P2,Team_B,Medium
2867,Medium,0.6,0.39,1,0.91,0.78,0.52,P2,Team_A,Medium
2868,High,0.9,0.61,2,0.7,0.49,0.62,P1,Team_B,High
2869,Low,0.3,0.2,4,0.81,0.73,0.85,P3,Team_C,Low
2870,Medium,0.6,0.27,4,0.6,0.87,0.92,P2,Team_B,Medium
2871,High,0.9,0.07,2,0.82,0.9,0.8,P2,Team_C,Medium
2872,High,0.9,0.3,2,0.92,0.64,0.72,P2,Team_B,Medium
2873,Low,0.3,0.11,1,0.4,0.4,0.44,P3,Team_A,Low
2874,Medium,0.6,0.83,1,0.74,0.63,0.54,P2,Team_B,Medium
2875,Low,0.3,0.33,3,0.86,0.67,0.96,P3,Team_C,Low
2876,Low,0.3,0.49,4,0.69,0.78,0.44,P2,Team_C,Medium
2877,Medium,0.6,0.84,1,0.53,0.93,0.39,P2,Team_A,Medium
2878,Low,0.3,0.63,4,0.58,0.3,0.33,P2,Team_C,Medium
2879,High,0.9,0.46,3,0.36,0.81,0.37,P2,Team_B,Medium
2880,Low,0.3,0.77,4,0.82,0.87,0.43,P2,Team_A,Medium
2881,High,0.9,0.49,1,0.69,0.63,0.66,P2,Team_A,Medium
2882,Medium,0.6,0.01,4,0.93,0.19,0.72,P2,Team_B,Medium
2883,High,0.9,0.43,4,0.5,0.91,0.47,P2,Team_B,Medium
2884,Low,0.3,0.54,2,0.65,0.89,0.45,P2,Team_A,Medium
2885,Medium,0.6,0.41,3,0.8,0.49,0.77,P2,Team_C,Medium
2886,Low,0.3,0.38,1,0.7,0.44,0.37,P3,Team_B,Low
2887,Medium,0.6,0.39,2,0.76,0.36,0.64,P2,Team_C,Medium
2888,Low,0.3,0.39,2,0.61,0.65,0.64,P3,Team_A,Low
2889,High,0.9,0.25,2,0.94,0.49,0.5,P2,Team_A,Medium
2890,High,0.9,0.59,2,0.89,0.64,0.56,P2,Team_A,Medium
2891,Medium,0.6,0.03,4,0.55,0.76,0.93,P2,Team_B,Medium
2892,Low,0.3,0.12,3,0.64,0.73,0.6,P3,Team_A,Low
2893,High,0.9,0.7,1,0.82,0.52,0.92,P1,Team_B,High
2894,Medium,0.6,0.83,4,0.84,0.77,0.48,P2,Team_A,Medium
2895,Medium,0.6,0.24,1,0.67,0.51,0.75,P2,Team_A,Medium
2896,High,0.9,0.56,3,0.54,0.46,0.8,P2,Team_B,Medium
2897,Low,0.3,0.33,2,0.52,0.55,0.58,P3,Team_A,Low
2898,Low,0.3,0.38,4,0.86,0.81,0.3,P3,Team_C,Low
2899,Medium,0.6,0.61,1,0.69,0.91,0.82,P2,Team_C,Medium
2900,Medium,0.6,0.71,1,0.71,0.5,0.5,P2,Team_C,Medium
2901,Medium,0.6,0.12,1,0.69,0.61,0.75,P2,Team_C,Medium
2902,Low,0.3,0.27,4,0.89,0.88,0.8,P3,Team_A,Low
2903,High,0.9,0.78,2,0.76,0.81,0.77,P1,Team_B,High
2904,High,0.9,0.77,4,0.61,0.69,0.72,P1,Team_B,High
2905,Low,0.3,0.79,1,0.62,0.8,0.48,P2,Team_C,Medium
2906,High,0.9,0.28,2,0.55,0.97,0.8,P2,Team_B,Medium
2907,Low,0.3,0.53,3,0.68,0.65,0.54,P2,Team_A,Medium
2908,Medium,0.6,0.42,4,0.58,0.57,0.88,P2,Team_A,Medium
2909,Low,0.3,0.11,1,0.92,0.56,0.53,P3,Team_C,Low
2910,Low,0.3,0.39,4,0.89,0.61,0.7,P3,Team_A,Low
2911,Medium,0.6,0.09,3,0.58,0.43,0.62,P2,Team_C,Medium
2912,High,0.9,0.71,3,0.73,0.64,0.69,P1,Team_B,High
2913,Low,0.3,0.66,3,0.35,0.91,0.6,P2,Team_A,Medium
2914,Low,0.3,0.34,3,0.83,0.48,0.32,P3,Team_C,Low
2915,Low,0.3,0.48,3,0.92,0.7,0.8,P2,Team_A,Medium
2916,High,0.9,0.14,1,0.97,0.72,0.49,P2,Team_A,Medium
2917,Medium,0.6,0.74,3,0.41,0.76,0.84,P2,Team_B,Medium
2918,Low,0.3,0.51,2,0.84,0.87,0.82,P2,Team_C,Medium
2919,High,0.9,0.62,2,0.86,0.64,0.99,P1,Team_C,High
2920,High,0.9,0.25,1,0.77,0.56,0.84,P2,Team_C,Medium
2921,High,0.9,0.45,4,0.84,0.87,0.57,P2,Team_B,Medium
2922,Medium,0.6,0.96,2,0.44,0.8,0.73,P2,Team_C,Medium
2923,Medium,0.6,0.55,4,0.9,0.61,0.91,P2,Team_B,Medium
2924,Medium,0.6,0.08,2,0.62,0.87,0.38,P2,Team_C,Medium
2925,High,0.9,0.39,1,0.89,0.36,0.89,P2,Team_B,Medium
2926,Medium,0.6,0.44,4,0.82,0.87,0.9,P2,Team_C,Medium
2927,Medium,0.6,0.16,1,0.89,0.89,0.64,P2,Team_B,Medium
2928,Medium,0.6,0.77,2,0.93,0.55,0.53,P2,Team_C,Medium
2929,Medium,0.6,0.5,1,0.78,0.76,0.51,P2,Team_B,Medium
2930,Medium,0.6,0.6,2,0.56,0.34,0.77,P2,Team_C,Medium
2931,Low,0.3,0.34,3,0.69,0.96,0.9,P3,Team_B,Low
2932,Low,0.3,0.43,3,0.76,0.62,0.63,P2,Team_C,Medium
2933,Low,0.3,0.8,2,0.75,0.75,0.59,P2,Team_A,Medium
2934,Medium,0.6,0.96,3,0.77,0.79,0.66,P2,Team_C,Medium
2935,Low,0.3,0.77,2,0.37,0.6,0.98,P2,Team_C,Medium
2936,Medium,0.6,0.86,3,0.71,0.8,0.82,P2,Team_B,Medium
2937,Low,0.3,0.95,2,0.72,0.59,0.43,P2,Team_B,Medium
2938,Low,0.3,0.21,4,0.62,0.67,0.75,P3,Team_B,Low
2939,Medium,0.6,0.52,1,0.86,0.9,0.65,P2,Team_A,Medium
2940,Low,0.3,0.79,2,0.78,0.78,0.58,P2,Team_A,Medium
2941,High,0.9,0.44,2,0.78,0.4,0.33,P2,Team_A,Medium
2942,Low,0.3,0.7,3,0.84,0.94,0.66,P2,Team_B,Medium
2943,Medium,0.6,0.72,4,0.55,0.95,0.67,P2,Team_A,Medium
2944,Medium,0.6,0.03,3,0.68,0.35,0.39,P2,Team_A,Medium
2945,Medium,0.6,0.36,3,0.64,0.76,0.36,P2,Team_C,Medium
2946,Low,0.3,0.54,1,0.7,0.65,0.76,P2,Team_B,Medium
2947,Medium,0.6,0.37,2,0.42,0.8,0.54,P2,Team_C,Medium
2948,High,0.9,0.6,1,0.19,0.44,0.47,P2,Team_B,Medium
2949,Medium,0.6,0.76,2,0.8,0.51,0.95,P2,Team_C,Medium
2950,Medium,0.6,0.44,4,0.86,0.47,0.93,P2,Team_B,Medium
2951,Low,0.3,0.89,4,0.9,0.55,0.79,P2,Team_A,Medium
2952,High,0.9,0.88,4,0.79,0.81,0.43,P1,Team_B,High
2953,Medium,0.6,0.37,4,0.5,0.45,0.64,P2,Team_B,Medium
2954,Low,0.3,0.57,2,0.8,0.82,0.91,P2,Team_B,Medium
2955,Low,0.3,0.42,3,0.67,0.84,0.79,P2,Team_C,Medium
2956,Low,0.3,0.97,4,0.91,0.82,0.89,P2,Team_C,Medium
2957,High,0.9,0.14,1,0.76,0.42,0.72,P2,Team_C,Medium
2958,Low,0.3,0.07,1,0.85,0.47,0.89,P3,Team_C,Low
2959,Low,0.3,0.23,3,0.9,0.95,0.48,P3,Team_B,Low
2960,Low,0.3,0.14,3,0.82,0.8,0.9,P3,Team_C,Low
2961,Low,0.3,0.18,3,0.72,0.8,0.3,P3,Team_A,Low
2962,Medium,0.6,0.52,4,0.6,0.78,0.9,P2,Team_A,Medium
2963,Low,0.3,0.25,3,0.75,0.59,0.78,P3,Team_B,Low
2964,Medium,0.6,0.76,3,0.78,0.3,0.74,P2,Team_B,Medium
2965,Low,0.3,0.86,2,0.71,0.45,0.83,P2,Team_B,Medium
2966,Medium,0.6,0.85,2,0.61,0.67,0.65,P2,Team_A,Medium
2967,High,0.9,0.52,4,0.78,0.82,0.44,P2,Team_B,Medium
2968,Low,0.3,0.44,1,0.75,0.6,0.99,P2,Team_C,Medium
2969,Low,0.3,0.48,4,0.68,0.85,0.44,P2,Team_C,Medium
2970,High,0.9,0.51,2,0.78,0.75,0.88,P2,Team_B,Medium
2971,Low,0.3,0.36,2,0.46,0.55,0.8,P3,Team_B,Low
2972,Low,0.3,0.6,1,0.87,0.81,0.73,P2,Team_A,Medium
2973,Medium,0.6,0.63,3,0.68,0.73,0.78,P2,Team_A,Medium
2974,Medium,0.6,0.43,4,0.65,0.88,0.88,P2,Team_A,Medium
2975,High,0.9,0.54,4,0.56,0.83,0.39,P2,Team_C,Medium
2976,Medium,0.6,0.75,4,0.82,0.65,0.94,P2,Team_C,Medium
2977,Medium,0.6,0.34,2,0.47,0.57,0.56,P2,Team_A,Medium
2978,Low,0.3,0.62,2,0.68,0.92,0.48,P2,Team_C,Medium
2979,Medium,0.6,0.42,2,0.72,0.74,0.86,P2,Team_B,Medium
2980,Medium,0.6,0.64,1,0.56,0.8,0.84,P2,Team_C,Medium
2981,Medium,0.6,0.74,1,0.55,0.59,0.62,P2,Team_C,Medium
2982,High,0.9,0.49,4,0.7,0.72,0.76,P2,Team_A,Medium
2983,Low,0.3,0.32,3,0.79,0.34,0.64,P3,Team_B,Low
2984,High,0.9,0.18,4,0.5,0.71,0.96,P2,Team_B,Medium
2985,Medium,0.6,0.76,2,0.85,0.95,0.95,P2,Team_B,Medium
2986,High,0.9,0.19,4,0.8,0.7,0.52,P2,Team_C,Medium
2987,Medium,0.6,0.42,4,0.46,0.7,0.75,P2,Team_C,Medium
2988,Medium,0.6,0.18,2,0.96,0.85,0.32,P2,Team_B,Medium
2989,High,0.9,0.63,2,0.38,0.61,0.54,P1,Team_C,High
2990,High,0.9,0.49,1,0.94,0.73,0.67,P2,Team_A,Medium
2991,Low,0.3,0.5,4,0.8,0.67,0.53,P2,Team_B,Medium
2992,Medium,0.6,0.56,2,0.87,0.81,0.96,P2,Team_A,Medium
2993,Low,0.3,0.2,4,0.52,0.88,0.88,P3,Team_B,Low
2994,Low,0.3,0.44,1,0.61,0.83,0.67,P2,Team_B,Medium
2995,High,0.9,0.73,1,0.96,0.72,0.47,P1,Team_A,High
2996,High,0.9,0.84,3,0.84,0.71,0.44,P1,Team_A,High
2997,Medium,0.6,0.71,4,0.69,0.68,0.93,P2,Team_A,Medium
2998,High,0.9,0.55,3,0.51,0.64,0.63,P2,Team_C,Medium
2999,High,0.9,0.43,1,0.36,0.44,0.82,P2,Team_C,Medium
3000,Medium,0.6,0.4,3,0.64,0.61,0.71,P2,Team_A,Medium
3001,Low,0.3,0.57,2,0.64,0.4,0.7,P2,Team_A,Medium
3002,Medium,0.6,0.35,3,0.56,0.62,0.62,P2,Team_B,Medium
3003,Low,0.3,0.41,2,0.92,0.82,0.97,P2,Team_A,Medium
3004,High,0.9,0.59,2,0.5,0.6,0.83,P2,Team_A,Medium
3005,Low,0.3,0.23,4,0.66,0.73,0.72,P3,Team_C,Low
3006,Medium,0.6,0.4,1,0.35,0.64,0.88,P2,Team_A,Medium
3007,High,0.9,0.46,4,0.89,0.86,0.31,P2,Team_A,Medium
3008,Low,0.3,0.44,4,0.52,0.67,0.45,P2,Team_B,Medium
3009,Medium,0.6,0.41,1,0.71,0.67,0.56,P2,Team_A,Medium
3010,Medium,0.6,0.77,4,0.79,0.68,0.78,P2,Team_C,Medium
3011,Medium,0.6,0.22,3,0.39,0.46,0.55,P2,Team_B,Medium
3012,High,0.9,0.93,2,0.62,0.65,0.68,P1,Team_C,High
3013,Low,0.3,0.7,1,0.59,0.72,0.5,P2,Team_B,Medium
3014,Medium,0.6,0.45,3,0.81,0.93,0.39,P2,Team_A,Medium
3015,High,0.9,0.17,4,0.82,0.75,0.47,P2,Team_B,Medium
3016,High,0.9,0.29,2,0.79,0.53,0.57,P2,Team_B,Medium
3017,Low,0.3,0.53,4,0.52,0.76,0.34,P2,Team_B,Medium
3018,Medium,0.6,0.17,1,0.83,0.96,0.41,P2,Team_A,Medium
3019,Medium,0.6,0.27,1,0.91,0.54,0.71,P2,Team_C,Medium
3020,Medium,0.6,0.56,1,0.72,0.94,0.36,P2,Team_B,Medium
3021,High,0.9,0.44,3,0.62,0.65,0.86,P2,Team_B,Medium
3022,Low,0.3,0.84,4,0.37,0.54,0.37,P2,Team_A,Medium
3023,Low,0.3,0.2,1,0.8,0.76,0.69,P3,Team_B,Low
3024,Medium,0.6,0.73,3,0.77,0.54,0.69,P2,Team_A,Medium
3025,High,0.9,0.58,3,0.84,0.3,0.6,P2,Team_C,Medium
3026,High,0.9,0.93,4,0.54,0.91,0.71,P1,Team_B,High
3027,Low,0.3,0.07,4,0.66,0.57,0.75,P3,Team_B,Low
3028,Medium,0.6,0.59,4,0.61,0.88,0.82,P2,Team_C,Medium
3029,Medium,0.6,0.86,1,0.65,0.63,0.69,P2,Team_B,Medium
3030,Low,0.3,0.12,3,0.72,0.76,0.82,P3,Team_A,Low
3031,Low,0.3,0.62,4,0.74,0.85,0.74,P2,Team_C,Medium
3032,Medium,0.6,0.24,3,0.86,0.79,0.91,P2,Team_A,Medium
3033,Low,0.3,0.36,4,0.54,0.28,0.85,P3,Team_C,Low
3034,Medium,0.6,0.09,1,0.93,0.69,0.76,P2,Team_B,Medium
3035,High,0.9,0.41,4,0.81,0.47,0.35,P2,Team_A,Medium
3036,High,0.9,0.68,1,0.6,0.49,0.85,P1,Team_B,High
3037,High,0.9,0.22,2,0.61,0.59,0.48,P2,Team_B,Medium
3038,Medium,0.6,0.08,1,0.36,0.63,0.41,P2,Team_A,Medium
3039,High,0.9,0.18,2,0.87,0.74,0.67,P2,Team_A,Medium
3040,Medium,0.6,0.43,2,0.7,0.58,0.44,P2,Team_C,Medium
3041,High,0.9,0.34,2,0.6,0.75,0.33,P2,Team_A,Medium
3042,High,0.9,0.86,2,0.77,0.56,0.66,P1,Team_A,High
3043,High,0.9,0.48,2,0.75,0.7,0.96,P2,Team_C,Medium
3044,High,0.9,0.95,3,0.83,0.67,0.62,P1,Team_B,High
3045,Low,0.3,0.32,1,0.91,0.69,0.99,P3,Team_B,Low
3046,Medium,0.6,0.52,1,0.73,0.62,0.9,P2,Team_B,Medium
3047,Medium,0.6,0.53,2,0.98,0.69,0.66,P2,Team_B,Medium
3048,Medium,0.6,0.26,4,0.79,0.57,0.72,P2,Team_B,Medium
3049,High,0.9,0.66,3,0.58,0.68,0.93,P1,Team_C,High
3050,Medium,0.6,0.75,2,0.84,0.76,0.77,P2,Team_C,Medium
3051,Low,0.3,0.78,1,0.76,0.93,0.88,P2,Team_B,Medium
3052,High,0.9,0.72,3,0.81,0.81,0.91,P1,Team_A,High
3053,High,0.9,0.34,1,0.72,0.6,0.78,P2,Team_C,Medium
3054,Low,0.3,0.28,3,0.87,0.33,0.69,P3,Team_B,Low
3055,Low,0.3,0.57,4,0.48,0.87,0.39,P2,Team_A,Medium
3056,High,0.9,0.55,1,0.8,0.88,0.73,P2,Team_B,Medium
3057,High,0.9,0.68,3,0.73,0.73,0.7,P1,Team_C,High
3058,High,0.9,0.47,3,0.87,0.67,0.38,P2,Team_B,Medium
3059,Low,0.3,0.79,4,0.84,0.37,0.35,P2,Team_B,Medium
3060,Low,0.3,0.61,1,0.81,0.88,0.63,P2,Team_A,Medium
3061,Medium,0.6,0.82,4,0.77,0.5,0.65,P2,Team_B,Medium
3062,High,0.9,0.25,2,0.74,0.48,0.88,P2,Team_A,Medium
3063,Medium,0.6,0.29,3,0.82,0.72,0.38,P2,Team_B,Medium
3064,Low,0.3,0.36,2,0.79,0.85,0.56,P3,Team_B,Low
3065,Low,0.3,0.29,3,0.53,0.85,0.49,P3,Team_B,Low
3066,Low,0.3,0.32,1,0.58,0.73,0.96,P3,Team_A,Low
3067,High,0.9,0.24,4,0.54,0.55,0.58,P2,Team_B,Medium
3068,Low,0.3,0.85,2,0.79,0.37,0.4,P2,Team_C,Medium
3069,Medium,0.6,0.56,3,0.92,0.4,0.47,P2,Team_C,Medium
3070,Low,0.3,0.46,2,0.77,0.36,0.31,P2,Team_B,Medium
3071,High,0.9,0.4,4,0.85,0.77,0.57,P2,Team_A,Medium
3072,Low,0.3,0.27,4,0.78,0.63,0.58,P3,Team_C,Low
3073,Low,0.3,0.47,4,0.66,0.55,0.88,P2,Team_C,Medium
3074,High,0.9,0.72,3,0.6,0.67,0.61,P1,Team_C,High
3075,Low,0.3,0.7,2,0.52,0.95,0.83,P2,Team_A,Medium
3076,Low,0.3,0.8,4,0.55,0.44,0.84,P2,Team_C,Medium
3077,Low,0.3,0.33,3,0.74,0.81,0.8,P3,Team_A,Low
3078,High,0.9,0.1,4,0.67,0.76,0.93,P2,Team_A,Medium
3079,Medium,0.6,0.52,4,0.66,0.47,0.38,P2,Team_A,Medium
3080,High,0.9,0.65,1,0.57,0.69,0.66,P1,Team_B,High
3081,High,0.9,0.69,1,0.73,0.91,0.72,P1,Team_A,High
3082,Medium,0.6,0.43,4,0.35,0.45,0.88,P2,Team_B,Medium
3083,High,0.9,0.67,2,0.86,0.6,0.49,P1,Team_A,High
3084,Low,0.3,0.52,1,0.72,0.57,0.66,P2,Team_B,Medium
3085,Low,0.3,0.5,4,0.96,0.51,0.82,P2,Team_C,Medium
3086,Low,0.3,0.62,1,0.53,0.93,0.88,P2,Team_B,Medium
3087,Low,0.3,0.6,2,0.91,0.5,0.89,P2,Team_B,Medium
3088,Low,0.3,0.27,2,0.85,0.61,0.62,P3,Team_B,Low
3089,Low,0.3,0.66,3,0.45,0.9,0.37,P2,Team_B,Medium
3090,Low,0.3,0.42,4,0.74,0.91,0.81,P2,Team_A,Medium
3091,Low,0.3,0.17,2,0.87,0.7,0.64,P3,Team_B,Low
3092,Low,0.3,0.51,3,0.86,0.9,0.39,P2,Team_C,Medium
3093,High,0.9,0.34,2,0.77,0.22,0.81,P2,Team_B,Medium
3094,Low,0.3,0.81,2,0.68,0.52,0.99,P2,Team_B,Medium
3095,Medium,0.6,0.63,4,0.91,0.45,0.63,P2,Team_C,Medium
3096,Low,0.3,0.7,3,0.33,0.85,0.52,P2,Team_C,Medium
3097,Medium,0.6,0.33,3,0.79,0.88,0.69,P2,Team_A,Medium
3098,Low,0.3,0.59,1,0.48,0.72,0.54,P2,Team_B,Medium
3099,High,0.9,0.54,1,0.78,0.67,0.48,P2,Team_A,Medium
3100,Medium,0.6,0.65,4,0.79,0.38,0.77,P2,Team_B,Medium
3101,Low,0.3,0.18,1,0.61,0.79,0.64,P3,Team_A,Low
3102,Low,0.3,0.39,4,0.52,0.67,0.52,P3,Team_C,Low
3103,High,0.9,0.76,1,0.88,0.81,0.97,P1,Team_A,High
3104,Low,0.3,0.77,4,0.77,0.89,0.56,P2,Team_A,Medium
3105,Medium,0.6,0.6,1,0.66,0.4,0.87,P2,Team_A,Medium
3106,High,0.9,0.76,2,0.47,0.68,0.31,P1,Team_A,High
3107,Medium,0.6,0.66,4,0.61,0.43,0.56,P2,Team_C,Medium
3108,Medium,0.6,0.22,2,0.9,0.74,0.73,P2,Team_C,Medium
3109,Low,0.3,0.64,3,0.66,0.81,0.82,P2,Team_C,Medium
3110,Medium,0.6,0.39,1,0.69,0.59,0.45,P2,Team_C,Medium
3111,Medium,0.6,0.41,2,0.73,0.8,0.79,P2,Team_C,Medium
3112,Medium,0.6,0.69,3,0.75,0.8,0.74,P2,Team_B,Medium
3113,Low,0.3,0.7,3,0.56,0.79,0.77,P2,Team_B,Medium
3114,High,0.9,0.88,3,0.62,0.87,0.43,P1,Team_A,High
3115,High,0.9,0.6,1,0.88,0.4,0.71,P2,Team_B,Medium
3116,Medium,0.6,0.12,1,0.72,0.66,0.81,P2,Team_B,Medium
3117,Medium,0.6,0.09,1,0.82,0.62,0.44,P2,Team_A,Medium
3118,Low,0.3,0.45,2,0.53,0.53,0.64,P2,Team_B,Medium
3119,Medium,0.6,0.17,1,0.8,0.47,0.32,P2,Team_C,Medium
3120,Low,0.3,0.26,2,0.37,0.63,0.68,P3,Team_B,Low
3121,Low,0.3,0.76,3,0.51,0.7,0.4,P2,Team_A,Medium
3122,Medium,0.6,0.69,4,0.42,0.47,0.86,P2,Team_B,Medium
3123,Medium,0.6,0.31,2,0.78,0.93,0.99,P2,Team_A,Medium
3124,Low,0.3,0.89,4,0.26,0.7,0.71,P2,Team_B,Medium
3125,Medium,0.6,0.45,3,0.82,0.9,0.59,P2,Team_C,Medium
3126,Low,0.3,0.68,1,0.93,0.54,0.95,P2,Team_B,Medium
3127,Medium,0.6,0.37,2,0.68,0.51,0.58,P2,Team_B,Medium
3128,High,0.9,0.45,1,0.62,0.66,0.59,P2,Team_A,Medium
3129,Medium,0.6,0.66,2,0.53,0.67,0.71,P2,Team_B,Medium
3130,Medium,0.6,0.62,3,0.91,0.73,0.35,P2,Team_B,Medium
3131,Medium,0.6,0.29,1,0.6,0.43,0.77,P2,Team_C,Medium
3132,Medium,0.6,0.63,1,0.94,0.96,0.37,P2,Team_C,Medium
3133,Low,0.3,0.41,4,0.52,0.35,0.58,P2,Team_A,Medium
3134,High,0.9,0.47,4,0.99,0.72,0.65,P2,Team_B,Medium
3135,Low,0.3,0.65,3,0.9,0.49,0.72,P2,Team_C,Medium
3136,High,0.9,0.81,2,0.86,0.81,0.83,P1,Team_B,High
3137,High,0.9,0.49,2,0.86,0.6,0.97,P2,Team_C,Medium
3138,Low,0.3,0.52,3,0.56,0.75,0.5,P2,Team_A,Medium
3139,Low,0.3,0.45,2,0.8,0.68,0.51,P2,Team_B,Medium
3140,High,0.9,0.92,2,0.49,0.47,0.33,P1,Team_C,High
3141,High,0.9,0.29,3,0.45,0.57,0.54,P2,Team_B,Medium
3142,Low,0.3,0.41,4,0.64,0.84,0.51,P2,Team_B,Medium
3143,High,0.9,0.61,4,0.85,0.57,0.61,P1,Team_A,High
3144,High,0.9,0.65,2,0.74,0.45,0.65,P1,Team_A,High
3145,Medium,0.6,0.21,1,0.79,0.58,0.47,P2,Team_C,Medium
3146,Low,0.3,0.23,1,0.85,0.61,0.83,P3,Team_C,Low
3147,Medium,0.6,0.09,4,0.54,0.67,0.43,P2,Team_A,Medium
3148,Low,0.3,0.69,2,0.91,0.87,0.56,P2,Team_C,Medium
3149,Medium,0.6,0.56,3,0.86,0.24,0.34,P2,Team_B,Medium
3150,Low,0.3,0.56,4,0.46,0.53,0.71,P2,Team_C,Medium
3151,Medium,0.6,0.72,2,0.81,0.71,0.6,P2,Team_C,Medium
3152,Low,0.3,0.33,1,0.76,0.68,0.99,P3,Team_C,Low
3153,High,0.9,0.78,3,0.86,0.79,0.74,P1,Team_B,High
3154,High,0.9,0.29,2,0.68,0.81,0.91,P2,Team_B,Medium
3155,Low,0.3,0.53,3,0.7,0.87,0.74,P2,Team_A,Medium
3156,Medium,0.6,0.72,4,0.55,0.34,0.89,P2,Team_A,Medium
3157,Medium,0.6,0.63,2,0.74,0.47,0.79,P2,Team_C,Medium
3158,Low,0.3,0.89,1,0.85,0.96,0.59,P2,Team_B,Medium
3159,Medium,0.6,0.51,1,0.76,0.79,0.3,P2,Team_B,Medium
3160,Low,0.3,0.93,4,0.55,0.65,0.61,P2,Team_B,Medium
3161,Low,0.3,0.9,1,0.74,0.72,0.93,P2,Team_A,Medium
3162,Low,0.3,0.31,4,0.71,0.93,0.51,P3,Team_A,Low
3163,High,0.9,0.13,3,0.53,0.63,0.75,P2,Team_B,Medium
3164,Medium,0.6,0.29,2,0.47,0.87,0.46,P2,Team_C,Medium
3165,Medium,0.6,0.14,4,0.53,0.75,0.48,P2,Team_C,Medium
3166,Low,0.3,0.62,4,0.72,0.97,0.96,P2,Team_B,Medium
3167,Low,0.3,0.44,4,0.93,0.84,0.31,P2,Team_C,Medium
3168,Low,0.3,0.21,4,0.4,0.77,0.54,P3,Team_C,Low
3169,High,0.9,0.5,1,0.78,0.84,0.5,P2,Team_A,Medium
3170,Medium,0.6,0.38,3,0.76,0.79,0.54,P2,Team_A,Medium
3171,Medium,0.6,0.68,4,0.73,0.38,0.82,P2,Team_C,Medium
3172,Low,0.3,0.5,2,0.78,0.37,0.72,P2,Team_A,Medium
3173,Low,0.3,0.78,3,0.53,0.39,0.64,P2,Team_A,Medium
3174,Medium,0.6,0.49,1,0.25,0.64,0.33,P2,Team_B,Medium
3175,High,0.9,0.16,2,0.64,0.71,0.44,P2,Team_C,Medium
3176,High,0.9,0.21,2,0.72,0.56,0.92,P2,Team_B,Medium
3177,Low,0.3,0.13,2,0.66,0.21,0.5,P3,Team_A,Low
3178,Low,0.3,0.48,1,0.68,0.86,0.43,P2,Team_C,Medium
3179,High,0.9,0.68,2,0.83,0.76,0.33,P1,Team_C,High
3180,Medium,0.6,0.55,2,0.92,0.81,0.54,P2,Team_A,Medium
3181,Low,0.3,0.42,4,0.69,0.6,0.32,P2,Team_B,Medium
3182,Medium,0.6,0.21,2,0.98,0.43,0.41,P2,Team_C,Medium
3183,High,0.9,0.55,4,0.89,0.61,0.45,P2,Team_C,Medium
3184,High,0.9,0.69,2,0.63,0.54,0.7,P1,Team_B,High
3185,Low,0.3,0.57,1,0.83,0.69,0.8,P2,Team_A,Medium
3186,High,0.9,0.85,3,0.77,0.87,0.86,P1,Team_B,High
3187,Low,0.3,0.88,2,0.77,0.89,0.97,P2,Team_C,Medium
3188,High,0.9,0.85,1,0.65,0.88,0.5,P1,Team_B,High
3189,Medium,0.6,0.44,4,0.61,0.9,0.97,P2,Team_B,Medium
3190,Low,0.3,0.68,3,0.67,0.77,0.85,P2,Team_C,Medium
3191,Low,0.3,0.27,1,0.87,0.92,0.82,P3,Team_A,Low
3192,Low,0.3,0.19,2,0.71,0.68,0.9,P3,Team_C,Low
3193,Medium,0.6,0.21,2,0.89,0.55,0.75,P2,Team_B,Medium
3194,High,0.9,0.83,4,0.92,0.9,0.4,P1,Team_B,High
3195,Medium,0.6,0.47,4,0.73,0.8,0.45,P2,Team_A,Medium
3196,Low,0.3,0.43,4,0.45,0.37,0.93,P2,Team_C,Medium
3197,High,0.9,0.22,2,0.78,0.63,0.31,P2,Team_B,Medium
3198,Medium,0.6,0.82,2,0.56,0.6,0.65,P2,Team_C,Medium
3199,Medium,0.6,0.18,4,0.86,0.78,0.47,P2,Team_B,Medium
3200,Medium,0.6,0.79,2,0.68,0.6,0.56,P2,Team_A,Medium
3201,High,0.9,0.28,4,0.79,0.84,0.94,P2,Team_B,Medium
3202,Low,0.3,0.42,4,0.87,0.94,0.88,P2,Team_B,Medium
3203,Low,0.3,0.31,3,0.9,0.38,0.79,P3,Team_C,Low
3204,Low,0.3,0.51,2,0.84,0.59,0.46,P2,Team_B,Medium
3205,Low,0.3,0.33,1,0.84,0.72,0.65,P3,Team_B,Low
3206,Medium,0.6,0.47,2,0.82,0.93,0.66,P2,Team_C,Medium
3207,Medium,0.6,0.46,2,0.54,0.71,0.83,P2,Team_C,Medium
3208,High,0.9,0.35,3,0.83,0.56,0.72,P2,Team_B,Medium
3209,High,0.9,0.28,3,0.57,0.89,0.76,P2,Team_C,Medium
3210,High,0.9,0.18,4,0.77,0.66,0.72,P2,Team_A,Medium
3211,Medium,0.6,0.23,3,0.7,0.77,0.42,P2,Team_B,Medium
3212,Medium,0.6,0.6,1,0.78,0.51,0.52,P2,Team_C,Medium
3213,Low,0.3,0.86,4,0.34,0.63,0.49,P2,Team_C,Medium
3214,Medium,0.6,0.54,3,0.65,0.45,0.73,P2,Team_B,Medium
3215,High,0.9,0.56,1,0.62,0.71,0.55,P2,Team_A,Medium
3216,High,0.9,0.43,4,0.61,0.49,0.43,P2,Team_C,Medium
3217,Low,0.3,0.76,1,0.93,0.87,0.57,P2,Team_A,Medium
3218,Low,0.3,0.72,3,0.7,0.29,0.55,P2,Team_A,Medium
3219,Low,0.3,0.9,4,0.89,0.69,0.46,P2,Team_B,Medium
3220,Low,0.3,0.88,2,0.72,0.74,0.98,P2,Team_B,Medium
3221,Medium,0.6,0.54,4,0.45,0.7,0.95,P2,Team_A,Medium
3222,Medium,0.6,0.52,1,0.55,0.5,0.59,P2,Team_A,Medium
3223,Medium,0.6,0.49,1,0.81,0.53,0.57,P2,Team_A,Medium
3224,High,0.9,0.28,1,0.61,0.6,0.9,P2,Team_A,Medium
3225,Medium,0.6,0.72,2,0.92,0.83,0.4,P2,Team_C,Medium
3226,Low,0.3,0.78,1,0.78,0.86,0.61,P2,Team_B,Medium
3227,Medium,0.6,0.41,1,0.84,0.69,0.48,P2,Team_C,Medium
3228,Medium,0.6,0.82,1,0.78,0.89,0.86,P2,Team_B,Medium
3229,High,0.9,0.56,2,0.67,0.94,0.65,P2,Team_B,Medium
3230,Low,0.3,0.14,2,0.43,0.76,0.53,P3,Team_B,Low
3231,Medium,0.6,0.28,2,0.76,0.48,0.95,P2,Team_B,Medium
3232,High,0.9,0.16,2,0.82,0.49,0.4,P2,Team_C,Medium
3233,Low,0.3,0.88,2,0.7,0.61,0.66,P2,Team_B,Medium
3234,Low,0.3,0.36,4,0.86,0.49,0.81,P3,Team_C,Low
3235,High,0.9,0.6,1,0.76,0.8,0.7,P2,Team_B,Medium
3236,High,0.9,0.54,3,0.85,0.63,0.59,P2,Team_B,Medium
3237,High,0.9,0.26,1,0.7,0.76,0.89,P2,Team_C,Medium
3238,Low,0.3,0.41,4,0.62,0.37,0.49,P2,Team_A,Medium
3239,Medium,0.6,0.29,3,0.42,0.79,0.64,P2,Team_C,Medium
3240,Medium,0.6,0.7,4,0.78,0.38,0.86,P2,Team_B,Medium
3241,High,0.9,0.44,4,0.73,0.46,0.41,P2,Team_A,Medium
3242,Medium,0.6,0.62,2,0.81,0.97,0.86,P2,Team_B,Medium
3243,Medium,0.6,0.43,3,0.84,0.52,0.8,P2,Team_B,Medium
3244,Medium,0.6,0.75,1,0.69,0.66,0.98,P2,Team_A,Medium
3245,High,0.9,0.29,3,0.84,0.84,0.65,P2,Team_B,Medium
3246,Low,0.3,0.59,2,0.29,0.53,0.82,P2,Team_A,Medium
3247,Medium,0.6,0.7,1,0.51,0.75,0.61,P2,Team_C,Medium
3248,Low,0.3,0.76,2,0.87,0.8,0.67,P2,Team_C,Medium
3249,Medium,0.6,0.62,1,0.34,0.63,0.53,P2,Team_A,Medium
3250,Low,0.3,0.52,2,0.94,0.89,0.64,P2,Team_B,Medium
3251,Low,0.3,0.76,1,0.96,0.62,0.57,P2,Team_B,Medium
3252,Low,0.3,0.76,1,0.89,0.49,0.51,P2,Team_A,Medium
3253,High,0.9,0.76,3,0.8,0.85,0.85,P1,Team_A,High
3254,High,0.9,0.69,1,0.95,0.77,0.95,P1,Team_C,High
3255,Medium,0.6,0.85,3,0.92,0.74,0.76,P2,Team_B,Medium
3256,Medium,0.6,0.56,3,0.72,0.89,0.84,P2,Team_A,Medium
3257,Low,0.3,0.56,3,0.78,0.76,0.7,P2,Team_C,Medium
3258,Medium,0.6,0.9,3,0.82,0.78,0.79,P2,Team_C,Medium
3259,Medium,0.6,0.51,1,0.51,0.59,0.61,P2,Team_B,Medium
3260,High,0.9,0.83,3,0.47,0.72,0.79,P1,Team_C,High
3261,High,0.9,0.22,4,0.88,0.6,0.93,P2,Team_B,Medium
3262,Medium,0.6,0.59,3,0.86,0.73,0.73,P2,Team_C,Medium
3263,Low,0.3,0.35,4,0.95,0.21,0.77,P3,Team_C,Low
3264,Low,0.3,0.47,2,0.89,0.58,0.48,P2,Team_B,Medium
3265,Low,0.3,0.54,3,0.74,0.26,0.56,P2,Team_A,Medium
3266,Medium,0.6,0.32,2,0.71,0.85,0.67,P2,Team_B,Medium
3267,High,0.9,0.75,2,0.72,0.56,0.99,P1,Team_C,High
3268,High,0.9,0.71,1,0.58,0.47,0.75,P1,Team_A,High
3269,Low,0.3,0.69,2,0.74,0.79,0.34,P2,Team_B,Medium
3270,Low,0.3,0.16,4,0.52,0.93,0.56,P3,Team_C,Low
3271,Low,0.3,0.54,4,0.9,0.55,0.38,P2,Team_A,Medium
3272,Medium,0.6,0.49,3,0.6,0.6,0.38,P2,Team_C,Medium
3273,High,0.9,0.49,3,0.95,0.9,0.37,P2,Team_C,Medium
3274,Low,0.3,0.22,2,0.97,0.84,0.86,P3,Team_B,Low
3275,Low,0.3,0.19,1,0.77,0.55,0.32,P3,Team_B,Low
3276,Medium,0.6,0.5,1,0.91,0.91,0.42,P2,Team_B,Medium
3277,Medium,0.6,0.39,3,0.85,0.97,0.83,P2,Team_A,Medium
3278,High,0.9,0.56,3,0.71,0.87,0.93,P2,Team_C,Medium
3279,Medium,0.6,0.68,2,0.54,0.62,0.97,P2,Team_B,Medium
3280,Medium,0.6,0.51,3,0.86,0.7,0.75,P2,Team_C,Medium
3281,Medium,0.6,0.3,2,0.29,0.69,0.46,P2,Team_B,Medium
3282,High,0.9,0.88,4,0.5,0.62,0.6,P1,Team_A,High
3283,High,0.9,0.34,2,0.9,0.28,0.55,P2,Team_B,Medium
3284,Medium,0.6,0.39,1,0.71,0.79,0.98,P2,Team_C,Medium
3285,Medium,0.6,0.27,4,0.85,0.41,0.47,P2,Team_C,Medium
3286,High,0.9,0.43,2,0.65,0.37,0.5,P2,Team_C,Medium
3287,Medium,0.6,0.5,4,0.46,0.67,0.44,P2,Team_A,Medium
3288,Low,0.3,0.64,1,0.5,0.66,0.57,P2,Team_C,Medium
3289,Medium,0.6,0.07,4,0.74,0.8,0.55,P2,Team_A,Medium
3290,Low,0.3,0.14,1,0.55,0.76,0.73,P3,Team_A,Low
3291,Medium,0.6,0.5,4,0.9,0.56,0.63,P2,Team_A,Medium
3292,High,0.9,0.66,1,0.87,0.65,0.89,P1,Team_C,High
3293,Medium,0.6,0.44,2,0.86,0.66,0.82,P2,Team_B,Medium
3294,Low,0.3,0.53,3,0.79,0.68,0.79,P2,Team_C,Medium
3295,Low,0.3,0.57,2,0.71,0.71,0.35,P2,Team_A,Medium
3296,Medium,0.6,0.83,1,0.62,0.66,0.86,P2,Team_A,Medium
3297,Medium,0.6,0.42,4,0.82,0.74,0.48,P2,Team_B,Medium
3298,Low,0.3,0.48,4,0.79,0.91,0.34,P2,Team_B,Medium
3299,Low,0.3,0.84,3,0.87,0.48,0.49,P2,Team_C,Medium
3300,High,0.9,0.28,3,0.9,0.87,0.76,P2,Team_B,Medium
3301,High,0.9,0.71,2,0.6,0.86,0.41,P1,Team_A,High
3302,Low,0.3,0.82,1,0.91,0.59,0.67,P2,Team_C,Medium
3303,Medium,0.6,0.72,2,0.88,0.65,0.84,P2,Team_C,Medium
3304,Medium,0.6,0.11,1,0.83,0.82,0.96,P2,Team_B,Medium
3305,High,0.9,0.31,3,0.98,0.77,0.85,P2,Team_A,Medium
3306,Medium,0.6,0.67,2,0.48,0.7,0.86,P2,Team_C,Medium
3307,Low,0.3,0.18,1,0.64,0.45,0.44,P3,Team_A,Low
3308,Medium,0.6,0.53,2,0.45,0.72,0.42,P2,Team_B,Medium
3309,Medium,0.6,0.61,4,0.71,0.74,0.76,P2,Team_A,Medium
3310,Medium,0.6,0.49,1,0.63,0.47,0.42,P2,Team_A,Medium
3311,Low,0.3,0.54,2,0.45,0.85,0.81,P2,Team_C,Medium
3312,Low,0.3,0.64,4,0.78,0.8,0.53,P2,Team_C,Medium
3313,Medium,0.6,0.12,1,0.62,0.71,0.74,P2,Team_A,Medium
3314,High,0.9,0.38,1,0.6,0.77,0.3,P2,Team_B,Medium
3315,Low,0.3,0.37,1,0.83,0.57,0.84,P3,Team_B,Low
3316,Low,0.3,0.34,1,0.47,0.61,0.58,P3,Team_B,Low
3317,Low,0.3,0.73,3,0.77,0.84,0.35,P2,Team_B,Medium
3318,High,0.9,0.75,3,0.55,0.92,0.96,P1,Team_B,High
3319,Medium,0.6,0.77,3,0.91,0.57,0.53,P2,Team_A,Medium
3320,Medium,0.6,0.28,1,0.65,0.64,0.56,P2,Team_C,Medium
3321,Low,0.3,0.53,1,0.57,0.32,0.98,P2,Team_B,Medium
3322,High,0.9,0.6,2,0.62,0.74,0.61,P2,Team_B,Medium
3323,Low,0.3,0.36,2,0.95,0.89,0.52,P3,Team_C,Low
3324,High,0.9,0.6,1,0.69,0.74,0.44,P2,Team_A,Medium
3325,Medium,0.6,0.5,2,0.77,0.43,0.74,P2,Team_A,Medium
3326,Medium,0.6,0.38,4,0.74,0.76,0.91,P2,Team_A,Medium
3327,High,0.9,0.49,2,0.8,0.48,0.69,P2,Team_B,Medium
3328,Low,0.3,0.39,4,0.62,0.62,0.38,P3,Team_B,Low
3329,High,0.9,0.09,3,0.64,0.75,0.42,P2,Team_A,Medium
3330,Medium,0.6,0.58,1,0.78,0.71,0.36,P2,Team_C,Medium
3331,High,0.9,0.45,2,0.87,0.93,0.97,P2,Team_C,Medium
3332,Medium,0.6,0.44,2,0.8,0.59,0.33,P2,Team_C,Medium
3333,Low,0.3,0.68,3,0.68,0.26,0.89,P2,Team_B,Medium
3334,Medium,0.6,0.45,4,0.42,0.79,0.55,P2,Team_B,Medium
3335,High,0.9,0.49,4,0.91,0.39,0.95,P2,Team_B,Medium
3336,High,0.9,0.52,4,0.62,0.61,0.6,P2,Team_B,Medium
3337,High,0.9,0.64,4,0.72,0.77,0.76,P1,Team_C,High
3338,Low,0.3,0.28,1,0.69,0.87,0.88,P3,Team_B,Low
3339,Medium,0.6,0.34,1,0.84,0.35,0.82,P2,Team_B,Medium
3340,Medium,0.6,0.17,4,0.84,0.7,0.63,P2,Team_C,Medium
3341,High,0.9,0.35,3,0.71,0.65,0.89,P2,Team_C,Medium
3342,Medium,0.6,0.14,3,0.56,0.57,0.89,P2,Team_B,Medium
3343,Medium,0.6,0.36,2,0.59,0.47,0.82,P2,Team_A,Medium
3344,Medium,0.6,0.15,1,0.62,0.77,0.77,P2,Team_B,Medium
3345,Medium,0.6,0.18,3,0.47,0.71,0.3,P2,Team_B,Medium
3346,Medium,0.6,0.42,2,0.83,0.7,0.98,P2,Team_C,Medium
3347,Medium,0.6,0.62,4,0.74,0.6,0.85,P2,Team_B,Medium
3348,Medium,0.6,0.58,1,0.82,0.79,0.41,P2,Team_C,Medium
3349,Low,0.3,0.43,1,0.82,0.72,0.48,P2,Team_A,Medium
3350,High,0.9,0.3,4,0.73,0.71,0.87,P2,Team_B,Medium
3351,Low,0.3,0.1,2,0.95,0.8,0.66,P3,Team_C,Low
3352,High,0.9,0.53,2,0.71,0.94,0.72,P2,Team_A,Medium
3353,Medium,0.6,0.31,1,0.63,0.77,0.96,P2,Team_C,Medium
3354,Low,0.3,0.75,3,0.61,0.85,0.85,P2,Team_A,Medium
3355,Low,0.3,0.53,1,0.66,0.6,0.72,P2,Team_A,Medium
3356,High,0.9,0.58,3,0.84,0.74,0.77,P2,Team_A,Medium
3357,High,0.9,0.22,4,0.75,0.83,0.5,P2,Team_C,Medium
3358,High,0.9,0.71,3,0.93,0.67,0.53,P1,Team_B,High
3359,Medium,0.6,0.27,4,0.64,0.72,0.92,P2,Team_C,Medium
3360,Low,0.3,0.39,1,0.61,0.55,0.65,P3,Team_C,Low
3361,Medium,0.6,0.61,1,0.88,0.66,0.75,P2,Team_C,Medium
3362,High,0.9,0.18,1,0.71,0.39,0.51,P2,Team_C,Medium
3363,Low,0.3,0.49,1,0.9,0.77,0.79,P2,Team_B,Medium
3364,High,0.9,0.1,1,0.89,0.56,0.31,P2,Team_A,Medium
3365,Low,0.3,0.17,3,0.65,0.45,0.51,P3,Team_C,Low
3366,Low,0.3,0.42,4,0.64,0.45,0.62,P2,Team_A,Medium
3367,Medium,0.6,0.32,4,0.49,0.41,0.35,P2,Team_C,Medium
3368,High,0.9,0.97,4,0.83,0.9,0.9,P1,Team_C,High
3369,Low,0.3,0.28,3,0.57,0.82,0.57,P3,Team_A,Low
3370,Medium,0.6,0.47,4,0.74,0.69,0.54,P2,Team_B,Medium
3371,Low,0.3,0.83,4,0.98,0.44,0.94,P2,Team_C,Medium
3372,High,0.9,0.42,1,0.54,0.81,0.34,P2,Team_C,Medium
3373,High,0.9,0.9,3,0.83,0.37,0.35,P1,Team_B,High
3374,Medium,0.6,0.68,1,0.62,0.8,0.49,P2,Team_C,Medium
3375,High,0.9,0.76,3,0.83,0.88,0.96,P1,Team_A,High
3376,Low,0.3,0.22,3,0.67,0.48,0.47,P3,Team_C,Low
3377,Medium,0.6,0.3,3,0.88,0.24,0.65,P2,Team_B,Medium
3378,Low,0.3,0.8,4,0.71,0.79,0.79,P2,Team_B,Medium
3379,Low,0.3,0.56,1,0.79,0.71,0.82,P2,Team_B,Medium
3380,Medium,0.6,0.47,4,0.88,0.45,0.39,P2,Team_A,Medium
3381,Medium,0.6,0.63,3,0.81,0.77,0.47,P2,Team_B,Medium
3382,Low,0.3,0.85,4,0.62,0.89,0.34,P2,Team_A,Medium
3383,Medium,0.6,0.16,2,0.73,0.52,0.6,P2,Team_C,Medium
3384,Medium,0.6,0.5,3,0.71,0.28,0.57,P2,Team_B,Medium
3385,Low,0.3,0.15,4,0.63,0.8,0.5,P3,Team_A,Low
3386,High,0.9,0.81,3,0.9,0.81,0.66,P1,Team_C,High
3387,Low,0.3,0.4,2,0.5,0.85,0.62,P2,Team_A,Medium
3388,Low,0.3,0.15,2,0.6,0.85,0.89,P3,Team_A,Low
3389,Low,0.3,0.73,2,0.77,0.51,0.63,P2,Team_B,Medium
3390,High,0.9,0.62,4,0.59,0.48,0.82,P1,Team_B,High
3391,Low,0.3,0.61,3,0.83,0.87,0.75,P2,Team_B,Medium
3392,High,0.9,0.44,2,0.51,0.69,0.77,P2,Team_C,Medium
3393,Medium,0.6,0.24,3,0.8,0.36,0.92,P2,Team_A,Medium
3394,Medium,0.6,0.69,4,0.54,0.68,0.63,P2,Team_C,Medium
3395,Medium,0.6,0.76,4,0.85,0.75,0.33,P2,Team_B,Medium
3396,High,0.9,0.76,1,0.37,0.67,0.87,P1,Team_A,High
3397,Low,0.3,0.5,3,0.88,0.64,0.61,P2,Team_B,Medium
3398,Low,0.3,0.29,3,0.82,0.79,0.36,P3,Team_B,Low
3399,High,0.9,0.27,3,0.43,0.88,0.96,P2,Team_C,Medium
3400,Low,0.3,0.46,4,0.76,0.8,0.53,P2,Team_C,Medium
3401,Medium,0.6,0.67,1,0.57,0.92,0.71,P2,Team_C,Medium
3402,Medium,0.6,0.24,3,0.78,0.63,0.48,P2,Team_C,Medium
3403,Medium,0.6,0.22,3,0.6,0.78,0.92,P2,Team_B,Medium
3404,Medium,0.6,0.37,4,0.55,0.7,0.5,P2,Team_A,Medium
3405,Medium,0.6,0.66,3,0.69,0.75,0.41,P2,Team_C,Medium
3406,High,0.9,0.43,3,0.74,0.61,0.6,P2,Team_B,Medium
3407,High,0.9,0.49,4,0.84,0.76,0.68,P2,Team_A,Medium
3408,High,0.9,0.46,1,0.79,0.68,0.61,P2,Team_B,Medium
3409,Medium,0.6,0.41,4,0.75,0.58,0.55,P2,Team_A,Medium
3410,Medium,0.6,0.65,3,0.8,0.68,0.48,P2,Team_B,Medium
3411,Low,0.3,0.36,3,0.59,0.54,0.84,P3,Team_B,Low
3412,High,0.9,0.23,2,0.58,0.82,0.64,P2,Team_C,Medium
3413,Medium,0.6,0.9,3,0.95,0.59,0.59,P2,Team_B,Medium
3414,Medium,0.6,0.87,1,0.39,0.82,0.73,P2,Team_B,Medium
3415,High,0.9,0.52,4,0.83,0.27,0.59,P2,Team_A,Medium
3416,Low,0.3,0.69,3,0.81,0.7,0.58,P2,Team_B,Medium
3417,Low,0.3,0.65,4,0.76,0.61,0.62,P2,Team_A,Medium
3418,High,0.9,0.87,4,0.67,0.8,0.5,P1,Team_B,High
3419,Low,0.3,0.61,2,0.9,0.5,0.31,P2,Team_B,Medium
3420,Medium,0.6,0.72,1,0.77,0.95,0.89,P2,Team_A,Medium
3421,Low,0.3,0.43,1,0.94,0.71,0.98,P2,Team_A,Medium
3422,Medium,0.6,0.6,2,0.69,0.92,0.74,P2,Team_B,Medium
3423,Low,0.3,0.73,3,0.87,0.78,0.46,P2,Team_C,Medium
3424,Medium,0.6,0.69,2,0.63,0.34,0.45,P2,Team_C,Medium
3425,Low,0.3,0.85,2,0.85,0.72,0.88,P2,Team_C,Medium
3426,Low,0.3,0.49,2,0.5,0.43,0.53,P2,Team_B,Medium
3427,Low,0.3,0.58,3,0.9,0.81,0.46,P2,Team_C,Medium
3428,Medium,0.6,0.65,4,0.83,0.33,0.93,P2,Team_C,Medium
3429,Medium,0.6,0.7,1,0.67,0.79,0.96,P2,Team_C,Medium
3430,Medium,0.6,0.51,1,0.49,0.77,0.31,P2,Team_C,Medium
3431,Low,0.3,0.55,2,0.79,0.77,0.53,P2,Team_C,Medium
3432,Low,0.3,0.29,1,0.59,0.3,0.62,P3,Team_A,Low
3433,Medium,0.6,0.21,4,0.88,0.78,0.71,P2,Team_A,Medium
3434,Medium,0.6,0.47,3,0.7,0.79,0.91,P2,Team_A,Medium
3435,Low,0.3,0.67,1,0.74,0.26,0.61,P2,Team_A,Medium
3436,High,0.9,0.07,4,0.56,0.52,0.7,P2,Team_C,Medium
3437,High,0.9,0.63,2,0.76,0.45,0.95,P1,Team_C,High
3438,Medium,0.6,0.79,3,0.57,0.58,0.71,P2,Team_A,Medium
3439,Medium,0.6,0.39,4,0.45,0.73,0.61,P2,Team_A,Medium
3440,Medium,0.6,0.81,1,0.56,0.8,0.41,P2,Team_B,Medium
3441,Low,0.3,0.91,3,0.7,0.77,0.96,P2,Team_A,Medium
3442,Medium,0.6,0.44,1,0.74,0.69,0.48,P2,Team_B,Medium
3443,Low,0.3,0.09,1,0.61,0.52,0.56,P3,Team_A,Low
3444,Low,0.3,0.86,3,0.74,0.68,0.7,P2,Team_A,Medium
3445,Medium,0.6,0.17,4,0.76,0.38,0.39,P2,Team_C,Medium
3446,Low,0.3,0.7,1,0.59,0.78,0.83,P2,Team_B,Medium
3447,Medium,0.6,0.94,2,0.76,0.32,0.63,P2,Team_A,Medium
3448,Low,0.3,0.55,4,0.87,0.71,0.87,P2,Team_C,Medium
3449,Medium,0.6,0.83,1,0.67,0.7,0.32,P2,Team_C,Medium
3450,Medium,0.6,0.23,3,0.82,0.86,0.4,P2,Team_C,Medium
3451,Medium,0.6,0.55,3,0.57,0.49,0.8,P2,Team_A,Medium
3452,High,0.9,0.59,3,0.67,0.73,0.59,P2,Team_B,Medium
3453,Medium,0.6,0.12,4,0.87,0.53,0.64,P2,Team_A,Medium
3454,Low,0.3,0.07,4,0.45,0.65,0.55,P3,Team_B,Low
3455,Low,0.3,0.67,4,0.89,0.72,0.88,P2,Team_C,Medium
3456,Medium,0.6,0.54,3,0.86,0.66,0.37,P2,Team_A,Medium
3457,Medium,0.6,0.59,4,0.84,0.78,0.93,P2,Team_B,Medium
3458,Medium,0.6,0.8,4,0.82,0.53,0.4,P2,Team_C,Medium
3459,Low,0.3,0.76,3,0.78,0.83,0.82,P2,Team_A,Medium
3460,Low,0.3,0.64,4,0.89,0.83,0.89,P2,Team_B,Medium
3461,High,0.9,0.39,4,0.39,0.63,0.63,P2,Team_C,Medium
3462,High,0.9,0.81,3,0.72,0.74,0.4,P1,Team_B,High
3463,Medium,0.6,0.36,4,0.83,0.68,0.48,P2,Team_A,Medium
3464,Low,0.3,0.84,3,0.36,0.91,0.38,P2,Team_A,Medium
3465,Low,0.3,0.68,3,0.74,0.95,0.75,P2,Team_A,Medium
3466,High,0.9,0.8,4,0.52,0.92,0.43,P1,Team_A,High
3467,Low,0.3,0.13,3,0.83,0.78,0.7,P3,Team_B,Low
3468,Medium,0.6,0.74,1,0.5,0.73,0.65,P2,Team_A,Medium
3469,Medium,0.6,0.78,4,0.85,0.56,0.79,P2,Team_C,Medium
3470,High,0.9,0.72,1,0.9,0.54,0.72,P1,Team_B,High
3471,Low,0.3,0.9,1,0.41,0.9,0.69,P2,Team_A,Medium
3472,Medium,0.6,0.32,2,0.78,0.51,0.7,P2,Team_C,Medium
3473,High,0.9,0.08,2,0.77,0.77,0.58,P2,Team_A,Medium
3474,Low,0.3,0.65,3,0.61,0.81,0.55,P2,Team_C,Medium
3475,Medium,0.6,0.35,4,0.57,0.54,0.71,P2,Team_A,Medium
3476,Low,0.3,0.56,2,0.71,0.55,0.73,P2,Team_A,Medium
3477,High,0.9,0.74,4,0.79,0.77,0.95,P1,Team_B,High
3478,High,0.9,0.56,2,0.82,0.73,0.96,P2,Team_C,Medium
3479,High,0.9,0.1,1,0.73,0.55,0.45,P2,Team_C,Medium
3480,Medium,0.6,0.2,3,0.69,0.76,0.31,P2,Team_A,Medium
3481,Medium,0.6,0.34,1,0.53,0.85,0.79,P2,Team_C,Medium
3482,High,0.9,0.75,2,0.82,0.65,0.95,P1,Team_A,High
3483,High,0.9,0.82,2,0.92,0.62,0.58,P1,Team_C,High
3484,Low,0.3,0.42,1,0.53,0.78,0.36,P2,Team_C,Medium
3485,High,0.9,0.56,1,0.79,0.31,0.52,P2,Team_A,Medium
3486,Low,0.3,0.2,2,0.87,0.52,0.32,P3,Team_B,Low
3487,Low,0.3,0.61,3,0.68,0.94,0.95,P2,Team_C,Medium
3488,High,0.9,0.48,2,0.88,0.74,0.78,P2,Team_C,Medium
3489,Low,0.3,0.95,1,0.72,0.83,0.65,P2,Team_B,Medium
3490,Low,0.3,0.85,4,0.86,0.69,0.89,P2,Team_A,Medium
3491,Medium,0.6,0.27,1,0.87,0.61,0.81,P2,Team_A,Medium
3492,Medium,0.6,0.72,1,0.74,0.6,0.86,P2,Team_C,Medium
3493,Medium,0.6,0.66,1,0.62,0.82,0.84,P2,Team_B,Medium
3494,Low,0.3,0.09,2,0.54,0.83,0.38,P3,Team_A,Low
3495,Medium,0.6,0.81,2,0.7,0.34,0.33,P2,Team_C,Medium
3496,High,0.9,0.83,2,0.83,0.73,0.79,P1,Team_C,High
3497,Low,0.3,0.26,1,0.74,0.44,0.86,P3,Team_A,Low
3498,High,0.9,0.36,3,0.89,0.61,0.85,P2,Team_C,Medium
3499,Low,0.3,0.38,2,0.78,0.83,0.58,P3,Team_C,Low
3500,Low,0.3,0.55,1,0.78,0.79,0.52,P2,Team_B,Medium
3501,Low,0.3,0.29,2,0.99,0.74,0.8,P3,Team_C,Low
3502,Low,0.3,0.6,1,0.45,0.77,0.58,P2,Team_B,Medium
3503,Medium,0.6,0.32,3,0.55,0.52,0.65,P2,Team_A,Medium
3504,Low,0.3,0.68,3,0.78,0.5,0.73,P2,Team_B,Medium
3505,High,0.9,0.23,2,0.51,0.2,0.79,P2,Team_B,Medium
3506,Low,0.3,0.4,3,0.42,0.55,0.49,P2,Team_C,Medium
3507,Medium,0.6,0.06,1,0.64,0.77,0.58,P2,Team_A,Medium
3508,Low,0.3,0.44,3,0.69,0.33,0.83,P2,Team_A,Medium
3509,Low,0.3,0.29,3,0.7,0.24,0.43,P3,Team_C,Low
3510,Low,0.3,0.63,1,0.79,0.54,0.8,P2,Team_A,Medium
3511,High,0.9,0.54,3,0.86,0.7,0.58,P2,Team_A,Medium
3512,Low,0.3,0.52,1,0.91,0.51,0.84,P2,Team_C,Medium
3513,Low,0.3,0.19,3,0.78,0.9,0.44,P3,Team_A,Low
3514,Low,0.3,0.25,1,0.69,0.76,0.41,P3,Team_C,Low
3515,Low,0.3,0.29,1,0.54,0.76,0.9,P3,Team_C,Low
3516,Low,0.3,0.51,3,0.48,0.71,0.69,P2,Team_C,Medium
3517,High,0.9,0.78,4,0.61,0.48,0.38,P1,Team_C,High
3518,Low,0.3,0.47,4,0.84,0.9,0.49,P2,Team_A,Medium
3519,Low,0.3,0.69,1,0.59,0.78,0.87,P2,Team_C,Medium
3520,Low,0.3,0.12,1,0.5,0.67,0.64,P3,Team_A,Low
3521,Medium,0.6,0.49,4,0.63,0.54,0.41,P2,Team_B,Medium
3522,Low,0.3,0.63,2,0.72,0.66,0.35,P2,Team_C,Medium
3523,Medium,0.6,0.23,4,0.89,0.57,0.9,P2,Team_A,Medium
3524,Low,0.3,0.12,3,0.61,0.38,0.52,P3,Team_B,Low
3525,Low,0.3,0.78,3,0.95,0.68,0.57,P2,Team_A,Medium
3526,Medium,0.6,0.47,3,0.73,0.69,0.95,P2,Team_C,Medium
3527,Medium,0.6,0.8,3,0.71,0.81,0.44,P2,Team_C,Medium
3528,Medium,0.6,0.64,2,0.73,0.59,0.4,P2,Team_A,Medium
3529,Low,0.3,0.41,4,0.91,0.7,0.55,P2,Team_C,Medium
3530,Low,0.3,0.52,4,0.8,0.85,0.98,P2,Team_A,Medium
3531,Medium,0.6,0.88,1,0.78,0.84,0.4,P2,Team_C,Medium
3532,High,0.9,0.58,1,0.51,0.92,0.89,P2,Team_A,Medium
3533,Medium,0.6,0.75,2,0.72,0.76,0.41,P2,Team_B,Medium
3534,Low,0.3,0.24,3,0.92,0.74,0.61,P3,Team_C,Low
3535,High,0.9,0.79,3,0.7,0.93,1.0,P1,Team_C,High
3536,Medium,0.6,0.73,3,0.77,0.93,0.74,P2,Team_C,Medium
3537,High,0.9,0.44,1,0.66,0.85,0.87,P2,Team_C,Medium
3538,Low,0.3,0.36,3,0.95,0.75,0.91,P3,Team_C,Low
3539,Low,0.3,0.98,4,0.63,0.75,0.83,P2,Team_C,Medium
3540,Medium,0.6,0.63,2,0.82,0.91,0.53,P2,Team_A,Medium
3541,Low,0.3,0.76,4,0.79,0.81,0.39,P2,Team_B,Medium
3542,Low,0.3,0.51,4,0.81,0.82,0.4,P2,Team_B,Medium
3543,Low,0.3,0.75,3,0.69,0.92,0.35,P2,Team_C,Medium
3544,Medium,0.6,0.43,1,0.61,0.64,0.8,P2,Team_A,Medium
3545,Medium,0.6,0.7,2,0.87,0.93,0.62,P2,Team_C,Medium
3546,Medium,0.6,0.52,2,0.65,0.63,0.67,P2,Team_C,Medium
3547,Medium,0.6,0.3,4,0.93,0.93,0.65,P2,Team_C,Medium
3548,Low,0.3,0.57,1,0.93,0.67,0.71,P2,Team_C,Medium
3549,High,0.9,0.63,3,0.47,0.48,0.98,P1,Team_B,High
3550,High,0.9,0.72,3,0.68,0.93,0.58,P1,Team_C,High
3551,High,0.9,0.46,1,0.84,0.66,0.44,P2,Team_B,Medium
3552,High,0.9,0.98,2,0.57,0.63,0.39,P1,Team_C,High
3553,Medium,0.6,0.79,1,0.88,0.74,0.33,P2,Team_A,Medium
3554,High,0.9,0.17,1,0.67,0.39,0.87,P2,Team_B,Medium
3555,Medium,0.6,0.7,1,0.87,0.86,0.95,P2,Team_A,Medium
3556,Low,0.3,0.26,2,0.81,0.75,0.7,P3,Team_A,Low
3557,Medium,0.6,0.43,4,0.69,0.84,0.63,P2,Team_C,Medium
3558,Medium,0.6,0.34,1,0.84,0.9,0.98,P2,Team_B,Medium
3559,Low,0.3,0.59,2,0.88,0.85,0.89,P2,Team_B,Medium
3560,High,0.9,0.66,1,0.93,0.7,0.33,P1,Team_B,High
3561,Medium,0.6,0.26,2,0.69,0.62,0.97,P2,Team_C,Medium
3562,Low,0.3,0.66,2,0.35,0.1,0.77,P2,Team_C,Medium
3563,Medium,0.6,0.28,2,0.87,0.86,0.45,P2,Team_A,Medium
3564,Medium,0.6,0.22,3,0.72,0.31,0.6,P2,Team_B,Medium
3565,Medium,0.6,0.7,1,0.66,0.94,0.77,P2,Team_C,Medium
3566,Medium,0.6,0.51,1,0.88,0.82,0.32,P2,Team_A,Medium
3567,Medium,0.6,0.46,4,0.72,0.63,0.78,P2,Team_A,Medium
3568,High,0.9,0.48,4,0.85,0.72,0.9,P2,Team_C,Medium
3569,High,0.9,0.74,3,0.67,0.66,0.99,P1,Team_B,High
3570,Medium,0.6,0.48,2,0.9,0.95,0.67,P2,Team_A,Medium
3571,Medium,0.6,0.95,3,0.88,0.79,0.54,P2,Team_A,Medium
3572,Low,0.3,0.41,1,0.81,0.83,0.9,P2,Team_B,Medium
3573,High,0.9,0.19,4,0.89,0.68,0.36,P2,Team_B,Medium
3574,Low,0.3,0.48,3,0.69,0.62,0.61,P2,Team_B,Medium
3575,Medium,0.6,0.21,3,0.45,0.67,0.48,P2,Team_C,Medium
3576,Medium,0.6,0.79,1,0.84,0.89,0.63,P2,Team_B,Medium
3577,Medium,0.6,0.39,2,0.39,0.95,0.44,P2,Team_C,Medium
3578,Medium,0.6,0.68,3,0.84,0.72,0.66,P2,Team_A,Medium
3579,Low,0.3,0.68,2,0.78,0.74,0.82,P2,Team_C,Medium
3580,Medium,0.6,0.65,1,0.34,0.75,0.41,P2,Team_C,Medium
3581,Low,0.3,0.38,4,0.54,0.93,0.5,P3,Team_B,Low
3582,Low,0.3,0.78,3,0.75,0.55,0.6,P2,Team_A,Medium
3583,Low,0.3,0.5,1,0.86,0.32,0.86,P2,Team_B,Medium
3584,Low,0.3,0.65,1,0.34,0.8,0.85,P2,Team_B,Medium
3585,Medium,0.6,0.38,4,0.89,0.82,0.93,P2,Team_A,Medium
3586,Low,0.3,0.09,1,0.8,0.72,0.4,P3,Team_A,Low
3587,Low,0.3,0.36,4,0.61,0.61,0.8,P3,Team_C,Low
3588,Medium,0.6,0.48,4,0.85,0.86,0.57,P2,Team_C,Medium
3589,High,0.9,0.07,1,0.63,0.58,0.82,P2,Team_B,Medium
3590,Medium,0.6,0.3,4,0.72,0.2,0.81,P2,Team_C,Medium
3591,Low,0.3,0.66,3,0.88,0.73,0.64,P2,Team_B,Medium
3592,Low,0.3,0.46,3,0.75,0.79,0.32,P2,Team_B,Medium
3593,Medium,0.6,0.62,3,0.68,0.96,0.77,P2,Team_A,Medium
3594,Low,0.3,0.19,1,0.78,0.6,0.42,P3,Team_C,Low
3595,Low,0.3,0.27,2,0.6,0.89,0.37,P3,Team_A,Low
3596,High,0.9,0.42,2,0.7,0.57,0.65,P2,Team_A,Medium
3597,Medium,0.6,0.64,4,0.71,0.55,0.5,P2,Team_B,Medium
3598,Low,0.3,0.27,1,0.6,0.71,0.96,P3,Team_B,Low
3599,Medium,0.6,0.87,1,0.66,0.73,0.97,P2,Team_C,Medium
3600,Low,0.3,0.47,4,0.66,0.9,0.7,P2,Team_C,Medium
3601,Medium,0.6,0.64,1,0.69,0.79,0.59,P2,Team_A,Medium
3602,High,0.9,0.2,2,0.75,0.66,0.51,P2,Team_C,Medium
3603,Low,0.3,0.7,2,0.68,0.74,0.78,P2,Team_A,Medium
3604,High,0.9,0.53,2,0.89,0.52,0.37,P2,Team_B,Medium
3605,Medium,0.6,0.27,4,0.94,0.6,0.72,P2,Team_C,Medium
3606,High,0.9,0.69,3,0.63,0.84,0.49,P1,Team_A,High
3607,High,0.9,0.68,4,0.54,0.83,0.97,P1,Team_B,High
3608,High,0.9,0.36,4,0.92,0.67,0.38,P2,Team_A,Medium
3609,Medium,0.6,0.52,4,0.53,0.7,0.78,P2,Team_B,Medium
3610,Low,0.3,0.02,1,0.58,0.57,0.74,P3,Team_A,Low
3611,Low,0.3,0.31,4,0.73,0.74,0.52,P3,Team_C,Low
3612,Low,0.3,0.69,1,0.28,0.79,0.74,P2,Team_B,Medium
3613,Low,0.3,0.41,1,0.79,0.78,0.4,P2,Team_C,Medium
3614,Medium,0.6,0.72,2,0.8,0.8,0.39,P2,Team_B,Medium
3615,Medium,0.6,0.36,2,0.52,0.64,0.45,P2,Team_C,Medium
3616,Medium,0.6,0.81,1,0.49,0.25,0.69,P2,Team_C,Medium
3617,Low,0.3,0.42,1,0.39,0.26,0.83,P2,Team_A,Medium
3618,Low,0.3,0.41,1,0.79,0.9,0.87,P2,Team_A,Medium
3619,Low,0.3,0.5,2,0.63,0.55,0.86,P2,Team_B,Medium
3620,Low,0.3,0.35,4,0.8,0.93,0.32,P3,Team_A,Low
3621,Medium,0.6,0.82,4,0.83,0.46,0.38,P2,Team_B,Medium
3622,Low,0.3,0.22,3,0.75,0.45,0.65,P3,Team_B,Low
3623,Low,0.3,0.85,4,0.65,0.66,0.6,P2,Team_C,Medium
3624,High,0.9,0.42,1,0.64,0.68,0.37,P2,Team_B,Medium
3625,Low,0.3,0.13,1,0.9,0.58,0.56,P3,Team_C,Low
3626,Low,0.3,0.69,4,0.62,0.31,0.69,P2,Team_C,Medium
3627,Low,0.3,0.84,4,0.76,0.67,0.31,P2,Team_A,Medium
3628,Medium,0.6,0.67,2,0.42,0.69,0.49,P2,Team_C,Medium
3629,Medium,0.6,0.22,1,0.68,0.48,0.99,P2,Team_C,Medium
3630,High,0.9,0.24,3,0.81,0.52,0.89,P2,Team_B,Medium
3631,Medium,0.6,0.45,1,0.45,0.44,0.75,P2,Team_B,Medium
3632,Medium,0.6,0.52,1,0.56,0.88,0.47,P2,Team_A,Medium
3633,Medium,0.6,0.57,4,0.69,0.68,0.99,P2,Team_A,Medium
3634,Medium,0.6,0.36,2,0.87,0.69,0.76,P2,Team_A,Medium
3635,High,0.9,0.45,1,0.98,0.92,0.45,P2,Team_B,Medium
3636,Low,0.3,0.45,3,0.87,0.6,0.41,P2,Team_A,Medium
3637,Low,0.3,0.12,3,0.7,0.82,0.36,P3,Team_B,Low
3638,Medium,0.6,0.4,4,0.44,0.48,0.92,P2,Team_A,Medium
3639,Low,0.3,0.63,1,0.73,0.61,0.62,P2,Team_B,Medium
3640,Medium,0.6,0.5,1,0.75,0.64,0.7,P2,Team_A,Medium
3641,Low,0.3,0.47,1,0.79,0.49,0.47,P2,Team_A,Medium
3642,Low,0.3,0.25,4,0.78,0.67,0.33,P3,Team_A,Low
3643,Low,0.3,0.37,4,0.87,0.57,0.51,P3,Team_B,Low
3644,Medium,0.6,0.48,2,0.7,0.54,0.97,P2,Team_C,Medium
3645,High,0.9,0.88,1,0.7,0.77,0.74,P1,Team_C,High
3646,Medium,0.6,0.76,2,0.71,0.84,0.46,P2,Team_A,Medium
3647,Low,0.3,0.36,1,0.51,0.94,0.61,P3,Team_B,Low
3648,Low,0.3,0.29,2,0.59,0.74,0.87,P3,Team_B,Low
3649,Low,0.3,0.24,2,0.63,0.45,0.37,P3,Team_C,Low
3650,Low,0.3,0.34,3,0.91,0.79,0.79,P3,Team_A,Low
3651,High,0.9,0.52,3,0.7,0.69,0.3,P2,Team_C,Medium
3652,Low,0.3,0.48,3,0.88,0.82,0.67,P2,Team_B,Medium
3653,Medium,0.6,0.66,4,0.91,0.35,0.79,P2,Team_B,Medium
3654,Low,0.3,0.7,3,0.68,0.83,0.47,P2,Team_C,Medium
3655,Low,0.3,0.55,1,0.82,0.94,0.96,P2,Team_B,Medium
3656,High,0.9,0.3,3,0.88,0.67,0.42,P2,Team_C,Medium
3657,High,0.9,0.55,3,0.68,0.43,0.97,P2,Team_A,Medium
3658,Medium,0.6,0.48,2,0.22,0.6,0.92,P2,Team_A,Medium
3659,Medium,0.6,0.4,2,0.78,0.31,0.75,P2,Team_A,Medium
3660,Low,0.3,0.12,4,0.81,0.69,0.94,P3,Team_B,Low
3661,Low,0.3,0.31,3,0.65,0.88,0.4,P3,Team_A,Low
3662,High,0.9,0.7,2,0.78,0.64,0.61,P1,Team_A,High
3663,Medium,0.6,0.49,2,0.7,0.87,0.88,P2,Team_A,Medium
3664,Medium,0.6,0.54,1,0.82,0.77,0.42,P2,Team_A,Medium
3665,Low,0.3,0.28,2,0.61,0.33,0.54,P3,Team_B,Low
3666,Medium,0.6,0.48,4,0.82,0.76,0.59,P2,Team_B,Medium
3667,High,0.9,0.11,1,0.79,0.9,0.69,P2,Team_A,Medium
3668,High,0.9,0.39,4,0.44,0.66,0.4,P2,Team_B,Medium
3669,Low,0.3,0.28,4,0.61,0.84,0.75,P3,Team_C,Low
3670,High,0.9,0.82,1,0.66,0.71,0.4,P1,Team_C,High
3671,Low,0.3,0.28,2,0.76,0.73,0.71,P3,Team_B,Low
3672,High,0.9,0.55,1,0.7,0.81,0.53,P2,Team_B,Medium
3673,Low,0.3,0.64,4,0.87,0.85,0.42,P2,Team_A,Medium
3674,Medium,0.6,0.91,2,0.67,0.69,0.5,P2,Team_B,Medium
3675,Low,0.3,0.97,2,0.86,0.7,0.73,P2,Team_A,Medium
3676,Low,0.3,0.39,2,0.56,0.67,0.74,P3,Team_B,Low
3677,Low,0.3,0.37,4,0.58,0.81,0.68,P3,Team_C,Low
3678,Low,0.3,0.53,1,0.53,0.48,0.77,P2,Team_C,Medium
3679,High,0.9,0.76,2,0.69,0.82,0.53,P1,Team_C,High
3680,High,0.9,0.41,3,0.65,0.57,0.72,P2,Team_B,Medium
3681,Low,0.3,0.61,4,0.92,0.52,0.87,P2,Team_C,Medium
3682,Medium,0.6,0.77,1,0.96,0.66,0.32,P2,Team_B,Medium
3683,High,0.9,0.36,2,0.68,0.62,0.94,P2,Team_B,Medium
3684,Medium,0.6,0.14,1,0.66,0.42,0.35,P2,Team_B,Medium
3685,High,0.9,0.21,2,0.84,0.85,0.46,P2,Team_A,Medium
3686,High,0.9,0.74,4,0.75,0.97,0.31,P1,Team_C,High
3687,High,0.9,0.39,3,0.93,0.48,0.44,P2,Team_C,Medium
3688,Low,0.3,0.39,1,0.47,0.85,0.79,P3,Team_A,Low
3689,High,0.9,0.67,3,0.55,0.78,0.99,P1,Team_A,High
3690,Medium,0.6,0.49,3,0.67,0.57,0.67,P2,Team_C,Medium
3691,High,0.9,0.37,3,0.69,0.68,0.46,P2,Team_B,Medium
3692,Low,0.3,0.27,2,0.53,0.76,0.54,P3,Team_A,Low
3693,Medium,0.6,0.74,1,0.86,0.36,0.9,P2,Team_C,Medium
3694,Medium,0.6,0.23,3,0.66,0.22,0.65,P2,Team_A,Medium
3695,High,0.9,0.36,3,0.87,0.51,0.94,P2,Team_C,Medium
3696,High,0.9,0.08,4,0.68,0.47,0.32,P2,Team_B,Medium
3697,Low,0.3,0.28,3,0.73,0.66,0.61,P3,Team_A,Low
3698,High,0.9,0.37,1,0.64,0.86,0.94,P2,Team_B,Medium
3699,Medium,0.6,0.68,4,0.89,0.67,0.76,P2,Team_B,Medium
3700,Medium,0.6,0.46,4,0.47,0.84,0.68,P2,Team_A,Medium
3701,High,0.9,0.96,4,0.6,0.46,0.86,P1,Team_A,High
3702,Low,0.3,0.82,3,0.49,0.54,0.69,P2,Team_A,Medium
3703,Low,0.3,0.34,4,0.56,0.5,0.63,P3,Team_B,Low
3704,Medium,0.6,0.62,4,0.62,0.56,0.42,P2,Team_A,Medium
3705,Medium,0.6,0.32,4,0.8,0.91,0.62,P2,Team_B,Medium
3706,Low,0.3,0.23,2,0.89,0.65,0.44,P3,Team_B,Low
3707,Medium,0.6,0.32,4,0.42,0.73,0.57,P2,Team_B,Medium
3708,High,0.9,0.17,2,0.58,0.79,0.4,P2,Team_C,Medium
3709,Medium,0.6,0.96,1,0.76,0.68,0.69,P2,Team_C,Medium
3710,Low,0.3,0.81,4,0.81,0.64,0.96,P2,Team_C,Medium
3711,Low,0.3,0.9,3,0.5,0.49,0.92,P2,Team_B,Medium
3712,Medium,0.6,0.32,2,0.88,0.63,0.45,P2,Team_C,Medium
3713,Medium,0.6,0.7,3,0.67,0.72,0.51,P2,Team_B,Medium
3714,Low,0.3,0.43,3,0.8,0.54,0.99,P2,Team_A,Medium
3715,Medium,0.6,0.66,1,0.84,0.65,0.44,P2,Team_C,Medium
3716,Low,0.3,0.65,3,0.55,0.58,0.59,P2,Team_C,Medium
3717,Medium,0.6,0.79,3,0.7,0.43,0.82,P2,Team_C,Medium
3718,Low,0.3,0.29,1,0.48,0.53,0.4,P3,Team_C,Low
3719,Low,0.3,0.48,4,0.32,0.47,0.4,P2,Team_A,Medium
3720,Low,0.3,0.86,1,0.51,0.81,0.84,P2,Team_A,Medium
3721,Low,0.3,0.09,4,0.55,0.93,0.62,P3,Team_C,Low
3722,Medium,0.6,0.98,3,0.72,0.45,0.97,P2,Team_C,Medium
3723,Medium,0.6,0.86,4,0.8,0.73,0.34,P2,Team_B,Medium
3724,Low,0.3,0.94,3,0.75,0.55,0.94,P2,Team_B,Medium
3725,High,0.9,0.62,3,0.93,0.68,0.6,P1,Team_A,High
3726,Medium,0.6,0.44,4,0.88,0.76,0.67,P2,Team_A,Medium
3727,Low,0.3,0.89,3,0.71,0.68,0.55,P2,Team_A,Medium
3728,High,0.9,0.2,4,0.53,0.85,0.58,P2,Team_B,Medium
3729,High,0.9,0.72,4,0.93,0.58,0.36,P1,Team_A,High
3730,High,0.9,0.71,2,0.83,0.69,0.3,P1,Team_A,High
3731,Low,0.3,0.44,1,0.97,0.41,0.62,P2,Team_B,Medium
3732,Low,0.3,0.15,2,0.76,0.6,0.65,P3,Team_B,Low
3733,High,0.9,0.74,2,0.84,0.75,0.3,P1,Team_A,High
3734,High,0.9,0.43,1,0.7,0.8,0.42,P2,Team_A,Medium
3735,Medium,0.6,0.66,2,0.8,0.55,0.65,P2,Team_A,Medium
3736,Low,0.3,0.27,3,0.94,0.23,0.92,P3,Team_B,Low
3737,Low,0.3,0.54,4,0.7,0.48,0.84,P2,Team_B,Medium
3738,High,0.9,0.64,1,0.68,0.47,0.85,P1,Team_B,High
3739,Medium,0.6,0.74,4,0.6,0.44,0.9,P2,Team_C,Medium
3740,Low,0.3,0.11,4,0.71,0.69,0.71,P3,Team_A,Low
3741,Low,0.3,0.03,2,0.87,0.98,0.56,P3,Team_A,Low
3742,Medium,0.6,0.16,4,0.81,0.5,0.99,P2,Team_B,Medium
3743,Low,0.3,0.22,3,0.45,0.85,0.81,P3,Team_C,Low
3744,High,0.9,0.61,3,0.5,0.75,0.53,P1,Team_C,High
3745,High,0.9,0.39,4,0.86,0.61,0.46,P2,Team_A,Medium
3746,Low,0.3,0.35,1,0.64,0.59,0.95,P3,Team_C,Low
3747,Low,0.3,0.76,4,0.58,0.58,0.65,P2,Team_A,Medium
3748,High,0.9,0.82,4,0.69,0.41,0.8,P1,Team_B,High
3749,Low,0.3,0.79,1,0.41,0.48,0.94,P2,Team_B,Medium
3750,Medium,0.6,0.45,3,0.75,0.61,0.71,P2,Team_C,Medium
3751,High,0.9,0.23,2,0.9,0.68,0.48,P2,Team_A,Medium
3752,Low,0.3,0.62,4,0.74,0.63,0.73,P2,Team_C,Medium
3753,Low,0.3,0.7,2,0.79,0.86,0.58,P2,Team_A,Medium
3754,Medium,0.6,0.63,1,0.65,0.69,0.34,P2,Team_C,Medium
3755,Low,0.3,0.63,4,0.63,0.88,0.49,P2,Team_A,Medium
3756,High,0.9,0.24,2,0.8,0.51,1.0,P2,Team_B,Medium
3757,Medium,0.6,0.38,1,0.67,0.56,0.81,P2,Team_B,Medium
3758,Low,0.3,0.4,4,0.91,0.78,0.37,P2,Team_B,Medium
3759,High,0.9,0.72,3,0.48,0.86,0.54,P1,Team_A,High
3760,Low,0.3,0.21,1,0.65,0.86,0.94,P3,Team_B,Low
3761,Low,0.3,0.37,4,0.73,0.25,0.52,P3,Team_A,Low
3762,Medium,0.6,0.53,3,0.65,0.42,0.48,P2,Team_B,Medium
3763,High,0.9,0.28,4,0.76,0.65,0.79,P2,Team_A,Medium
3764,High,0.9,0.81,1,0.79,0.79,0.4,P1,Team_C,High
3765,Medium,0.6,0.64,2,0.42,0.2,0.41,P2,Team_C,Medium
3766,High,0.9,0.77,3,0.5,0.54,0.68,P1,Team_B,High
3767,Medium,0.6,0.27,4,0.87,0.51,0.58,P2,Team_C,Medium
3768,Medium,0.6,0.84,4,0.71,0.77,0.72,P2,Team_A,Medium
3769,Low,0.3,0.75,3,0.76,0.63,0.7,P2,Team_C,Medium
3770,Medium,0.6,0.35,2,0.83,0.95,0.91,P2,Team_A,Medium
3771,Low,0.3,0.44,2,0.78,0.62,0.48,P2,Team_C,Medium
3772,Medium,0.6,0.34,2,0.75,0.5,0.47,P2,Team_A,Medium
3773,Medium,0.6,0.64,2,0.96,0.6,0.5,P2,Team_C,Medium
3774,High,0.9,0.65,2,0.61,0.73,0.57,P1,Team_C,High
3775,Low,0.3,0.83,2,0.98,0.7,0.4,P2,Team_A,Medium
3776,High,0.9,0.5,4,0.6,0.75,0.62,P2,Team_C,Medium
3777,High,0.9,0.31,2,0.47,0.88,0.37,P2,Team_A,Medium
3778,Low,0.3,0.7,1,0.59,0.36,0.35,P2,Team_C,Medium
3779,Low,0.3,0.73,1,0.77,0.59,0.85,P2,Team_A,Medium
3780,Low,0.3,0.21,1,0.79,0.88,0.56,P3,Team_A,Low
3781,High,0.9,0.23,3,0.51,0.68,0.39,P2,Team_C,Medium
3782,Low,0.3,0.15,1,0.72,0.69,0.42,P3,Team_A,Low
3783,High,0.9,0.38,4,0.72,0.59,0.44,P2,Team_B,Medium
3784,Medium,0.6,0.67,4,0.47,0.75,0.72,P2,Team_C,Medium
3785,High,0.9,0.06,3,0.79,0.66,0.31,P2,Team_B,Medium
3786,Medium,0.6,0.77,1,0.79,0.67,0.87,P2,Team_A,Medium
3787,Low,0.3,0.71,1,0.69,0.82,0.74,P2,Team_C,Medium
3788,Low,0.3,0.27,1,0.76,0.65,0.72,P3,Team_A,Low
3789,Medium,0.6,0.08,3,0.64,0.57,0.59,P2,Team_B,Medium
3790,High,0.9,0.11,2,0.6,0.23,0.43,P2,Team_A,Medium
3791,Low,0.3,0.24,4,0.93,0.82,0.66,P3,Team_A,Low
3792,High,0.9,0.81,2,0.79,0.52,0.99,P1,Team_C,High
3793,Low,0.3,0.27,1,0.66,0.24,0.72,P3,Team_A,Low
3794,High,0.9,0.4,4,0.89,0.88,0.47,P2,Team_A,Medium
3795,Low,0.3,0.72,1,0.57,0.86,0.53,P2,Team_B,Medium
3796,Medium,0.6,0.29,3,0.73,0.62,0.9,P2,Team_A,Medium
3797,Low,0.3,0.09,4,0.92,0.91,0.93,P3,Team_C,Low
3798,Low,0.3,0.15,3,0.6,0.8,0.82,P3,Team_A,Low
3799,Medium,0.6,0.57,2,0.9,0.66,0.68,P2,Team_C,Medium
3800,Medium,0.6,0.82,3,0.81,0.63,0.97,P2,Team_B,Medium
3801,Medium,0.6,0.34,1,0.86,0.49,0.73,P2,Team_B,Medium
3802,Medium,0.6,0.49,2,0.87,0.65,0.95,P2,Team_A,Medium
3803,High,0.9,0.15,4,0.93,0.6,0.94,P2,Team_B,Medium
3804,Medium,0.6,0.56,2,0.58,0.49,0.55,P2,Team_A,Medium
3805,Medium,0.6,0.75,2,0.81,0.95,0.34,P2,Team_C,Medium
3806,Medium,0.6,0.52,2,0.75,0.91,0.31,P2,Team_B,Medium
3807,Low,0.3,0.22,3,0.72,0.91,0.45,P3,Team_B,Low
3808,Low,0.3,0.55,3,0.58,0.87,0.36,P2,Team_A,Medium
3809,Medium,0.6,0.15,1,0.89,0.68,0.35,P2,Team_B,Medium
3810,High,0.9,0.55,2,0.5,0.55,0.97,P2,Team_A,Medium
3811,High,0.9,0.61,3,0.73,0.49,0.75,P1,Team_B,High
3812,High,0.9,0.32,4,0.72,0.59,0.58,P2,Team_B,Medium
3813,High,0.9,0.44,3,0.83,0.88,0.6,P2,Team_C,Medium
3814,Low,0.3,0.38,2,0.63,0.8,0.76,P3,Team_B,Low
3815,High,0.9,0.09,1,0.9,0.56,0.41,P2,Team_A,Medium
3816,Low,0.3,0.54,1,0.74,0.57,0.74,P2,Team_B,Medium
3817,High,0.9,0.82,3,0.81,0.97,0.77,P1,Team_B,High
3818,High,0.9,0.86,4,0.9,0.57,0.83,P1,Team_C,High
3819,Medium,0.6,0.8,3,0.76,0.76,0.72,P2,Team_A,Medium
3820,High,0.9,0.46,4,0.64,0.93,0.72,P2,Team_C,Medium
3821,Low,0.3,0.73,2,0.84,0.67,0.87,P2,Team_B,Medium
3822,Medium,0.6,0.96,2,0.84,0.82,0.53,P2,Team_C,Medium
3823,Low,0.3,0.91,3,0.7,0.61,0.53,P2,Team_A,Medium
3824,High,0.9,0.25,4,0.59,0.31,0.76,P2,Team_A,Medium
3825,Medium,0.6,0.64,1,0.94,0.93,0.82,P2,Team_A,Medium
3826,Medium,0.6,0.5,3,0.82,0.99,0.99,P2,Team_A,Medium
3827,High,0.9,0.26,2,0.45,0.08,0.57,P2,Team_B,Medium
3828,Medium,0.6,0.61,1,0.56,0.84,0.72,P2,Team_C,Medium
3829,Low,0.3,0.16,2,0.5,0.69,0.87,P3,Team_B,Low
3830,Low,0.3,0.63,2,0.69,0.79,0.79,P2,Team_A,Medium
3831,Medium,0.6,0.85,1,0.79,0.74,0.98,P2,Team_C,Medium
3832,Low,0.3,0.45,2,0.79,0.76,0.74,P2,Team_C,Medium
3833,Medium,0.6,0.41,2,0.75,0.66,0.68,P2,Team_B,Medium
3834,Low,0.3,0.52,3,0.59,0.58,0.96,P2,Team_B,Medium
3835,Medium,0.6,0.44,2,0.83,0.46,0.76,P2,Team_C,Medium
3836,Medium,0.6,0.8,4,0.85,0.48,1.0,P2,Team_A,Medium
3837,Medium,0.6,0.39,2,0.71,0.83,0.91,P2,Team_B,Medium
3838,Low,0.3,0.61,4,0.78,0.9,0.95,P2,Team_C,Medium
3839,High,0.9,0.14,3,0.77,0.43,0.46,P2,Team_B,Medium
3840,Medium,0.6,0.84,4,0.77,0.73,0.35,P2,Team_A,Medium
3841,Low,0.3,0.5,2,0.64,0.71,0.9,P2,Team_B,Medium
3842,Medium,0.6,0.55,3,0.57,0.63,0.81,P2,Team_B,Medium
3843,High,0.9,0.71,4,0.87,0.8,0.44,P1,Team_A,High
3844,Low,0.3,0.9,2,0.77,0.82,0.84,P2,Team_C,Medium
3845,Low,0.3,0.29,1,0.89,0.85,0.54,P3,Team_C,Low
3846,Medium,0.6,0.66,1,0.49,0.94,0.44,P2,Team_B,Medium
3847,Medium,0.6,0.65,1,0.87,0.65,0.6,P2,Team_B,Medium
3848,Low,0.3,0.3,3,0.82,0.37,0.84,P3,Team_C,Low
3849,Low,0.3,0.58,3,0.82,0.62,0.5,P2,Team_C,Medium
3850,Low,0.3,0.63,3,0.98,0.61,0.43,P2,Team_B,Medium
3851,Medium,0.6,0.77,2,0.85,0.53,0.32,P2,Team_C,Medium
3852,Medium,0.6,0.42,4,0.81,0.53,0.91,P2,Team_B,Medium
3853,Low,0.3,0.7,1,0.3,0.7,0.34,P2,Team_A,Medium
3854,Medium,0.6,0.31,1,0.46,0.42,0.85,P2,Team_B,Medium
3855,Medium,0.6,0.64,3,0.57,0.46,0.59,P2,Team_A,Medium
3856,Medium,0.6,0.39,3,0.75,0.51,0.41,P2,Team_C,Medium
3857,High,0.9,0.72,3,0.82,0.39,0.32,P1,Team_A,High
3858,High,0.9,0.23,4,0.9,0.39,0.54,P2,Team_B,Medium
3859,High,0.9,0.66,2,0.76,0.59,0.57,P1,Team_B,High
3860,Low,0.3,0.54,3,0.3,0.78,0.51,P2,Team_A,Medium
3861,Medium,0.6,0.91,2,0.67,0.7,0.99,P2,Team_B,Medium
3862,High,0.9,0.42,1,0.79,0.37,0.99,P2,Team_C,Medium
3863,Medium,0.6,0.29,1,0.9,0.44,0.47,P2,Team_A,Medium
3864,High,0.9,0.71,1,0.61,0.74,0.87,P1,Team_B,High
3865,High,0.9,0.14,4,0.46,0.55,0.55,P2,Team_C,Medium
3866,Low,0.3,0.5,2,0.74,0.85,0.42,P2,Team_B,Medium
3867,Medium,0.6,0.58,4,0.83,0.69,0.47,P2,Team_B,Medium
3868,High,0.9,0.29,4,0.84,0.77,0.64,P2,Team_B,Medium
3869,Medium,0.6,0.53,4,0.75,0.43,0.57,P2,Team_B,Medium
3870,High,0.9,0.54,1,0.24,0.75,0.86,P2,Team_C,Medium
3871,Medium,0.6,0.27,3,0.3,0.73,0.51,P2,Team_A,Medium
3872,Medium,0.6,0.64,2,0.75,0.69,0.76,P2,Team_C,Medium
3873,Low,0.3,0.31,2,0.97,0.66,0.69,P3,Team_A,Low
3874,Low,0.3,0.6,2,0.5,0.82,0.63,P2,Team_A,Medium
3875,Medium,0.6,0.86,3,0.44,0.66,0.9,P2,Team_A,Medium
3876,Low,0.3,0.47,2,0.62,0.76,0.79,P2,Team_C,Medium
3877,Low,0.3,0.34,3,0.86,0.75,0.89,P3,Team_B,Low
3878,High,0.9,0.48,3,0.86,0.91,0.84,P2,Team_C,Medium
3879,Medium,0.6,0.16,3,0.64,0.66,0.74,P2,Team_A,Medium
3880,Low,0.3,0.48,2,0.83,0.69,0.52,P2,Team_A,Medium
3881,Low,0.3,0.49,3,0.92,0.62,0.72,P2,Team_C,Medium
3882,Medium,0.6,0.88,2,0.5,0.64,0.44,P2,Team_B,Medium
3883,High,0.9,0.5,1,0.53,0.89,0.38,P2,Team_C,Medium
3884,High,0.9,0.58,2,0.83,0.64,0.52,P2,Team_C,Medium
3885,High,0.9,0.56,1,0.64,0.81,0.55,P2,Team_A,Medium
3886,High,0.9,0.8,4,0.75,0.6,0.72,P1,Team_C,High
3887,Medium,0.6,0.68,1,0.63,0.7,0.32,P2,Team_A,Medium
3888,Low,0.3,0.28,2,0.58,0.54,0.63,P3,Team_B,Low
3889,Low,0.3,0.55,1,0.75,0.7,0.38,P2,Team_C,Medium
3890,Low,0.3,0.51,3,0.48,0.49,0.55,P2,Team_A,Medium
3891,Medium,0.6,0.32,1,0.87,0.62,0.4,P2,Team_B,Medium
3892,High,0.9,0.37,3,0.78,0.79,0.48,P2,Team_A,Medium
3893,Medium,0.6,0.29,4,0.73,0.42,0.5,P2,Team_B,Medium
3894,High,0.9,0.43,4,0.75,0.81,0.58,P2,Team_A,Medium
3895,Low,0.3,0.5,3,0.77,0.79,0.98,P2,Team_B,Medium
3896,Medium,0.6,0.63,4,0.47,0.55,0.71,P2,Team_B,Medium
3897,Medium,0.6,0.29,1,0.67,0.89,0.93,P2,Team_B,Medium
3898,High,0.9,0.69,4,0.55,0.84,0.82,P1,Team_B,High
3899,Low,0.3,0.57,4,0.77,0.59,0.47,P2,Team_A,Medium
3900,Medium,0.6,0.55,4,0.81,0.78,0.31,P2,Team_B,Medium
3901,Low,0.3,0.36,3,0.71,0.33,0.89,P3,Team_C,Low
3902,Low,0.3,0.54,1,0.78,0.49,0.44,P2,Team_A,Medium
3903,Medium,0.6,0.62,2,0.8,0.81,0.92,P2,Team_B,Medium
3904,Low,0.3,0.45,2,0.7,0.78,0.63,P2,Team_A,Medium
3905,Low,0.3,0.35,3,0.53,0.72,0.89,P3,Team_B,Low
3906,High,0.9,0.14,1,0.65,0.43,0.71,P2,Team_B,Medium
3907,Low,0.3,0.42,1,0.75,0.6,0.87,P2,Team_C,Medium
3908,Medium,0.6,0.8,2,0.87,0.7,0.4,P2,Team_B,Medium
3909,Medium,0.6,0.7,3,0.77,0.96,0.75,P2,Team_A,Medium
3910,Medium,0.6,0.52,1,0.65,0.52,0.72,P2,Team_C,Medium
3911,Low,0.3,0.37,3,0.94,0.64,0.38,P3,Team_A,Low
3912,High,0.9,0.82,1,0.69,0.42,0.73,P1,Team_A,High
3913,High,0.9,0.36,1,0.96,0.75,0.91,P2,Team_C,Medium
3914,High,0.9,0.47,4,0.68,0.63,0.34,P2,Team_A,Medium
3915,High,0.9,0.44,1,0.88,0.65,0.61,P2,Team_C,Medium
3916,Medium,0.6,0.83,3,0.83,0.77,0.63,P2,Team_C,Medium
3917,Low,0.3,0.45,2,0.77,0.6,0.67,P2,Team_B,Medium
3918,Medium,0.6,0.38,3,0.35,0.6,0.87,P2,Team_B,Medium
3919,High,0.9,0.4,2,0.82,0.89,0.97,P2,Team_B,Medium
3920,Low,0.3,0.27,1,0.69,0.54,0.45,P3,Team_B,Low
3921,Low,0.3,0.59,1,0.58,0.66,0.3,P2,Team_B,Medium
3922,Medium,0.6,0.61,4,0.64,0.7,0.71,P2,Team_B,Medium
3923,Low,0.3,0.51,4,0.63,0.77,0.67,P2,Team_B,Medium
3924,Medium,0.6,0.54,2,0.61,0.87,0.59,P2,Team_B,Medium
3925,High,0.9,0.72,1,0.6,0.56,0.94,P1,Team_A,High
3926,Medium,0.6,0.4,1,0.41,0.39,0.69,P2,Team_A,Medium
3927,Low,0.3,0.74,2,0.59,0.82,0.73,P2,Team_B,Medium
3928,Medium,0.6,0.63,1,0.8,0.8,0.95,P2,Team_C,Medium
3929,Medium,0.6,0.54,1,0.65,0.38,0.63,P2,Team_A,Medium
3930,Low,0.3,0.49,1,0.92,0.59,0.75,P2,Team_A,Medium
3931,Low,0.3,0.4,4,0.68,0.57,0.54,P2,Team_B,Medium
3932,High,0.9,0.63,4,0.49,0.96,0.86,P1,Team_C,High
3933,Low,0.3,0.34,4,0.72,0.47,0.37,P3,Team_A,Low
3934,Low,0.3,0.46,4,0.84,0.46,0.97,P2,Team_C,Medium
3935,Medium,0.6,0.17,3,0.91,0.57,0.84,P2,Team_B,Medium
3936,Low,0.3,0.19,3,0.91,0.91,0.85,P3,Team_A,Low
3937,Medium,0.6,0.62,4,0.91,0.78,0.7,P2,Team_C,Medium
3938,Low,0.3,0.6,3,0.91,0.51,0.85,P2,Team_A,Medium
3939,Low,0.3,0.51,4,0.37,0.87,0.62,P2,Team_B,Medium
3940,High,0.9,0.65,3,0.82,0.93,0.73,P1,Team_B,High
3941,Medium,0.6,0.28,4,0.71,0.59,0.36,P2,Team_A,Medium
3942,Low,0.3,0.62,3,0.9,0.91,0.74,P2,Team_A,Medium
3943,Low,0.3,0.67,4,0.86,0.49,0.47,P2,Team_C,Medium
3944,Medium,0.6,0.48,3,0.61,0.46,0.76,P2,Team_C,Medium
3945,High,0.9,0.84,2,0.75,0.75,0.78,P1,Team_C,High
3946,Medium,0.6,0.55,4,0.76,0.32,0.38,P2,Team_A,Medium
3947,Medium,0.6,0.76,2,0.77,0.73,0.94,P2,Team_A,Medium
3948,Medium,0.6,0.54,1,0.55,0.68,0.59,P2,Team_C,Medium
3949,High,0.9,0.57,2,0.72,0.32,0.73,P2,Team_B,Medium
3950,Medium,0.6,0.7,4,0.93,0.76,0.59,P2,Team_A,Medium
3951,Low,0.3,0.53,2,0.41,0.34,0.69,P2,Team_C,Medium
3952,Medium,0.6,0.93,2,0.82,0.71,0.73,P2,Team_C,Medium
3953,High,0.9,0.29,4,0.91,0.4,0.45,P2,Team_B,Medium
3954,High,0.9,0.21,3,0.98,0.37,0.74,P2,Team_B,Medium
3955,Low,0.3,0.49,2,0.81,0.47,0.66,P2,Team_B,Medium
3956,Medium,0.6,0.18,4,0.77,0.76,0.72,P2,Team_A,Medium
3957,Medium,0.6,0.65,3,0.68,0.63,0.85,P2,Team_A,Medium
3958,High,0.9,0.23,3,0.84,0.69,0.9,P2,Team_C,Medium
3959,High,0.9,0.56,2,0.75,0.7,0.9,P2,Team_B,Medium
3960,High,0.9,0.98,3,0.74,0.55,0.4,P1,Team_C,High
3961,Low,0.3,0.58,1,0.83,0.92,0.42,P2,Team_B,Medium
3962,Medium,0.6,0.57,1,0.49,0.53,0.47,P2,Team_C,Medium
3963,Medium,0.6,0.78,1,0.65,0.39,0.55,P2,Team_B,Medium
3964,Medium,0.6,0.67,3,0.91,0.65,0.37,P2,Team_A,Medium
3965,Low,0.3,0.7,4,0.86,0.77,0.42,P2,Team_B,Medium
3966,Low,0.3,0.32,1,0.51,0.87,0.75,P3,Team_A,Low
3967,Medium,0.6,0.56,2,0.55,0.54,0.57,P2,Team_C,Medium
3968,High,0.9,0.32,1,0.55,0.55,0.7,P2,Team_B,Medium
3969,Low,0.3,0.9,3,0.82,0.7,0.76,P2,Team_B,Medium
3970,High,0.9,0.34,1,0.59,0.9,0.9,P2,Team_A,Medium
3971,Low,0.3,0.09,1,0.83,0.92,0.69,P3,Team_C,Low
3972,High,0.9,0.7,4,0.84,0.5,0.73,P1,Team_A,High
3973,High,0.9,0.38,2,0.81,0.58,0.38,P2,Team_A,Medium
3974,Medium,0.6,0.38,1,0.86,0.89,0.95,P2,Team_C,Medium
3975,Medium,0.6,0.86,3,0.97,0.54,0.65,P2,Team_B,Medium
3976,High,0.9,0.17,3,0.65,0.72,0.47,P2,Team_A,Medium
3977,Low,0.3,0.35,4,0.71,0.69,0.34,P3,Team_B,Low
3978,Medium,0.6,0.67,1,0.55,0.73,0.75,P2,Team_B,Medium
3979,Medium,0.6,0.72,1,0.62,0.92,0.87,P2,Team_C,Medium
3980,Low,0.3,0.43,4,0.6,0.74,0.96,P2,Team_C,Medium
3981,Medium,0.6,0.48,3,0.49,0.9,0.6,P2,Team_C,Medium
3982,Low,0.3,0.27,1,0.65,0.98,0.99,P3,Team_A,Low
3983,High,0.9,0.1,4,0.44,0.83,0.87,P2,Team_B,Medium
3984,Low,0.3,0.42,4,0.87,0.81,0.32,P2,Team_A,Medium
3985,Medium,0.6,0.37,1,0.81,0.78,0.76,P2,Team_B,Medium
3986,High,0.9,0.73,4,0.82,0.75,0.45,P1,Team_B,High
3987,High,0.9,0.34,1,0.9,0.62,0.9,P2,Team_B,Medium
3988,Medium,0.6,0.25,3,0.93,0.45,0.71,P2,Team_B,Medium
3989,High,0.9,0.39,2,0.8,0.73,0.7,P2,Team_C,Medium
3990,High,0.9,0.46,4,0.69,0.55,0.62,P2,Team_B,Medium
3991,Medium,0.6,0.76,1,0.78,0.88,0.74,P2,Team_A,Medium
3992,Medium,0.6,0.37,1,0.87,0.87,0.61,P2,Team_A,Medium
3993,Low,0.3,0.4,3,0.88,0.82,0.82,P2,Team_C,Medium
3994,High,0.9,0.77,4,0.64,0.79,0.65,P1,Team_C,High
3995,Medium,0.6,0.9,3,0.91,0.52,0.74,P2,Team_C,Medium
3996,Low,0.3,0.53,1,0.78,0.83,0.75,P2,Team_C,Medium
3997,Medium,0.6,0.61,2,0.78,0.84,0.36,P2,Team_B,Medium
3998,High,0.9,0.83,1,0.88,0.62,0.8,P1,Team_C,High
3999,High,0.9,0.48,2,0.58,0.95,0.84,P2,Team_A,Medium
4000,High,0.9,0.51,1,0.79,0.53,0.79,P2,Team_C,Medium
4001,Low,0.3,0.32,4,0.84,0.67,0.9,P3,Team_C,Low
4002,High,0.9,0.59,1,0.88,0.7,0.31,P2,Team_A,Medium
4003,High,0.9,0.45,4,0.75,0.61,0.53,P2,Team_C,Medium
4004,Low,0.3,0.65,4,0.72,0.37,0.58,P2,Team_B,Medium
4005,Low,0.3,0.31,3,0.58,0.62,0.36,P3,Team_B,Low
4006,High,0.9,0.53,4,0.71,0.87,0.55,P2,Team_C,Medium
4007,High,0.9,0.73,2,0.8,0.91,0.67,P1,Team_C,High
4008,Low,0.3,0.86,4,0.82,0.59,0.52,P2,Team_C,Medium
4009,Medium,0.6,0.22,1,0.91,0.72,0.89,P2,Team_B,Medium
4010,Low,0.3,0.8,3,0.86,0.79,0.71,P2,Team_C,Medium
4011,Low,0.3,0.04,3,0.77,0.55,0.96,P3,Team_A,Low
4012,High,0.9,0.4,2,0.56,0.85,0.87,P2,Team_C,Medium
4013,High,0.9,0.57,4,0.8,0.71,0.8,P2,Team_C,Medium
4014,Medium,0.6,0.15,1,0.79,0.44,0.94,P2,Team_A,Medium
4015,Medium,0.6,0.74,4,0.56,0.78,0.52,P2,Team_A,Medium
4016,Medium,0.6,0.62,3,0.78,0.43,0.99,P2,Team_B,Medium
4017,Low,0.3,0.46,3,0.35,0.33,0.75,P2,Team_B,Medium
4018,Medium,0.6,0.53,2,0.56,0.74,0.77,P2,Team_B,Medium
4019,Low,0.3,0.31,3,0.49,0.94,0.63,P3,Team_A,Low
4020,Low,0.3,0.39,2,0.33,0.58,0.64,P3,Team_C,Low
4021,Low,0.3,0.68,3,0.82,0.7,0.65,P2,Team_A,Medium
4022,Medium,0.6,0.34,3,0.75,0.46,0.46,P2,Team_B,Medium
4023,Low,0.3,0.73,1,0.83,0.32,0.86,P2,Team_B,Medium
4024,High,0.9,0.78,3,0.33,0.92,0.34,P1,Team_B,High
4025,Medium,0.6,0.86,4,0.52,0.83,0.59,P2,Team_B,Medium
4026,Medium,0.6,0.27,2,0.83,0.47,0.46,P2,Team_C,Medium
4027,Low,0.3,0.58,1,0.74,0.77,0.41,P2,Team_C,Medium
4028,Low,0.3,0.22,2,0.9,0.64,0.8,P3,Team_C,Low
4029,High,0.9,0.32,2,0.67,0.45,0.65,P2,Team_C,Medium
4030,Medium,0.6,0.22,2,0.78,0.77,0.71,P2,Team_B,Medium
4031,Medium,0.6,0.47,3,0.75,0.55,0.99,P2,Team_C,Medium
4032,Low,0.3,0.71,2,0.61,0.54,0.32,P2,Team_B,Medium
4033,Medium,0.6,0.63,4,0.86,0.54,0.64,P2,Team_C,Medium
4034,Low,0.3,0.57,4,0.95,0.44,0.51,P2,Team_A,Medium
4035,Medium,0.6,0.26,1,0.65,0.31,0.36,P2,Team_A,Medium
4036,Low,0.3,0.66,4,0.81,0.7,0.89,P2,Team_B,Medium
4037,High,0.9,0.66,3,0.8,0.39,0.51,P1,Team_B,High
4038,Medium,0.6,0.79,3,0.72,0.68,0.74,P2,Team_B,Medium
4039,High,0.9,0.51,1,0.64,0.9,0.42,P2,Team_B,Medium
4040,Low,0.3,0.55,4,0.27,0.64,0.84,P2,Team_A,Medium
4041,Medium,0.6,0.37,4,0.39,0.29,0.8,P2,Team_B,Medium
4042,Low,0.3,0.37,3,0.87,0.57,0.53,P3,Team_B,Low
4043,Medium,0.6,0.58,1,0.48,0.77,0.55,P2,Team_A,Medium
4044,Medium,0.6,0.68,4,0.9,0.73,0.78,P2,Team_A,Medium
4045,Low,0.3,0.32,1,0.96,0.72,0.52,P3,Team_C,Low
4046,High,0.9,0.44,4,0.75,0.7,0.96,P2,Team_C,Medium
4047,High,0.9,0.33,3,0.5,0.98,0.81,P2,Team_B,Medium
4048,Low,0.3,0.04,2,0.9,0.57,0.6,P3,Team_A,Low
4049,High,0.9,0.48,4,0.76,0.61,0.83,P2,Team_C,Medium
4050,Medium,0.6,0.27,1,0.63,0.37,0.53,P2,Team_B,Medium
4051,High,0.9,0.65,1,0.83,0.8,0.99,P1,Team_B,High
4052,Medium,0.6,0.4,1,0.63,0.82,0.62,P2,Team_B,Medium
4053,High,0.9,0.14,1,0.79,0.65,0.55,P2,Team_C,Medium
4054,Low,0.3,0.6,3,0.25,0.54,0.91,P2,Team_B,Medium
4055,Low,0.3,0.48,4,0.78,0.61,0.73,P2,Team_B,Medium
4056,High,0.9,0.47,3,0.82,0.69,0.86,P2,Team_B,Medium
4057,High,0.9,0.68,1,0.81,0.57,0.93,P1,Team_C,High
4058,Medium,0.6,0.79,4,0.47,0.52,0.48,P2,Team_A,Medium
4059,Medium,0.6,0.86,3,0.74,0.93,0.95,P2,Team_B,Medium
4060,Low,0.3,0.22,2,0.76,0.76,0.57,P3,Team_B,Low
4061,Low,0.3,0.31,1,0.82,0.75,0.65,P3,Team_B,Low
4062,Medium,0.6,0.19,3,0.66,0.66,0.93,P2,Team_B,Medium
4063,Medium,0.6,0.21,1,0.96,0.57,0.87,P2,Team_B,Medium
4064,Low,0.3,0.45,3,0.86,0.76,0.62,P2,Team_C,Medium
4065,Medium,0.6,0.64,3,0.75,0.72,0.99,P2,Team_A,Medium
4066,Medium,0.6,0.53,3,0.68,0.56,0.95,P2,Team_A,Medium
4067,Medium,0.6,0.45,3,0.76,0.93,0.51,P2,Team_B,Medium
4068,Low,0.3,0.27,3,0.51,0.52,0.64,P3,Team_C,Low
4069,Low,0.3,0.13,2,0.62,0.67,0.51,P3,Team_C,Low
4070,High,0.9,0.22,4,0.42,0.96,0.85,P2,Team_C,Medium
4071,Low,0.3,0.47,3,0.66,0.75,0.87,P2,Team_B,Medium
4072,High,0.9,0.33,2,0.86,0.64,0.67,P2,Team_A,Medium
4073,Medium,0.6,0.48,2,0.92,0.87,0.69,P2,Team_B,Medium
4074,Low,0.3,0.25,4,0.59,0.88,0.75,P3,Team_C,Low
4075,High,0.9,0.51,1,0.93,0.86,0.31,P2,Team_B,Medium
4076,High,0.9,0.65,4,0.71,0.63,0.89,P1,Team_C,High
4077,High,0.9,0.15,3,0.86,0.71,0.59,P2,Team_C,Medium
4078,Medium,0.6,0.56,1,0.69,0.56,0.69,P2,Team_C,Medium
4079,Low,0.3,0.61,3,0.74,0.38,0.38,P2,Team_B,Medium
4080,Low,0.3,0.38,2,0.45,0.33,0.89,P3,Team_A,Low
4081,Medium,0.6,0.12,1,0.69,0.41,0.5,P2,Team_C,Medium
4082,Low,0.3,0.39,4,0.85,0.35,0.59,P3,Team_C,Low
4083,Medium,0.6,0.63,2,0.81,0.87,0.71,P2,Team_A,Medium
4084,Low,0.3,0.47,2,0.66,0.88,0.34,P2,Team_A,Medium
4085,Low,0.3,0.38,2,0.34,0.49,0.92,P3,Team_B,Low
4086,Low,0.3,0.27,1,0.71,0.77,0.56,P3,Team_A,Low
4087,Medium,0.6,0.39,4,0.44,0.5,0.42,P2,Team_A,Medium
4088,Low,0.3,0.46,2,0.54,0.63,0.55,P2,Team_C,Medium
4089,Medium,0.6,0.27,3,0.65,0.65,0.89,P2,Team_C,Medium
4090,Medium,0.6,0.7,3,0.48,0.79,0.62,P2,Team_B,Medium
4091,Medium,0.6,0.44,3,0.5,0.83,0.74,P2,Team_C,Medium
4092,High,0.9,0.29,1,0.84,0.77,0.62,P2,Team_B,Medium
4093,Low,0.3,0.29,4,0.85,0.47,0.61,P3,Team_B,Low
4094,Medium,0.6,0.49,1,0.7,0.64,0.53,P2,Team_B,Medium
4095,Medium,0.6,0.56,1,0.9,0.75,0.8,P2,Team_B,Medium
4096,Medium,0.6,0.43,4,0.64,0.69,0.79,P2,Team_C,Medium
4097,Medium,0.6,0.38,1,0.59,0.74,0.75,P2,Team_C,Medium
4098,Low,0.3,0.89,3,0.78,0.7,0.69,P2,Team_A,Medium
4099,High,0.9,0.3,3,0.44,0.37,0.61,P2,Team_B,Medium
4100,Medium,0.6,0.28,1,0.6,0.64,0.63,P2,Team_B,Medium
4101,Low,0.3,0.71,2,0.59,0.95,0.89,P2,Team_C,Medium
4102,Medium,0.6,0.61,4,0.79,0.62,0.87,P2,Team_C,Medium
4103,Medium,0.6,0.55,2,0.85,0.72,0.83,P2,Team_A,Medium
4104,Medium,0.6,0.98,4,0.58,0.89,0.84,P2,Team_A,Medium
4105,Medium,0.6,0.64,3,0.86,0.8,0.93,P2,Team_B,Medium
4106,Low,0.3,0.75,2,0.97,0.63,0.85,P2,Team_B,Medium
4107,Medium,0.6,0.8,4,0.98,0.61,0.45,P2,Team_B,Medium
4108,Low,0.3,0.52,1,0.56,0.96,0.48,P2,Team_A,Medium
4109,Low,0.3,0.65,2,0.53,0.68,0.35,P2,Team_B,Medium
4110,Medium,0.6,0.74,2,0.2,0.56,0.67,P2,Team_B,Medium
4111,Medium,0.6,0.56,1,0.85,0.45,0.36,P2,Team_A,Medium
4112,Medium,0.6,0.19,3,0.34,0.86,0.97,P2,Team_C,Medium
4113,Low,0.3,0.46,4,0.52,0.9,0.68,P2,Team_A,Medium
4114,Medium,0.6,0.37,1,0.77,0.5,0.97,P2,Team_B,Medium
4115,Medium,0.6,0.57,3,0.87,0.42,0.62,P2,Team_C,Medium
4116,High,0.9,0.74,4,0.6,0.72,0.55,P1,Team_C,High
4117,High,0.9,0.62,2,0.82,0.63,0.88,P1,Team_B,High
4118,Medium,0.6,0.31,3,0.69,0.66,0.34,P2,Team_B,Medium
4119,High,0.9,0.67,2,0.9,0.62,0.98,P1,Team_A,High
4120,Low,0.3,0.78,1,0.73,0.63,0.48,P2,Team_C,Medium
4121,Medium,0.6,0.73,3,0.66,0.74,0.69,P2,Team_C,Medium
4122,Low,0.3,0.41,4,0.41,0.53,0.49,P2,Team_C,Medium
4123,High,0.9,0.75,3,0.63,0.34,0.62,P1,Team_C,High
4124,High,0.9,0.69,2,0.78,0.57,0.99,P1,Team_B,High
4125,Medium,0.6,0.33,2,0.52,0.73,0.36,P2,Team_B,Medium
4126,Low,0.3,0.38,4,0.67,0.94,0.79,P3,Team_A,Low
4127,Low,0.3,0.26,3,0.79,0.65,0.67,P3,Team_A,Low
4128,Low,0.3,0.36,4,0.9,0.78,0.71,P3,Team_C,Low
4129,Low,0.3,0.19,4,0.44,0.84,0.55,P3,Team_C,Low
4130,Low,0.3,0.53,2,0.63,0.24,0.39,P2,Team_B,Medium
4131,High,0.9,0.71,2,0.26,0.6,0.76,P1,Team_A,High
4132,High,0.9,0.56,4,0.95,0.6,0.35,P2,Team_C,Medium
4133,Medium,0.6,0.75,2,0.88,0.46,0.56,P2,Team_A,Medium
4134,Low,0.3,0.37,4,0.73,0.64,0.71,P3,Team_C,Low
4135,Medium,0.6,0.73,3,0.39,0.74,0.98,P2,Team_A,Medium
4136,Low,0.3,0.72,4,0.8,0.83,0.4,P2,Team_B,Medium
4137,High,0.9,0.35,4,0.73,0.67,0.8,P2,Team_C,Medium
4138,Medium,0.6,0.38,1,0.84,0.78,0.96,P2,Team_A,Medium
4139,Low,0.3,0.7,1,0.74,0.53,0.74,P2,Team_B,Medium
4140,Medium,0.6,0.43,1,0.78,0.77,0.38,P2,Team_C,Medium
4141,Medium,0.6,0.33,4,0.94,0.39,0.5,P2,Team_A,Medium
4142,Low,0.3,0.47,2,0.57,0.65,0.72,P2,Team_A,Medium
4143,High,0.9,0.32,1,0.97,0.36,0.42,P2,Team_B,Medium
4144,Low,0.3,0.41,2,0.69,0.63,0.67,P2,Team_C,Medium
4145,Medium,0.6,0.76,2,0.82,0.94,0.54,P2,Team_C,Medium
4146,Low,0.3,0.2,4,0.77,0.58,0.34,P3,Team_B,Low
4147,Medium,0.6,0.45,3,0.91,0.74,0.47,P2,Team_B,Medium
4148,Low,0.3,0.98,2,0.42,0.59,0.95,P2,Team_C,Medium
4149,Low,0.3,0.71,2,0.96,0.43,0.84,P2,Team_C,Medium
4150,Low,0.3,0.43,3,0.54,0.5,0.54,P2,Team_A,Medium
4151,Medium,0.6,0.33,4,0.73,0.91,0.31,P2,Team_A,Medium
4152,High,0.9,0.9,3,0.84,0.89,0.52,P1,Team_A,High
4153,Low,0.3,0.75,3,0.75,0.33,0.94,P2,Team_C,Medium
4154,Medium,0.6,0.43,1,0.72,0.7,0.39,P2,Team_B,Medium
4155,Medium,0.6,0.45,4,0.68,0.89,0.39,P2,Team_B,Medium
4156,Low,0.3,0.08,1,0.93,0.58,0.63,P3,Team_C,Low
4157,Medium,0.6,0.46,2,0.34,0.9,0.94,P2,Team_B,Medium
4158,Low,0.3,0.54,4,0.9,0.81,0.83,P2,Team_A,Medium
4159,High,0.9,0.91,3,0.89,0.82,0.74,P1,Team_B,High
4160,Low,0.3,0.27,4,0.74,0.7,0.79,P3,Team_B,Low
4161,Low,0.3,0.27,3,0.9,0.59,0.49,P3,Team_C,Low
4162,Low,0.3,0.44,1,0.73,0.36,0.91,P2,Team_A,Medium
4163,Medium,0.6,0.29,4,0.5,0.64,0.45,P2,Team_A,Medium
4164,Medium,0.6,0.65,1,0.55,0.91,0.71,P2,Team_C,Medium
4165,Low,0.3,0.52,1,0.67,0.61,0.43,P2,Team_A,Medium
4166,Medium,0.6,0.18,1,0.68,0.59,0.55,P2,Team_C,Medium
4167,Low,0.3,0.19,2,0.47,0.77,0.97,P3,Team_C,Low
4168,Medium,0.6,0.46,4,0.6,0.63,0.63,P2,Team_B,Medium
4169,Medium,0.6,0.44,3,0.58,0.62,0.84,P2,Team_C,Medium
4170,High,0.9,0.64,4,0.78,0.8,0.81,P1,Team_C,High
4171,Low,0.3,0.26,2,0.74,0.78,0.56,P3,Team_A,Low
4172,High,0.9,0.4,3,0.79,0.86,0.74,P2,Team_A,Medium
4173,Low,0.3,0.33,4,0.81,0.95,0.67,P3,Team_A,Low
4174,High,0.9,0.43,1,0.67,0.92,1.0,P2,Team_A,Medium
4175,Low,0.3,0.62,3,0.79,0.74,0.81,P2,Team_C,Medium
4176,Low,0.3,0.7,2,0.99,0.87,0.33,P2,Team_B,Medium
4177,High,0.9,0.5,4,0.7,0.86,0.72,P2,Team_A,Medium
4178,High,0.9,0.41,4,0.9,0.89,0.5,P2,Team_C,Medium
4179,Low,0.3,0.41,2,0.79,0.85,0.47,P2,Team_C,Medium
4180,Medium,0.6,0.18,4,0.65,0.44,0.5,P2,Team_B,Medium
4181,Low,0.3,0.77,4,0.8,0.76,0.86,P2,Team_A,Medium
4182,High,0.9,0.37,1,0.87,0.69,0.95,P2,Team_C,Medium
4183,High,0.9,0.61,2,0.43,0.81,0.73,P1,Team_C,High
4184,Low,0.3,0.57,1,0.8,0.26,0.83,P2,Team_B,Medium
4185,Medium,0.6,0.1,1,0.78,0.5,0.95,P2,Team_A,Medium
4186,Medium,0.6,0.35,2,0.69,0.74,0.43,P2,Team_B,Medium
4187,Low,0.3,0.7,4,0.76,0.57,0.44,P2,Team_A,Medium
4188,Medium,0.6,0.21,1,0.67,0.82,0.99,P2,Team_A,Medium
4189,Low,0.3,0.62,3,0.77,0.61,0.78,P2,Team_A,Medium
4190,Medium,0.6,0.15,2,0.54,0.82,0.96,P2,Team_A,Medium
4191,Low,0.3,0.35,3,0.71,0.64,0.76,P3,Team_A,Low
4192,Low,0.3,0.29,2,0.86,0.37,0.75,P3,Team_C,Low
4193,Low,0.3,0.54,1,0.84,0.48,0.5,P2,Team_A,Medium
4194,High,0.9,0.78,3,0.65,0.96,0.72,P1,Team_A,High
4195,Medium,0.6,0.66,3,0.42,0.45,0.44,P2,Team_B,Medium
4196,Low,0.3,0.19,1,0.94,0.68,0.73,P3,Team_C,Low
4197,Low,0.3,0.41,4,0.83,0.78,0.81,P2,Team_B,Medium
4198,Low,0.3,0.69,2,0.53,0.66,0.77,P2,Team_C,Medium
4199,High,0.9,0.51,3,0.94,0.58,0.65,P2,Team_B,Medium
4200,High,0.9,0.75,1,0.62,0.76,0.41,P1,Team_A,High
4201,Low,0.3,0.82,1,0.56,0.87,0.57,P2,Team_A,Medium
4202,Low,0.3,0.68,3,0.67,0.81,0.99,P2,Team_A,Medium
4203,Medium,0.6,0.39,1,0.88,0.91,0.35,P2,Team_C,Medium
4204,High,0.9,0.89,1,0.92,0.6,0.96,P1,Team_B,High
4205,Low,0.3,0.55,1,0.31,0.52,0.46,P2,Team_A,Medium
4206,High,0.9,0.93,4,0.84,0.65,0.34,P1,Team_C,High
4207,Medium,0.6,0.36,3,0.61,0.68,0.71,P2,Team_C,Medium
4208,Low,0.3,0.69,2,0.82,0.91,0.37,P2,Team_C,Medium
4209,High,0.9,0.54,2,0.69,0.41,0.64,P2,Team_C,Medium
4210,Low,0.3,0.39,1,0.45,0.66,0.84,P3,Team_A,Low
4211,Low,0.3,0.54,3,0.77,0.76,0.56,P2,Team_C,Medium
4212,Medium,0.6,0.82,3,0.93,0.56,0.66,P2,Team_B,Medium
4213,High,0.9,0.25,2,0.82,0.8,0.82,P2,Team_A,Medium
4214,Medium,0.6,0.79,4,0.91,0.79,0.53,P2,Team_C,Medium
4215,High,0.9,0.55,1,0.85,0.7,0.95,P2,Team_B,Medium
4216,Medium,0.6,0.55,4,0.66,0.86,0.87,P2,Team_C,Medium
4217,Medium,0.6,0.58,4,0.81,0.77,0.98,P2,Team_B,Medium
4218,Low,0.3,0.64,2,0.58,0.41,0.63,P2,Team_A,Medium
4219,Low,0.3,0.3,1,0.91,0.82,0.44,P3,Team_C,Low
4220,High,0.9,0.95,3,0.86,0.47,0.38,P1,Team_A,High
4221,Low,0.3,0.63,1,0.94,0.7,0.73,P2,Team_B,Medium
4222,Medium,0.6,0.52,3,0.64,0.62,0.87,P2,Team_B,Medium
4223,Medium,0.6,0.8,3,0.5,0.67,0.95,P2,Team_C,Medium
4224,Low,0.3,0.55,4,0.58,0.94,0.76,P2,Team_B,Medium
4225,Medium,0.6,0.66,4,0.63,0.8,0.62,P2,Team_C,Medium
4226,Low,0.3,0.77,2,0.75,0.63,0.5,P2,Team_C,Medium
4227,Low,0.3,0.83,4,0.5,0.56,0.42,P2,Team_C,Medium
4228,Medium,0.6,0.68,3,0.7,0.56,0.69,P2,Team_A,Medium
4229,High,0.9,0.23,1,0.86,0.74,0.64,P2,Team_C,Medium
4230,High,0.9,0.83,1,0.83,0.32,0.61,P1,Team_A,High
4231,Medium,0.6,0.66,1,0.9,0.46,0.96,P2,Team_B,Medium
4232,Low,0.3,0.39,3,0.91,0.73,0.37,P3,Team_A,Low
4233,Medium,0.6,0.37,1,0.7,0.22,0.88,P2,Team_A,Medium
4234,High,0.9,0.18,3,0.41,0.08,0.37,P2,Team_C,Medium
4235,Low,0.3,0.3,3,0.88,0.47,0.7,P3,Team_C,Low
4236,Low,0.3,0.58,3,0.63,0.57,0.54,P2,Team_C,Medium
4237,Medium,0.6,0.37,4,0.85,0.64,0.77,P2,Team_A,Medium
4238,Low,0.3,0.57,1,0.8,0.83,0.76,P2,Team_C,Medium
4239,Low,0.3,0.86,3,0.42,0.26,0.3,P2,Team_C,Medium
4240,High,0.9,0.77,1,0.65,0.84,0.69,P1,Team_B,High
4241,High,0.9,0.45,4,0.78,0.44,0.48,P2,Team_C,Medium
4242,Low,0.3,0.27,1,0.6,0.86,0.86,P3,Team_A,Low
4243,High,0.9,0.81,3,0.67,0.66,0.5,P1,Team_C,High
4244,High,0.9,0.75,4,0.81,0.93,0.77,P1,Team_A,High
4245,Medium,0.6,0.83,3,0.33,0.6,0.56,P2,Team_A,Medium
4246,Low,0.3,0.44,3,0.66,0.42,0.93,P2,Team_A,Medium
4247,Medium,0.6,0.23,2,0.62,0.95,0.4,P2,Team_A,Medium
4248,Low,0.3,0.56,2,0.89,0.28,0.49,P2,Team_A,Medium
4249,High,0.9,0.23,4,0.7,0.6,0.64,P2,Team_B,Medium
4250,High,0.9,0.61,1,0.92,0.42,0.5,P1,Team_C,High
4251,Medium,0.6,0.18,4,0.75,0.47,0.97,P2,Team_C,Medium
4252,High,0.9,0.18,1,0.81,0.63,0.77,P2,Team_B,Medium
4253,Low,0.3,0.42,4,0.72,0.77,0.51,P2,Team_A,Medium
4254,High,0.9,0.18,2,0.81,0.43,0.62,P2,Team_C,Medium
4255,Medium,0.6,0.1,4,0.73,0.83,0.9,P2,Team_C,Medium
4256,High,0.9,0.43,2,0.59,0.56,0.82,P2,Team_A,Medium
4257,Low,0.3,0.13,2,0.86,0.24,0.56,P3,Team_A,Low
4258,High,0.9,0.78,1,0.39,0.08,0.81,P1,Team_B,High
4259,Medium,0.6,0.19,4,0.61,0.17,0.78,P2,Team_C,Medium
4260,Low,0.3,0.47,1,0.78,0.63,0.71,P2,Team_B,Medium
4261,High,0.9,0.56,2,0.58,0.85,0.94,P2,Team_C,Medium
4262,Medium,0.6,0.06,2,0.58,0.56,0.61,P2,Team_B,Medium
4263,Medium,0.6,0.55,1,0.51,0.76,0.88,P2,Team_C,Medium
4264,Low,0.3,0.36,1,0.8,0.91,0.74,P3,Team_A,Low
4265,High,0.9,0.59,2,0.81,0.87,0.31,P2,Team_B,Medium
4266,Medium,0.6,0.17,1,0.73,0.76,0.91,P2,Team_B,Medium
4267,Low,0.3,0.64,2,0.92,0.42,0.87,P2,Team_B,Medium
4268,Low,0.3,0.1,3,0.59,0.73,0.32,P3,Team_B,Low
4269,Low,0.3,0.32,4,0.72,0.72,0.5,P3,Team_B,Low
4270,High,0.9,0.13,2,0.37,0.8,0.54,P2,Team_C,Medium
4271,Low,0.3,0.53,2,0.57,0.72,0.33,P2,Team_A,Medium
4272,Low,0.3,0.59,4,0.75,0.84,0.74,P2,Team_B,Medium
4273,High,0.9,0.06,4,0.9,0.51,0.33,P2,Team_A,Medium
4274,Low,0.3,0.38,2,0.63,0.31,0.39,P3,Team_C,Low
4275,Medium,0.6,0.79,2,0.59,0.61,0.65,P2,Team_A,Medium
4276,Low,0.3,0.39,2,0.59,0.8,0.61,P3,Team_A,Low
4277,Medium,0.6,0.46,1,0.82,0.54,0.67,P2,Team_A,Medium
4278,Low,0.3,0.42,2,0.56,0.77,0.41,P2,Team_B,Medium
4279,Medium,0.6,0.33,1,0.79,0.95,0.53,P2,Team_B,Medium
4280,Medium,0.6,0.42,2,0.8,0.95,0.84,P2,Team_B,Medium
4281,High,0.9,0.55,1,0.65,0.78,0.67,P2,Team_A,Medium
4282,Medium,0.6,0.84,3,0.74,0.8,0.31,P2,Team_C,Medium
4283,Low,0.3,0.57,1,0.78,0.54,0.97,P2,Team_B,Medium
4284,Medium,0.6,0.16,1,0.11,0.66,0.81,P2,Team_B,Medium
4285,Low,0.3,0.36,3,0.41,0.62,0.45,P3,Team_C,Low
4286,Medium,0.6,0.53,2,0.71,0.46,0.73,P2,Team_B,Medium
4287,Medium,0.6,0.56,3,0.94,0.82,0.99,P2,Team_B,Medium
4288,Medium,0.6,0.71,1,0.85,0.81,0.45,P2,Team_B,Medium
4289,Low,0.3,0.3,3,0.91,0.74,0.37,P3,Team_A,Low
4290,Low,0.3,0.62,4,0.84,0.57,0.92,P2,Team_C,Medium
4291,Medium,0.6,0.2,4,0.6,0.68,0.52,P2,Team_B,Medium
4292,Medium,0.6,0.34,3,0.49,0.76,0.46,P2,Team_A,Medium
4293,High,0.9,0.09,4,0.56,0.69,0.56,P2,Team_A,Medium
4294,Medium,0.6,0.36,1,0.67,0.69,0.38,P2,Team_B,Medium
4295,High,0.9,0.41,3,0.87,0.44,0.9,P2,Team_C,Medium
4296,Low,0.3,0.17,4,0.58,0.88,0.74,P3,Team_C,Low
4297,High,0.9,0.42,2,0.83,0.7,0.4,P2,Team_A,Medium
4298,Medium,0.6,0.81,1,0.54,0.55,0.93,P2,Team_A,Medium
4299,Medium,0.6,0.56,1,0.62,0.27,0.98,P2,Team_B,Medium
4300,Medium,0.6,0.76,4,0.5,0.67,0.87,P2,Team_B,Medium
4301,High,0.9,0.73,1,0.48,0.77,0.31,P1,Team_C,High
4302,Low,0.3,0.7,2,0.57,0.57,0.92,P2,Team_A,Medium
4303,Low,0.3,0.89,1,0.6,0.91,0.46,P2,Team_B,Medium
4304,High,0.9,0.37,3,0.46,0.75,0.73,P2,Team_B,Medium
4305,High,0.9,0.64,2,0.9,0.45,0.65,P1,Team_C,High
4306,High,0.9,0.49,2,0.56,0.66,0.34,P2,Team_C,Medium
4307,Low,0.3,0.09,2,0.84,0.48,0.84,P3,Team_B,Low
4308,Medium,0.6,0.98,1,0.67,0.84,0.95,P2,Team_B,Medium
4309,Low,0.3,0.46,2,0.95,0.69,0.94,P2,Team_A,Medium
4310,Low,0.3,0.31,3,0.73,0.56,0.94,P3,Team_B,Low
4311,Medium,0.6,0.45,1,0.51,0.63,0.83,P2,Team_B,Medium
4312,Low,0.3,0.79,4,0.6,0.49,0.58,P2,Team_A,Medium
4313,Low,0.3,0.16,1,0.93,0.83,0.44,P3,Team_B,Low
4314,Medium,0.6,0.72,3,0.84,0.49,0.81,P2,Team_C,Medium
4315,Low,0.3,0.43,1,0.39,0.31,0.54,P2,Team_A,Medium
4316,Medium,0.6,0.46,1,0.72,0.81,0.57,P2,Team_C,Medium
4317,Medium,0.6,0.17,1,0.68,0.69,0.52,P2,Team_C,Medium
4318,Medium,0.6,0.48,2,0.5,0.73,0.48,P2,Team_B,Medium
4319,High,0.9,0.46,1,0.71,0.79,0.81,P2,Team_C,Medium
4320,Low,0.3,0.28,3,0.51,0.88,0.46,P3,Team_B,Low
4321,Medium,0.6,0.56,1,0.67,0.65,0.69,P2,Team_C,Medium
4322,Low,0.3,0.49,3,0.45,0.37,0.88,P2,Team_C,Medium
4323,High,0.9,0.39,4,0.69,0.63,0.66,P2,Team_B,Medium
4324,High,0.9,0.71,2,0.66,0.88,0.84,P1,Team_B,High
4325,Low,0.3,0.32,3,0.71,0.51,0.99,P3,Team_C,Low
4326,Low,0.3,0.24,1,0.43,0.82,0.64,P3,Team_C,Low
4327,High,0.9,0.43,2,0.58,0.41,0.59,P2,Team_C,Medium
4328,Low,0.3,0.74,4,0.71,0.55,0.43,P2,Team_A,Medium
4329,Low,0.3,0.39,3,0.91,0.69,0.9,P3,Team_C,Low
4330,Medium,0.6,0.57,4,0.93,0.61,0.76,P2,Team_A,Medium
4331,Low,0.3,0.48,1,0.6,0.44,0.53,P2,Team_B,Medium
4332,High,0.9,0.79,2,0.49,0.72,0.84,P1,Team_B,High
4333,High,0.9,0.24,3,0.61,0.8,0.86,P2,Team_C,Medium
4334,Low,0.3,0.56,1,0.61,0.68,0.44,P2,Team_B,Medium
4335,Low,0.3,0.52,4,0.78,0.36,0.49,P2,Team_C,Medium
4336,Medium,0.6,0.49,3,0.87,0.77,0.92,P2,Team_A,Medium
4337,High,0.9,0.63,2,0.42,0.6,0.44,P1,Team_C,High
4338,Medium,0.6,0.1,2,0.86,0.56,0.5,P2,Team_C,Medium
4339,Medium,0.6,0.72,2,0.26,0.79,0.55,P2,Team_C,Medium
4340,Medium,0.6,0.49,3,0.79,0.76,0.38,P2,Team_C,Medium
4341,Low,0.3,0.13,1,0.86,0.27,0.76,P3,Team_B,Low
4342,High,0.9,0.45,3,0.77,0.74,0.58,P2,Team_C,Medium
4343,High,0.9,0.11,4,0.71,0.7,0.36,P2,Team_A,Medium
4344,Medium,0.6,0.16,3,0.92,0.74,0.63,P2,Team_A,Medium
4345,High,0.9,0.45,1,0.59,0.5,0.32,P2,Team_A,Medium
4346,Medium,0.6,0.53,3,0.68,0.86,0.37,P2,Team_A,Medium
4347,Low,0.3,0.72,1,0.83,0.82,0.99,P2,Team_B,Medium
4348,High,0.9,0.3,4,0.75,0.58,0.5,P2,Team_C,Medium
4349,Low,0.3,0.54,3,0.82,0.61,0.92,P2,Team_B,Medium
4350,Low,0.3,0.04,4,0.87,0.8,0.42,P3,Team_C,Low
4351,Low,0.3,0.44,4,0.96,0.86,0.61,P2,Team_B,Medium
4352,Medium,0.6,0.69,3,0.64,0.49,0.78,P2,Team_C,Medium
4353,Low,0.3,0.66,1,0.52,0.79,0.34,P2,Team_B,Medium
4354,High,0.9,0.23,3,0.78,0.53,0.81,P2,Team_C,Medium
4355,Medium,0.6,0.65,4,0.84,0.65,0.3,P2,Team_C,Medium
4356,Medium,0.6,0.51,2,0.85,0.42,0.45,P2,Team_C,Medium
4357,Medium,0.6,0.51,1,0.46,0.37,0.42,P2,Team_A,Medium
4358,High,0.9,0.33,3,0.81,0.52,0.69,P2,Team_B,Medium
4359,Low,0.3,0.71,2,0.49,0.81,0.88,P2,Team_A,Medium
4360,High,0.9,0.35,2,0.71,0.95,0.52,P2,Team_A,Medium
4361,Medium,0.6,0.76,2,0.65,0.8,0.9,P2,Team_A,Medium
4362,Low,0.3,0.37,2,0.7,0.8,0.61,P3,Team_A,Low
4363,Low,0.3,0.45,4,0.81,0.87,0.56,P2,Team_A,Medium
4364,Medium,0.6,0.25,4,0.85,0.42,0.59,P2,Team_A,Medium
4365,Medium,0.6,0.44,4,0.69,0.79,0.69,P2,Team_B,Medium
4366,Medium,0.6,0.51,2,0.56,0.96,0.83,P2,Team_A,Medium
4367,Medium,0.6,0.39,4,0.87,0.3,0.4,P2,Team_C,Medium
4368,Low,0.3,0.57,4,0.9,0.84,0.69,P2,Team_B,Medium
4369,Low,0.3,0.58,4,0.83,0.25,0.62,P2,Team_C,Medium
4370,High,0.9,0.22,2,0.71,0.81,0.55,P2,Team_B,Medium
4371,Medium,0.6,0.62,4,0.51,0.77,0.86,P2,Team_B,Medium
4372,Low,0.3,0.46,2,0.47,0.74,0.53,P2,Team_A,Medium
4373,Medium,0.6,0.79,1,0.91,0.67,0.31,P2,Team_A,Medium
4374,High,0.9,0.62,2,0.39,0.87,0.71,P1,Team_C,High
4375,High,0.9,0.05,2,0.64,0.86,0.74,P2,Team_B,Medium
4376,Low,0.3,0.65,3,0.75,0.85,0.7,P2,Team_A,Medium
4377,Low,0.3,0.6,1,0.81,0.67,0.84,P2,Team_C,Medium
4378,Low,0.3,0.57,1,0.89,0.76,0.61,P2,Team_B,Medium
4379,Low,0.3,0.63,1,0.61,0.68,0.97,P2,Team_B,Medium
4380,Medium,0.6,0.42,1,0.86,0.51,0.7,P2,Team_C,Medium
4381,Medium,0.6,0.37,3,0.73,0.7,0.83,P2,Team_C,Medium
4382,Medium,0.6,0.45,1,0.85,0.8,0.65,P2,Team_C,Medium
4383,Low,0.3,0.84,4,0.75,0.54,0.38,P2,Team_C,Medium
4384,Low,0.3,0.68,4,0.67,0.83,0.72,P2,Team_B,Medium
4385,High,0.9,0.62,2,0.68,0.69,0.88,P1,Team_C,High
4386,Low,0.3,0.31,4,0.56,0.68,0.37,P3,Team_C,Low
4387,Low,0.3,0.61,3,0.59,0.83,0.64,P2,Team_C,Medium
4388,Low,0.3,0.26,1,0.65,0.48,0.74,P3,Team_C,Low
4389,Medium,0.6,0.89,2,0.53,0.79,0.7,P2,Team_C,Medium
4390,High,0.9,0.64,1,0.69,0.6,0.56,P1,Team_A,High
4391,Medium,0.6,0.37,1,0.75,0.87,0.31,P2,Team_C,Medium
4392,Low,0.3,0.29,4,0.44,0.84,0.57,P3,Team_B,Low
4393,Medium,0.6,0.32,1,0.51,0.31,0.49,P2,Team_A,Medium
4394,Low,0.3,0.73,4,0.55,0.77,0.55,P2,Team_A,Medium
4395,Low,0.3,0.49,3,0.83,0.47,0.5,P2,Team_C,Medium
4396,High,0.9,0.75,3,0.66,0.89,0.64,P1,Team_B,High
4397,High,0.9,0.21,4,0.48,0.82,0.81,P2,Team_B,Medium
4398,Low,0.3,0.73,2,0.53,0.65,0.63,P2,Team_C,Medium
4399,High,0.9,0.45,2,0.9,0.56,0.91,P2,Team_A,Medium
4400,High,0.9,0.29,3,0.94,0.56,0.61,P2,Team_A,Medium
4401,Medium,0.6,0.55,4,0.72,0.7,0.6,P2,Team_B,Medium
4402,Low,0.3,0.27,3,0.62,0.56,0.9,P3,Team_B,Low
4403,High,0.9,0.24,1,0.76,0.49,0.6,P2,Team_A,Medium
4404,Low,0.3,0.53,4,0.69,0.74,0.55,P2,Team_A,Medium
4405,Low,0.3,0.27,3,0.53,0.93,0.75,P3,Team_B,Low
4406,Low,0.3,0.26,1,0.76,0.81,0.72,P3,Team_B,Low
4407,Low,0.3,0.92,1,0.73,0.97,0.72,P2,Team_A,Medium
4408,Low,0.3,0.5,1,0.73,0.73,0.95,P2,Team_A,Medium
4409,Medium,0.6,0.43,3,0.61,0.73,0.69,P2,Team_A,Medium
4410,High,0.9,0.27,3,0.47,0.67,0.79,P2,Team_C,Medium
4411,Low,0.3,0.5,2,0.67,0.23,0.9,P2,Team_A,Medium
4412,High,0.9,0.41,2,0.6,0.79,0.91,P2,Team_B,Medium
4413,Low,0.3,0.5,1,0.84,0.83,0.75,P2,Team_A,Medium
4414,High,0.9,0.7,1,0.64,0.9,0.57,P1,Team_A,High
4415,Low,0.3,0.73,3,0.84,0.85,0.83,P2,Team_A,Medium
4416,Medium,0.6,0.42,3,0.87,0.61,0.3,P2,Team_A,Medium
4417,High,0.9,0.85,1,0.49,0.59,0.57,P1,Team_A,High
4418,Low,0.3,0.02,3,0.72,0.69,0.81,P3,Team_A,Low
4419,Low,0.3,0.64,4,0.17,0.89,0.75,P2,Team_B,Medium
4420,High,0.9,0.38,3,0.71,0.82,0.63,P2,Team_C,Medium
4421,High,0.9,0.13,3,0.92,0.74,0.3,P2,Team_A,Medium
4422,Low,0.3,0.03,1,0.67,0.55,0.58,P3,Team_A,Low
4423,High,0.9,0.74,2,0.85,0.89,0.5,P1,Team_C,High
4424,High,0.9,0.13,4,0.81,0.84,0.54,P2,Team_C,Medium
4425,Low,0.3,0.36,4,0.79,0.88,0.81,P3,Team_A,Low
4426,Low,0.3,0.62,1,0.75,0.98,0.71,P2,Team_A,Medium
4427,High,0.9,0.59,4,0.78,0.19,0.41,P2,Team_A,Medium
4428,High,0.9,0.21,4,0.81,0.73,0.68,P2,Team_A,Medium
4429,High,0.9,0.74,3,0.95,0.82,0.99,P1,Team_C,High
4430,Low,0.3,0.16,4,0.86,0.86,0.81,P3,Team_A,Low
4431,Low,0.3,0.72,3,0.76,0.9,0.78,P2,Team_A,Medium
4432,Low,0.3,0.09,3,0.84,0.63,0.79,P3,Team_A,Low
4433,Medium,0.6,0.27,3,0.48,0.86,0.46,P2,Team_A,Medium
4434,Medium,0.6,0.87,1,0.54,0.33,0.5,P2,Team_B,Medium
4435,Low,0.3,0.69,1,0.6,0.77,0.92,P2,Team_C,Medium
4436,High,0.9,0.26,3,0.84,0.88,0.47,P2,Team_A,Medium
4437,Medium,0.6,0.06,1,0.56,0.62,0.42,P2,Team_A,Medium
4438,Low,0.3,0.62,4,0.54,0.7,0.93,P2,Team_A,Medium
4439,High,0.9,0.82,2,0.48,0.86,0.76,P1,Team_A,High
4440,Medium,0.6,0.54,4,0.87,0.77,0.79,P2,Team_A,Medium
4441,High,0.9,0.39,2,0.64,0.91,0.4,P2,Team_B,Medium
4442,Medium,0.6,0.8,2,0.79,0.91,0.97,P2,Team_C,Medium
4443,Medium,0.6,0.66,1,0.9,0.57,0.8,P2,Team_A,Medium
4444,Low,0.3,0.72,4,0.93,0.74,0.56,P2,Team_C,Medium
4445,Low,0.3,0.49,2,0.52,0.4,0.62,P2,Team_B,Medium
4446,High,0.9,0.08,3,0.71,0.53,0.88,P2,Team_B,Medium
4447,Medium,0.6,0.08,1,0.86,0.48,0.72,P2,Team_C,Medium
4448,Medium,0.6,0.54,2,0.7,0.66,0.55,P2,Team_C,Medium
4449,Medium,0.6,0.58,3,0.84,0.77,0.49,P2,Team_C,Medium
4450,Medium,0.6,0.93,3,0.93,0.64,0.37,P2,Team_A,Medium
4451,High,0.9,0.52,1,0.52,0.94,0.32,P2,Team_C,Medium
4452,Low,0.3,0.6,2,0.87,0.8,0.48,P2,Team_B,Medium
4453,Low,0.3,0.52,1,0.75,0.46,0.76,P2,Team_A,Medium
4454,High,0.9,0.7,1,0.67,0.83,0.49,P1,Team_C,High
4455,Low,0.3,0.27,3,0.85,0.73,0.37,P3,Team_C,Low
4456,Low,0.3,0.68,4,0.74,0.94,0.97,P2,Team_A,Medium
4457,High,0.9,0.49,3,0.93,0.84,0.6,P2,Team_C,Medium
4458,Medium,0.6,0.63,3,0.6,0.8,0.56,P2,Team_C,Medium
4459,Low,0.3,0.86,3,0.54,0.67,0.66,P2,Team_B,Medium
4460,Medium,0.6,0.8,1,0.57,0.63,0.82,P2,Team_C,Medium
4461,Medium,0.6,0.29,1,0.53,0.73,0.38,P2,Team_B,Medium
4462,Medium,0.6,0.51,4,0.65,0.61,0.73,P2,Team_B,Medium
4463,Low,0.3,0.24,3,0.38,0.91,0.55,P3,Team_B,Low
4464,Low,0.3,0.58,4,0.8,0.5,0.67,P2,Team_B,Medium
4465,Low,0.3,0.49,4,0.64,0.58,0.89,P2,Team_C,Medium
4466,High,0.9,0.09,1,0.67,0.73,0.66,P2,Team_B,Medium
4467,Medium,0.6,0.83,2,0.48,0.52,0.53,P2,Team_A,Medium
4468,Low,0.3,0.32,1,0.35,0.56,0.65,P3,Team_A,Low
4469,High,0.9,0.91,1,0.72,0.32,0.51,P1,Team_B,High
4470,Low,0.3,0.45,4,0.65,0.92,0.65,P2,Team_A,Medium
4471,Medium,0.6,0.86,2,0.8,0.82,0.54,P2,Team_A,Medium
4472,Medium,0.6,0.4,4,0.62,0.75,0.89,P2,Team_A,Medium
4473,Low,0.3,0.36,2,0.83,0.47,0.94,P3,Team_A,Low
4474,Medium,0.6,0.15,4,0.49,0.79,0.41,P2,Team_A,Medium
4475,High,0.9,0.23,4,0.66,0.93,0.78,P2,Team_A,Medium
4476,Low,0.3,0.59,4,0.38,0.6,0.95,P2,Team_B,Medium
4477,Medium,0.6,0.13,2,0.51,0.17,0.92,P2,Team_A,Medium
4478,High,0.9,0.14,1,0.37,0.91,0.53,P2,Team_A,Medium
4479,Medium,0.6,0.25,4,0.74,0.64,0.32,P2,Team_B,Medium
4480,Medium,0.6,0.65,4,0.71,0.83,0.37,P2,Team_A,Medium
4481,High,0.9,0.69,1,0.78,0.43,0.95,P1,Team_C,High
4482,Low,0.3,0.55,4,0.6,0.8,0.45,P2,Team_A,Medium
4483,Low,0.3,0.28,2,0.38,0.77,0.31,P3,Team_A,Low
4484,High,0.9,0.23,3,0.77,0.47,0.32,P2,Team_B,Medium
4485,Medium,0.6,0.16,4,0.81,0.7,0.84,P2,Team_C,Medium
4486,High,0.9,0.44,2,0.85,0.68,0.8,P2,Team_C,Medium
4487,Medium,0.6,0.5,4,0.64,0.76,0.44,P2,Team_B,Medium
4488,Low,0.3,0.11,2,0.87,0.48,0.99,P3,Team_C,Low
4489,Medium,0.6,0.31,1,0.47,0.76,0.42,P2,Team_C,Medium
4490,Medium,0.6,0.07,3,0.79,0.86,0.99,P2,Team_B,Medium
4491,Medium,0.6,0.57,2,0.84,0.7,0.5,P2,Team_A,Medium
4492,Low,0.3,0.33,4,0.63,0.68,0.39,P3,Team_A,Low
4493,High,0.9,0.83,4,0.61,0.68,0.74,P1,Team_B,High
4494,Low,0.3,0.44,1,0.81,0.65,0.98,P2,Team_C,Medium
4495,Medium,0.6,0.83,2,0.91,0.9,0.35,P2,Team_A,Medium
4496,Low,0.3,0.33,2,0.83,0.59,0.9,P3,Team_A,Low
4497,High,0.9,0.4,2,0.4,0.9,0.47,P2,Team_B,Medium
4498,Low,0.3,0.31,3,0.69,0.9,0.81,P3,Team_C,Low
4499,Medium,0.6,0.93,2,0.76,0.72,0.38,P2,Team_C,Medium
4500,Low,0.3,0.63,1,0.62,0.54,0.81,P2,Team_C,Medium
4501,Medium,0.6,0.24,4,0.76,0.74,0.39,P2,Team_A,Medium
4502,Low,0.3,0.44,4,0.55,0.68,0.78,P2,Team_C,Medium
4503,Medium,0.6,0.81,2,0.73,0.68,0.32,P2,Team_B,Medium
4504,Low,0.3,0.63,2,0.83,0.51,0.58,P2,Team_C,Medium
4505,Low,0.3,0.62,1,0.41,0.49,0.7,P2,Team_B,Medium
4506,Low,0.3,0.63,1,0.43,0.79,0.87,P2,Team_A,Medium
4507,Low,0.3,0.48,1,0.65,0.56,0.87,P2,Team_C,Medium
4508,High,0.9,0.44,4,0.79,0.9,0.85,P2,Team_B,Medium
4509,Medium,0.6,0.86,1,0.75,0.36,0.8,P2,Team_C,Medium
4510,Low,0.3,0.27,4,0.96,0.49,0.73,P3,Team_B,Low
4511,Low,0.3,0.8,1,0.7,0.8,0.56,P2,Team_C,Medium
4512,Medium,0.6,0.75,3,0.55,0.52,0.36,P2,Team_A,Medium
4513,Medium,0.6,0.72,2,0.43,0.62,0.74,P2,Team_B,Medium
4514,Medium,0.6,0.8,3,0.88,0.54,0.54,P2,Team_C,Medium
4515,Low,0.3,0.39,1,0.61,0.56,0.34,P3,Team_C,Low
4516,Medium,0.6,0.84,1,0.87,0.62,0.61,P2,Team_C,Medium
4517,Medium,0.6,0.28,4,0.72,0.66,0.77,P2,Team_B,Medium
4518,Medium,0.6,0.54,3,0.94,0.48,0.54,P2,Team_C,Medium
4519,Medium,0.6,0.74,4,0.52,0.26,0.91,P2,Team_B,Medium
4520,Low,0.3,0.86,1,0.9,0.59,0.56,P2,Team_B,Medium
4521,Low,0.3,0.79,2,0.9,0.62,0.35,P2,Team_C,Medium
4522,Low,0.3,0.76,3,0.94,0.87,0.99,P2,Team_A,Medium
4523,Low,0.3,0.84,4,0.54,0.72,0.67,P2,Team_B,Medium
4524,Low,0.3,0.69,3,0.68,0.44,0.34,P2,Team_C,Medium
4525,Low,0.3,0.3,4,0.75,0.84,0.7,P3,Team_C,Low
4526,High,0.9,0.32,2,0.39,0.8,0.53,P2,Team_A,Medium
4527,Medium,0.6,0.3,1,0.77,0.85,0.72,P2,Team_B,Medium
4528,High,0.9,0.54,4,0.76,0.56,0.7,P2,Team_C,Medium
4529,Low,0.3,0.34,1,0.47,0.61,0.8,P3,Team_C,Low
4530,Low,0.3,0.73,2,0.55,0.71,0.71,P2,Team_A,Medium
4531,Medium,0.6,0.73,2,0.5,0.57,0.9,P2,Team_A,Medium
4532,Low,0.3,0.5,2,0.93,0.58,0.48,P2,Team_A,Medium
4533,Low,0.3,0.49,1,0.54,0.61,0.56,P2,Team_A,Medium
4534,Medium,0.6,0.07,3,0.73,0.78,0.41,P2,Team_C,Medium
4535,High,0.9,0.61,2,0.91,0.58,0.35,P1,Team_B,High
4536,Low,0.3,0.44,1,0.74,0.75,0.77,P2,Team_B,Medium
4537,Low,0.3,0.59,2,0.59,0.78,0.33,P2,Team_C,Medium
4538,Low,0.3,0.17,2,0.86,0.77,0.9,P3,Team_B,Low
4539,Low,0.3,0.73,4,0.8,0.8,0.76,P2,Team_C,Medium
4540,High,0.9,0.26,1,0.32,0.56,0.94,P2,Team_A,Medium
4541,Low,0.3,0.7,4,0.64,0.61,0.61,P2,Team_A,Medium
4542,High,0.9,0.37,1,0.47,0.96,0.33,P2,Team_A,Medium
4543,Medium,0.6,0.22,2,0.64,0.93,0.35,P2,Team_B,Medium
4544,Medium,0.6,0.75,2,0.82,0.92,0.51,P2,Team_C,Medium
4545,High,0.9,0.19,2,0.77,0.52,0.61,P2,Team_A,Medium
4546,Medium,0.6,0.38,3,0.88,0.9,0.38,P2,Team_C,Medium
4547,Low,0.3,0.57,1,0.42,0.7,0.46,P2,Team_C,Medium
4548,Medium,0.6,0.54,4,0.39,0.55,0.63,P2,Team_C,Medium
4549,High,0.9,0.16,4,0.81,0.6,0.96,P2,Team_A,Medium
4550,Low,0.3,0.51,4,0.55,0.58,0.98,P2,Team_C,Medium
4551,High,0.9,0.69,2,0.86,0.37,0.9,P1,Team_C,High
4552,Medium,0.6,0.33,1,0.68,0.57,0.76,P2,Team_A,Medium
4553,Medium,0.6,0.26,2,0.91,0.87,0.79,P2,Team_C,Medium
4554,Low,0.3,0.2,3,0.61,0.57,0.57,P3,Team_B,Low
4555,High,0.9,0.68,1,0.78,0.65,0.7,P1,Team_A,High
4556,High,0.9,0.13,4,0.84,0.94,0.73,P2,Team_A,Medium
4557,Low,0.3,0.04,1,0.51,0.82,0.82,P3,Team_A,Low
4558,High,0.9,0.15,1,0.63,0.85,0.84,P2,Team_B,Medium
4559,Low,0.3,0.36,1,0.84,0.68,0.89,P3,Team_A,Low
4560,Low,0.3,0.17,3,0.65,0.61,0.84,P3,Team_A,Low
4561,Low,0.3,0.61,2,0.33,0.51,0.64,P2,Team_A,Medium
4562,High,0.9,0.53,2,0.78,0.72,0.77,P2,Team_A,Medium
4563,High,0.9,0.53,4,0.72,0.43,0.65,P2,Team_A,Medium
4564,High,0.9,0.82,1,0.77,0.75,0.63,P1,Team_B,High
4565,High,0.9,0.42,2,0.83,0.94,0.88,P2,Team_C,Medium
4566,Low,0.3,0.54,4,0.61,0.88,0.77,P2,Team_C,Medium
4567,Low,0.3,0.36,4,0.67,0.77,0.6,P3,Team_B,Low
4568,Medium,0.6,0.69,2,0.67,0.64,0.5,P2,Team_C,Medium
4569,Medium,0.6,0.31,3,0.77,0.68,0.94,P2,Team_B,Medium
4570,Low,0.3,0.85,3,0.84,0.74,0.61,P2,Team_C,Medium
4571,Medium,0.6,0.15,4,0.82,0.76,0.92,P2,Team_B,Medium
4572,Medium,0.6,0.32,4,0.83,0.49,0.9,P2,Team_B,Medium
4573,Medium,0.6,0.17,2,0.58,0.46,0.42,P2,Team_A,Medium
4574,Low,0.3,0.65,2,0.9,0.76,0.72,P2,Team_C,Medium
4575,High,0.9,0.34,1,0.84,0.82,0.6,P2,Team_B,Medium
4576,Medium,0.6,0.22,1,0.83,0.8,0.75,P2,Team_A,Medium
4577,Medium,0.6,0.36,1,0.72,0.43,0.47,P2,Team_B,Medium
4578,Low,0.3,0.64,2,0.91,0.7,0.5,P2,Team_C,Medium
4579,Medium,0.6,0.47,3,0.73,0.81,0.36,P2,Team_C,Medium
4580,High,0.9,0.78,3,0.6,0.76,0.5,P1,Team_C,High
4581,High,0.9,0.55,4,0.74,0.7,0.88,P2,Team_B,Medium
4582,Low,0.3,0.29,3,0.69,0.58,0.86,P3,Team_B,Low
4583,High,0.9,0.56,1,0.89,0.45,0.59,P2,Team_B,Medium
4584,Low,0.3,0.48,4,0.7,0.66,0.39,P2,Team_C,Medium
4585,Low,0.3,0.4,2,0.73,0.73,0.91,P2,Team_B,Medium
4586,Low,0.3,0.82,2,0.77,0.48,0.45,P2,Team_B,Medium
4587,High,0.9,0.38,2,0.5,0.59,0.44,P2,Team_B,Medium
4588,Low,0.3,0.29,3,0.82,0.49,0.73,P3,Team_A,Low
4589,Low,0.3,0.57,2,0.53,0.34,0.97,P2,Team_B,Medium
4590,High,0.9,0.93,4,0.58,0.72,0.41,P1,Team_B,High
4591,Low,0.3,0.42,1,0.88,0.42,0.54,P2,Team_B,Medium
4592,Medium,0.6,0.32,3,0.68,0.79,0.53,P2,Team_C,Medium
4593,Low,0.3,0.44,4,0.91,0.59,0.77,P2,Team_C,Medium
4594,Low,0.3,0.82,2,0.36,0.63,0.55,P2,Team_C,Medium
4595,Medium,0.6,0.6,4,0.74,0.7,0.96,P2,Team_A,Medium
4596,Low,0.3,0.68,3,0.85,0.39,0.59,P2,Team_B,Medium
4597,High,0.9,0.52,4,0.79,0.3,0.97,P2,Team_C,Medium
4598,High,0.9,0.68,3,0.56,0.57,0.86,P1,Team_B,High
4599,Low,0.3,0.51,1,0.52,0.65,0.48,P2,Team_A,Medium
4600,Low,0.3,0.11,3,0.62,0.68,0.78,P3,Team_C,Low
4601,Medium,0.6,0.51,2,0.24,0.83,0.9,P2,Team_C,Medium
4602,Medium,0.6,0.67,4,0.81,0.61,0.57,P2,Team_B,Medium
4603,High,0.9,0.34,4,0.87,0.77,0.42,P2,Team_B,Medium
4604,High,0.9,0.63,4,0.75,0.57,0.94,P1,Team_A,High
4605,Low,0.3,0.69,2,0.82,0.84,0.61,P2,Team_B,Medium
4606,Medium,0.6,0.37,3,0.49,0.53,0.4,P2,Team_C,Medium
4607,High,0.9,0.42,3,0.52,0.97,0.43,P2,Team_B,Medium
4608,High,0.9,0.33,2,0.64,0.8,0.86,P2,Team_C,Medium
4609,Medium,0.6,0.54,3,0.46,0.79,0.65,P2,Team_C,Medium
4610,High,0.9,0.94,4,0.48,0.7,0.89,P1,Team_C,High
4611,High,0.9,0.54,4,0.64,0.75,0.97,P2,Team_A,Medium
4612,High,0.9,0.65,3,0.75,0.61,0.45,P1,Team_C,High
4613,Medium,0.6,0.15,2,0.8,0.93,0.86,P2,Team_C,Medium
4614,Low,0.3,0.27,3,0.61,0.83,0.85,P3,Team_C,Low
4615,Medium,0.6,0.84,1,0.67,0.9,0.86,P2,Team_A,Medium
4616,High,0.9,0.44,2,0.96,0.62,0.46,P2,Team_A,Medium
4617,Medium,0.6,0.11,2,0.67,0.57,0.78,P2,Team_C,Medium
4618,Low,0.3,0.56,4,0.71,0.76,0.97,P2,Team_B,Medium
4619,Medium,0.6,0.63,4,0.74,0.72,0.87,P2,Team_A,Medium
4620,Medium,0.6,0.14,2,0.47,0.91,0.34,P2,Team_B,Medium
4621,Low,0.3,0.61,1,0.51,0.62,0.8,P2,Team_B,Medium
4622,Low,0.3,0.6,2,0.77,0.73,0.8,P2,Team_A,Medium
4623,High,0.9,0.61,2,0.87,0.75,0.73,P1,Team_B,High
4624,Low,0.3,0.32,1,0.85,0.87,0.89,P3,Team_B,Low
4625,Low,0.3,0.91,2,0.88,0.79,0.48,P2,Team_C,Medium
4626,Low,0.3,0.48,3,0.62,0.63,0.45,P2,Team_B,Medium
4627,Low,0.3,0.62,4,0.36,0.63,0.87,P2,Team_A,Medium
4628,High,0.9,0.49,1,0.78,0.88,0.74,P2,Team_A,Medium
4629,Medium,0.6,0.39,3,0.58,0.28,0.71,P2,Team_B,Medium
4630,Medium,0.6,0.86,4,0.52,0.8,0.75,P2,Team_C,Medium
4631,High,0.9,0.77,2,0.85,0.86,0.48,P1,Team_C,High
4632,Medium,0.6,0.95,3,0.79,0.35,0.34,P2,Team_A,Medium
4633,Low,0.3,0.62,3,0.58,0.8,0.78,P2,Team_B,Medium
4634,Low,0.3,0.43,1,0.66,0.49,0.81,P2,Team_A,Medium
4635,Low,0.3,0.35,1,0.85,0.88,0.47,P3,Team_C,Low
4636,Low,0.3,0.58,1,0.4,0.79,0.39,P2,Team_C,Medium
4637,Medium,0.6,0.8,1,0.9,0.52,0.44,P2,Team_B,Medium
4638,Low,0.3,0.77,1,0.66,0.81,0.32,P2,Team_B,Medium
4639,High,0.9,0.32,3,0.86,0.81,0.88,P2,Team_C,Medium
4640,Low,0.3,0.35,3,0.69,0.68,0.96,P3,Team_A,Low
4641,Medium,0.6,0.35,3,0.87,0.81,0.32,P2,Team_B,Medium
4642,High,0.9,0.74,3,0.44,0.62,0.43,P1,Team_A,High
4643,High,0.9,0.74,2,0.9,0.59,0.52,P1,Team_B,High
4644,Medium,0.6,0.45,3,0.48,0.74,0.95,P2,Team_C,Medium
4645,Low,0.3,0.58,4,0.72,0.73,0.7,P2,Team_C,Medium
4646,Medium,0.6,0.31,2,0.88,0.64,0.94,P2,Team_C,Medium
4647,Medium,0.6,0.66,1,0.69,0.56,0.76,P2,Team_B,Medium
4648,Low,0.3,0.44,3,0.91,0.21,0.75,P2,Team_C,Medium
4649,High,0.9,0.19,2,0.94,0.47,0.46,P2,Team_C,Medium
4650,Low,0.3,0.24,4,0.85,0.8,0.61,P3,Team_C,Low
4651,Low,0.3,0.51,1,0.79,0.26,0.7,P2,Team_B,Medium
4652,Medium,0.6,0.39,1,0.94,0.83,0.43,P2,Team_B,Medium
4653,Low,0.3,0.75,3,0.86,0.42,0.71,P2,Team_B,Medium
4654,Medium,0.6,0.34,3,0.57,0.82,0.44,P2,Team_A,Medium
4655,Medium,0.6,0.71,2,0.9,0.99,0.84,P2,Team_A,Medium
4656,Low,0.3,0.56,1,0.71,0.68,0.5,P2,Team_A,Medium
4657,Medium,0.6,0.33,2,0.68,0.76,0.76,P2,Team_B,Medium
4658,Low,0.3,0.9,3,0.84,0.82,0.64,P2,Team_A,Medium
4659,Low,0.3,0.61,3,0.63,0.65,0.64,P2,Team_A,Medium
4660,Low,0.3,0.78,2,0.73,0.76,0.94,P2,Team_C,Medium
4661,Medium,0.6,0.49,3,0.7,0.64,0.37,P2,Team_B,Medium
4662,Low,0.3,0.06,4,0.58,0.43,0.87,P3,Team_C,Low
4663,High,0.9,0.05,2,0.68,0.76,0.52,P2,Team_C,Medium
4664,Low,0.3,0.18,2,0.67,0.78,0.34,P3,Team_B,Low
4665,High,0.9,0.43,1,0.6,0.7,0.49,P2,Team_C,Medium
4666,Medium,0.6,0.82,1,0.84,0.43,0.63,P2,Team_C,Medium
4667,Medium,0.6,0.15,2,0.73,0.41,0.63,P2,Team_B,Medium
4668,High,0.9,0.62,2,0.82,0.93,0.86,P1,Team_B,High
4669,High,0.9,0.25,2,0.96,0.4,0.55,P2,Team_A,Medium
4670,Low,0.3,0.38,4,0.32,0.68,0.95,P3,Team_B,Low
4671,Low,0.3,0.26,1,0.49,0.59,0.43,P3,Team_B,Low
4672,High,0.9,0.59,3,0.61,0.97,0.59,P2,Team_C,Medium
4673,Low,0.3,0.61,1,0.88,0.82,0.53,P2,Team_A,Medium
4674,High,0.9,0.69,4,0.76,0.89,0.58,P1,Team_C,High
4675,Medium,0.6,0.8,3,0.2,0.74,0.79,P2,Team_C,Medium
4676,Low,0.3,0.34,2,0.54,0.69,0.54,P3,Team_A,Low
4677,Low,0.3,0.22,1,0.64,0.37,0.88,P3,Team_B,Low
4678,Low,0.3,0.96,4,0.49,0.85,0.3,P2,Team_B,Medium
4679,Low,0.3,0.28,1,0.66,0.45,0.95,P3,Team_B,Low
4680,Medium,0.6,0.7,1,0.59,0.6,0.37,P2,Team_A,Medium
4681,High,0.9,0.22,4,0.9,0.66,0.81,P2,Team_B,Medium
4682,Medium,0.6,0.65,4,0.52,0.44,0.57,P2,Team_A,Medium
4683,Medium,0.6,0.36,1,0.33,0.68,0.43,P2,Team_B,Medium
4684,High,0.9,0.5,1,0.36,0.59,0.4,P2,Team_C,Medium
4685,High,0.9,0.37,1,0.79,0.81,0.79,P2,Team_B,Medium
4686,High,0.9,0.5,1,0.77,0.41,0.66,P2,Team_C,Medium
4687,High,0.9,0.72,4,0.59,0.76,0.84,P1,Team_C,High
4688,Low,0.3,0.4,4,0.59,0.57,0.73,P2,Team_A,Medium
4689,High,0.9,0.38,4,0.79,0.63,0.74,P2,Team_C,Medium
4690,High,0.9,0.68,4,0.91,0.64,0.67,P1,Team_A,High
4691,Low,0.3,0.75,1,0.81,0.73,0.63,P2,Team_A,Medium
4692,Low,0.3,0.55,3,0.94,0.96,0.64,P2,Team_B,Medium
4693,Medium,0.6,0.61,1,0.78,0.78,0.68,P2,Team_A,Medium
4694,Low,0.3,0.62,2,0.46,0.66,0.85,P2,Team_C,Medium
4695,High,0.9,0.64,4,0.85,0.74,0.37,P1,Team_B,High
4696,Low,0.3,0.62,1,0.64,0.48,0.48,P2,Team_B,Medium
4697,Low,0.3,0.53,3,0.9,0.75,0.66,P2,Team_A,Medium
4698,Medium,0.6,0.57,3,0.68,0.85,0.67,P2,Team_A,Medium
4699,Medium,0.6,0.75,2,0.83,0.73,0.68,P2,Team_C,Medium
4700,Low,0.3,0.19,1,0.87,0.74,0.98,P3,Team_B,Low
4701,High,0.9,0.95,2,0.75,0.37,0.74,P1,Team_B,High
4702,Low,0.3,0.44,2,0.84,0.65,0.96,P2,Team_A,Medium
4703,High,0.9,0.52,4,0.84,0.96,0.77,P2,Team_B,Medium
4704,Low,0.3,0.6,3,0.68,0.67,0.48,P2,Team_B,Medium
4705,Low,0.3,0.41,1,0.56,0.4,0.35,P2,Team_B,Medium
4706,High,0.9,0.53,2,0.75,0.76,0.46,P2,Team_C,Medium
4707,Medium,0.6,0.74,3,0.62,0.73,0.98,P2,Team_B,Medium
4708,Low,0.3,0.29,2,0.76,0.55,0.6,P3,Team_B,Low
4709,Low,0.3,0.49,1,0.41,0.88,0.79,P2,Team_B,Medium
4710,High,0.9,0.42,4,0.7,0.81,0.66,P2,Team_A,Medium
4711,Medium,0.6,0.21,4,0.78,0.92,0.77,P2,Team_C,Medium
4712,High,0.9,0.76,4,0.71,0.82,0.58,P1,Team_C,High
4713,High,0.9,0.28,2,0.84,0.56,0.41,P2,Team_C,Medium
4714,Medium,0.6,0.44,1,0.91,0.91,0.7,P2,Team_B,Medium
4715,High,0.9,0.85,4,0.73,0.88,0.74,P1,Team_B,High
4716,Low,0.3,0.72,2,0.93,0.68,0.92,P2,Team_B,Medium
4717,Medium,0.6,0.21,4,0.95,0.62,0.9,P2,Team_C,Medium
4718,Low,0.3,0.39,2,0.65,0.84,0.87,P3,Team_B,Low
4719,Medium,0.6,0.18,2,0.54,0.34,0.67,P2,Team_A,Medium
4720,High,0.9,0.77,2,0.58,0.77,0.98,P1,Team_A,High
4721,Low,0.3,0.84,4,0.46,0.61,0.7,P2,Team_B,Medium
4722,Low,0.3,0.63,1,0.64,0.7,0.79,P2,Team_A,Medium
4723,High,0.9,0.66,1,0.86,0.88,0.63,P1,Team_C,High
4724,High,0.9,0.29,3,0.7,0.57,0.52,P2,Team_C,Medium
4725,Medium,0.6,0.83,2,0.83,0.75,0.55,P2,Team_C,Medium
4726,Low,0.3,0.45,2,0.91,0.21,0.82,P2,Team_C,Medium
4727,Medium,0.6,0.43,3,0.48,0.38,0.9,P2,Team_C,Medium
4728,Low,0.3,0.47,1,0.88,0.65,0.57,P2,Team_B,Medium
4729,Low,0.3,0.71,1,0.65,0.94,0.31,P2,Team_B,Medium
4730,Low,0.3,0.36,2,0.98,0.75,0.72,P3,Team_B,Low
4731,Medium,0.6,0.44,1,0.82,0.51,0.64,P2,Team_C,Medium
4732,High,0.9,0.03,1,0.71,0.75,0.85,P2,Team_A,Medium
4733,Low,0.3,0.35,1,0.89,0.68,0.62,P3,Team_C,Low
4734,Low,0.3,0.44,3,0.86,0.74,0.58,P2,Team_C,Medium
4735,Medium,0.6,0.13,3,0.63,0.64,0.71,P2,Team_A,Medium
4736,Low,0.3,0.28,3,0.58,0.8,0.96,P3,Team_B,Low
4737,Low,0.3,0.74,1,0.82,0.86,0.39,P2,Team_B,Medium
4738,Medium,0.6,0.23,4,0.79,0.5,0.36,P2,Team_A,Medium
4739,High,0.9,0.49,2,0.76,0.21,0.49,P2,Team_B,Medium
4740,Medium,0.6,0.82,2,0.7,0.45,0.88,P2,Team_B,Medium
4741,High,0.9,0.72,2,0.83,0.97,0.54,P1,Team_C,High
4742,Low,0.3,0.59,4,0.88,0.44,0.93,P2,Team_C,Medium
4743,High,0.9,0.9,4,0.47,0.64,0.61,P1,Team_B,High
4744,Medium,0.6,0.4,1,0.93,0.6,0.39,P2,Team_A,Medium
4745,Low,0.3,0.55,4,0.79,0.76,0.61,P2,Team_A,Medium
4746,Low,0.3,0.65,3,0.86,0.62,0.39,P2,Team_A,Medium
4747,Low,0.3,0.71,2,0.96,0.79,0.98,P2,Team_B,Medium
4748,Medium,0.6,0.28,3,0.29,0.56,0.76,P2,Team_A,Medium
4749,Medium,0.6,0.44,4,0.51,0.37,0.47,P2,Team_A,Medium
4750,High,0.9,0.93,1,0.62,0.64,0.97,P1,Team_A,High
4751,High,0.9,0.32,3,0.81,0.82,0.92,P2,Team_A,Medium
4752,Medium,0.6,0.7,4,0.65,0.89,0.46,P2,Team_A,Medium
4753,High,0.9,0.28,4,0.9,0.73,0.79,P2,Team_B,Medium
4754,Low,0.3,0.54,2,0.72,0.82,0.49,P2,Team_C,Medium
4755,Low,0.3,0.15,4,0.95,0.92,0.46,P3,Team_B,Low
4756,High,0.9,0.24,2,0.41,0.88,0.67,P2,Team_B,Medium
4757,Medium,0.6,0.7,4,0.79,0.74,0.52,P2,Team_C,Medium
4758,High,0.9,0.38,2,0.48,0.63,0.49,P2,Team_B,Medium
4759,Low,0.3,0.54,3,0.78,0.68,0.81,P2,Team_B,Medium
4760,Low,0.3,0.55,2,0.91,0.45,0.86,P2,Team_C,Medium
4761,High,0.9,0.11,3,0.85,0.85,0.86,P2,Team_A,Medium
4762,Low,0.3,0.06,3,0.46,0.81,0.78,P3,Team_A,Low
4763,Medium,0.6,0.07,4,0.6,0.38,0.51,P2,Team_A,Medium
4764,Medium,0.6,0.67,1,0.51,0.84,0.88,P2,Team_C,Medium
4765,Low,0.3,0.32,2,0.57,0.67,0.37,P3,Team_B,Low
4766,Low,0.3,0.26,4,0.86,0.8,0.31,P3,Team_A,Low
4767,Low,0.3,0.69,2,0.58,0.58,0.34,P2,Team_B,Medium
4768,Medium,0.6,0.13,1,0.82,0.78,0.95,P2,Team_C,Medium
4769,Low,0.3,0.35,2,0.91,0.9,0.67,P3,Team_B,Low
4770,Low,0.3,0.24,4,0.67,0.93,0.69,P3,Team_A,Low
4771,High,0.9,0.76,3,0.59,0.66,0.52,P1,Team_A,High
4772,Medium,0.6,0.6,2,0.92,0.78,0.46,P2,Team_A,Medium
4773,High,0.9,0.19,3,0.7,0.75,0.7,P2,Team_C,Medium
4774,Low,0.3,0.57,3,0.85,0.86,0.8,P2,Team_B,Medium
4775,High,0.9,0.5,1,0.51,0.66,0.68,P2,Team_B,Medium
4776,Low,0.3,0.5,3,0.81,0.69,0.81,P2,Team_A,Medium
4777,High,0.9,0.31,3,0.82,0.73,0.51,P2,Team_B,Medium
4778,Low,0.3,0.37,3,0.41,0.75,0.72,P3,Team_B,Low
4779,High,0.9,0.87,1,0.71,0.67,0.79,P1,Team_B,High
4780,Medium,0.6,0.59,3,0.7,0.6,0.64,P2,Team_C,Medium
4781,Medium,0.6,0.49,1,0.7,0.53,0.45,P2,Team_B,Medium
4782,High,0.9,0.73,3,0.35,0.64,0.47,P1,Team_A,High
4783,Medium,0.6,0.63,4,0.56,0.17,0.98,P2,Team_A,Medium
4784,Medium,0.6,0.63,3,0.63,0.9,0.97,P2,Team_C,Medium
4785,High,0.9,0.74,1,0.83,0.7,0.44,P1,Team_B,High
4786,Medium,0.6,0.3,2,0.71,0.93,0.78,P2,Team_C,Medium
4787,Medium,0.6,0.65,4,0.64,0.83,0.79,P2,Team_A,Medium
4788,Medium,0.6,0.36,1,0.67,0.92,0.7,P2,Team_A,Medium
4789,Medium,0.6,0.48,2,0.7,0.87,0.88,P2,Team_B,Medium
4790,High,0.9,0.73,3,0.59,0.88,0.75,P1,Team_A,High
4791,High,0.9,0.38,2,0.5,0.64,0.53,P2,Team_B,Medium
4792,Medium,0.6,0.13,4,0.9,0.42,0.43,P2,Team_A,Medium
4793,Medium,0.6,0.24,4,0.28,0.81,0.62,P2,Team_B,Medium
4794,High,0.9,0.05,3,0.3,0.86,0.35,P2,Team_A,Medium
4795,High,0.9,0.74,1,0.86,0.92,0.38,P1,Team_A,High
4796,Low,0.3,0.66,4,0.63,0.75,0.5,P2,Team_A,Medium
4797,Medium,0.6,0.48,3,0.77,0.37,0.9,P2,Team_B,Medium
4798,Medium,0.6,0.84,1,0.8,0.46,0.7,P2,Team_B,Medium
4799,Medium,0.6,0.41,3,0.49,0.8,0.71,P2,Team_C,Medium
4800,High,0.9,0.31,1,0.91,0.39,0.91,P2,Team_A,Medium
4801,High,0.9,0.64,2,0.87,0.88,0.41,P1,Team_B,High
4802,Low,0.3,0.51,1,0.5,0.63,0.71,P2,Team_A,Medium
4803,Medium,0.6,0.18,1,0.43,0.79,0.85,P2,Team_C,Medium
4804,Low,0.3,0.28,4,0.8,0.68,0.39,P3,Team_C,Low
4805,Low,0.3,0.3,3,0.77,0.8,0.56,P3,Team_B,Low
4806,Medium,0.6,0.61,4,0.65,0.77,0.59,P2,Team_B,Medium
4807,Low,0.3,0.83,3,0.85,0.8,0.83,P2,Team_A,Medium
4808,Medium,0.6,0.73,4,0.62,0.67,0.34,P2,Team_C,Medium
4809,High,0.9,0.47,4,0.62,0.89,0.83,P2,Team_C,Medium
4810,Low,0.3,0.8,4,0.66,0.43,0.82,P2,Team_A,Medium
4811,High,0.9,0.82,2,0.62,0.91,0.91,P1,Team_C,High
4812,High,0.9,0.6,3,0.69,0.73,0.5,P2,Team_A,Medium
4813,Low,0.3,0.1,2,0.76,0.65,0.69,P3,Team_C,Low
4814,Low,0.3,0.64,1,0.46,0.61,0.72,P2,Team_B,Medium
4815,Medium,0.6,0.74,3,0.8,0.62,0.85,P2,Team_C,Medium
4816,Low,0.3,0.28,2,0.59,0.73,0.96,P3,Team_A,Low
4817,High,0.9,0.34,2,0.6,0.69,0.92,P2,Team_C,Medium
4818,Medium,0.6,0.47,1,0.87,0.54,0.59,P2,Team_C,Medium
4819,Low,0.3,0.4,2,0.4,0.6,0.61,P2,Team_B,Medium
4820,High,0.9,0.84,3,0.74,0.3,0.64,P1,Team_A,High
4821,Low,0.3,0.3,3,0.97,0.5,0.91,P3,Team_C,Low
4822,Low,0.3,0.52,4,0.61,0.85,0.61,P2,Team_B,Medium
4823,Low,0.3,0.55,4,0.83,0.87,0.47,P2,Team_A,Medium
4824,High,0.9,0.16,1,0.63,0.71,0.93,P2,Team_A,Medium
4825,Low,0.3,0.83,3,0.79,0.77,0.62,P2,Team_C,Medium
4826,Medium,0.6,0.75,1,0.47,0.89,0.97,P2,Team_C,Medium
4827,Medium,0.6,0.26,1,0.65,0.68,0.76,P2,Team_A,Medium
4828,Medium,0.6,0.15,4,0.56,0.81,0.82,P2,Team_B,Medium
4829,Low,0.3,0.76,2,0.72,0.62,0.73,P2,Team_C,Medium
4830,Low,0.3,0.35,2,0.62,0.94,0.35,P3,Team_C,Low
4831,Medium,0.6,0.49,1,0.67,0.8,0.5,P2,Team_A,Medium
4832,Low,0.3,0.32,1,0.53,0.68,0.67,P3,Team_C,Low
4833,Medium,0.6,0.13,4,0.88,0.9,0.77,P2,Team_A,Medium
4834,Medium,0.6,0.75,1,0.71,0.76,0.93,P2,Team_A,Medium
4835,Low,0.3,0.15,1,0.77,0.35,0.37,P3,Team_B,Low
4836,Low,0.3,0.04,3,0.24,0.82,0.89,P3,Team_A,Low
4837,Medium,0.6,0.43,1,0.69,0.1,0.45,P2,Team_A,Medium
4838,Low,0.3,0.38,2,0.63,0.59,0.81,P3,Team_C,Low
4839,Low,0.3,0.32,3,0.28,0.72,0.77,P3,Team_A,Low
4840,High,0.9,0.56,3,0.49,0.91,0.84,P2,Team_C,Medium
4841,Medium,0.6,0.52,3,0.86,0.42,0.34,P2,Team_C,Medium
4842,Low,0.3,0.74,1,0.9,0.47,0.33,P2,Team_A,Medium
4843,High,0.9,0.77,1,0.79,0.51,0.5,P1,Team_A,High
4844,Low,0.3,0.27,3,0.89,0.58,0.62,P3,Team_B,Low
4845,Medium,0.6,0.28,2,0.62,0.59,0.89,P2,Team_A,Medium
4846,High,0.9,0.2,3,0.92,0.45,0.94,P2,Team_B,Medium
4847,Low,0.3,0.87,2,0.55,0.93,0.82,P2,Team_A,Medium
4848,Medium,0.6,0.54,3,0.53,0.36,0.84,P2,Team_C,Medium
4849,Medium,0.6,0.53,4,0.86,0.66,0.4,P2,Team_C,Medium
4850,Low,0.3,0.83,4,0.74,0.81,0.45,P2,Team_B,Medium
4851,Medium,0.6,0.16,4,0.81,0.95,0.88,P2,Team_B,Medium
4852,Medium,0.6,0.61,1,0.63,0.63,0.65,P2,Team_A,Medium
4853,High,0.9,0.55,1,0.56,0.58,0.73,P2,Team_B,Medium
4854,Medium,0.6,0.93,4,0.84,0.62,0.32,P2,Team_B,Medium
4855,High,0.9,0.65,3,0.68,0.6,0.35,P1,Team_C,High
4856,Low,0.3,0.97,3,0.79,0.7,0.65,P2,Team_C,Medium
4857,Low,0.3,0.47,1,0.53,0.68,0.9,P2,Team_C,Medium
4858,Medium,0.6,0.31,1,0.87,0.6,0.64,P2,Team_A,Medium
4859,Low,0.3,0.81,1,0.95,0.45,0.99,P2,Team_C,Medium
4860,Low,0.3,0.81,2,0.8,0.57,0.43,P2,Team_A,Medium
4861,Medium,0.6,0.96,1,0.6,0.63,0.44,P2,Team_B,Medium
4862,Low,0.3,0.6,4,0.55,0.85,0.34,P2,Team_C,Medium
4863,High,0.9,0.41,2,0.54,0.75,0.91,P2,Team_A,Medium
4864,Medium,0.6,0.5,2,0.52,0.48,0.48,P2,Team_B,Medium
4865,Medium,0.6,0.4,2,0.74,0.57,0.51,P2,Team_A,Medium
4866,High,0.9,0.51,2,0.45,0.43,0.6,P2,Team_A,Medium
4867,High,0.9,0.66,4,0.63,0.45,0.65,P1,Team_A,High
4868,Low,0.3,0.67,3,0.82,0.66,0.72,P2,Team_A,Medium
4869,Low,0.3,0.62,1,0.6,0.66,0.66,P2,Team_C,Medium
4870,Medium,0.6,0.36,3,0.88,0.68,0.51,P2,Team_B,Medium
4871,Low,0.3,0.56,3,0.9,0.76,0.79,P2,Team_B,Medium
4872,Medium,0.6,0.32,1,0.74,0.76,0.65,P2,Team_B,Medium
4873,Low,0.3,0.76,4,0.74,0.68,0.87,P2,Team_C,Medium
4874,Medium,0.6,0.18,4,0.76,0.92,0.7,P2,Team_B,Medium
4875,Medium,0.6,0.61,2,0.91,0.8,0.34,P2,Team_A,Medium
4876,Low,0.3,0.49,2,0.82,0.5,0.96,P2,Team_B,Medium
4877,Low,0.3,0.42,4,0.8,0.24,0.84,P2,Team_C,Medium
4878,High,0.9,0.53,1,0.69,0.72,0.66,P2,Team_A,Medium
4879,Low,0.3,0.8,4,0.66,0.48,0.91,P2,Team_B,Medium
4880,Medium,0.6,0.1,4,0.8,0.61,0.49,P2,Team_B,Medium
4881,High,0.9,0.74,2,0.83,0.81,0.92,P1,Team_B,High
4882,Low,0.3,0.52,1,0.98,0.5,0.95,P2,Team_B,Medium
4883,High,0.9,0.3,1,0.75,0.59,0.81,P2,Team_B,Medium
4884,Low,0.3,0.66,4,0.69,0.74,0.59,P2,Team_A,Medium
4885,Low,0.3,0.33,1,0.71,0.57,0.41,P3,Team_A,Low
4886,Low,0.3,0.76,4,0.42,0.51,0.81,P2,Team_C,Medium
4887,Low,0.3,0.87,3,0.94,0.87,0.98,P2,Team_A,Medium
4888,Medium,0.6,0.46,4,0.4,0.87,0.36,P2,Team_A,Medium
4889,Medium,0.6,0.08,1,0.62,0.45,0.98,P2,Team_C,Medium
4890,Low,0.3,0.09,3,0.79,0.84,0.41,P3,Team_C,Low
4891,Low,0.3,0.47,3,0.83,0.74,0.76,P2,Team_A,Medium
4892,High,0.9,0.17,4,0.52,0.81,0.95,P2,Team_A,Medium
4893,High,0.9,0.64,1,0.88,0.86,0.42,P1,Team_B,High
4894,Medium,0.6,0.33,1,0.79,0.91,0.73,P2,Team_C,Medium
4895,High,0.9,0.42,3,0.89,0.68,0.51,P2,Team_A,Medium
4896,Medium,0.6,0.33,1,0.73,0.79,0.4,P2,Team_C,Medium
4897,Low,0.3,0.34,4,0.8,0.38,0.51,P3,Team_A,Low
4898,Medium,0.6,0.23,2,0.55,0.84,0.96,P2,Team_C,Medium
4899,Low,0.3,0.34,2,0.73,0.81,0.49,P3,Team_A,Low
4900,Low,0.3,0.82,1,0.87,0.56,0.93,P2,Team_B,Medium
4901,High,0.9,0.13,1,0.96,0.39,0.94,P2,Team_B,Medium
4902,Low,0.3,0.36,1,0.86,0.76,0.4,P3,Team_B,Low
4903,Low,0.3,0.43,2,0.97,0.78,0.41,P2,Team_C,Medium
4904,Low,0.3,0.24,4,0.88,0.92,0.47,P3,Team_A,Low
4905,Medium,0.6,0.55,4,0.79,0.72,0.72,P2,Team_C,Medium
4906,Medium,0.6,0.44,1,0.28,0.88,0.32,P2,Team_A,Medium
4907,Low,0.3,0.61,1,0.92,0.81,0.33,P2,Team_B,Medium
4908,Medium,0.6,0.66,4,0.66,0.53,0.93,P2,Team_C,Medium
4909,Medium,0.6,0.65,4,0.96,0.37,0.91,P2,Team_C,Medium
4910,Medium,0.6,0.47,2,0.67,0.51,0.72,P2,Team_A,Medium
4911,Low,0.3,0.49,4,0.97,0.49,0.92,P2,Team_C,Medium
4912,Medium,0.6,0.67,3,0.55,0.67,0.83,P2,Team_B,Medium
4913,Low,0.3,0.75,3,0.64,0.89,0.62,P2,Team_B,Medium
4914,Low,0.3,0.16,3,0.8,0.81,0.75,P3,Team_A,Low
4915,Medium,0.6,0.68,3,0.67,0.76,0.31,P2,Team_A,Medium
4916,Low,0.3,0.63,1,0.61,0.49,0.5,P2,Team_A,Medium
4917,Low,0.3,0.51,3,0.78,0.8,0.97,P2,Team_B,Medium
4918,Medium,0.6,0.32,4,0.23,0.61,0.59,P2,Team_B,Medium
4919,Low,0.3,0.62,4,0.82,0.71,0.9,P2,Team_B,Medium
4920,Medium,0.6,0.84,4,0.6,0.71,0.87,P2,Team_A,Medium
4921,Medium,0.6,0.43,3,0.73,0.72,0.85,P2,Team_C,Medium
4922,High,0.9,0.27,1,0.91,0.85,0.79,P2,Team_B,Medium
4923,Low,0.3,0.81,3,0.41,0.43,0.49,P2,Team_A,Medium
4924,Low,0.3,0.41,4,0.89,0.68,0.78,P2,Team_A,Medium
4925,Medium,0.6,0.45,4,0.3,0.63,0.68,P2,Team_A,Medium
4926,Low,0.3,0.34,2,0.96,0.27,0.87,P3,Team_B,Low
4927,Low,0.3,0.61,3,0.72,0.66,0.42,P2,Team_B,Medium
4928,Low,0.3,0.87,2,0.75,0.75,0.7,P2,Team_B,Medium
4929,Low,0.3,0.65,3,0.88,0.77,0.87,P2,Team_B,Medium
4930,Low,0.3,0.59,3,0.43,0.92,0.76,P2,Team_B,Medium
4931,High,0.9,0.28,1,0.7,0.5,0.64,P2,Team_A,Medium
4932,Medium,0.6,0.63,3,0.51,0.65,0.93,P2,Team_A,Medium
4933,High,0.9,0.16,4,0.28,0.54,0.51,P2,Team_C,Medium
4934,High,0.9,0.17,2,0.82,0.49,0.89,P2,Team_B,Medium
4935,Low,0.3,0.09,4,0.89,0.85,0.64,P3,Team_C,Low
4936,Medium,0.6,0.64,2,0.61,0.77,0.99,P2,Team_B,Medium
4937,Low,0.3,0.29,4,0.88,0.82,0.95,P3,Team_A,Low
4938,Medium,0.6,0.7,1,0.96,0.6,0.41,P2,Team_A,Medium
4939,Low,0.3,0.18,3,0.46,0.58,0.65,P3,Team_B,Low
4940,Medium,0.6,0.48,4,0.84,0.86,0.64,P2,Team_C,Medium
4941,High,0.9,0.65,3,0.86,0.86,0.74,P1,Team_B,High
4942,Medium,0.6,0.57,4,0.63,0.59,0.65,P2,Team_B,Medium
4943,Medium,0.6,0.1,3,0.85,0.8,0.49,P2,Team_C,Medium
4944,High,0.9,0.33,1,0.34,0.48,0.38,P2,Team_C,Medium
4945,Low,0.3,0.88,2,0.81,0.8,0.57,P2,Team_C,Medium
4946,Medium,0.6,0.2,4,0.68,0.6,0.83,P2,Team_A,Medium
4947,High,0.9,0.47,2,0.99,0.57,0.82,P2,Team_C,Medium
4948,Low,0.3,0.93,2,0.91,0.64,0.35,P2,Team_B,Medium
4949,Medium,0.6,0.52,3,0.93,0.79,0.5,P2,Team_A,Medium
4950,Low,0.3,0.34,4,0.77,0.72,0.3,P3,Team_B,Low
4951,High,0.9,0.1,3,0.54,0.63,0.5,P2,Team_C,Medium
4952,Medium,0.6,0.83,3,0.9,0.53,0.42,P2,Team_C,Medium
4953,High,0.9,0.7,3,0.52,0.91,0.51,P1,Team_B,High
4954,High,0.9,0.21,3,0.7,0.93,0.67,P2,Team_B,Medium
4955,High,0.9,0.64,4,0.7,0.82,0.98,P1,Team_C,High
4956,Medium,0.6,0.24,1,0.65,0.56,0.68,P2,Team_A,Medium
4957,Medium,0.6,0.63,4,0.85,0.96,0.39,P2,Team_A,Medium
4958,Medium,0.6,0.25,3,0.81,0.57,0.97,P2,Team_B,Medium
4959,High,0.9,0.33,4,0.67,0.43,0.76,P2,Team_A,Medium
4960,Medium,0.6,0.43,4,0.59,0.87,0.66,P2,Team_C,Medium
4961,Low,0.3,0.24,2,0.71,0.79,0.68,P3,Team_C,Low
4962,High,0.9,0.68,1,0.91,0.63,0.69,P1,Team_A,High
4963,Medium,0.6,0.65,3,0.47,0.51,0.39,P2,Team_C,Medium
4964,Medium,0.6,0.3,1,0.91,0.57,0.59,P2,Team_B,Medium
4965,High,0.9,0.27,2,0.79,0.72,0.94,P2,Team_B,Medium
4966,Low,0.3,0.21,1,0.56,0.17,0.8,P3,Team_A,Low
4967,Medium,0.6,0.79,4,0.56,0.94,0.48,P2,Team_A,Medium
4968,Medium,0.6,0.16,4,0.83,0.66,0.89,P2,Team_C,Medium
4969,High,0.9,0.1,1,0.97,0.42,0.6,P2,Team_B,Medium
4970,Medium,0.6,0.62,2,0.9,0.38,0.82,P2,Team_A,Medium
4971,High,0.9,0.68,1,0.88,0.8,0.95,P1,Team_A,High
4972,High,0.9,0.34,3,0.69,0.78,0.32,P2,Team_C,Medium
4973,Medium,0.6,0.77,3,0.43,0.91,0.34,P2,Team_B,Medium
4974,High,0.9,0.5,2,0.87,0.76,0.69,P2,Team_B,Medium
4975,Medium,0.6,0.32,4,0.47,0.7,0.46,P2,Team_A,Medium
4976,High,0.9,0.9,2,0.26,0.66,0.5,P1,Team_B,High
4977,Low,0.3,0.54,2,0.76,0.95,0.76,P2,Team_C,Medium
4978,High,0.9,0.32,2,0.92,0.36,0.61,P2,Team_A,Medium
4979,Medium,0.6,0.44,3,0.71,0.95,0.4,P2,Team_C,Medium
4980,Medium,0.6,0.16,2,0.79,0.31,0.94,P2,Team_B,Medium
4981,Medium,0.6,0.6,4,0.54,0.23,0.94,P2,Team_B,Medium
4982,Low,0.3,0.81,2,0.58,0.89,0.61,P2,Team_A,Medium
4983,Medium,0.6,0.44,4,0.75,0.7,0.77,P2,Team_C,Medium
4984,Medium,0.6,0.65,4,0.74,0.46,0.57,P2,Team_B,Medium
4985,Medium,0.6,0.64,4,0.78,0.62,0.43,P2,Team_A,Medium
4986,Low,0.3,0.77,1,0.81,0.83,0.38,P2,Team_A,Medium
4987,Medium,0.6,0.15,3,0.84,0.66,0.32,P2,Team_C,Medium
4988,Medium,0.6,0.4,2,0.77,0.51,0.39,P2,Team_A,Medium
4989,Low,0.3,0.29,2,0.18,0.5,0.74,P3,Team_A,Low
4990,Medium,0.6,0.07,2,0.59,0.94,0.97,P2,Team_A,Medium
4991,Low,0.3,0.87,2,0.62,0.57,0.77,P2,Team_B,Medium
4992,Medium,0.6,0.17,2,0.83,0.67,0.42,P2,Team_C,Medium
4993,Medium,0.6,0.1,3,0.79,0.57,0.34,P2,Team_C,Medium
4994,Medium,0.6,0.74,1,0.62,0.48,0.49,P2,Team_A,Medium
4995,High,0.9,0.07,4,0.74,0.75,0.72,P2,Team_A,Medium
4996,Medium,0.6,0.56,2,0.91,0.74,0.7,P2,Team_C,Medium
4997,Medium,0.6,0.53,2,0.55,0.72,0.93,P2,Team_B,Medium
4998,Low,0.3,0.73,1,0.37,0.48,0.41,P2,Team_C,Medium
4999,Medium,0.6,0.23,2,0.88,0.75,0.54,P2,Team_A,Medium
5000,Medium,0.6,0.67,2,0.93,0.42,0.72,P2,Team_A,Medium
5001,Low,0.3,0.77,1,0.82,0.76,0.8,P2,Team_A,Medium
5002,Low,0.3,0.14,2,0.94,0.61,0.49,P3,Team_C,Low
5003,Low,0.3,0.56,4,0.5,0.8,0.34,P2,Team_A,Medium
5004,Low,0.3,0.5,4,0.88,0.56,0.69,P2,Team_B,Medium
5005,Low,0.3,0.66,3,0.68,0.71,0.4,P2,Team_A,Medium
5006,Low,0.3,0.3,1,0.88,0.48,0.58,P3,Team_B,Low
5007,Medium,0.6,0.25,3,0.67,0.79,0.63,P2,Team_C,Medium
5008,Medium,0.6,0.27,1,0.89,0.79,0.76,P2,Team_B,Medium
5009,Medium,0.6,0.25,4,0.81,0.67,0.91,P2,Team_A,Medium
5010,High,0.9,0.26,4,0.7,0.74,0.4,P2,Team_C,Medium
5011,Low,0.3,0.24,2,0.83,0.36,0.32,P3,Team_C,Low
5012,High,0.9,0.99,4,0.6,0.46,0.99,P1,Team_C,High
5013,Low,0.3,0.39,1,0.8,0.99,0.44,P3,Team_A,Low
5014,High,0.9,0.34,4,0.6,0.8,0.67,P2,Team_A,Medium
5015,Medium,0.6,0.72,4,0.73,0.93,0.8,P2,Team_C,Medium
5016,Medium,0.6,0.54,2,0.74,0.99,0.48,P2,Team_C,Medium
5017,Medium,0.6,0.79,3,0.54,0.83,0.41,P2,Team_A,Medium
5018,Medium,0.6,0.28,1,0.75,0.53,0.65,P2,Team_C,Medium
5019,High,0.9,0.86,4,0.84,0.77,0.7,P1,Team_A,High
5020,Low,0.3,0.41,2,0.73,0.76,0.41,P2,Team_A,Medium
5021,Medium,0.6,0.38,1,0.8,0.99,0.93,P2,Team_B,Medium
5022,Low,0.3,0.16,1,0.53,0.38,0.82,P3,Team_A,Low
5023,Low,0.3,0.2,3,0.61,0.97,0.78,P3,Team_C,Low
5024,Low,0.3,0.52,2,0.68,0.71,0.7,P2,Team_C,Medium
5025,Low,0.3,0.23,4,0.81,0.17,0.82,P3,Team_A,Low
5026,Medium,0.6,0.25,1,0.93,0.71,0.47,P2,Team_B,Medium
5027,Low,0.3,0.9,2,0.56,0.79,0.41,P2,Team_A,Medium
5028,Medium,0.6,0.24,1,0.64,0.51,0.49,P2,Team_A,Medium
5029,Low,0.3,0.48,3,0.69,0.4,0.96,P2,Team_B,Medium
5030,Low,0.3,0.81,1,0.42,0.79,0.62,P2,Team_A,Medium
5031,Low,0.3,0.2,2,0.73,0.75,0.77,P3,Team_C,Low
5032,Low,0.3,0.5,3,0.87,0.68,0.92,P2,Team_A,Medium
5033,Low,0.3,0.46,2,0.35,0.95,0.35,P2,Team_B,Medium
5034,Medium,0.6,0.84,3,0.72,0.32,1.0,P2,Team_A,Medium
5035,Medium,0.6,0.22,2,0.77,0.51,0.52,P2,Team_C,Medium
5036,Medium,0.6,0.48,2,0.59,0.61,0.68,P2,Team_A,Medium
5037,Medium,0.6,0.42,2,0.96,0.9,0.91,P2,Team_B,Medium
5038,High,0.9,0.53,4,0.75,0.47,0.34,P2,Team_A,Medium
5039,Medium,0.6,0.63,2,0.59,0.53,0.95,P2,Team_A,Medium
5040,Medium,0.6,0.3,3,0.65,0.6,0.31,P2,Team_C,Medium
5041,Low,0.3,0.48,3,0.85,0.88,0.31,P2,Team_C,Medium
5042,Low,0.3,0.79,3,0.65,0.63,0.54,P2,Team_B,Medium
5043,Medium,0.6,0.43,1,0.47,0.66,0.91,P2,Team_C,Medium
5044,High,0.9,0.85,3,0.6,0.51,0.8,P1,Team_A,High
5045,Medium,0.6,0.71,4,0.86,0.75,0.3,P2,Team_A,Medium
5046,High,0.9,0.39,4,0.8,0.61,0.38,P2,Team_A,Medium
5047,Low,0.3,0.41,1,0.52,0.87,0.54,P2,Team_B,Medium
5048,Medium,0.6,0.49,2,0.77,0.58,0.63,P2,Team_A,Medium
5049,High,0.9,0.51,4,0.56,0.48,0.43,P2,Team_B,Medium
5050,Low,0.3,0.3,4,0.83,0.73,0.33,P3,Team_A,Low
5051,Medium,0.6,0.75,1,0.75,0.66,0.52,P2,Team_A,Medium
5052,Medium,0.6,0.79,4,0.77,0.8,0.48,P2,Team_A,Medium
5053,High,0.9,0.65,4,0.71,0.71,0.37,P1,Team_A,High
5054,Medium,0.6,0.59,4,0.77,0.93,0.84,P2,Team_B,Medium
5055,Low,0.3,0.48,4,0.78,0.69,0.65,P2,Team_B,Medium
5056,Low,0.3,0.33,4,0.7,0.92,0.53,P3,Team_B,Low
5057,Medium,0.6,0.23,1,0.75,0.51,0.82,P2,Team_B,Medium
5058,Medium,0.6,0.63,4,0.65,0.93,0.59,P2,Team_C,Medium
5059,Medium,0.6,0.6,1,0.5,0.96,0.86,P2,Team_B,Medium
5060,Medium,0.6,0.18,3,0.39,0.84,0.5,P2,Team_B,Medium
5061,High,0.9,0.77,3,0.51,0.88,0.92,P1,Team_A,High
5062,High,0.9,0.29,3,0.63,0.73,0.87,P2,Team_A,Medium
5063,High,0.9,0.82,4,0.52,0.94,0.99,P1,Team_B,High
5064,Medium,0.6,0.85,2,0.76,0.96,0.84,P2,Team_A,Medium
5065,Low,0.3,0.29,2,0.76,0.59,0.73,P3,Team_B,Low
5066,Medium,0.6,0.08,4,0.55,0.65,0.84,P2,Team_A,Medium
5067,High,0.9,0.84,2,0.67,0.67,0.81,P1,Team_A,High
5068,Low,0.3,0.09,3,0.74,0.35,0.32,P3,Team_C,Low
5069,Low,0.3,0.39,1,0.92,0.73,0.45,P3,Team_A,Low
5070,High,0.9,0.38,3,0.74,0.72,0.74,P2,Team_A,Medium
5071,Low,0.3,0.33,1,0.92,0.99,0.87,P3,Team_B,Low
5072,Medium,0.6,0.33,1,0.93,0.5,0.87,P2,Team_B,Medium
5073,Low,0.3,0.28,1,0.72,0.7,0.95,P3,Team_C,Low
5074,Low,0.3,0.8,4,0.53,0.4,0.77,P2,Team_C,Medium
5075,Medium,0.6,0.61,3,0.66,0.69,0.95,P2,Team_A,Medium
5076,Medium,0.6,0.64,3,0.79,0.87,0.33,P2,Team_A,Medium
5077,Medium,0.6,0.09,3,0.66,0.84,0.39,P2,Team_B,Medium
5078,Low,0.3,0.25,4,0.86,0.84,0.52,P3,Team_A,Low
5079,Low,0.3,0.8,1,0.69,0.87,0.45,P2,Team_C,Medium
5080,Medium,0.6,0.63,4,0.94,0.7,0.85,P2,Team_A,Medium
5081,Low,0.3,0.75,2,0.89,0.67,0.83,P2,Team_C,Medium
5082,Medium,0.6,0.13,1,0.79,0.34,0.77,P2,Team_C,Medium
5083,High,0.9,0.89,1,0.85,0.78,0.98,P1,Team_A,High
5084,Low,0.3,0.87,3,0.88,0.92,0.81,P2,Team_B,Medium
5085,Low,0.3,0.39,3,0.9,0.77,0.5,P3,Team_A,Low
5086,High,0.9,0.29,2,0.67,0.97,0.74,P2,Team_B,Medium
5087,Medium,0.6,0.85,3,0.53,0.61,0.49,P2,Team_B,Medium
5088,Medium,0.6,0.12,3,0.93,0.55,0.83,P2,Team_A,Medium
5089,Low,0.3,0.53,3,0.88,0.48,0.54,P2,Team_C,Medium
5090,High,0.9,0.46,3,0.46,0.79,0.41,P2,Team_A,Medium
5091,High,0.9,0.53,2,0.93,0.5,0.3,P2,Team_B,Medium
5092,Low,0.3,0.46,1,0.78,0.75,0.89,P2,Team_A,Medium
5093,Medium,0.6,0.44,1,0.81,0.86,0.76,P2,Team_C,Medium
5094,Low,0.3,0.82,1,0.77,0.46,0.33,P2,Team_B,Medium
5095,Low,0.3,0.45,2,0.66,0.89,0.53,P2,Team_B,Medium
5096,High,0.9,0.48,3,0.73,0.61,0.34,P2,Team_A,Medium
5097,Low,0.3,0.55,4,0.92,0.79,0.56,P2,Team_C,Medium
5098,Low,0.3,0.59,2,0.74,0.66,0.35,P2,Team_B,Medium
5099,Medium,0.6,0.69,3,0.61,0.85,0.97,P2,Team_C,Medium
5100,Low,0.3,0.64,3,0.64,0.5,0.74,P2,Team_A,Medium
5101,Low,0.3,0.78,4,0.81,0.44,0.81,P2,Team_C,Medium
5102,Medium,0.6,0.21,3,0.89,0.91,0.9,P2,Team_C,Medium
5103,Medium,0.6,0.71,3,0.46,0.56,0.67,P2,Team_B,Medium
5104,Medium,0.6,0.93,4,0.8,0.69,0.85,P2,Team_A,Medium
5105,Low,0.3,0.36,3,0.43,0.87,0.86,P3,Team_B,Low
5106,Low,0.3,0.35,3,0.91,0.71,0.56,P3,Team_A,Low
5107,High,0.9,0.26,4,0.74,0.94,0.37,P2,Team_C,Medium
5108,Low,0.3,0.49,3,0.86,0.63,0.58,P2,Team_B,Medium
5109,Low,0.3,0.49,1,0.43,0.97,0.88,P2,Team_B,Medium
5110,Low,0.3,0.44,1,0.83,0.4,0.7,P2,Team_C,Medium
5111,High,0.9,0.13,2,0.51,0.58,0.66,P2,Team_B,Medium
5112,Low,0.3,0.63,2,0.9,0.79,0.35,P2,Team_C,Medium
5113,Low,0.3,0.76,4,0.65,0.81,0.37,P2,Team_C,Medium
5114,Low,0.3,0.44,2,0.8,0.73,0.42,P2,Team_B,Medium
5115,Medium,0.6,0.1,3,0.84,0.44,0.33,P2,Team_A,Medium
5116,High,0.9,0.85,4,0.51,0.58,0.59,P1,Team_C,High
5117,Medium,0.6,0.72,3,0.62,0.6,0.4,P2,Team_A,Medium
5118,Medium,0.6,0.15,1,0.75,0.59,0.35,P2,Team_B,Medium
5119,Low,0.3,0.19,2,0.21,0.47,0.98,P3,Team_B,Low
5120,Low,0.3,0.91,3,0.47,0.72,0.51,P2,Team_C,Medium
5121,High,0.9,0.5,4,0.73,0.34,0.66,P2,Team_C,Medium
5122,Medium,0.6,0.61,3,0.66,0.87,0.37,P2,Team_C,Medium
5123,Low,0.3,0.55,1,0.85,0.61,0.47,P2,Team_A,Medium
5124,High,0.9,0.79,1,0.57,0.64,0.71,P1,Team_C,High
5125,High,0.9,0.51,2,0.82,0.81,0.88,P2,Team_C,Medium
5126,High,0.9,0.67,3,0.87,0.71,0.95,P1,Team_C,High
5127,Medium,0.6,0.4,3,0.92,0.65,0.7,P2,Team_C,Medium
5128,Low,0.3,0.63,4,0.66,0.66,0.79,P2,Team_C,Medium
5129,High,0.9,0.16,4,0.88,0.57,0.76,P2,Team_A,Medium
5130,High,0.9,0.3,3,0.91,0.59,0.88,P2,Team_C,Medium
5131,Low,0.3,0.5,1,0.44,0.34,0.91,P2,Team_C,Medium
5132,Medium,0.6,0.59,1,0.72,0.62,0.91,P2,Team_C,Medium
5133,High,0.9,0.01,1,0.57,0.74,0.8,P2,Team_A,Medium
5134,Medium,0.6,0.38,4,0.68,0.32,0.42,P2,Team_B,Medium
5135,High,0.9,0.69,2,0.76,0.49,0.33,P1,Team_A,High
5136,High,0.9,0.22,3,0.39,0.89,0.33,P2,Team_B,Medium
5137,High,0.9,0.25,1,0.58,0.77,0.93,P2,Team_B,Medium
5138,Medium,0.6,0.44,3,0.89,0.88,0.58,P2,Team_C,Medium
5139,High,0.9,0.4,1,0.85,0.66,0.31,P2,Team_A,Medium
5140,Low,0.3,0.59,4,0.67,0.72,0.54,P2,Team_A,Medium
5141,Low,0.3,0.29,4,0.99,0.65,0.31,P3,Team_B,Low
5142,High,0.9,0.29,4,0.82,0.58,0.7,P2,Team_C,Medium
5143,High,0.9,0.26,3,0.94,0.46,0.79,P2,Team_C,Medium
5144,Medium,0.6,0.3,4,0.93,0.94,0.55,P2,Team_B,Medium
5145,Low,0.3,0.46,1,0.96,0.79,0.71,P2,Team_A,Medium
5146,Medium,0.6,0.32,1,0.73,0.47,0.44,P2,Team_C,Medium
5147,Medium,0.6,0.63,1,0.87,0.77,0.94,P2,Team_B,Medium
5148,Low,0.3,0.41,2,0.85,0.85,0.69,P2,Team_C,Medium
5149,Medium,0.6,0.41,3,0.63,0.85,0.89,P2,Team_C,Medium
5150,Medium,0.6,0.68,2,0.23,0.67,0.32,P2,Team_C,Medium
5151,Medium,0.6,0.87,4,0.69,0.86,0.91,P2,Team_C,Medium
5152,High,0.9,0.71,2,0.6,0.83,0.31,P1,Team_B,High
5153,Low,0.3,0.83,2,0.76,0.49,0.31,P2,Team_C,Medium
5154,Low,0.3,0.68,2,0.82,0.88,0.63,P2,Team_A,Medium
5155,Low,0.3,0.46,3,0.53,0.9,0.63,P2,Team_A,Medium
5156,Medium,0.6,0.13,4,0.53,0.56,0.31,P2,Team_A,Medium
5157,Low,0.3,0.5,1,0.56,0.74,0.46,P2,Team_A,Medium
5158,Medium,0.6,0.85,2,0.69,0.81,0.68,P2,Team_B,Medium
5159,Low,0.3,0.63,1,0.91,0.44,0.35,P2,Team_B,Medium
5160,Medium,0.6,0.42,2,0.9,0.69,0.64,P2,Team_C,Medium
5161,High,0.9,0.5,4,0.8,0.62,0.98,P2,Team_C,Medium
5162,Medium,0.6,0.56,1,0.67,0.77,0.85,P2,Team_C,Medium
5163,Low,0.3,0.23,2,0.76,0.69,0.4,P3,Team_C,Low
5164,Medium,0.6,0.33,3,0.45,0.55,0.84,P2,Team_A,Medium
5165,Low,0.3,0.63,4,0.61,0.48,0.78,P2,Team_A,Medium
5166,Low,0.3,0.24,3,0.9,0.72,0.91,P3,Team_A,Low
5167,High,0.9,0.58,3,0.7,0.23,0.43,P2,Team_C,Medium
5168,Medium,0.6,0.64,2,0.83,0.71,0.99,P2,Team_C,Medium
5169,Medium,0.6,0.8,4,0.83,0.51,0.99,P2,Team_A,Medium
5170,Low,0.3,0.48,2,0.53,0.77,0.59,P2,Team_C,Medium
5171,Medium,0.6,0.42,1,0.53,0.71,0.36,P2,Team_A,Medium
5172,High,0.9,0.51,1,0.76,0.46,0.97,P2,Team_B,Medium
5173,High,0.9,0.31,4,0.71,0.72,0.73,P2,Team_C,Medium
5174,Low,0.3,0.08,4,0.25,0.44,0.44,P3,Team_B,Low
5175,High,0.9,0.69,3,0.88,0.81,0.96,P1,Team_C,High
5176,Medium,0.6,0.41,1,0.7,0.85,0.38,P2,Team_B,Medium
5177,Low,0.3,0.46,2,0.63,0.82,0.51,P2,Team_B,Medium
5178,High,0.9,0.5,4,0.72,0.83,0.41,P2,Team_B,Medium
5179,High,0.9,0.74,2,0.84,0.36,0.57,P1,Team_C,High
5180,Medium,0.6,0.7,4,0.8,0.63,0.31,P2,Team_B,Medium
5181,Low,0.3,0.77,3,0.93,0.7,0.44,P2,Team_A,Medium
5182,High,0.9,0.18,1,0.67,0.88,0.99,P2,Team_B,Medium
5183,Medium,0.6,0.39,3,0.67,0.44,0.73,P2,Team_C,Medium
5184,Medium,0.6,0.2,4,0.6,0.44,0.33,P2,Team_A,Medium
5185,High,0.9,0.61,4,0.92,0.74,0.32,P1,Team_B,High
5186,Medium,0.6,0.16,4,0.84,0.68,0.75,P2,Team_A,Medium
5187,Medium,0.6,0.69,4,0.83,0.73,0.63,P2,Team_A,Medium
5188,Low,0.3,0.12,2,0.91,0.44,0.99,P3,Team_C,Low
5189,Medium,0.6,0.84,3,0.74,0.51,0.78,P2,Team_C,Medium
5190,Low,0.3,0.55,2,0.75,0.37,0.83,P2,Team_C,Medium
5191,Low,0.3,0.73,1,0.88,0.79,0.91,P2,Team_B,Medium
5192,Low,0.3,0.57,4,0.5,0.31,0.82,P2,Team_C,Medium
5193,Medium,0.6,0.41,4,0.83,0.48,0.4,P2,Team_B,Medium
5194,High,0.9,0.86,2,0.89,0.97,0.47,P1,Team_B,High
5195,Medium,0.6,0.5,3,0.6,0.9,0.45,P2,Team_A,Medium
5196,High,0.9,0.51,3,0.63,0.52,0.86,P2,Team_B,Medium
5197,Medium,0.6,0.48,3,0.8,0.9,0.88,P2,Team_B,Medium
5198,Medium,0.6,0.34,2,0.68,0.71,0.96,P2,Team_C,Medium
5199,Medium,0.6,0.83,4,0.85,0.79,0.76,P2,Team_B,Medium
5200,Medium,0.6,0.04,1,0.78,0.71,0.6,P2,Team_A,Medium
5201,High,0.9,0.71,2,0.55,0.87,0.35,P1,Team_C,High
5202,Low,0.3,0.35,4,0.54,0.23,0.49,P3,Team_B,Low
5203,Low,0.3,0.85,4,0.69,0.67,0.85,P2,Team_B,Medium
5204,High,0.9,0.32,3,0.5,0.81,0.3,P2,Team_B,Medium
5205,Low,0.3,0.11,4,0.59,0.67,0.78,P3,Team_A,Low
5206,Medium,0.6,0.16,1,0.44,0.43,0.46,P2,Team_C,Medium
5207,Low,0.3,0.34,3,0.84,0.88,0.34,P3,Team_C,Low
5208,Low,0.3,0.86,4,0.92,0.9,0.9,P2,Team_B,Medium
5209,Low,0.3,0.58,3,0.56,0.64,0.81,P2,Team_C,Medium
5210,Medium,0.6,0.59,4,0.51,0.82,0.94,P2,Team_C,Medium
5211,Medium,0.6,0.62,1,0.95,0.8,0.6,P2,Team_A,Medium
5212,Low,0.3,0.71,1,0.84,0.72,0.74,P2,Team_C,Medium
5213,Low,0.3,0.64,3,0.79,0.75,0.73,P2,Team_B,Medium
5214,Medium,0.6,0.39,2,0.6,0.75,0.64,P2,Team_A,Medium
5215,Low,0.3,0.44,1,0.94,0.6,0.64,P2,Team_A,Medium
5216,Low,0.3,0.3,1,0.74,0.55,0.53,P3,Team_B,Low
5217,Medium,0.6,0.83,2,0.93,0.56,0.89,P2,Team_C,Medium
5218,Low,0.3,0.25,2,0.68,0.69,0.67,P3,Team_C,Low
5219,Low,0.3,0.36,1,0.7,0.7,0.31,P3,Team_C,Low
5220,High,0.9,0.63,4,0.29,0.71,0.63,P1,Team_B,High
5221,High,0.9,0.44,3,0.74,0.78,0.96,P2,Team_A,Medium
5222,Medium,0.6,0.39,3,0.83,0.14,0.37,P2,Team_A,Medium
5223,Low,0.3,0.24,1,0.65,0.5,0.4,P3,Team_B,Low
5224,Medium,0.6,0.14,2,0.57,0.66,0.57,P2,Team_C,Medium
5225,Medium,0.6,0.52,1,0.87,0.99,0.42,P2,Team_C,Medium
5226,High,0.9,0.36,3,0.84,0.89,0.88,P2,Team_A,Medium
5227,Low,0.3,0.51,4,0.59,0.88,0.71,P2,Team_B,Medium
5228,Medium,0.6,0.31,4,0.88,0.7,0.89,P2,Team_B,Medium
5229,Low,0.3,0.73,2,0.69,0.54,1.0,P2,Team_C,Medium
5230,Medium,0.6,0.92,1,0.59,0.6,0.76,P2,Team_B,Medium
5231,High,0.9,0.49,1,0.75,0.61,0.66,P2,Team_A,Medium
5232,Low,0.3,0.44,1,0.99,0.93,0.56,P2,Team_C,Medium
5233,Low,0.3,0.05,4,0.68,0.49,0.56,P3,Team_A,Low
5234,Medium,0.6,0.64,3,0.7,0.83,0.3,P2,Team_A,Medium
5235,Medium,0.6,0.28,3,0.91,0.81,0.4,P2,Team_B,Medium
5236,Medium,0.6,0.4,2,0.5,0.62,0.97,P2,Team_A,Medium
5237,Low,0.3,0.43,2,0.65,0.85,0.46,P2,Team_A,Medium
5238,Low,0.3,0.25,1,0.48,0.86,0.46,P3,Team_C,Low
5239,High,0.9,0.95,4,0.72,0.83,0.91,P1,Team_A,High
5240,High,0.9,0.47,1,0.77,0.46,0.92,P2,Team_C,Medium
5241,High,0.9,0.5,4,0.79,0.72,0.89,P2,Team_C,Medium
5242,High,0.9,0.53,2,0.86,0.36,0.58,P2,Team_B,Medium
5243,Medium,0.6,0.65,1,0.5,0.88,0.45,P2,Team_C,Medium
5244,Low,0.3,0.36,1,0.9,0.96,0.86,P3,Team_C,Low
5245,Medium,0.6,0.95,3,0.65,0.6,0.6,P2,Team_C,Medium
5246,High,0.9,0.32,2,0.95,0.94,0.61,P2,Team_A,Medium
5247,Medium,0.6,0.47,4,0.77,0.92,0.67,P2,Team_B,Medium
5248,Low,0.3,0.73,4,0.98,0.89,0.35,P2,Team_C,Medium
5249,High,0.9,0.21,2,0.76,0.77,0.49,P2,Team_A,Medium
5250,Low,0.3,0.02,1,0.67,0.79,0.57,P3,Team_B,Low
5251,Medium,0.6,0.47,3,0.55,0.52,0.68,P2,Team_B,Medium
5252,Low,0.3,0.4,2,0.93,0.84,0.65,P2,Team_A,Medium
5253,Medium,0.6,0.33,1,0.63,0.57,0.69,P2,Team_C,Medium
5254,Medium,0.6,0.65,2,0.93,0.91,0.51,P2,Team_A,Medium
5255,Low,0.3,0.67,2,0.38,0.67,0.72,P2,Team_C,Medium
5256,Medium,0.6,0.65,3,0.83,0.65,0.63,P2,Team_C,Medium
5257,Medium,0.6,0.76,2,0.52,0.85,0.43,P2,Team_B,Medium
5258,High,0.9,0.96,1,0.38,0.97,0.79,P1,Team_C,High
5259,High,0.9,0.77,3,0.67,0.72,0.41,P1,Team_C,High
5260,Medium,0.6,0.75,4,0.64,0.93,0.71,P2,Team_A,Medium
5261,Medium,0.6,0.63,2,0.36,0.74,0.87,P2,Team_A,Medium
5262,Medium,0.6,0.13,4,0.46,0.4,0.42,P2,Team_C,Medium
5263,Low,0.3,0.79,4,0.72,0.34,0.52,P2,Team_B,Medium
5264,High,0.9,0.76,1,0.77,0.69,0.55,P1,Team_A,High
5265,Medium,0.6,0.28,1,0.89,0.78,0.31,P2,Team_B,Medium
5266,Low,0.3,0.09,1,0.58,0.7,0.83,P3,Team_C,Low
5267,Medium,0.6,0.38,2,0.49,0.22,0.34,P2,Team_A,Medium
5268,Medium,0.6,0.23,3,0.89,0.91,0.67,P2,Team_C,Medium
5269,Medium,0.6,0.72,2,0.57,0.86,0.61,P2,Team_B,Medium
5270,High,0.9,0.34,2,0.77,0.75,0.45,P2,Team_C,Medium
5271,Low,0.3,0.82,1,0.8,0.82,0.74,P2,Team_A,Medium
5272,Medium,0.6,0.42,2,0.5,0.5,0.75,P2,Team_C,Medium
5273,Medium,0.6,0.65,4,0.95,0.72,0.82,P2,Team_B,Medium
5274,Medium,0.6,0.57,2,0.83,0.67,0.61,P2,Team_B,Medium
5275,Low,0.3,0.28,3,0.67,0.58,0.44,P3,Team_A,Low
5276,Medium,0.6,0.59,1,0.74,0.63,0.32,P2,Team_A,Medium
5277,Low,0.3,0.41,2,0.83,0.98,0.98,P2,Team_C,Medium
5278,Medium,0.6,0.21,2,0.64,0.55,0.51,P2,Team_A,Medium
5279,Medium,0.6,0.38,1,0.5,0.94,0.48,P2,Team_B,Medium
5280,High,0.9,0.38,1,0.91,0.66,0.66,P2,Team_C,Medium
5281,Medium,0.6,0.65,1,0.94,0.71,0.94,P2,Team_B,Medium
5282,High,0.9,0.52,4,0.55,0.9,0.61,P2,Team_B,Medium
5283,Low,0.3,0.57,2,0.75,0.78,0.95,P2,Team_A,Medium
5284,Low,0.3,0.4,2,0.88,0.79,0.61,P2,Team_A,Medium
5285,High,0.9,0.79,2,0.39,0.82,0.62,P1,Team_B,High
5286,High,0.9,0.49,4,0.66,0.47,0.98,P2,Team_A,Medium
5287,High,0.9,0.27,3,0.94,0.36,0.37,P2,Team_A,Medium
5288,Medium,0.6,0.17,2,0.82,0.95,0.95,P2,Team_A,Medium
5289,Medium,0.6,0.55,1,0.94,0.67,0.77,P2,Team_C,Medium
5290,Medium,0.6,0.71,2,0.77,0.94,0.92,P2,Team_B,Medium
5291,High,0.9,0.45,3,0.66,0.74,0.72,P2,Team_C,Medium
5292,High,0.9,0.79,4,0.54,0.77,0.57,P1,Team_B,High
5293,Low,0.3,0.42,3,0.92,0.76,0.75,P2,Team_B,Medium
5294,Low,0.3,0.18,4,0.84,0.57,0.38,P3,Team_A,Low
5295,Medium,0.6,0.7,2,0.77,0.58,0.96,P2,Team_B,Medium
5296,Low,0.3,0.47,1,0.83,0.8,0.64,P2,Team_B,Medium
5297,Medium,0.6,0.52,1,0.91,0.29,0.46,P2,Team_B,Medium
5298,High,0.9,0.44,1,0.57,0.67,0.32,P2,Team_B,Medium
5299,Medium,0.6,0.8,4,0.92,0.47,0.34,P2,Team_A,Medium
5300,Low,0.3,0.22,1,0.79,0.71,0.35,P3,Team_A,Low
5301,High,0.9,0.43,3,0.69,0.8,0.34,P2,Team_B,Medium
5302,Low,0.3,0.77,4,0.8,0.88,0.92,P2,Team_A,Medium
5303,Medium,0.6,0.54,4,0.91,0.56,0.37,P2,Team_A,Medium
5304,High,0.9,0.48,1,0.75,0.78,0.6,P2,Team_A,Medium
5305,Low,0.3,0.25,4,0.8,0.93,0.9,P3,Team_C,Low
5306,Medium,0.6,0.56,3,0.91,0.68,0.61,P2,Team_C,Medium
5307,Low,0.3,0.89,2,0.64,0.54,0.97,P2,Team_A,Medium
5308,High,0.9,0.58,1,0.77,0.71,0.59,P2,Team_A,Medium
5309,Medium,0.6,0.11,4,0.6,0.91,0.94,P2,Team_C,Medium
5310,High,0.9,0.79,2,0.91,0.46,0.39,P1,Team_B,High
5311,Medium,0.6,0.45,3,0.64,0.54,0.92,P2,Team_B,Medium
5312,Medium,0.6,0.63,2,0.78,0.54,0.88,P2,Team_A,Medium
5313,Low,0.3,0.36,1,0.44,0.62,0.77,P3,Team_A,Low
5314,Low,0.3,0.84,2,0.68,0.9,0.57,P2,Team_C,Medium
5315,Low,0.3,0.64,4,0.67,0.79,0.47,P2,Team_B,Medium
5316,High,0.9,0.62,2,0.4,0.68,0.9,P1,Team_B,High
5317,High,0.9,0.48,2,0.5,0.85,0.77,P2,Team_B,Medium
5318,Medium,0.6,0.33,2,0.5,0.48,0.83,P2,Team_A,Medium
5319,High,0.9,0.79,3,0.62,0.48,0.55,P1,Team_B,High
5320,High,0.9,0.77,2,0.49,0.57,0.61,P1,Team_B,High
5321,Medium,0.6,0.36,1,0.87,0.63,0.65,P2,Team_B,Medium
5322,Low,0.3,0.21,1,0.81,0.61,0.98,P3,Team_C,Low
5323,Medium,0.6,0.72,4,0.41,0.7,0.59,P2,Team_B,Medium
5324,Medium,0.6,0.86,3,0.91,0.69,0.4,P2,Team_C,Medium
5325,Low,0.3,0.8,2,0.73,0.35,0.9,P2,Team_A,Medium
5326,Medium,0.6,0.21,2,0.65,0.69,0.95,P2,Team_A,Medium
5327,Low,0.3,0.28,3,0.67,0.58,0.75,P3,Team_C,Low
5328,Low,0.3,0.67,3,0.58,0.86,0.83,P2,Team_B,Medium
5329,Low,0.3,0.72,4,0.44,0.51,0.76,P2,Team_C,Medium
5330,High,0.9,0.7,2,0.66,0.6,0.56,P1,Team_C,High
5331,High,0.9,0.54,3,0.84,0.71,0.62,P2,Team_C,Medium
5332,Medium,0.6,0.7,2,0.78,0.42,0.8,P2,Team_B,Medium
5333,Medium,0.6,0.83,1,0.45,0.61,0.74,P2,Team_B,Medium
5334,High,0.9,0.42,2,0.59,0.62,0.71,P2,Team_B,Medium
5335,Low,0.3,0.26,2,0.8,0.92,0.9,P3,Team_B,Low
5336,High,0.9,0.07,2,0.56,0.57,0.93,P2,Team_C,Medium
5337,Medium,0.6,0.96,1,0.65,0.31,0.82,P2,Team_C,Medium
5338,Medium,0.6,0.41,2,0.78,0.73,0.89,P2,Team_B,Medium
5339,Low,0.3,0.52,4,0.72,0.73,0.84,P2,Team_A,Medium
5340,High,0.9,0.25,2,0.65,0.88,0.85,P2,Team_C,Medium
5341,Medium,0.6,0.63,4,0.78,0.6,0.31,P2,Team_B,Medium
5342,Medium,0.6,0.57,1,0.7,0.63,0.64,P2,Team_C,Medium
5343,Low,0.3,0.37,2,0.62,0.82,0.31,P3,Team_C,Low
5344,Low,0.3,0.2,2,0.9,0.51,0.65,P3,Team_C,Low
5345,Low,0.3,0.19,4,0.48,0.46,0.71,P3,Team_B,Low
5346,High,0.9,0.41,3,0.69,0.18,0.87,P2,Team_B,Medium
5347,Low,0.3,0.46,4,0.87,0.5,0.38,P2,Team_A,Medium
5348,Medium,0.6,0.77,2,0.56,0.81,0.54,P2,Team_B,Medium
5349,Low,0.3,0.08,2,0.89,0.68,0.33,P3,Team_B,Low
5350,Low,0.3,0.72,3,0.75,0.88,0.93,P2,Team_B,Medium
5351,High,0.9,0.61,4,0.64,0.76,0.87,P1,Team_B,High
5352,Low,0.3,0.6,1,0.67,0.64,0.48,P2,Team_C,Medium
5353,High,0.9,0.75,2,0.84,0.62,0.4,P1,Team_A,High
5354,Low,0.3,0.89,2,0.97,0.97,0.69,P2,Team_A,Medium
5355,Medium,0.6,0.27,1,0.63,0.63,0.78,P2,Team_B,Medium
5356,Low,0.3,0.82,3,0.81,0.43,0.89,P2,Team_C,Medium
5357,Low,0.3,0.48,4,0.81,0.38,0.69,P2,Team_C,Medium
5358,Medium,0.6,0.17,3,0.69,0.83,0.67,P2,Team_A,Medium
5359,Low,0.3,0.7,4,0.73,0.49,0.9,P2,Team_B,Medium
5360,Medium,0.6,0.35,1,0.77,0.62,0.47,P2,Team_B,Medium
5361,High,0.9,0.66,1,0.92,0.67,0.32,P1,Team_A,High
5362,Medium,0.6,0.77,4,0.81,0.77,0.42,P2,Team_C,Medium
5363,Medium,0.6,0.74,4,0.9,0.62,0.81,P2,Team_B,Medium
5364,Low,0.3,0.82,4,0.88,0.67,0.36,P2,Team_C,Medium
5365,Medium,0.6,0.24,4,0.79,0.36,0.72,P2,Team_A,Medium
5366,Low,0.3,0.74,1,0.79,0.56,0.59,P2,Team_B,Medium
5367,Low,0.3,0.5,4,0.83,0.61,0.58,P2,Team_B,Medium
5368,Low,0.3,0.62,2,0.72,0.41,0.98,P2,Team_C,Medium
5369,Low,0.3,0.82,4,0.65,0.58,0.58,P2,Team_B,Medium
5370,Medium,0.6,0.19,3,0.92,0.95,0.41,P2,Team_C,Medium
5371,Low,0.3,0.91,1,0.91,0.89,0.94,P2,Team_B,Medium
5372,Low,0.3,0.32,1,0.85,0.3,0.97,P3,Team_B,Low
5373,High,0.9,0.68,3,0.81,0.35,0.72,P1,Team_C,High
5374,High,0.9,0.6,3,0.68,0.63,0.65,P2,Team_C,Medium
5375,Low,0.3,0.5,4,0.88,0.65,0.99,P2,Team_B,Medium
5376,High,0.9,0.7,1,0.46,0.73,0.31,P1,Team_B,High
5377,High,0.9,0.68,3,0.81,0.71,0.96,P1,Team_B,High
5378,Medium,0.6,0.12,4,0.3,0.43,0.41,P2,Team_C,Medium
5379,Low,0.3,0.64,1,0.78,0.54,0.37,P2,Team_A,Medium
5380,Low,0.3,0.38,4,0.47,0.93,0.53,P3,Team_B,Low
5381,Medium,0.6,0.8,1,0.91,0.45,0.6,P2,Team_B,Medium
5382,High,0.9,0.61,3,0.65,0.62,0.63,P1,Team_B,High
5383,Medium,0.6,0.78,1,0.84,0.86,0.53,P2,Team_A,Medium
5384,Medium,0.6,0.69,3,0.64,0.46,0.69,P2,Team_A,Medium
5385,High,0.9,0.31,3,0.81,0.63,0.33,P2,Team_A,Medium
5386,Low,0.3,0.82,1,0.84,0.6,0.47,P2,Team_C,Medium
5387,Low,0.3,0.45,4,0.53,0.53,0.3,P2,Team_B,Medium
5388,Low,0.3,0.66,3,0.41,0.57,0.63,P2,Team_C,Medium
5389,High,0.9,0.54,3,0.86,0.82,0.57,P2,Team_B,Medium
5390,Medium,0.6,0.44,2,0.58,0.69,0.73,P2,Team_B,Medium
5391,High,0.9,0.83,3,0.62,0.71,0.39,P1,Team_B,High
5392,Medium,0.6,0.37,1,0.67,0.57,0.6,P2,Team_C,Medium
5393,Low,0.3,0.25,3,0.57,0.93,0.57,P3,Team_C,Low
5394,Medium,0.6,0.5,2,0.79,0.71,0.67,P2,Team_C,Medium
5395,Medium,0.6,0.78,4,0.41,0.73,0.97,P2,Team_A,Medium
5396,Low,0.3,0.15,1,0.84,0.85,0.38,P3,Team_C,Low
5397,Low,0.3,0.71,4,0.71,0.56,0.39,P2,Team_B,Medium
5398,Medium,0.6,0.27,1,0.93,0.57,0.3,P2,Team_C,Medium
5399,Medium,0.6,0.29,1,0.5,0.69,0.94,P2,Team_A,Medium
5400,Medium,0.6,0.28,1,0.95,0.83,0.77,P2,Team_C,Medium
5401,Low,0.3,0.4,2,0.95,0.88,0.64,P2,Team_C,Medium
5402,High,0.9,0.62,1,0.68,0.96,0.43,P1,Team_A,High
5403,Low,0.3,0.73,4,0.58,0.42,0.43,P2,Team_A,Medium
5404,Medium,0.6,0.59,4,0.83,0.61,0.94,P2,Team_C,Medium
5405,Medium,0.6,0.74,3,0.66,0.9,0.85,P2,Team_C,Medium
5406,High,0.9,0.38,3,0.75,0.52,0.68,P2,Team_C,Medium
5407,Medium,0.6,0.6,3,0.87,0.59,0.98,P2,Team_C,Medium
5408,Low,0.3,0.42,3,0.81,0.95,0.45,P2,Team_B,Medium
5409,High,0.9,0.57,1,0.68,0.57,0.98,P2,Team_A,Medium
5410,Medium,0.6,0.16,1,0.48,0.84,0.61,P2,Team_A,Medium
5411,Medium,0.6,0.75,2,0.83,0.74,0.74,P2,Team_C,Medium
5412,Medium,0.6,0.17,2,0.84,0.94,0.45,P2,Team_C,Medium
5413,High,0.9,0.65,1,0.61,0.92,0.39,P1,Team_B,High
5414,Medium,0.6,0.78,2,0.67,0.8,0.9,P2,Team_C,Medium
5415,Medium,0.6,0.17,1,0.94,0.75,0.54,P2,Team_B,Medium
5416,Low,0.3,0.48,2,0.74,0.53,0.51,P2,Team_B,Medium
5417,Low,0.3,0.52,2,0.35,0.5,0.41,P2,Team_B,Medium
5418,Low,0.3,0.24,2,0.22,0.75,0.95,P3,Team_B,Low
5419,High,0.9,0.51,3,0.87,0.77,0.85,P2,Team_B,Medium
5420,Low,0.3,0.09,1,0.51,0.9,0.55,P3,Team_A,Low
5421,Low,0.3,0.43,4,0.48,0.61,0.36,P2,Team_C,Medium
5422,Medium,0.6,0.36,3,0.51,0.66,0.39,P2,Team_A,Medium
5423,Low,0.3,0.42,2,0.8,0.46,0.5,P2,Team_A,Medium
5424,Low,0.3,0.14,3,0.58,0.69,0.67,P3,Team_B,Low
5425,Medium,0.6,0.74,3,0.56,0.76,0.96,P2,Team_A,Medium
5426,High,0.9,0.81,4,0.96,0.73,0.37,P1,Team_C,High
5427,High,0.9,0.22,4,0.64,0.51,0.86,P2,Team_B,Medium
5428,Low,0.3,0.14,1,0.77,0.29,0.75,P3,Team_C,Low
5429,Medium,0.6,0.33,1,0.6,0.51,0.97,P2,Team_C,Medium
5430,Low,0.3,0.7,3,0.71,0.63,0.97,P2,Team_A,Medium
5431,Low,0.3,0.42,2,0.88,0.43,0.31,P2,Team_A,Medium
5432,Medium,0.6,0.68,3,0.6,0.32,0.53,P2,Team_C,Medium
5433,Low,0.3,0.8,1,0.37,0.95,0.38,P2,Team_C,Medium
5434,Low,0.3,0.97,3,0.48,0.62,0.69,P2,Team_C,Medium
5435,Medium,0.6,0.68,3,0.63,0.55,0.31,P2,Team_C,Medium
5436,Low,0.3,0.43,2,0.74,0.7,0.39,P2,Team_A,Medium
5437,Medium,0.6,0.66,3,0.75,0.9,0.62,P2,Team_B,Medium
5438,Medium,0.6,0.81,4,0.66,0.31,0.84,P2,Team_C,Medium
5439,Medium,0.6,0.51,2,0.72,0.88,0.81,P2,Team_B,Medium
5440,Medium,0.6,0.52,2,0.45,0.7,0.42,P2,Team_A,Medium
5441,Low,0.3,0.36,1,0.82,0.8,0.53,P3,Team_C,Low
5442,Medium,0.6,0.64,1,0.22,0.31,0.71,P2,Team_B,Medium
5443,High,0.9,0.24,4,0.82,0.83,0.33,P2,Team_B,Medium
5444,High,0.9,0.61,4,0.86,0.69,0.37,P1,Team_B,High
5445,Low,0.3,0.26,2,0.97,0.74,0.84,P3,Team_A,Low
5446,Medium,0.6,0.48,1,0.84,0.76,0.81,P2,Team_B,Medium
5447,Medium,0.6,0.57,4,0.93,0.8,0.32,P2,Team_B,Medium
5448,Medium,0.6,0.39,3,0.65,0.87,0.49,P2,Team_C,Medium
5449,Medium,0.6,0.28,2,0.58,0.85,0.43,P2,Team_B,Medium
5450,Low,0.3,0.59,4,0.43,0.73,0.78,P2,Team_A,Medium
5451,Low,0.3,0.33,2,0.38,0.42,0.71,P3,Team_C,Low
5452,Medium,0.6,0.52,4,0.69,0.47,0.85,P2,Team_C,Medium
5453,Medium,0.6,0.08,4,0.35,0.56,0.89,P2,Team_B,Medium
5454,High,0.9,0.67,1,0.88,0.59,0.67,P1,Team_C,High
5455,Low,0.3,0.53,2,0.75,0.88,0.43,P2,Team_C,Medium
5456,Medium,0.6,0.6,4,0.55,0.46,0.87,P2,Team_B,Medium
5457,Medium,0.6,0.41,4,0.85,0.76,0.93,P2,Team_C,Medium
5458,Medium,0.6,0.59,4,0.46,0.72,0.34,P2,Team_A,Medium
5459,High,0.9,0.29,3,0.89,0.66,0.85,P2,Team_B,Medium
5460,Medium,0.6,0.8,4,0.59,0.21,0.44,P2,Team_A,Medium
5461,Medium,0.6,0.85,4,0.52,0.48,0.68,P2,Team_C,Medium
5462,Medium,0.6,0.32,2,0.9,0.81,0.58,P2,Team_A,Medium
5463,Medium,0.6,0.15,2,0.78,0.85,0.75,P2,Team_B,Medium
5464,Low,0.3,0.6,3,0.9,0.63,0.98,P2,Team_A,Medium
5465,Low,0.3,0.83,4,0.74,0.85,0.69,P2,Team_B,Medium
5466,Low,0.3,0.17,3,0.68,0.86,0.45,P3,Team_C,Low
5467,Medium,0.6,0.46,4,0.64,0.87,0.7,P2,Team_C,Medium
5468,Medium,0.6,0.28,4,0.4,0.66,0.42,P2,Team_C,Medium
5469,High,0.9,0.8,1,0.84,0.81,0.73,P1,Team_A,High
5470,High,0.9,0.66,2,0.75,0.71,0.86,P1,Team_C,High
5471,Medium,0.6,0.83,1,0.89,0.96,0.51,P2,Team_C,Medium
5472,Low,0.3,0.06,4,0.85,0.26,0.39,P3,Team_C,Low
5473,Low,0.3,0.25,1,0.74,0.37,0.86,P3,Team_B,Low
5474,Medium,0.6,0.19,2,0.78,0.65,0.4,P2,Team_B,Medium
5475,Medium,0.6,0.39,1,0.49,0.9,0.33,P2,Team_A,Medium
5476,Low,0.3,0.34,1,0.71,0.59,0.34,P3,Team_A,Low
5477,Medium,0.6,0.23,4,0.85,0.74,0.83,P2,Team_B,Medium
5478,Low,0.3,0.91,4,0.67,0.89,0.38,P2,Team_C,Medium
5479,Medium,0.6,0.35,3,0.92,0.94,0.7,P2,Team_A,Medium
5480,Low,0.3,0.11,2,0.56,0.5,0.7,P3,Team_C,Low
5481,High,0.9,0.49,1,0.79,0.62,0.79,P2,Team_B,Medium
5482,Medium,0.6,0.62,2,0.87,0.85,0.55,P2,Team_A,Medium
5483,Low,0.3,0.41,2,0.91,0.73,0.61,P2,Team_A,Medium
5484,Low,0.3,0.22,1,0.71,0.32,0.39,P3,Team_C,Low
5485,High,0.9,0.65,4,0.75,0.62,0.96,P1,Team_B,High
5486,Medium,0.6,0.75,2,0.6,0.69,0.43,P2,Team_A,Medium
5487,Medium,0.6,0.38,1,0.98,0.91,0.7,P2,Team_B,Medium
5488,High,0.9,0.17,2,0.77,0.54,0.7,P2,Team_C,Medium
5489,High,0.9,0.77,2,0.8,0.81,0.79,P1,Team_A,High
5490,Low,0.3,0.83,4,0.56,0.51,0.8,P2,Team_C,Medium
5491,Low,0.3,0.28,4,0.74,0.28,0.93,P3,Team_A,Low
5492,Low,0.3,0.87,3,0.77,0.61,0.66,P2,Team_C,Medium
5493,Low,0.3,0.51,1,0.58,0.58,0.95,P2,Team_C,Medium
5494,Medium,0.6,0.08,3,0.83,0.83,0.36,P2,Team_B,Medium
5495,Low,0.3,0.45,1,0.54,0.51,0.44,P2,Team_B,Medium
5496,Medium,0.6,0.42,4,0.88,0.65,0.77,P2,Team_C,Medium
5497,Low,0.3,0.76,4,0.75,0.69,0.5,P2,Team_C,Medium
5498,Medium,0.6,0.53,3,0.9,0.7,0.41,P2,Team_A,Medium
5499,High,0.9,0.93,4,0.64,0.8,0.46,P1,Team_A,High
5500,Low,0.3,0.54,3,0.94,0.63,0.69,P2,Team_A,Medium
5501,Medium,0.6,0.31,4,0.26,0.89,0.91,P2,Team_A,Medium
5502,Medium,0.6,0.5,4,0.95,0.82,0.53,P2,Team_C,Medium
5503,Medium,0.6,0.63,2,0.85,0.57,0.95,P2,Team_B,Medium
5504,Low,0.3,0.51,1,0.82,0.81,0.59,P2,Team_A,Medium
5505,Low,0.3,0.31,3,0.57,0.44,0.47,P3,Team_C,Low
5506,Medium,0.6,0.91,3,0.45,0.55,0.7,P2,Team_A,Medium
5507,High,0.9,0.7,1,0.63,0.61,0.76,P1,Team_B,High
5508,Low,0.3,0.77,2,0.84,0.8,0.44,P2,Team_A,Medium
5509,Medium,0.6,0.6,1,0.74,0.38,0.73,P2,Team_B,Medium
5510,High,0.9,0.34,3,0.83,0.77,0.43,P2,Team_C,Medium
5511,Low,0.3,0.74,4,0.82,0.76,0.61,P2,Team_B,Medium
5512,Low,0.3,0.46,3,0.6,0.69,0.76,P2,Team_A,Medium
5513,Medium,0.6,0.46,3,0.79,0.61,0.73,P2,Team_A,Medium
5514,Low,0.3,0.44,1,0.96,0.57,0.98,P2,Team_C,Medium
5515,Low,0.3,0.46,4,0.58,0.49,0.91,P2,Team_A,Medium
5516,Low,0.3,0.19,2,0.87,0.74,0.61,P3,Team_A,Low
5517,Low,0.3,0.7,2,0.8,0.6,0.39,P2,Team_C,Medium
5518,Low,0.3,0.31,3,0.38,0.61,0.73,P3,Team_B,Low
5519,Medium,0.6,0.58,1,0.9,0.66,0.97,P2,Team_B,Medium
5520,High,0.9,0.74,3,0.26,0.6,0.46,P1,Team_A,High
5521,Low,0.3,0.45,4,0.82,0.4,0.79,P2,Team_A,Medium
5522,Medium,0.6,0.34,3,0.49,0.66,0.79,P2,Team_A,Medium
5523,Low,0.3,0.53,1,0.87,0.67,0.95,P2,Team_C,Medium
5524,Low,0.3,0.65,4,0.6,0.48,0.89,P2,Team_B,Medium
5525,Medium,0.6,0.65,4,0.77,0.92,0.42,P2,Team_A,Medium
5526,Medium,0.6,0.18,2,0.81,0.65,0.85,P2,Team_A,Medium
5527,Low,0.3,0.5,2,0.73,0.49,0.94,P2,Team_A,Medium
5528,High,0.9,0.46,2,0.45,0.67,0.64,P2,Team_B,Medium
5529,Low,0.3,0.54,4,0.65,0.84,0.95,P2,Team_C,Medium
5530,High,0.9,0.43,2,0.74,0.71,0.52,P2,Team_C,Medium
5531,High,0.9,0.16,4,0.42,0.69,0.57,P2,Team_C,Medium
5532,Low,0.3,0.4,2,0.58,0.69,0.92,P2,Team_A,Medium
5533,Low,0.3,0.8,3,0.78,0.61,0.9,P2,Team_C,Medium
5534,Medium,0.6,0.55,3,0.57,0.78,0.77,P2,Team_C,Medium
5535,High,0.9,0.57,2,0.55,0.55,0.96,P2,Team_C,Medium
5536,Medium,0.6,0.54,3,0.84,0.74,0.7,P2,Team_A,Medium
5537,Medium,0.6,0.5,2,0.84,0.84,0.51,P2,Team_C,Medium
5538,Low,0.3,0.9,1,0.33,0.3,0.41,P2,Team_C,Medium
5539,High,0.9,0.34,4,0.38,0.71,0.81,P2,Team_B,Medium
5540,High,0.9,0.26,1,0.89,0.47,0.75,P2,Team_B,Medium
5541,Medium,0.6,0.25,1,0.63,0.61,0.52,P2,Team_A,Medium
5542,Low,0.3,0.41,2,0.78,0.73,0.59,P2,Team_A,Medium
5543,Low,0.3,0.64,1,0.65,0.6,0.38,P2,Team_A,Medium
5544,Medium,0.6,0.69,2,0.85,0.78,0.61,P2,Team_C,Medium
5545,High,0.9,0.81,1,0.75,0.61,0.64,P1,Team_C,High
5546,Low,0.3,0.79,4,0.47,0.85,0.86,P2,Team_C,Medium
5547,Low,0.3,0.82,2,0.52,0.95,0.42,P2,Team_A,Medium
5548,High,0.9,0.82,3,0.82,0.63,0.67,P1,Team_A,High
5549,High,0.9,0.28,3,0.85,0.56,0.82,P2,Team_C,Medium
5550,Low,0.3,0.5,2,0.68,0.96,0.48,P2,Team_C,Medium
5551,Low,0.3,0.33,1,0.59,0.71,0.37,P3,Team_C,Low
5552,Medium,0.6,0.16,2,0.9,0.67,0.99,P2,Team_A,Medium
5553,High,0.9,0.75,4,0.43,0.3,0.4,P1,Team_A,High
5554,Low,0.3,0.27,2,0.68,0.84,0.44,P3,Team_A,Low
5555,Medium,0.6,0.86,4,0.72,0.84,0.33,P2,Team_B,Medium
5556,Medium,0.6,0.46,2,0.7,0.73,0.72,P2,Team_A,Medium
5557,Low,0.3,0.07,1,0.94,0.71,0.76,P3,Team_B,Low
5558,Low,0.3,0.95,2,0.75,0.79,0.83,P2,Team_A,Medium
5559,Medium,0.6,0.37,3,0.86,0.54,0.78,P2,Team_A,Medium
5560,Low,0.3,0.4,3,0.85,0.37,0.86,P2,Team_C,Medium
5561,High,0.9,0.36,1,0.78,0.53,0.36,P2,Team_C,Medium
5562,Low,0.3,0.27,4,0.59,0.69,0.33,P3,Team_B,Low
5563,Medium,0.6,0.78,2,0.79,0.88,0.78,P2,Team_B,Medium
5564,Low,0.3,0.41,1,0.41,0.55,0.98,P2,Team_C,Medium
5565,High,0.9,0.57,1,0.78,0.38,0.95,P2,Team_A,Medium
5566,Low,0.3,0.34,4,0.7,0.7,0.34,P3,Team_B,Low
5567,Low,0.3,0.57,3,0.69,0.68,0.31,P2,Team_B,Medium
5568,High,0.9,0.89,4,0.73,0.43,0.36,P1,Team_B,High
5569,Low,0.3,0.17,3,0.82,0.75,0.67,P3,Team_B,Low
5570,Medium,0.6,0.12,2,0.57,0.71,0.96,P2,Team_B,Medium
5571,Low,0.3,0.3,1,0.34,0.87,0.5,P3,Team_A,Low
5572,Low,0.3,0.78,1,0.32,0.77,0.53,P2,Team_C,Medium
5573,Low,0.3,0.42,1,0.65,0.93,0.48,P2,Team_C,Medium
5574,High,0.9,0.7,2,0.85,0.75,0.62,P1,Team_C,High
5575,High,0.9,0.26,2,0.65,0.71,0.57,P2,Team_A,Medium
5576,Medium,0.6,0.87,4,0.77,0.85,0.63,P2,Team_A,Medium
5577,High,0.9,0.74,3,0.86,0.92,0.73,P1,Team_B,High
5578,Low,0.3,0.26,3,0.88,0.39,0.85,P3,Team_A,Low
5579,Low,0.3,0.17,4,0.82,0.73,0.64,P3,Team_B,Low
5580,Low,0.3,0.55,3,0.54,0.78,0.75,P2,Team_A,Medium
5581,Low,0.3,0.85,2,0.67,0.56,0.72,P2,Team_C,Medium
5582,Low,0.3,0.54,3,0.82,0.86,0.5,P2,Team_B,Medium
5583,Medium,0.6,0.15,3,0.37,0.57,0.63,P2,Team_B,Medium
5584,High,0.9,0.32,2,0.97,0.9,0.37,P2,Team_A,Medium
5585,Low,0.3,0.93,3,0.47,0.38,0.76,P2,Team_A,Medium
5586,Low,0.3,0.54,2,0.91,0.74,0.53,P2,Team_A,Medium
5587,Low,0.3,0.6,1,0.89,0.58,0.53,P2,Team_B,Medium
5588,Low,0.3,0.46,3,0.65,0.69,0.49,P2,Team_A,Medium
5589,Low,0.3,0.46,2,0.83,0.72,0.48,P2,Team_C,Medium
5590,High,0.9,0.84,3,0.78,0.39,0.57,P1,Team_C,High
5591,Medium,0.6,0.21,2,0.81,0.84,0.64,P2,Team_B,Medium
5592,High,0.9,0.41,1,0.85,0.5,0.55,P2,Team_B,Medium
5593,Medium,0.6,0.11,1,0.94,0.73,0.91,P2,Team_B,Medium
5594,Medium,0.6,0.74,4,0.82,0.75,0.39,P2,Team_B,Medium
5595,Low,0.3,0.27,2,0.7,0.91,0.78,P3,Team_B,Low
5596,Low,0.3,0.43,1,0.83,0.59,0.45,P2,Team_B,Medium
5597,Medium,0.6,0.59,1,0.78,0.67,0.69,P2,Team_B,Medium
5598,Medium,0.6,0.46,4,0.88,0.54,0.52,P2,Team_A,Medium
5599,Low,0.3,0.56,1,0.38,0.55,0.41,P2,Team_A,Medium
5600,Low,0.3,0.38,3,0.83,0.81,0.75,P3,Team_A,Low
5601,High,0.9,0.41,4,0.92,0.71,0.8,P2,Team_C,Medium
5602,Low,0.3,0.36,1,0.94,0.92,0.79,P3,Team_B,Low
5603,High,0.9,0.36,1,0.92,0.55,0.94,P2,Team_C,Medium
5604,Low,0.3,0.34,1,0.95,0.96,0.89,P3,Team_C,Low
5605,Low,0.3,0.34,1,0.56,0.59,0.93,P3,Team_B,Low
5606,High,0.9,0.63,1,0.72,0.82,0.77,P1,Team_C,High
5607,Low,0.3,0.7,1,0.59,0.88,0.6,P2,Team_A,Medium
5608,Low,0.3,0.8,4,0.6,0.76,0.7,P2,Team_C,Medium
5609,Low,0.3,0.49,1,0.39,0.68,0.93,P2,Team_B,Medium
5610,Medium,0.6,0.48,4,0.62,0.91,0.98,P2,Team_A,Medium
5611,High,0.9,0.66,4,0.69,0.71,0.46,P1,Team_A,High
5612,Low,0.3,0.47,3,0.93,0.2,0.32,P2,Team_A,Medium
5613,Low,0.3,0.16,1,0.53,0.37,0.72,P3,Team_B,Low
5614,Medium,0.6,0.38,4,0.5,0.58,0.34,P2,Team_A,Medium
5615,Low,0.3,0.91,1,0.55,0.76,0.32,P2,Team_C,Medium
5616,Low,0.3,0.79,4,0.95,0.81,0.95,P2,Team_C,Medium
5617,Medium,0.6,0.21,2,0.63,0.92,0.95,P2,Team_B,Medium
5618,Low,0.3,0.69,4,0.81,0.83,0.58,P2,Team_A,Medium
5619,Low,0.3,0.6,3,0.94,0.83,0.61,P2,Team_C,Medium
5620,Medium,0.6,0.54,3,0.68,0.38,0.63,P2,Team_A,Medium
5621,Low,0.3,0.4,2,0.78,0.93,0.53,P2,Team_C,Medium
5622,High,0.9,0.41,3,0.67,0.78,0.37,P2,Team_B,Medium
5623,Low,0.3,0.21,2,0.51,0.72,0.87,P3,Team_C,Low
5624,Medium,0.6,0.3,2,0.54,0.56,0.43,P2,Team_A,Medium
5625,Low,0.3,0.77,2,0.69,0.83,0.83,P2,Team_C,Medium
5626,High,0.9,0.6,2,0.68,0.51,0.86,P2,Team_C,Medium
5627,Low,0.3,0.57,1,0.64,0.92,0.66,P2,Team_C,Medium
5628,Low,0.3,0.55,4,0.87,0.85,0.91,P2,Team_B,Medium
5629,Low,0.3,0.22,2,0.65,0.59,0.42,P3,Team_A,Low
5630,Low,0.3,0.79,1,0.86,0.75,0.69,P2,Team_A,Medium
5631,Medium,0.6,0.58,4,0.57,0.73,0.68,P2,Team_B,Medium
5632,Low,0.3,0.59,1,0.95,0.95,0.4,P2,Team_B,Medium
5633,Low,0.3,0.69,3,0.69,0.74,0.68,P2,Team_A,Medium
5634,Low,0.3,0.39,4,0.67,0.24,0.72,P3,Team_B,Low
5635,Low,0.3,0.74,4,0.96,0.86,0.58,P2,Team_B,Medium
5636,Medium,0.6,0.09,4,0.73,0.46,0.31,P2,Team_B,Medium
5637,High,0.9,0.83,1,0.68,0.57,0.89,P1,Team_C,High
5638,Low,0.3,0.45,3,0.69,0.54,0.91,P2,Team_B,Medium
5639,Medium,0.6,0.64,2,0.75,0.66,0.37,P2,Team_B,Medium
5640,Medium,0.6,0.78,1,0.78,0.84,0.84,P2,Team_C,Medium
5641,Low,0.3,0.76,1,0.72,0.77,0.54,P2,Team_B,Medium
5642,Low,0.3,0.67,2,0.87,0.92,0.72,P2,Team_C,Medium
5643,High,0.9,0.7,4,0.6,0.89,0.7,P1,Team_C,High
5644,Low,0.3,0.79,2,0.52,0.68,0.35,P2,Team_B,Medium
5645,Low,0.3,0.13,3,0.55,0.8,0.61,P3,Team_B,Low
5646,Low,0.3,0.43,3,0.86,0.36,0.69,P2,Team_C,Medium
5647,Low,0.3,0.16,1,0.8,0.83,0.78,P3,Team_A,Low
5648,Low,0.3,0.84,2,0.98,0.67,0.93,P2,Team_C,Medium
5649,High,0.9,0.89,3,0.35,0.5,0.6,P1,Team_A,High
5650,Medium,0.6,0.48,4,0.74,0.47,0.89,P2,Team_C,Medium
5651,Medium,0.6,0.26,4,0.66,0.47,0.57,P2,Team_A,Medium
5652,Low,0.3,0.52,2,0.91,0.88,0.61,P2,Team_C,Medium
5653,Medium,0.6,0.3,2,0.74,0.89,0.39,P2,Team_B,Medium
5654,High,0.9,0.46,3,0.8,0.64,0.88,P2,Team_C,Medium
5655,Medium,0.6,0.04,1,0.75,0.85,0.52,P2,Team_A,Medium
5656,Low,0.3,0.02,3,0.48,0.51,0.78,P3,Team_B,Low
5657,Medium,0.6,0.14,2,0.59,0.86,0.74,P2,Team_A,Medium
5658,Medium,0.6,0.29,2,0.88,0.95,0.82,P2,Team_C,Medium
5659,Medium,0.6,0.86,4,0.41,0.48,0.67,P2,Team_B,Medium
5660,Low,0.3,0.62,2,0.66,0.81,0.33,P2,Team_C,Medium
5661,Low,0.3,0.26,4,0.96,0.58,0.92,P3,Team_B,Low
5662,Medium,0.6,0.17,2,0.44,0.52,0.73,P2,Team_A,Medium
5663,High,0.9,0.55,3,0.54,0.88,0.59,P2,Team_B,Medium
5664,High,0.9,0.79,2,0.89,0.78,0.33,P1,Team_B,High
5665,High,0.9,0.55,2,0.86,0.73,0.7,P2,Team_A,Medium
5666,Low,0.3,0.45,4,0.46,0.34,0.93,P2,Team_B,Medium
5667,Medium,0.6,0.59,3,0.87,0.48,0.96,P2,Team_B,Medium
5668,Low,0.3,0.58,2,0.67,0.52,0.54,P2,Team_B,Medium
5669,High,0.9,0.81,3,0.87,0.66,0.53,P1,Team_A,High
5670,Medium,0.6,0.82,3,0.43,0.61,0.71,P2,Team_A,Medium
5671,High,0.9,0.55,1,0.49,0.31,0.93,P2,Team_C,Medium
5672,Low,0.3,0.46,1,0.85,0.29,0.91,P2,Team_C,Medium
5673,Medium,0.6,0.46,4,0.85,0.51,0.36,P2,Team_C,Medium
5674,Low,0.3,0.24,3,0.94,0.38,0.85,P3,Team_C,Low
5675,Low,0.3,0.32,1,0.74,0.77,0.96,P3,Team_C,Low
5676,Low,0.3,0.17,1,0.68,0.63,0.33,P3,Team_C,Low
5677,Medium,0.6,0.86,4,0.81,0.51,0.54,P2,Team_C,Medium
5678,High,0.9,0.37,2,0.98,0.63,0.71,P2,Team_B,Medium
5679,Low,0.3,0.19,3,0.57,0.79,0.69,P3,Team_C,Low
5680,High,0.9,0.48,3,0.66,0.35,0.77,P2,Team_C,Medium
5681,High,0.9,0.16,4,0.88,0.4,0.62,P2,Team_B,Medium
5682,Low,0.3,0.86,4,0.87,0.83,0.47,P2,Team_A,Medium
5683,Low,0.3,0.73,1,0.6,0.72,0.51,P2,Team_A,Medium
5684,Medium,0.6,0.73,2,0.95,0.96,0.85,P2,Team_C,Medium
5685,High,0.9,0.68,1,0.6,0.79,0.31,P1,Team_C,High
5686,Low,0.3,0.31,4,0.52,0.4,0.39,P3,Team_C,Low
5687,High,0.9,0.64,4,0.85,0.55,0.51,P1,Team_C,High
5688,Medium,0.6,0.3,1,0.59,0.35,0.56,P2,Team_C,Medium
5689,Low,0.3,0.31,4,0.92,0.61,0.86,P3,Team_C,Low
5690,Medium,0.6,0.54,1,0.59,0.62,0.38,P2,Team_A,Medium
5691,High,0.9,0.15,3,0.38,0.46,0.74,P2,Team_A,Medium
5692,High,0.9,0.62,4,0.65,0.73,0.42,P1,Team_B,High
5693,Low,0.3,0.37,4,0.88,0.48,0.97,P3,Team_B,Low
5694,Low,0.3,0.53,3,0.67,0.36,0.71,P2,Team_B,Medium
5695,Low,0.3,0.3,3,0.68,0.93,0.98,P3,Team_A,Low
5696,Medium,0.6,0.93,3,0.8,0.85,0.42,P2,Team_C,Medium
5697,Medium,0.6,0.59,4,0.76,0.54,0.52,P2,Team_C,Medium
5698,Medium,0.6,0.62,3,0.59,0.51,0.62,P2,Team_A,Medium
5699,Low,0.3,0.4,4,0.54,0.59,0.39,P2,Team_C,Medium
5700,Medium,0.6,0.89,3,0.87,0.92,0.4,P2,Team_C,Medium
5701,Low,0.3,0.31,3,0.79,0.32,0.43,P3,Team_C,Low
5702,High,0.9,0.5,1,0.96,0.51,0.81,P2,Team_C,Medium
5703,High,0.9,0.28,2,0.91,0.13,0.4,P2,Team_B,Medium
5704,Low,0.3,0.6,1,0.74,0.69,0.47,P2,Team_B,Medium
5705,Low,0.3,0.73,1,0.94,0.4,0.69,P2,Team_A,Medium
5706,High,0.9,0.61,3,0.64,0.79,0.79,P1,Team_B,High
5707,Low,0.3,0.35,2,0.8,0.59,0.54,P3,Team_B,Low
5708,Low,0.3,0.92,2,0.8,0.71,0.41,P2,Team_B,Medium
5709,Low,0.3,0.25,2,0.74,0.79,0.65,P3,Team_A,Low
5710,High,0.9,0.48,4,0.92,0.74,0.52,P2,Team_C,Medium
5711,Low,0.3,0.6,4,0.76,0.52,0.97,P2,Team_C,Medium
5712,High,0.9,0.88,3,0.66,0.48,0.46,P1,Team_A,High
5713,Low,0.3,0.64,2,0.94,0.83,0.98,P2,Team_A,Medium
5714,Medium,0.6,0.34,4,0.93,0.42,0.36,P2,Team_B,Medium
5715,High,0.9,0.54,4,0.49,0.54,0.38,P2,Team_B,Medium
5716,Low,0.3,0.4,3,0.94,0.36,0.87,P2,Team_B,Medium
5717,Medium,0.6,0.08,1,0.74,0.5,0.73,P2,Team_C,Medium
5718,Low,0.3,0.05,2,0.96,0.68,0.52,P3,Team_B,Low
5719,Medium,0.6,0.52,1,0.87,0.59,0.51,P2,Team_C,Medium
5720,High,0.9,0.71,1,0.37,0.49,0.39,P1,Team_C,High
5721,High,0.9,0.9,1,0.75,0.64,0.4,P1,Team_B,High
5722,High,0.9,0.09,3,0.64,0.81,0.77,P2,Team_B,Medium
5723,Low,0.3,0.65,1,0.4,0.8,0.44,P2,Team_C,Medium
5724,Low,0.3,0.6,2,0.93,0.83,0.78,P2,Team_C,Medium
5725,Medium,0.6,0.22,1,0.84,0.63,0.32,P2,Team_C,Medium
5726,Low,0.3,0.35,4,0.7,0.64,0.35,P3,Team_A,Low
5727,Low,0.3,0.86,3,0.59,0.86,0.94,P2,Team_A,Medium
5728,Medium,0.6,0.64,2,0.93,0.53,0.86,P2,Team_A,Medium
5729,Low,0.3,0.22,2,0.89,0.74,0.4,P3,Team_A,Low
5730,Medium,0.6,0.46,2,0.57,0.84,0.82,P2,Team_B,Medium
5731,Low,0.3,0.41,4,0.58,0.91,0.55,P2,Team_B,Medium
5732,Medium,0.6,0.17,3,0.62,0.68,0.79,P2,Team_B,Medium
5733,Low,0.3,0.68,4,0.62,0.57,0.45,P2,Team_A,Medium
5734,Medium,0.6,0.74,3,0.49,0.87,0.43,P2,Team_B,Medium
5735,High,0.9,0.24,3,0.75,0.48,0.43,P2,Team_C,Medium
5736,Medium,0.6,0.75,2,0.68,0.4,0.91,P2,Team_B,Medium
5737,Medium,0.6,0.68,1,0.7,0.58,0.84,P2,Team_B,Medium
5738,Medium,0.6,0.5,4,0.92,0.49,0.69,P2,Team_B,Medium
5739,High,0.9,0.75,1,0.78,0.53,0.82,P1,Team_B,High
5740,High,0.9,0.51,1,0.92,0.99,0.47,P2,Team_A,Medium
5741,Medium,0.6,0.93,1,0.69,0.62,0.38,P2,Team_C,Medium
5742,High,0.9,0.64,1,0.98,0.39,0.88,P1,Team_A,High
5743,Low,0.3,0.64,1,0.62,0.77,0.61,P2,Team_A,Medium
5744,Medium,0.6,0.74,1,0.5,0.41,0.98,P2,Team_C,Medium
5745,Medium,0.6,0.44,2,0.7,0.85,0.95,P2,Team_B,Medium
5746,Low,0.3,0.39,4,0.88,0.38,0.84,P3,Team_C,Low
5747,Medium,0.6,0.43,4,0.61,0.61,0.89,P2,Team_B,Medium
5748,Low,0.3,0.76,4,0.76,0.53,0.96,P2,Team_C,Medium
5749,Medium,0.6,0.91,3,0.85,0.9,0.39,P2,Team_B,Medium
5750,Low,0.3,0.68,3,0.92,0.84,0.57,P2,Team_C,Medium
5751,High,0.9,0.46,4,0.75,0.56,0.99,P2,Team_A,Medium
5752,Medium,0.6,0.32,2,0.7,0.77,0.74,P2,Team_C,Medium
5753,Medium,0.6,0.9,1,0.85,0.82,0.34,P2,Team_C,Medium
5754,Low,0.3,0.64,2,0.64,0.74,0.96,P2,Team_A,Medium
5755,High,0.9,0.14,2,0.55,0.92,0.74,P2,Team_B,Medium
5756,Medium,0.6,0.85,1,0.75,0.97,0.59,P2,Team_C,Medium
5757,Medium,0.6,0.21,1,0.79,0.83,0.51,P2,Team_B,Medium
5758,Low,0.3,0.23,3,0.89,0.67,0.93,P3,Team_A,Low
5759,Low,0.3,0.73,4,0.75,0.75,0.89,P2,Team_C,Medium
5760,High,0.9,0.17,4,0.72,0.46,0.67,P2,Team_C,Medium
5761,Medium,0.6,0.24,3,0.83,0.83,0.43,P2,Team_B,Medium
5762,Medium,0.6,0.29,2,0.64,0.74,0.94,P2,Team_B,Medium
5763,Low,0.3,0.24,2,0.23,0.53,0.94,P3,Team_C,Low
5764,Medium,0.6,0.34,2,0.65,0.51,0.53,P2,Team_C,Medium
5765,Medium,0.6,0.52,2,0.86,0.73,0.69,P2,Team_B,Medium
5766,Medium,0.6,0.02,4,0.7,0.7,0.74,P2,Team_B,Medium
5767,Low,0.3,0.88,1,0.69,0.34,0.38,P2,Team_A,Medium
5768,Low,0.3,0.41,2,0.72,0.98,0.92,P2,Team_B,Medium
5769,High,0.9,0.67,1,0.73,0.74,0.39,P1,Team_C,High
5770,Low,0.3,0.52,4,0.72,0.4,0.53,P2,Team_A,Medium
5771,Medium,0.6,0.68,2,0.64,0.66,0.79,P2,Team_C,Medium
5772,Medium,0.6,0.22,4,0.8,0.65,0.8,P2,Team_A,Medium
5773,Low,0.3,0.71,2,0.67,0.51,0.66,P2,Team_C,Medium
5774,Low,0.3,0.95,1,0.74,0.86,0.67,P2,Team_C,Medium
5775,Medium,0.6,0.43,3,0.88,0.63,0.98,P2,Team_A,Medium
5776,Medium,0.6,0.82,1,0.42,0.51,0.68,P2,Team_A,Medium
5777,Low,0.3,0.53,1,0.79,0.43,0.48,P2,Team_C,Medium
5778,Low,0.3,0.85,4,0.87,0.91,0.47,P2,Team_B,Medium
5779,High,0.9,0.4,4,0.85,0.88,0.42,P2,Team_A,Medium
5780,Medium,0.6,0.51,3,0.96,0.76,0.79,P2,Team_B,Medium
5781,Medium,0.6,0.52,3,0.66,0.47,0.37,P2,Team_A,Medium
5782,High,0.9,0.31,2,0.68,0.64,0.45,P2,Team_C,Medium
5783,High,0.9,0.15,3,0.77,0.23,0.77,P2,Team_B,Medium
5784,High,0.9,0.14,2,0.71,0.16,0.86,P2,Team_A,Medium
5785,Low,0.3,0.85,1,0.37,0.77,0.77,P2,Team_C,Medium
5786,Low,0.3,0.54,3,0.57,0.61,0.99,P2,Team_B,Medium
5787,Low,0.3,0.74,2,0.5,0.58,0.96,P2,Team_A,Medium
5788,Medium,0.6,0.54,1,0.76,0.95,0.86,P2,Team_C,Medium
5789,Low,0.3,0.43,2,0.58,0.68,0.67,P2,Team_C,Medium
5790,High,0.9,0.22,3,0.97,0.64,0.93,P2,Team_A,Medium
5791,Low,0.3,0.2,2,0.55,0.27,0.86,P3,Team_C,Low
5792,High,0.9,0.77,4,0.66,0.77,0.7,P1,Team_B,High
5793,High,0.9,0.42,2,0.68,0.53,0.42,P2,Team_B,Medium
5794,Medium,0.6,0.36,1,0.9,0.45,0.6,P2,Team_B,Medium
5795,High,0.9,0.53,2,0.68,0.83,0.55,P2,Team_C,Medium
5796,Medium,0.6,0.24,1,0.68,0.88,0.81,P2,Team_B,Medium
5797,Medium,0.6,0.22,1,0.83,0.5,0.41,P2,Team_A,Medium
5798,High,0.9,0.51,3,0.54,0.3,0.71,P2,Team_A,Medium
5799,High,0.9,0.47,1,0.7,0.74,0.86,P2,Team_B,Medium
5800,Low,0.3,0.76,2,0.75,0.75,0.68,P2,Team_A,Medium
5801,Low,0.3,0.44,3,0.5,0.51,0.78,P2,Team_A,Medium
5802,Medium,0.6,0.13,4,0.89,0.5,0.61,P2,Team_B,Medium
5803,Low,0.3,0.51,3,0.86,0.46,0.37,P2,Team_A,Medium
5804,Low,0.3,0.81,4,0.89,0.45,0.57,P2,Team_A,Medium
5805,Low,0.3,0.48,3,0.45,0.67,0.47,P2,Team_B,Medium
5806,Low,0.3,0.67,2,0.81,0.87,0.99,P2,Team_A,Medium
5807,Low,0.3,0.6,4,0.55,0.69,0.52,P2,Team_A,Medium
5808,High,0.9,0.32,4,0.3,0.45,0.35,P2,Team_B,Medium
5809,Low,0.3,0.37,3,0.82,0.62,0.74,P3,Team_C,Low
5810,Medium,0.6,0.29,3,0.76,0.69,0.68,P2,Team_A,Medium
5811,High,0.9,0.57,2,0.79,0.56,0.64,P2,Team_A,Medium
5812,High,0.9,0.55,3,0.67,0.74,0.75,P2,Team_C,Medium
5813,Medium,0.6,0.56,1,0.53,0.45,0.94,P2,Team_B,Medium
5814,Medium,0.6,0.79,1,0.58,0.67,0.59,P2,Team_C,Medium
5815,Low,0.3,0.14,3,0.86,0.36,0.93,P3,Team_C,Low
5816,Low,0.3,0.79,4,0.42,0.76,0.83,P2,Team_B,Medium
5817,Medium,0.6,0.27,2,0.99,0.79,0.57,P2,Team_B,Medium
5818,Medium,0.6,0.78,4,0.82,0.7,0.9,P2,Team_A,Medium
5819,High,0.9,0.28,1,0.72,0.68,0.33,P2,Team_B,Medium
5820,High,0.9,0.05,3,0.93,0.58,0.34,P2,Team_C,Medium
5821,Low,0.3,0.2,4,0.92,0.36,0.58,P3,Team_A,Low
5822,Low,0.3,0.38,4,0.67,0.91,0.71,P3,Team_A,Low
5823,Medium,0.6,0.37,3,0.72,0.69,0.82,P2,Team_B,Medium
5824,High,0.9,0.59,3,0.62,0.82,0.46,P2,Team_A,Medium
5825,Low,0.3,0.36,3,0.74,0.72,0.7,P3,Team_A,Low
5826,Low,0.3,0.3,3,0.5,0.45,0.49,P3,Team_B,Low
5827,Low,0.3,0.33,1,0.89,0.45,0.54,P3,Team_A,Low
5828,Low,0.3,0.68,3,0.97,0.74,0.82,P2,Team_C,Medium
5829,Medium,0.6,0.17,3,0.68,0.68,0.76,P2,Team_B,Medium
5830,Medium,0.6,0.47,4,0.67,0.4,0.66,P2,Team_C,Medium
5831,Low,0.3,0.55,1,0.69,0.56,0.4,P2,Team_A,Medium
5832,High,0.9,0.17,1,0.83,0.76,0.51,P2,Team_A,Medium
5833,Medium,0.6,0.78,3,0.79,0.77,0.78,P2,Team_A,Medium
5834,Low,0.3,0.79,4,0.9,0.61,0.79,P2,Team_A,Medium
5835,Low,0.3,0.09,3,0.67,0.41,0.51,P3,Team_B,Low
5836,High,0.9,0.35,2,0.88,0.66,0.65,P2,Team_C,Medium
5837,Medium,0.6,0.76,4,0.79,0.31,0.37,P2,Team_C,Medium
5838,High,0.9,0.46,3,0.31,0.89,0.76,P2,Team_B,Medium
5839,Low,0.3,0.68,1,0.63,0.86,0.88,P2,Team_B,Medium
5840,High,0.9,0.63,1,0.58,0.57,0.92,P1,Team_C,High
5841,Low,0.3,0.8,4,0.98,0.81,0.79,P2,Team_B,Medium
5842,Medium,0.6,0.71,1,0.93,0.51,0.31,P2,Team_C,Medium
5843,Low,0.3,0.87,3,0.74,0.71,0.58,P2,Team_B,Medium
5844,Low,0.3,0.11,1,0.72,0.75,0.77,P3,Team_B,Low
5845,Medium,0.6,0.17,3,0.49,0.69,0.67,P2,Team_C,Medium
5846,Medium,0.6,0.44,4,0.7,0.92,0.39,P2,Team_B,Medium
5847,Medium,0.6,0.21,3,0.62,0.62,0.79,P2,Team_B,Medium
5848,High,0.9,0.35,3,0.33,0.82,0.5,P2,Team_B,Medium
5849,High,0.9,0.88,1,0.53,0.44,0.31,P1,Team_C,High
5850,Low,0.3,0.22,1,0.33,0.7,0.97,P3,Team_A,Low
5851,High,0.9,0.42,3,0.86,0.63,0.64,P2,Team_A,Medium
5852,Medium,0.6,0.92,2,0.79,0.57,0.69,P2,Team_C,Medium
5853,Medium,0.6,0.95,3,0.88,0.54,0.8,P2,Team_C,Medium
5854,Medium,0.6,0.68,3,0.95,0.62,0.34,P2,Team_A,Medium
5855,High,0.9,0.63,4,0.59,0.74,0.56,P1,Team_A,High
5856,Low,0.3,0.82,4,0.68,0.61,0.34,P2,Team_C,Medium
5857,Medium,0.6,0.21,4,0.55,0.71,0.84,P2,Team_C,Medium
5858,High,0.9,0.41,4,0.47,0.83,0.45,P2,Team_A,Medium
5859,High,0.9,0.58,4,0.72,0.8,0.63,P2,Team_B,Medium
5860,Medium,0.6,0.8,2,0.75,0.44,0.75,P2,Team_C,Medium
5861,Medium,0.6,0.63,3,0.62,0.67,0.41,P2,Team_A,Medium
5862,Medium,0.6,0.7,4,0.87,0.71,0.59,P2,Team_C,Medium
5863,Medium,0.6,0.27,4,0.51,0.44,0.85,P2,Team_A,Medium
5864,Medium,0.6,0.44,1,0.69,0.46,0.56,P2,Team_A,Medium
5865,Medium,0.6,0.47,4,0.97,0.8,0.83,P2,Team_C,Medium
5866,Low,0.3,0.28,2,0.9,0.81,0.73,P3,Team_C,Low
5867,Low,0.3,0.58,3,0.54,0.76,0.7,P2,Team_C,Medium
5868,Low,0.3,0.16,1,0.84,0.59,0.91,P3,Team_B,Low
5869,Medium,0.6,0.29,2,0.71,0.41,0.49,P2,Team_A,Medium
5870,High,0.9,0.67,3,0.84,0.73,0.91,P1,Team_A,High
5871,Medium,0.6,0.73,4,0.52,0.86,0.35,P2,Team_C,Medium
5872,Low,0.3,0.74,2,0.57,0.73,0.94,P2,Team_A,Medium
5873,High,0.9,0.15,2,0.42,0.67,0.35,P2,Team_A,Medium
5874,Low,0.3,0.79,4,0.61,0.58,0.87,P2,Team_A,Medium
5875,Medium,0.6,0.3,1,0.68,0.77,0.82,P2,Team_A,Medium
5876,Medium,0.6,0.24,3,0.82,0.68,0.37,P2,Team_C,Medium
5877,Low,0.3,0.39,2,0.42,0.79,0.59,P3,Team_A,Low
5878,High,0.9,0.49,3,0.75,0.98,0.34,P2,Team_A,Medium
5879,Medium,0.6,0.32,4,0.63,0.86,0.63,P2,Team_A,Medium
5880,Medium,0.6,0.39,2,0.86,0.5,0.38,P2,Team_C,Medium
5881,High,0.9,0.53,4,0.81,0.8,0.49,P2,Team_C,Medium
5882,High,0.9,0.55,3,0.52,0.94,0.74,P2,Team_C,Medium
5883,Low,0.3,0.84,3,0.7,0.75,0.31,P2,Team_C,Medium
5884,Low,0.3,0.11,2,0.64,0.38,0.89,P3,Team_B,Low
5885,Low,0.3,0.38,2,0.66,0.57,0.97,P3,Team_B,Low
5886,Low,0.3,0.91,4,0.69,0.74,0.96,P2,Team_C,Medium
5887,Low,0.3,0.12,4,0.91,0.67,0.34,P3,Team_A,Low
5888,High,0.9,0.53,3,0.72,0.51,0.37,P2,Team_B,Medium
5889,Low,0.3,0.43,1,0.9,0.93,0.85,P2,Team_B,Medium
5890,High,0.9,0.53,1,0.95,0.78,0.85,P2,Team_A,Medium
5891,Medium,0.6,0.91,1,0.98,0.69,0.59,P2,Team_B,Medium
5892,Medium,0.6,0.58,1,0.85,0.83,0.98,P2,Team_B,Medium
5893,Low,0.3,0.85,3,0.77,0.66,0.44,P2,Team_C,Medium
5894,Low,0.3,0.89,3,0.79,0.75,0.59,P2,Team_C,Medium
5895,Low,0.3,0.5,2,0.5,0.85,0.42,P2,Team_A,Medium
5896,Low,0.3,0.16,1,0.87,0.96,0.86,P3,Team_C,Low
5897,Medium,0.6,0.49,1,0.56,0.78,0.66,P2,Team_A,Medium
5898,Medium,0.6,0.26,2,0.53,0.62,0.61,P2,Team_C,Medium
5899,Low,0.3,0.31,2,0.74,0.76,0.7,P3,Team_B,Low
5900,Medium,0.6,0.53,3,0.79,0.42,0.5,P2,Team_A,Medium
5901,Medium,0.6,0.74,4,0.49,0.77,0.45,P2,Team_C,Medium
5902,Low,0.3,0.93,2,0.96,0.51,0.71,P2,Team_C,Medium
5903,Low,0.3,0.88,4,0.47,0.89,0.94,P2,Team_A,Medium
5904,Low,0.3,0.9,1,0.47,0.75,0.78,P2,Team_A,Medium
5905,Medium,0.6,0.63,4,0.59,0.77,0.44,P2,Team_A,Medium
5906,High,0.9,0.28,3,0.64,0.56,0.32,P2,Team_C,Medium
5907,Medium,0.6,0.69,2,0.76,0.59,0.37,P2,Team_B,Medium
5908,Medium,0.6,0.9,1,0.71,0.4,0.61,P2,Team_B,Medium
5909,Low,0.3,0.06,4,0.51,0.75,0.55,P3,Team_C,Low
5910,Medium,0.6,0.48,1,0.95,0.4,0.73,P2,Team_C,Medium
5911,High,0.9,0.73,3,0.69,0.76,0.58,P1,Team_C,High
5912,Low,0.3,0.68,1,0.64,0.81,0.43,P2,Team_A,Medium
5913,High,0.9,0.49,1,0.84,0.56,0.62,P2,Team_C,Medium
5914,Low,0.3,0.36,2,0.76,0.73,0.69,P3,Team_A,Low
5915,Low,0.3,0.51,1,0.43,0.14,0.43,P2,Team_C,Medium
5916,Low,0.3,0.12,3,0.65,0.69,0.4,P3,Team_C,Low
5917,Medium,0.6,0.91,4,0.63,0.6,0.88,P2,Team_B,Medium
5918,High,0.9,0.43,3,0.94,0.57,0.53,P2,Team_A,Medium
5919,Medium,0.6,0.48,1,0.9,0.75,0.69,P2,Team_B,Medium
5920,Medium,0.6,0.52,4,0.45,0.67,0.83,P2,Team_C,Medium
5921,Low,0.3,0.7,3,0.8,0.57,0.65,P2,Team_B,Medium
5922,Medium,0.6,0.81,2,0.66,0.54,0.94,P2,Team_C,Medium
5923,Medium,0.6,0.09,3,0.66,0.53,0.38,P2,Team_A,Medium
5924,Low,0.3,0.27,1,0.66,0.29,0.7,P3,Team_A,Low
5925,Low,0.3,0.17,1,0.62,0.29,0.73,P3,Team_A,Low
5926,High,0.9,0.58,1,0.68,0.29,0.88,P2,Team_B,Medium
5927,Medium,0.6,0.56,2,0.43,0.79,0.48,P2,Team_C,Medium
5928,High,0.9,0.45,1,0.73,0.45,0.49,P2,Team_C,Medium
5929,Low,0.3,0.43,1,0.67,0.96,0.77,P2,Team_A,Medium
5930,Low,0.3,0.7,3,0.49,0.78,0.69,P2,Team_B,Medium
5931,Low,0.3,0.17,3,0.82,0.63,0.83,P3,Team_C,Low
5932,Low,0.3,0.23,2,0.69,0.82,0.85,P3,Team_C,Low
5933,Medium,0.6,0.64,3,0.8,0.45,0.36,P2,Team_C,Medium
5934,High,0.9,0.96,3,0.91,0.87,0.99,P1,Team_B,High
5935,Low,0.3,0.43,3,0.85,0.8,0.31,P2,Team_B,Medium
5936,High,0.9,0.19,4,0.89,0.88,0.67,P2,Team_C,Medium
5937,High,0.9,0.48,1,0.34,0.41,0.85,P2,Team_A,Medium
5938,Medium,0.6,0.7,2,0.89,0.62,0.55,P2,Team_C,Medium
5939,Medium,0.6,0.15,2,0.79,0.75,0.51,P2,Team_A,Medium
5940,Medium,0.6,0.48,2,0.59,0.76,0.35,P2,Team_A,Medium
5941,High,0.9,0.77,4,0.9,0.48,0.53,P1,Team_C,High
5942,High,0.9,0.65,2,0.87,0.49,0.78,P1,Team_A,High
5943,Low,0.3,0.53,1,0.92,0.77,0.31,P2,Team_C,Medium
5944,Low,0.3,0.62,1,0.64,0.95,0.63,P2,Team_B,Medium
5945,Low,0.3,0.86,1,0.66,0.47,0.94,P2,Team_A,Medium
5946,High,0.9,0.66,3,0.66,0.64,0.73,P1,Team_C,High
5947,Low,0.3,0.62,2,0.82,0.41,0.88,P2,Team_A,Medium
5948,High,0.9,0.67,1,0.27,0.39,0.89,P1,Team_A,High
5949,Medium,0.6,0.68,4,0.61,0.71,0.47,P2,Team_A,Medium
5950,High,0.9,0.45,2,0.76,0.46,0.55,P2,Team_B,Medium
5951,Low,0.3,0.3,2,0.75,0.21,0.71,P3,Team_B,Low
5952,High,0.9,0.42,3,0.68,0.38,0.45,P2,Team_C,Medium
5953,Low,0.3,0.36,3,0.89,0.4,0.73,P3,Team_A,Low
5954,Low,0.3,0.29,3,0.88,0.78,0.44,P3,Team_B,Low
5955,Low,0.3,0.23,2,0.66,0.49,0.42,P3,Team_B,Low
5956,Medium,0.6,0.66,3,0.66,0.64,0.91,P2,Team_B,Medium
5957,High,0.9,0.57,4,0.72,0.59,0.34,P2,Team_B,Medium
5958,Medium,0.6,0.52,2,0.95,0.27,0.32,P2,Team_C,Medium
5959,Low,0.3,0.4,3,0.64,0.53,0.83,P2,Team_B,Medium
5960,Medium,0.6,0.41,3,0.62,0.8,0.47,P2,Team_C,Medium
5961,Medium,0.6,0.73,3,0.83,0.25,0.8,P2,Team_B,Medium
5962,High,0.9,0.27,1,0.81,0.51,0.5,P2,Team_A,Medium
5963,Low,0.3,0.76,1,0.34,0.95,0.4,P2,Team_A,Medium
5964,Low,0.3,0.4,4,0.83,0.62,0.41,P2,Team_A,Medium
5965,Low,0.3,0.67,2,0.91,0.47,0.77,P2,Team_B,Medium
5966,Medium,0.6,0.17,4,0.95,0.68,0.63,P2,Team_A,Medium
5967,High,0.9,0.62,3,0.85,0.35,0.63,P1,Team_A,High
5968,Low,0.3,0.07,1,0.65,0.68,0.89,P3,Team_C,Low
5969,Low,0.3,0.74,2,0.61,0.85,0.74,P2,Team_B,Medium
5970,Low,0.3,0.76,1,0.8,0.72,0.75,P2,Team_A,Medium
5971,Medium,0.6,0.69,2,0.79,0.68,0.91,P2,Team_A,Medium
5972,Medium,0.6,0.57,3,0.91,0.86,0.87,P2,Team_B,Medium
5973,Medium,0.6,0.64,3,0.33,0.75,0.57,P2,Team_C,Medium
5974,High,0.9,0.48,4,0.63,0.81,0.31,P2,Team_A,Medium
5975,Low,0.3,0.82,3,0.34,0.86,0.34,P2,Team_C,Medium
5976,Medium,0.6,0.58,2,0.79,0.82,0.71,P2,Team_C,Medium
5977,Medium,0.6,0.15,1,0.8,0.92,0.86,P2,Team_A,Medium
5978,Medium,0.6,0.43,4,0.43,0.53,0.41,P2,Team_A,Medium
5979,Low,0.3,0.57,2,0.98,0.37,0.38,P2,Team_A,Medium
5980,Medium,0.6,0.28,1,0.75,0.92,0.37,P2,Team_A,Medium
5981,High,0.9,0.37,3,0.89,0.55,0.82,P2,Team_C,Medium
5982,Medium,0.6,0.53,4,0.58,0.65,0.71,P2,Team_A,Medium
5983,Medium,0.6,0.47,4,0.6,0.82,0.74,P2,Team_C,Medium
5984,Low,0.3,0.7,4,0.83,0.88,0.82,P2,Team_A,Medium
5985,Medium,0.6,0.28,4,0.9,0.78,0.9,P2,Team_C,Medium
5986,High,0.9,0.72,2,0.77,0.69,0.99,P1,Team_A,High
5987,Medium,0.6,0.23,4,0.93,0.63,0.52,P2,Team_B,Medium
5988,Medium,0.6,0.52,1,0.91,0.36,0.57,P2,Team_B,Medium
5989,Medium,0.6,0.54,1,0.74,0.55,0.51,P2,Team_B,Medium
5990,High,0.9,0.33,3,0.94,0.6,0.83,P2,Team_B,Medium
5991,High,0.9,0.31,2,0.87,0.81,0.36,P2,Team_B,Medium
5992,Low,0.3,0.56,1,0.78,0.74,0.53,P2,Team_B,Medium
5993,Low,0.3,0.26,2,0.76,0.75,1.0,P3,Team_A,Low
5994,Medium,0.6,0.85,1,0.52,0.61,0.32,P2,Team_B,Medium
5995,Low,0.3,0.83,3,0.61,0.53,0.43,P2,Team_B,Medium
5996,Medium,0.6,0.49,2,0.57,0.8,0.89,P2,Team_C,Medium
5997,Medium,0.6,0.38,2,0.78,0.81,0.69,P2,Team_B,Medium
5998,High,0.9,0.63,3,0.68,0.62,0.65,P1,Team_B,High
5999,Low,0.3,0.69,3,0.75,0.63,0.59,P2,Team_A,Medium
6000,Medium,0.6,0.56,3,0.66,0.44,0.75,P2,Team_B,Medium
6001,High,0.9,0.07,3,0.46,0.94,0.95,P2,Team_A,Medium
6002,Low,0.3,0.66,1,0.73,0.75,0.78,P2,Team_C,Medium
6003,High,0.9,0.35,4,0.82,0.7,0.8,P2,Team_A,Medium
6004,Low,0.3,0.23,4,0.76,0.73,0.77,P3,Team_C,Low
6005,Low,0.3,0.43,4,0.26,0.97,0.52,P2,Team_A,Medium
6006,Medium,0.6,0.26,4,0.79,0.58,0.42,P2,Team_A,Medium
6007,Medium,0.6,0.55,3,0.58,0.91,0.87,P2,Team_B,Medium
6008,High,0.9,0.19,4,0.76,0.24,0.67,P2,Team_B,Medium
6009,High,0.9,0.07,1,0.9,0.56,0.63,P2,Team_B,Medium
6010,Medium,0.6,0.52,1,0.88,0.46,0.86,P2,Team_A,Medium
6011,Medium,0.6,0.49,2,0.83,0.72,0.84,P2,Team_B,Medium
6012,Low,0.3,0.05,3,0.86,0.91,0.31,P3,Team_A,Low
6013,Medium,0.6,0.38,2,0.72,0.84,0.78,P2,Team_B,Medium
6014,Low,0.3,0.57,2,0.55,0.64,0.34,P2,Team_B,Medium
6015,Medium,0.6,0.64,2,0.69,0.83,0.77,P2,Team_A,Medium
6016,Medium,0.6,0.36,1,0.69,0.79,0.48,P2,Team_A,Medium
6017,Low,0.3,0.63,3,0.69,0.25,0.34,P2,Team_A,Medium
6018,Medium,0.6,0.0,4,0.35,0.71,0.95,P2,Team_A,Medium
6019,Low,0.3,0.63,1,0.39,0.61,0.55,P2,Team_C,Medium
6020,High,0.9,0.68,2,0.94,0.82,0.81,P1,Team_B,High
6021,High,0.9,0.81,3,0.71,0.65,0.81,P1,Team_C,High
6022,Low,0.3,0.91,4,0.99,0.84,0.36,P2,Team_A,Medium
6023,Medium,0.6,0.83,4,0.48,0.77,0.6,P2,Team_A,Medium
6024,High,0.9,0.36,4,0.81,0.46,0.78,P2,Team_A,Medium
6025,Low,0.3,0.43,4,0.62,0.76,0.59,P2,Team_B,Medium
6026,High,0.9,0.37,4,0.91,0.78,0.69,P2,Team_C,Medium
6027,Low,0.3,0.59,3,0.7,0.72,0.6,P2,Team_A,Medium
6028,High,0.9,0.5,2,0.91,0.79,0.38,P2,Team_A,Medium
6029,High,0.9,0.68,3,0.97,0.71,0.69,P1,Team_C,High
6030,Medium,0.6,0.34,2,0.66,0.66,0.99,P2,Team_B,Medium
6031,Low,0.3,0.78,2,0.96,0.58,0.83,P2,Team_B,Medium
6032,Medium,0.6,0.5,1,0.81,0.46,0.94,P2,Team_A,Medium
6033,Medium,0.6,0.25,3,0.91,0.71,0.79,P2,Team_B,Medium
6034,Medium,0.6,0.1,2,0.88,0.91,0.55,P2,Team_C,Medium
6035,Low,0.3,0.13,3,0.44,0.84,0.53,P3,Team_B,Low
6036,High,0.9,0.75,1,0.64,0.6,0.45,P1,Team_B,High
6037,Medium,0.6,0.39,3,0.83,0.53,0.9,P2,Team_B,Medium
6038,Medium,0.6,0.37,1,0.65,0.67,0.45,P2,Team_C,Medium
6039,Low,0.3,0.43,2,0.51,0.72,0.98,P2,Team_C,Medium
6040,Medium,0.6,0.48,2,0.36,0.51,0.31,P2,Team_B,Medium
6041,Low,0.3,0.8,3,0.35,0.67,0.83,P2,Team_B,Medium
6042,Low,0.3,0.51,4,0.74,0.91,0.57,P2,Team_B,Medium
6043,Low,0.3,0.6,4,0.91,0.56,0.68,P2,Team_A,Medium
6044,Medium,0.6,0.41,3,0.64,0.46,0.69,P2,Team_A,Medium
6045,Low,0.3,0.41,4,0.75,0.71,0.4,P2,Team_B,Medium
6046,Medium,0.6,0.45,1,0.65,0.87,0.35,P2,Team_C,Medium
6047,Low,0.3,0.52,3,0.75,0.51,0.6,P2,Team_C,Medium
6048,Medium,0.6,0.48,4,0.9,0.37,0.86,P2,Team_A,Medium
6049,Low,0.3,0.46,4,0.89,0.56,0.47,P2,Team_A,Medium
6050,Low,0.3,0.11,1,0.89,0.75,0.63,P3,Team_B,Low
6051,Low,0.3,0.47,2,0.74,0.49,0.93,P2,Team_A,Medium
6052,Low,0.3,0.22,1,0.85,0.74,0.43,P3,Team_C,Low
6053,High,0.9,0.6,4,0.71,0.6,0.62,P2,Team_B,Medium
6054,Medium,0.6,0.44,2,0.97,0.31,0.59,P2,Team_C,Medium
6055,Medium,0.6,0.69,2,0.63,0.73,0.88,P2,Team_C,Medium
6056,High,0.9,0.15,4,0.89,0.71,0.36,P2,Team_C,Medium
6057,Low,0.3,0.75,1,0.7,0.75,0.62,P2,Team_B,Medium
6058,Medium,0.6,0.76,3,0.49,0.87,0.65,P2,Team_C,Medium
6059,High,0.9,0.37,4,0.8,0.71,0.81,P2,Team_C,Medium
6060,High,0.9,0.15,2,0.65,0.32,0.83,P2,Team_A,Medium
6061,Low,0.3,0.4,2,0.44,0.4,0.49,P2,Team_C,Medium
6062,Medium,0.6,0.65,1,0.49,0.81,0.61,P2,Team_B,Medium
6063,Low,0.3,0.8,4,0.58,0.49,0.31,P2,Team_B,Medium
6064,High,0.9,0.47,4,0.82,0.9,0.51,P2,Team_B,Medium
6065,Low,0.3,0.49,1,0.72,0.85,0.76,P2,Team_C,Medium
6066,High,0.9,0.24,4,0.58,0.64,0.85,P2,Team_B,Medium
6067,Medium,0.6,0.35,3,0.76,0.57,0.77,P2,Team_C,Medium
6068,Low,0.3,0.29,3,0.76,0.63,0.7,P3,Team_A,Low
6069,Low,0.3,0.09,4,0.87,0.83,0.32,P3,Team_B,Low
6070,Low,0.3,0.54,1,0.85,0.74,0.34,P2,Team_A,Medium
6071,Medium,0.6,0.8,1,0.76,0.68,0.54,P2,Team_A,Medium
6072,Low,0.3,0.52,4,0.36,0.65,0.71,P2,Team_A,Medium
6073,Low,0.3,0.75,1,0.79,0.54,0.7,P2,Team_C,Medium
6074,Low,0.3,0.32,1,0.82,0.43,0.36,P3,Team_B,Low
6075,Medium,0.6,0.77,2,0.64,0.77,0.74,P2,Team_C,Medium
6076,High,0.9,0.29,4,0.86,0.92,0.51,P2,Team_A,Medium
6077,Low,0.3,0.2,2,0.44,0.6,0.78,P3,Team_C,Low
6078,Low,0.3,0.22,4,0.73,0.36,0.88,P3,Team_A,Low
6079,High,0.9,0.76,3,0.89,0.69,0.33,P1,Team_B,High
6080,High,0.9,0.36,3,0.81,0.65,0.96,P2,Team_C,Medium
6081,Low,0.3,0.28,2,0.77,0.75,0.73,P3,Team_A,Low
6082,High,0.9,0.34,3,0.78,0.6,0.91,P2,Team_C,Medium
6083,Low,0.3,0.13,2,0.65,0.63,0.71,P3,Team_A,Low
6084,Medium,0.6,0.3,3,0.5,0.5,0.97,P2,Team_A,Medium
6085,High,0.9,0.39,2,0.9,0.52,0.48,P2,Team_A,Medium
6086,High,0.9,0.34,4,0.8,0.91,0.88,P2,Team_C,Medium
6087,Low,0.3,0.33,3,0.94,0.61,0.35,P3,Team_C,Low
6088,Low,0.3,0.29,1,0.79,0.63,0.62,P3,Team_B,Low
6089,Low,0.3,0.62,3,0.43,0.95,0.73,P2,Team_B,Medium
6090,High,0.9,0.32,1,0.79,0.83,0.45,P2,Team_B,Medium
6091,Medium,0.6,0.53,2,0.64,0.66,0.81,P2,Team_A,Medium
6092,Low,0.3,0.3,4,0.93,0.4,0.7,P3,Team_C,Low
6093,Low,0.3,0.11,1,0.88,0.37,0.83,P3,Team_B,Low
6094,High,0.9,0.23,4,0.6,0.28,0.88,P2,Team_B,Medium
6095,Low,0.3,0.27,1,0.91,0.82,0.35,P3,Team_B,Low
6096,Medium,0.6,0.6,4,0.88,0.78,0.43,P2,Team_C,Medium
6097,Medium,0.6,0.54,4,0.5,0.83,0.49,P2,Team_B,Medium
6098,Medium,0.6,0.34,2,0.84,0.59,1.0,P2,Team_B,Medium
6099,Low,0.3,0.71,4,0.75,0.42,0.7,P2,Team_A,Medium
6100,Medium,0.6,0.5,4,0.89,0.72,0.46,P2,Team_A,Medium
6101,Medium,0.6,0.33,3,0.76,0.66,0.85,P2,Team_C,Medium
6102,Low,0.3,0.48,2,0.42,0.78,0.66,P2,Team_B,Medium
6103,Medium,0.6,0.17,3,0.54,0.36,0.94,P2,Team_A,Medium
6104,High,0.9,0.34,2,0.8,0.6,0.72,P2,Team_A,Medium
6105,Low,0.3,0.19,3,0.47,0.3,0.51,P3,Team_A,Low
6106,Medium,0.6,0.16,4,0.74,0.58,0.31,P2,Team_B,Medium
6107,High,0.9,0.15,3,0.77,0.67,0.32,P2,Team_B,Medium
6108,Low,0.3,0.37,2,0.37,0.62,0.45,P3,Team_B,Low
6109,High,0.9,0.42,4,0.48,0.44,0.34,P2,Team_B,Medium
6110,Medium,0.6,0.02,3,0.86,0.89,0.76,P2,Team_A,Medium
6111,High,0.9,0.42,2,0.49,0.88,0.91,P2,Team_A,Medium
6112,Low,0.3,0.48,3,0.49,0.77,0.39,P2,Team_C,Medium
6113,Medium,0.6,0.3,4,0.73,0.9,0.59,P2,Team_A,Medium
6114,High,0.9,0.57,4,0.71,0.87,0.64,P2,Team_B,Medium
6115,High,0.9,0.55,2,0.53,0.83,0.36,P2,Team_A,Medium
6116,Medium,0.6,0.32,2,0.8,0.19,0.55,P2,Team_B,Medium
6117,Low,0.3,0.35,1,0.89,0.61,0.71,P3,Team_A,Low
6118,Medium,0.6,0.32,2,0.51,0.27,0.99,P2,Team_A,Medium
6119,Medium,0.6,0.05,2,0.86,0.66,0.87,P2,Team_A,Medium
6120,Low,0.3,0.43,1,0.69,0.45,0.81,P2,Team_A,Medium
6121,Low,0.3,0.76,4,0.66,0.78,0.45,P2,Team_B,Medium
6122,Low,0.3,0.41,2,0.85,0.67,0.35,P2,Team_B,Medium
6123,Medium,0.6,0.47,3,0.46,0.91,0.42,P2,Team_B,Medium
6124,Low,0.3,0.14,1,0.62,0.63,0.44,P3,Team_C,Low
6125,Low,0.3,0.31,3,0.61,0.8,0.71,P3,Team_A,Low
6126,Low,0.3,0.91,2,0.72,0.91,0.84,P2,Team_C,Medium
6127,Low,0.3,0.83,1,0.63,0.73,0.36,P2,Team_C,Medium
6128,High,0.9,0.66,4,0.44,0.74,0.39,P1,Team_B,High
6129,Low,0.3,0.06,4,0.72,0.59,0.71,P3,Team_B,Low
6130,Low,0.3,0.17,4,0.69,0.51,1.0,P3,Team_C,Low
6131,Medium,0.6,0.52,4,0.83,0.55,0.62,P2,Team_B,Medium
6132,High,0.9,0.5,2,0.86,0.85,0.65,P2,Team_B,Medium
6133,Medium,0.6,0.47,4,0.64,0.54,0.32,P2,Team_C,Medium
6134,Medium,0.6,0.33,2,0.94,0.84,0.65,P2,Team_C,Medium
6135,High,0.9,0.47,4,0.51,0.84,0.81,P2,Team_B,Medium
6136,Medium,0.6,0.43,1,0.83,0.54,0.79,P2,Team_C,Medium
6137,Medium,0.6,0.37,4,0.66,0.75,0.55,P2,Team_B,Medium
6138,Low,0.3,0.45,1,0.41,0.54,0.67,P2,Team_C,Medium
6139,High,0.9,0.73,3,0.64,0.74,0.45,P1,Team_C,High
6140,Medium,0.6,0.8,3,0.64,0.84,0.62,P2,Team_A,Medium
6141,High,0.9,0.88,3,0.59,0.47,0.5,P1,Team_B,High
6142,Low,0.3,0.27,3,0.93,0.73,0.7,P3,Team_B,Low
6143,Low,0.3,0.66,3,0.89,0.68,0.67,P2,Team_C,Medium
6144,High,0.9,0.44,4,0.51,0.64,0.44,P2,Team_A,Medium
6145,Low,0.3,0.47,2,0.7,0.72,0.67,P2,Team_A,Medium
6146,High,0.9,0.68,3,0.87,0.86,0.56,P1,Team_C,High
6147,High,0.9,0.47,1,0.31,0.86,0.45,P2,Team_B,Medium
6148,Medium,0.6,0.41,1,0.78,0.43,0.63,P2,Team_C,Medium
6149,Low,0.3,0.38,4,0.59,0.6,0.63,P3,Team_C,Low
6150,High,0.9,0.31,1,0.67,0.54,0.72,P2,Team_A,Medium
6151,Medium,0.6,0.51,2,0.68,0.84,0.44,P2,Team_C,Medium
6152,High,0.9,0.27,3,0.66,0.77,0.3,P2,Team_A,Medium
6153,Low,0.3,0.71,1,0.68,0.53,0.36,P2,Team_A,Medium
6154,Low,0.3,0.53,2,0.9,0.58,0.43,P2,Team_B,Medium
6155,Low,0.3,0.44,3,0.93,0.53,0.75,P2,Team_A,Medium
6156,Medium,0.6,0.39,3,0.85,0.86,0.33,P2,Team_A,Medium
6157,Medium,0.6,0.09,2,0.76,0.67,0.67,P2,Team_A,Medium
6158,High,0.9,0.3,2,0.83,0.52,0.41,P2,Team_A,Medium
6159,High,0.9,0.21,4,0.78,0.48,0.33,P2,Team_A,Medium
6160,High,0.9,0.89,3,0.5,0.7,0.64,P1,Team_C,High
6161,Low,0.3,0.19,3,0.54,0.55,0.31,P3,Team_A,Low
6162,Medium,0.6,0.5,4,0.95,0.52,0.9,P2,Team_C,Medium
6163,Medium,0.6,0.39,2,0.32,0.9,0.99,P2,Team_C,Medium
6164,Low,0.3,0.33,1,0.5,0.42,0.68,P3,Team_B,Low
6165,Medium,0.6,0.81,4,0.68,0.83,0.78,P2,Team_A,Medium
6166,Low,0.3,0.28,2,0.82,0.8,0.84,P3,Team_B,Low
6167,Low,0.3,0.47,3,0.81,0.87,0.69,P2,Team_C,Medium
6168,High,0.9,0.75,4,0.64,0.4,0.59,P1,Team_A,High
6169,Medium,0.6,0.39,2,0.89,0.66,0.78,P2,Team_B,Medium
6170,Medium,0.6,0.74,4,0.89,0.69,0.48,P2,Team_C,Medium
6171,Low,0.3,0.67,3,0.95,0.84,0.52,P2,Team_C,Medium
6172,High,0.9,0.37,2,0.55,0.77,0.96,P2,Team_B,Medium
6173,Low,0.3,0.51,4,0.64,0.81,0.48,P2,Team_A,Medium
6174,High,0.9,0.22,2,0.88,0.63,0.65,P2,Team_A,Medium
6175,High,0.9,0.68,1,0.6,0.76,0.41,P1,Team_B,High
6176,High,0.9,0.31,3,0.56,0.71,0.31,P2,Team_C,Medium
6177,High,0.9,0.48,2,0.68,0.7,0.78,P2,Team_B,Medium
6178,Medium,0.6,0.18,2,0.72,0.71,0.33,P2,Team_A,Medium
6179,Low,0.3,0.78,2,0.52,0.72,0.43,P2,Team_A,Medium
6180,Medium,0.6,0.88,1,0.51,0.8,0.75,P2,Team_A,Medium
6181,Medium,0.6,0.25,2,0.76,0.82,0.89,P2,Team_C,Medium
6182,High,0.9,0.17,4,0.88,0.47,0.5,P2,Team_B,Medium
6183,Medium,0.6,0.36,4,0.61,0.83,0.62,P2,Team_A,Medium
6184,Medium,0.6,0.59,1,0.62,0.91,0.76,P2,Team_C,Medium
6185,Medium,0.6,0.74,2,0.84,0.79,0.74,P2,Team_C,Medium
6186,High,0.9,0.91,1,0.78,0.7,0.6,P1,Team_B,High
6187,Medium,0.6,0.35,4,0.57,0.72,0.96,P2,Team_A,Medium
6188,High,0.9,0.65,3,0.73,0.77,0.44,P1,Team_B,High
6189,Low,0.3,0.59,4,0.41,0.69,0.68,P2,Team_C,Medium
6190,Medium,0.6,0.57,2,0.7,0.48,0.53,P2,Team_C,Medium
6191,Low,0.3,0.87,3,0.83,0.42,0.36,P2,Team_A,Medium
6192,High,0.9,0.05,1,0.72,0.59,0.43,P2,Team_A,Medium
6193,High,0.9,0.21,2,0.81,0.77,0.63,P2,Team_A,Medium
6194,Low,0.3,0.66,1,0.75,0.62,0.56,P2,Team_C,Medium
6195,Low,0.3,0.59,2,0.85,0.63,0.76,P2,Team_A,Medium
6196,Low,0.3,0.7,1,0.34,0.8,0.56,P2,Team_C,Medium
6197,Medium,0.6,0.92,2,0.55,0.79,0.82,P2,Team_B,Medium
6198,Low,0.3,0.09,1,0.49,0.81,0.34,P3,Team_A,Low
6199,High,0.9,0.65,2,0.68,0.92,0.98,P1,Team_C,High
6200,High,0.9,0.67,1,0.69,0.66,0.59,P1,Team_C,High
6201,Medium,0.6,0.55,2,0.79,0.95,0.67,P2,Team_B,Medium
6202,High,0.9,0.72,4,0.9,0.84,0.71,P1,Team_C,High
6203,Low,0.3,0.4,1,0.8,0.55,0.49,P2,Team_A,Medium
6204,Low,0.3,0.32,4,0.93,0.93,0.67,P3,Team_C,Low
6205,High,0.9,0.49,4,0.55,0.84,0.78,P2,Team_C,Medium
6206,Medium,0.6,0.72,3,0.72,0.94,0.52,P2,Team_A,Medium
6207,Low,0.3,0.52,1,0.63,0.81,0.78,P2,Team_C,Medium
6208,Low,0.3,0.5,2,0.83,0.9,0.74,P2,Team_A,Medium
6209,Low,0.3,0.37,2,0.44,0.65,0.59,P3,Team_A,Low
6210,High,0.9,0.7,2,0.7,0.76,0.59,P1,Team_A,High
6211,High,0.9,0.59,2,0.8,0.25,0.42,P2,Team_B,Medium
6212,Medium,0.6,0.55,2,0.87,0.96,0.32,P2,Team_B,Medium
6213,High,0.9,0.63,2,0.83,0.67,0.92,P1,Team_C,High
6214,Low,0.3,0.49,2,0.99,0.61,0.38,P2,Team_B,Medium
6215,Low,0.3,0.53,2,0.38,0.66,0.54,P2,Team_B,Medium
6216,High,0.9,0.38,2,0.57,0.67,0.76,P2,Team_C,Medium
6217,Medium,0.6,0.61,2,0.82,0.81,0.37,P2,Team_A,Medium
6218,Low,0.3,0.65,3,0.5,0.61,0.78,P2,Team_B,Medium
6219,Medium,0.6,0.76,2,0.67,0.38,0.72,P2,Team_B,Medium
6220,High,0.9,0.5,3,0.79,0.97,0.72,P2,Team_C,Medium
6221,High,0.9,0.7,4,0.59,0.34,0.8,P1,Team_A,High
6222,Medium,0.6,0.7,3,0.85,0.89,0.89,P2,Team_C,Medium
6223,Low,0.3,0.59,4,0.78,0.79,0.57,P2,Team_B,Medium
6224,Medium,0.6,0.66,1,0.65,0.57,0.98,P2,Team_B,Medium
6225,Low,0.3,0.29,1,0.69,0.49,0.95,P3,Team_B,Low
6226,High,0.9,0.31,1,0.64,0.97,0.97,P2,Team_B,Medium
6227,Low,0.3,0.88,2,0.39,0.47,0.7,P2,Team_C,Medium
6228,Medium,0.6,0.56,1,0.59,0.63,0.67,P2,Team_B,Medium
6229,Low,0.3,0.35,1,0.59,0.92,0.56,P3,Team_B,Low
6230,High,0.9,0.51,4,0.38,0.37,0.35,P2,Team_B,Medium
6231,Low,0.3,0.09,3,0.41,0.46,0.81,P3,Team_A,Low
6232,High,0.9,0.57,2,0.74,0.61,0.55,P2,Team_B,Medium
6233,High,0.9,0.42,4,0.8,0.8,0.75,P2,Team_B,Medium
6234,High,0.9,0.84,4,0.57,0.97,0.79,P1,Team_A,High
6235,Low,0.3,0.78,2,0.93,0.58,0.88,P2,Team_C,Medium
6236,Low,0.3,0.47,4,0.59,0.56,0.85,P2,Team_C,Medium
6237,Medium,0.6,0.86,4,0.46,0.84,0.44,P2,Team_B,Medium
6238,High,0.9,0.41,4,0.88,0.84,0.95,P2,Team_B,Medium
6239,High,0.9,0.11,3,0.79,0.85,0.38,P2,Team_C,Medium
6240,High,0.9,0.37,1,0.7,0.76,0.53,P2,Team_B,Medium
6241,High,0.9,0.07,4,0.95,0.61,0.44,P2,Team_C,Medium
6242,Low,0.3,0.59,3,0.73,0.88,0.93,P2,Team_A,Medium
6243,Low,0.3,0.62,2,0.58,0.74,0.74,P2,Team_B,Medium
6244,Medium,0.6,0.17,1,0.9,0.53,0.56,P2,Team_C,Medium
6245,Medium,0.6,0.59,1,0.84,0.33,0.64,P2,Team_A,Medium
6246,Low,0.3,0.26,1,0.55,0.76,0.96,P3,Team_B,Low
6247,Low,0.3,0.56,1,0.71,0.66,0.43,P2,Team_A,Medium
6248,Low,0.3,0.46,3,0.89,0.87,0.76,P2,Team_C,Medium
6249,High,0.9,0.88,2,0.62,0.38,0.3,P1,Team_A,High
6250,Medium,0.6,0.36,3,0.51,0.75,0.69,P2,Team_C,Medium
6251,Low,0.3,0.77,1,0.74,0.48,0.67,P2,Team_B,Medium
6252,Low,0.3,0.43,4,0.74,0.6,0.57,P2,Team_C,Medium
6253,Medium,0.6,0.62,2,0.74,0.66,0.88,P2,Team_B,Medium
6254,Low,0.3,0.63,2,0.75,0.61,0.79,P2,Team_A,Medium
6255,Low,0.3,0.34,2,0.39,0.78,0.49,P3,Team_C,Low
6256,Low,0.3,0.37,2,0.87,0.81,0.97,P3,Team_A,Low
6257,High,0.9,0.2,4,0.87,0.75,0.65,P2,Team_C,Medium
6258,High,0.9,0.07,3,0.9,0.74,0.35,P2,Team_A,Medium
6259,Medium,0.6,0.03,3,0.6,0.46,0.55,P2,Team_C,Medium
6260,Low,0.3,0.26,2,0.68,0.65,0.6,P3,Team_C,Low
6261,High,0.9,0.26,1,0.72,0.47,0.93,P2,Team_A,Medium
6262,High,0.9,0.28,3,0.48,0.82,0.69,P2,Team_B,Medium
6263,Medium,0.6,0.74,1,0.86,0.52,0.82,P2,Team_C,Medium
6264,Medium,0.6,0.52,1,0.74,0.6,0.82,P2,Team_A,Medium
6265,Medium,0.6,0.92,4,0.41,0.73,0.83,P2,Team_A,Medium
6266,Low,0.3,0.17,1,0.77,0.65,0.71,P3,Team_A,Low
6267,Low,0.3,0.5,3,0.83,0.63,0.98,P2,Team_B,Medium
6268,Low,0.3,0.35,2,0.89,0.4,0.63,P3,Team_C,Low
6269,High,0.9,0.87,4,0.72,0.84,0.8,P1,Team_A,High
6270,Medium,0.6,0.66,2,0.7,0.36,0.9,P2,Team_B,Medium
6271,Medium,0.6,0.22,4,0.66,0.82,0.57,P2,Team_B,Medium
6272,Medium,0.6,0.25,2,0.75,0.6,0.35,P2,Team_B,Medium
6273,High,0.9,0.45,3,0.67,0.39,0.44,P2,Team_B,Medium
6274,Low,0.3,0.24,3,0.61,0.89,0.59,P3,Team_C,Low
6275,Medium,0.6,0.53,4,0.65,0.39,0.84,P2,Team_A,Medium
6276,High,0.9,0.65,4,0.78,0.51,0.66,P1,Team_C,High
6277,Medium,0.6,0.46,2,0.81,0.68,0.65,P2,Team_C,Medium
6278,Low,0.3,0.08,2,0.59,0.65,0.68,P3,Team_B,Low
6279,Low,0.3,0.74,3,0.91,0.57,0.74,P2,Team_A,Medium
6280,Medium,0.6,0.81,3,0.53,0.77,0.61,P2,Team_A,Medium
6281,High,0.9,0.39,1,0.84,0.64,0.82,P2,Team_C,Medium
6282,High,0.9,0.32,3,0.91,0.58,0.61,P2,Team_B,Medium
6283,High,0.9,0.42,3,0.96,0.63,0.67,P2,Team_C,Medium
6284,Medium,0.6,0.55,1,0.55,0.44,0.72,P2,Team_B,Medium
6285,Low,0.3,0.5,2,0.66,0.92,0.75,P2,Team_B,Medium
6286,Low,0.3,0.24,1,0.58,0.84,0.3,P3,Team_C,Low
6287,Medium,0.6,0.5,2,0.75,0.3,0.91,P2,Team_A,Medium
6288,Low,0.3,0.34,3,0.88,0.64,0.47,P3,Team_C,Low
6289,Low,0.3,0.41,2,0.66,0.78,0.97,P2,Team_B,Medium
6290,Low,0.3,0.89,2,0.83,0.95,0.44,P2,Team_A,Medium
6291,Medium,0.6,0.36,1,0.85,0.61,0.32,P2,Team_B,Medium
6292,Low,0.3,0.57,4,0.55,0.74,0.69,P2,Team_A,Medium
6293,Medium,0.6,0.81,4,0.87,0.81,0.71,P2,Team_B,Medium
6294,Medium,0.6,0.73,2,0.55,0.98,0.87,P2,Team_A,Medium
6295,Medium,0.6,0.12,2,0.56,0.68,0.96,P2,Team_C,Medium
6296,Medium,0.6,0.49,3,0.94,0.78,0.64,P2,Team_C,Medium
6297,High,0.9,0.56,3,0.57,0.24,0.73,P2,Team_B,Medium
6298,High,0.9,0.12,4,0.66,0.82,0.89,P2,Team_B,Medium
6299,Low,0.3,0.56,2,0.72,0.67,0.6,P2,Team_C,Medium
6300,Medium,0.6,0.68,1,0.9,0.83,0.8,P2,Team_B,Medium
6301,Low,0.3,0.4,3,0.85,0.84,0.65,P2,Team_A,Medium
6302,High,0.9,0.51,2,0.91,0.58,0.56,P2,Team_A,Medium
6303,Low,0.3,0.82,1,0.6,0.68,0.89,P2,Team_C,Medium
6304,Low,0.3,0.63,3,0.83,0.78,0.93,P2,Team_A,Medium
6305,Medium,0.6,0.41,1,0.71,0.71,0.45,P2,Team_C,Medium
6306,Medium,0.6,0.65,1,0.82,0.79,0.97,P2,Team_B,Medium
6307,Low,0.3,0.41,4,0.81,0.79,0.47,P2,Team_C,Medium
6308,High,0.9,0.17,4,0.43,0.91,0.34,P2,Team_C,Medium
6309,Low,0.3,0.23,4,0.93,0.83,0.87,P3,Team_C,Low
6310,Low,0.3,0.04,1,0.76,0.62,0.66,P3,Team_A,Low
6311,Low,0.3,0.33,4,0.53,0.94,0.82,P3,Team_C,Low
6312,Low,0.3,0.61,1,0.45,0.73,0.35,P2,Team_A,Medium
6313,High,0.9,0.76,4,0.56,0.88,0.43,P1,Team_B,High
6314,High,0.9,0.61,3,0.64,0.89,0.99,P1,Team_A,High
6315,Medium,0.6,0.85,1,0.69,0.54,0.88,P2,Team_B,Medium
6316,High,0.9,0.56,2,0.82,0.79,0.76,P2,Team_C,Medium
6317,Medium,0.6,0.39,2,0.71,0.45,0.49,P2,Team_B,Medium
6318,Medium,0.6,0.74,1,0.57,0.64,0.43,P2,Team_B,Medium
6319,Medium,0.6,0.28,2,0.5,0.94,0.4,P2,Team_B,Medium
6320,Medium,0.6,0.26,1,0.8,0.76,0.42,P2,Team_C,Medium
6321,Low,0.3,0.38,3,0.62,0.93,0.86,P3,Team_A,Low
6322,Low,0.3,0.08,2,0.68,0.55,0.57,P3,Team_B,Low
6323,High,0.9,0.82,3,0.85,0.69,0.42,P1,Team_B,High
6324,Medium,0.6,0.4,4,0.81,0.48,0.91,P2,Team_B,Medium
6325,Low,0.3,0.08,4,0.63,0.63,0.73,P3,Team_A,Low
6326,High,0.9,0.2,2,0.59,0.92,0.31,P2,Team_B,Medium
6327,Low,0.3,0.4,4,0.79,0.6,0.71,P2,Team_B,Medium
6328,Low,0.3,0.24,4,0.75,0.59,0.94,P3,Team_A,Low
6329,Medium,0.6,0.87,3,0.73,0.81,0.74,P2,Team_C,Medium
6330,Medium,0.6,0.64,1,0.94,0.91,0.84,P2,Team_B,Medium
6331,Medium,0.6,0.18,2,0.5,0.8,0.81,P2,Team_C,Medium
6332,Low,0.3,0.39,3,0.45,0.83,0.64,P3,Team_A,Low
6333,High,0.9,0.42,4,0.8,0.68,0.44,P2,Team_B,Medium
6334,High,0.9,0.48,2,0.66,0.81,0.78,P2,Team_C,Medium
6335,Medium,0.6,0.07,2,0.39,0.56,0.99,P2,Team_C,Medium
6336,Medium,0.6,0.61,4,0.63,0.43,0.48,P2,Team_B,Medium
6337,Medium,0.6,0.47,4,0.87,0.51,0.91,P2,Team_C,Medium
6338,Medium,0.6,0.12,2,0.91,0.84,0.82,P2,Team_B,Medium
6339,Low,0.3,0.26,1,0.51,0.32,0.75,P3,Team_A,Low
6340,Medium,0.6,0.65,1,0.89,0.83,0.98,P2,Team_A,Medium
6341,Medium,0.6,0.28,2,0.62,0.71,0.91,P2,Team_B,Medium
6342,Low,0.3,0.34,1,0.84,0.83,0.76,P3,Team_C,Low
6343,Medium,0.6,0.68,3,0.6,0.78,0.57,P2,Team_C,Medium
6344,Low,0.3,0.39,1,0.6,0.17,0.92,P3,Team_B,Low
6345,Medium,0.6,0.75,2,0.52,0.6,0.58,P2,Team_C,Medium
6346,High,0.9,0.23,1,0.81,0.46,0.7,P2,Team_B,Medium
6347,Low,0.3,0.04,3,0.97,0.94,0.36,P3,Team_C,Low
6348,High,0.9,0.77,1,0.54,0.36,0.36,P1,Team_A,High
6349,Medium,0.6,0.23,3,0.71,0.48,0.82,P2,Team_B,Medium
6350,Low,0.3,0.54,4,0.86,0.69,0.85,P2,Team_C,Medium
6351,High,0.9,0.28,3,0.18,0.64,0.55,P2,Team_B,Medium
6352,Low,0.3,0.62,4,0.86,0.5,0.71,P2,Team_A,Medium
6353,Low,0.3,0.43,1,0.46,0.8,0.89,P2,Team_C,Medium
6354,Low,0.3,0.58,2,0.88,0.58,0.81,P2,Team_A,Medium
6355,Low,0.3,0.61,3,0.66,0.34,0.51,P2,Team_B,Medium
6356,Low,0.3,0.51,4,0.86,0.51,0.61,P2,Team_B,Medium
6357,High,0.9,0.16,2,0.6,0.95,0.56,P2,Team_A,Medium
6358,Low,0.3,0.84,4,0.65,0.77,0.44,P2,Team_B,Medium
6359,Medium,0.6,0.75,4,0.78,0.83,0.58,P2,Team_A,Medium
6360,Low,0.3,0.89,1,0.69,0.53,0.93,P2,Team_B,Medium
6361,Medium,0.6,0.33,4,0.81,0.87,0.68,P2,Team_C,Medium
6362,High,0.9,0.72,1,0.55,0.74,0.35,P1,Team_C,High
6363,Low,0.3,0.47,1,0.92,0.85,0.97,P2,Team_B,Medium
6364,Low,0.3,0.68,2,0.79,0.84,0.67,P2,Team_A,Medium
6365,High,0.9,0.38,1,0.93,0.79,0.52,P2,Team_A,Medium
6366,High,0.9,0.58,4,0.68,0.91,0.87,P2,Team_C,Medium
6367,Low,0.3,0.71,2,0.97,0.76,0.48,P2,Team_C,Medium
6368,Low,0.3,0.32,4,0.96,0.36,0.38,P3,Team_C,Low
6369,High,0.9,0.55,1,0.91,0.59,0.54,P2,Team_C,Medium
6370,High,0.9,0.33,4,0.83,0.77,0.75,P2,Team_B,Medium
6371,Medium,0.6,0.17,1,0.77,0.97,0.39,P2,Team_B,Medium
6372,Low,0.3,0.58,2,0.63,0.22,0.71,P2,Team_B,Medium
6373,High,0.9,0.32,2,0.74,0.81,0.84,P2,Team_A,Medium
6374,Medium,0.6,0.19,4,0.77,0.6,0.58,P2,Team_B,Medium
6375,High,0.9,0.52,1,0.76,0.89,0.45,P2,Team_A,Medium
6376,High,0.9,0.36,1,0.39,0.76,0.54,P2,Team_C,Medium
6377,Medium,0.6,0.81,4,0.79,0.65,0.78,P2,Team_B,Medium
6378,Medium,0.6,0.65,1,0.63,0.78,0.75,P2,Team_A,Medium
6379,Medium,0.6,0.45,2,0.93,0.94,0.84,P2,Team_A,Medium
6380,High,0.9,0.89,1,0.79,0.39,0.91,P1,Team_C,High
6381,Medium,0.6,0.53,3,0.62,0.73,0.98,P2,Team_B,Medium
6382,Low,0.3,0.89,4,0.79,0.74,0.99,P2,Team_C,Medium
6383,High,0.9,0.51,1,0.39,0.68,0.51,P2,Team_A,Medium
6384,Medium,0.6,0.74,2,0.57,0.59,0.5,P2,Team_C,Medium
6385,Low,0.3,0.67,4,0.73,0.66,0.6,P2,Team_C,Medium
6386,Low,0.3,0.39,3,0.87,0.93,0.39,P3,Team_B,Low
6387,Low,0.3,0.86,4,0.68,0.6,0.82,P2,Team_A,Medium
6388,High,0.9,0.93,4,0.8,0.7,0.62,P1,Team_C,High
6389,Low,0.3,0.43,4,0.79,0.77,0.57,P2,Team_A,Medium
6390,Medium,0.6,0.66,1,0.38,0.77,0.76,P2,Team_B,Medium
6391,High,0.9,0.37,4,0.56,0.32,0.91,P2,Team_B,Medium
6392,High,0.9,0.82,4,0.96,0.72,0.63,P1,Team_B,High
6393,Medium,0.6,0.26,2,0.91,0.49,0.42,P2,Team_B,Medium
6394,Medium,0.6,0.63,4,0.76,0.92,0.45,P2,Team_C,Medium
6395,Medium,0.6,0.24,2,0.86,0.92,0.33,P2,Team_B,Medium
6396,Medium,0.6,0.63,4,0.98,0.81,0.75,P2,Team_A,Medium
6397,Low,0.3,0.41,2,0.86,0.82,0.71,P2,Team_A,Medium
6398,High,0.9,0.48,4,0.72,0.75,0.92,P2,Team_A,Medium
6399,Low,0.3,0.2,3,0.59,0.92,0.89,P3,Team_B,Low
6400,Medium,0.6,0.21,4,0.85,0.89,0.54,P2,Team_C,Medium
6401,Medium,0.6,0.62,2,0.42,0.49,0.72,P2,Team_C,Medium
6402,Low,0.3,0.28,2,0.57,0.27,0.82,P3,Team_B,Low
6403,Low,0.3,0.91,3,0.63,0.87,0.46,P2,Team_B,Medium
6404,High,0.9,0.61,3,0.56,0.85,0.88,P1,Team_C,High
6405,Medium,0.6,0.78,2,0.7,0.77,0.98,P2,Team_A,Medium
6406,Medium,0.6,0.6,1,0.82,0.53,0.69,P2,Team_C,Medium
6407,High,0.9,0.49,2,0.84,0.77,0.56,P2,Team_B,Medium
6408,Low,0.3,0.78,4,0.86,0.56,0.64,P2,Team_A,Medium
6409,Medium,0.6,0.06,2,0.75,0.56,0.59,P2,Team_B,Medium
6410,Low,0.3,0.79,2,0.73,0.87,0.75,P2,Team_A,Medium
6411,Low,0.3,0.48,1,0.53,0.75,0.65,P2,Team_B,Medium
6412,Medium,0.6,0.51,4,0.64,0.82,0.78,P2,Team_B,Medium
6413,Medium,0.6,0.6,3,0.5,0.67,0.52,P2,Team_C,Medium
6414,Medium,0.6,0.39,1,0.89,0.87,0.46,P2,Team_C,Medium
6415,Low,0.3,0.67,1,0.89,0.7,0.77,P2,Team_B,Medium
6416,High,0.9,0.7,2,0.82,0.74,0.46,P1,Team_B,High
6417,Medium,0.6,0.17,4,0.6,0.93,0.85,P2,Team_A,Medium
6418,Low,0.3,0.61,4,0.82,0.72,0.41,P2,Team_A,Medium
6419,High,0.9,0.62,4,0.8,0.87,0.86,P1,Team_A,High
6420,Low,0.3,0.57,3,0.74,0.56,0.4,P2,Team_A,Medium
6421,Medium,0.6,0.16,4,0.88,0.95,0.41,P2,Team_A,Medium
6422,Medium,0.6,0.22,4,0.52,0.74,0.45,P2,Team_B,Medium
6423,Medium,0.6,0.67,2,0.73,0.82,0.61,P2,Team_A,Medium
6424,Medium,0.6,0.6,3,0.65,0.63,0.56,P2,Team_A,Medium
6425,High,0.9,0.17,3,0.69,0.53,0.78,P2,Team_C,Medium
6426,High,0.9,0.09,3,0.89,0.72,0.53,P2,Team_B,Medium
6427,Medium,0.6,0.88,3,0.62,0.49,0.77,P2,Team_A,Medium
6428,Medium,0.6,0.24,3,0.93,0.69,0.79,P2,Team_C,Medium
6429,Low,0.3,0.07,4,0.29,0.67,0.49,P3,Team_A,Low
6430,Medium,0.6,0.84,3,0.81,0.88,0.84,P2,Team_A,Medium
6431,Medium,0.6,0.32,4,0.93,0.89,0.57,P2,Team_C,Medium
6432,Low,0.3,0.31,1,0.48,0.55,0.35,P3,Team_C,Low
6433,Low,0.3,0.55,1,0.56,0.44,0.39,P2,Team_B,Medium
6434,Low,0.3,0.39,2,0.58,0.46,0.94,P3,Team_B,Low
6435,Low,0.3,0.46,4,0.81,0.9,0.8,P2,Team_C,Medium
6436,High,0.9,0.46,4,0.62,0.79,0.78,P2,Team_A,Medium
6437,Low,0.3,0.37,1,0.87,0.71,0.41,P3,Team_B,Low
6438,Low,0.3,0.54,1,0.83,0.75,0.46,P2,Team_C,Medium
6439,Medium,0.6,0.55,3,0.56,0.93,0.85,P2,Team_C,Medium
6440,Low,0.3,0.63,1,0.75,0.66,0.35,P2,Team_A,Medium
6441,Low,0.3,0.61,4,0.69,0.92,0.6,P2,Team_B,Medium
6442,Medium,0.6,0.29,1,0.9,0.68,0.91,P2,Team_B,Medium
6443,Medium,0.6,0.55,2,0.76,0.71,0.31,P2,Team_A,Medium
6444,Low,0.3,0.45,3,0.77,0.4,0.49,P2,Team_A,Medium
6445,Low,0.3,0.88,1,0.73,0.63,0.94,P2,Team_A,Medium
6446,Low,0.3,0.14,1,0.53,0.19,0.55,P3,Team_B,Low
6447,Low,0.3,0.22,2,0.92,0.75,0.78,P3,Team_C,Low
6448,High,0.9,0.49,4,0.75,0.79,0.57,P2,Team_C,Medium
6449,Medium,0.6,0.26,2,0.77,0.17,0.91,P2,Team_B,Medium
6450,Low,0.3,0.1,2,0.55,0.83,0.65,P3,Team_B,Low
6451,Low,0.3,0.08,4,0.4,0.76,0.89,P3,Team_C,Low
6452,Medium,0.6,0.41,4,0.82,0.6,0.65,P2,Team_B,Medium
6453,Low,0.3,0.37,1,0.94,0.88,0.69,P3,Team_B,Low
6454,Low,0.3,0.71,2,0.84,0.78,0.55,P2,Team_C,Medium
6455,Medium,0.6,0.34,4,0.84,0.49,0.45,P2,Team_B,Medium
6456,High,0.9,0.29,2,0.51,0.31,0.96,P2,Team_C,Medium
6457,Low,0.3,0.75,4,0.63,0.65,0.99,P2,Team_C,Medium
6458,Low,0.3,0.82,1,0.83,0.61,0.6,P2,Team_A,Medium
6459,High,0.9,0.31,4,0.82,0.96,0.62,P2,Team_C,Medium
6460,Low,0.3,0.48,3,0.31,0.83,0.75,P2,Team_A,Medium
6461,High,0.9,0.51,4,0.62,0.86,0.94,P2,Team_B,Medium
6462,Low,0.3,0.33,1,0.81,0.32,0.37,P3,Team_A,Low
6463,Medium,0.6,0.46,2,0.76,0.83,0.33,P2,Team_A,Medium
6464,High,0.9,0.37,4,0.82,0.91,0.34,P2,Team_A,Medium
6465,Medium,0.6,0.33,3,0.74,0.89,0.58,P2,Team_C,Medium
6466,Medium,0.6,0.43,3,0.4,0.61,0.77,P2,Team_A,Medium
6467,Low,0.3,0.46,2,0.9,0.81,0.96,P2,Team_B,Medium
6468,Low,0.3,0.24,1,0.59,0.59,0.54,P3,Team_B,Low
6469,High,0.9,0.69,2,0.51,0.85,0.96,P1,Team_C,High
6470,Medium,0.6,0.64,2,0.66,0.51,0.61,P2,Team_B,Medium
6471,High,0.9,0.86,2,0.53,0.62,0.42,P1,Team_B,High
6472,Medium,0.6,0.57,4,0.65,0.61,0.96,P2,Team_B,Medium
6473,Medium,0.6,0.37,1,0.8,0.87,0.79,P2,Team_C,Medium
6474,Medium,0.6,0.16,1,0.66,0.93,0.32,P2,Team_B,Medium
6475,Medium,0.6,0.65,2,0.79,0.83,0.44,P2,Team_C,Medium
6476,Low,0.3,0.32,1,0.73,0.74,0.54,P3,Team_B,Low
6477,High,0.9,0.49,3,0.62,0.63,0.92,P2,Team_A,Medium
6478,High,0.9,0.78,1,0.58,0.69,0.39,P1,Team_C,High
6479,High,0.9,0.63,2,0.46,0.76,0.5,P1,Team_B,High
6480,High,0.9,0.46,1,0.93,0.71,0.77,P2,Team_A,Medium
6481,High,0.9,0.84,4,0.5,0.89,0.72,P1,Team_C,High
6482,Medium,0.6,0.2,1,0.69,0.44,0.47,P2,Team_A,Medium
6483,Medium,0.6,0.84,1,0.93,0.44,0.74,P2,Team_C,Medium
6484,Medium,0.6,0.77,4,0.39,0.71,0.69,P2,Team_C,Medium
6485,High,0.9,0.36,4,0.47,0.58,0.62,P2,Team_C,Medium
6486,Low,0.3,0.42,3,0.78,0.91,0.65,P2,Team_A,Medium
6487,Medium,0.6,0.48,3,0.89,0.83,0.64,P2,Team_A,Medium
6488,High,0.9,0.66,3,0.85,0.42,0.82,P1,Team_A,High
6489,High,0.9,0.3,1,0.65,0.36,0.43,P2,Team_C,Medium
6490,Low,0.3,0.86,3,0.87,0.9,0.53,P2,Team_C,Medium
6491,Medium,0.6,0.24,1,0.69,0.76,0.35,P2,Team_C,Medium
6492,Medium,0.6,0.56,2,0.43,0.47,0.42,P2,Team_B,Medium
6493,Medium,0.6,0.59,4,0.9,0.82,0.6,P2,Team_B,Medium
6494,Medium,0.6,0.65,1,0.78,0.96,0.78,P2,Team_C,Medium
6495,Medium,0.6,0.19,4,0.92,0.73,0.65,P2,Team_B,Medium
6496,Low,0.3,0.78,1,0.77,0.85,0.64,P2,Team_C,Medium
6497,High,0.9,0.68,1,0.56,0.53,0.36,P1,Team_B,High
6498,Low,0.3,0.72,1,0.5,0.6,0.54,P2,Team_A,Medium
6499,Medium,0.6,0.52,2,0.59,0.98,0.73,P2,Team_B,Medium
6500,Low,0.3,0.29,3,0.52,0.82,0.42,P3,Team_B,Low
6501,Low,0.3,0.24,2,0.55,0.88,0.62,P3,Team_C,Low
6502,High,0.9,0.16,1,0.82,0.98,0.6,P2,Team_C,Medium
6503,Low,0.3,0.4,1,0.57,0.56,0.81,P2,Team_A,Medium
6504,Low,0.3,0.71,1,0.91,0.66,0.63,P2,Team_B,Medium
6505,Low,0.3,0.93,1,0.86,0.8,0.57,P2,Team_C,Medium
6506,High,0.9,0.51,4,0.92,0.92,0.65,P2,Team_B,Medium
6507,Medium,0.6,0.72,4,0.68,0.83,0.41,P2,Team_C,Medium
6508,Low,0.3,0.24,1,0.59,0.62,0.99,P3,Team_A,Low
6509,Medium,0.6,0.35,3,0.74,0.69,0.61,P2,Team_A,Medium
6510,High,0.9,0.5,3,0.87,0.53,0.32,P2,Team_B,Medium
6511,Medium,0.6,0.51,2,0.97,0.27,0.68,P2,Team_A,Medium
6512,Low,0.3,0.64,4,0.95,0.37,0.81,P2,Team_A,Medium
6513,Medium,0.6,0.55,1,0.76,0.81,0.69,P2,Team_B,Medium
6514,High,0.9,0.73,2,0.77,0.86,0.81,P1,Team_C,High
6515,Medium,0.6,0.7,3,0.81,0.65,0.86,P2,Team_C,Medium
6516,Low,0.3,0.33,2,0.86,0.7,0.55,P3,Team_B,Low
6517,Medium,0.6,0.29,2,0.51,0.62,0.37,P2,Team_B,Medium
6518,Low,0.3,0.56,3,0.75,0.66,0.6,P2,Team_C,Medium
6519,Low,0.3,0.78,4,0.5,0.75,0.75,P2,Team_C,Medium
6520,Medium,0.6,0.71,2,0.87,0.71,0.32,P2,Team_B,Medium
6521,High,0.9,0.49,3,0.74,0.69,0.96,P2,Team_B,Medium
6522,Medium,0.6,0.17,4,0.75,0.86,0.62,P2,Team_A,Medium
6523,Medium,0.6,0.3,2,0.63,0.55,0.61,P2,Team_C,Medium
6524,Medium,0.6,0.37,3,0.88,0.75,0.4,P2,Team_A,Medium
6525,High,0.9,0.59,3,0.81,0.42,0.73,P2,Team_A,Medium
6526,Low,0.3,0.24,2,0.61,0.38,0.82,P3,Team_B,Low
6527,High,0.9,0.29,4,0.68,0.39,0.4,P2,Team_B,Medium
6528,Low,0.3,0.37,4,0.62,0.69,0.97,P3,Team_B,Low
6529,Low,0.3,0.22,3,0.77,0.42,0.77,P3,Team_C,Low
6530,Medium,0.6,0.3,4,0.91,0.57,0.42,P2,Team_C,Medium
6531,High,0.9,0.68,1,0.6,0.83,0.82,P1,Team_B,High
6532,Low,0.3,0.2,2,0.68,0.9,0.77,P3,Team_A,Low
6533,High,0.9,0.79,2,0.26,0.76,0.75,P1,Team_A,High
6534,Medium,0.6,0.62,1,0.57,0.74,0.63,P2,Team_C,Medium
6535,Medium,0.6,0.91,3,0.81,0.8,0.66,P2,Team_B,Medium
6536,High,0.9,0.29,1,0.72,0.9,0.55,P2,Team_C,Medium
6537,Medium,0.6,0.47,2,0.5,0.92,0.96,P2,Team_B,Medium
6538,High,0.9,0.56,2,0.9,0.33,0.65,P2,Team_C,Medium
6539,High,0.9,0.31,1,0.49,0.71,0.61,P2,Team_C,Medium
6540,High,0.9,0.9,1,0.98,0.27,0.85,P1,Team_B,High
6541,Low,0.3,0.37,4,0.59,0.33,0.69,P3,Team_A,Low
6542,Low,0.3,0.16,1,0.7,0.59,0.61,P3,Team_A,Low
6543,Low,0.3,0.7,4,0.63,0.8,0.71,P2,Team_A,Medium
6544,High,0.9,0.75,4,0.85,0.81,0.46,P1,Team_B,High
6545,High,0.9,0.75,2,0.69,0.84,0.69,P1,Team_A,High
6546,High,0.9,0.46,4,0.6,0.65,0.9,P2,Team_A,Medium
6547,Low,0.3,0.6,2,0.48,0.98,0.77,P2,Team_A,Medium
6548,High,0.9,0.79,2,0.54,0.74,0.67,P1,Team_C,High
6549,High,0.9,0.73,2,0.77,0.87,0.52,P1,Team_B,High
6550,Medium,0.6,0.5,3,0.66,0.63,0.34,P2,Team_B,Medium
6551,Medium,0.6,0.96,3,0.63,0.76,0.42,P2,Team_B,Medium
6552,Medium,0.6,0.52,1,0.45,0.7,0.62,P2,Team_B,Medium
6553,Low,0.3,0.54,2,0.37,0.79,1.0,P2,Team_A,Medium
6554,Low,0.3,0.4,4,0.59,0.64,0.51,P2,Team_C,Medium
6555,Medium,0.6,0.68,3,0.79,0.93,0.52,P2,Team_C,Medium
6556,Medium,0.6,0.66,3,0.55,0.45,0.94,P2,Team_C,Medium
6557,Medium,0.6,0.26,1,0.9,0.65,0.35,P2,Team_A,Medium
6558,Medium,0.6,0.55,2,0.51,0.71,0.73,P2,Team_B,Medium
6559,High,0.9,0.37,1,0.74,0.62,0.86,P2,Team_A,Medium
6560,High,0.9,0.88,3,0.78,0.86,0.78,P1,Team_A,High
6561,Low,0.3,0.61,2,0.94,0.84,0.77,P2,Team_C,Medium
6562,High,0.9,0.44,4,0.65,0.91,0.97,P2,Team_A,Medium
6563,Medium,0.6,0.65,2,0.79,0.34,0.59,P2,Team_B,Medium
6564,Low,0.3,0.23,4,0.89,0.34,0.68,P3,Team_C,Low
6565,Medium,0.6,0.34,1,0.78,0.8,0.93,P2,Team_B,Medium
6566,Medium,0.6,0.85,1,0.72,0.68,0.4,P2,Team_A,Medium
6567,High,0.9,0.42,3,0.91,0.54,0.34,P2,Team_A,Medium
6568,High,0.9,0.39,2,0.72,0.36,0.97,P2,Team_B,Medium
6569,High,0.9,0.46,4,0.86,0.7,0.34,P2,Team_B,Medium
6570,High,0.9,0.19,1,0.91,0.91,0.32,P2,Team_C,Medium
6571,High,0.9,0.55,4,0.85,0.76,0.81,P2,Team_A,Medium
6572,Low,0.3,0.29,2,0.67,0.53,0.97,P3,Team_B,Low
6573,Low,0.3,0.68,1,0.66,0.79,0.44,P2,Team_B,Medium
6574,Medium,0.6,0.92,4,0.91,0.86,0.31,P2,Team_C,Medium
6575,Low,0.3,0.7,3,0.92,0.76,0.78,P2,Team_C,Medium
6576,Low,0.3,0.5,2,0.89,0.47,0.76,P2,Team_B,Medium
6577,Low,0.3,0.58,1,0.52,0.65,0.64,P2,Team_C,Medium
6578,High,0.9,0.51,4,0.6,0.55,0.93,P2,Team_A,Medium
6579,High,0.9,0.58,4,0.38,0.8,0.85,P2,Team_A,Medium
6580,Medium,0.6,0.73,4,0.57,0.76,0.6,P2,Team_A,Medium
6581,High,0.9,0.54,4,0.43,0.64,0.93,P2,Team_C,Medium
6582,Low,0.3,0.44,4,0.68,0.77,0.55,P2,Team_B,Medium
6583,High,0.9,0.77,3,0.45,0.63,1.0,P1,Team_A,High
6584,Medium,0.6,0.68,2,0.68,0.61,0.46,P2,Team_C,Medium
6585,Low,0.3,0.64,1,0.94,0.84,0.84,P2,Team_C,Medium
6586,High,0.9,0.43,4,0.95,0.7,0.63,P2,Team_A,Medium
6587,Low,0.3,0.22,2,0.59,0.55,1.0,P3,Team_A,Low
6588,High,0.9,0.04,4,0.51,0.85,0.44,P2,Team_C,Medium
6589,Low,0.3,0.85,2,0.79,0.73,0.56,P2,Team_A,Medium
6590,Medium,0.6,0.44,3,0.76,0.85,0.94,P2,Team_B,Medium
6591,Low,0.3,0.92,3,0.54,0.67,0.88,P2,Team_B,Medium
6592,Low,0.3,0.71,4,0.85,0.87,0.59,P2,Team_C,Medium
6593,High,0.9,0.23,1,0.89,0.47,0.86,P2,Team_B,Medium
6594,Low,0.3,0.5,2,0.73,0.63,0.46,P2,Team_C,Medium
6595,Medium,0.6,0.73,1,0.71,0.93,0.83,P2,Team_B,Medium
6596,Low,0.3,0.63,3,0.7,0.77,0.94,P2,Team_B,Medium
6597,High,0.9,0.45,2,0.56,0.54,0.79,P2,Team_B,Medium
6598,Medium,0.6,0.55,2,0.55,0.82,0.97,P2,Team_C,Medium
6599,Low,0.3,0.65,3,0.87,0.76,0.84,P2,Team_C,Medium
6600,Low,0.3,0.78,4,0.92,0.79,0.41,P2,Team_C,Medium
6601,Low,0.3,0.7,3,0.47,0.74,0.45,P2,Team_C,Medium
6602,Low,0.3,0.86,2,0.58,0.51,0.7,P2,Team_C,Medium
6603,High,0.9,0.17,4,0.83,0.88,0.49,P2,Team_B,Medium
6604,Medium,0.6,0.3,3,0.94,0.61,0.37,P2,Team_A,Medium
6605,Medium,0.6,0.25,4,0.87,0.74,0.74,P2,Team_B,Medium
6606,Low,0.3,0.8,2,0.75,0.53,0.74,P2,Team_C,Medium
6607,Low,0.3,0.61,4,0.9,0.63,0.49,P2,Team_A,Medium
6608,High,0.9,0.73,3,0.68,0.45,0.36,P1,Team_A,High
6609,Low,0.3,0.63,2,0.68,0.84,0.46,P2,Team_C,Medium
6610,High,0.9,0.41,4,0.27,0.72,0.38,P2,Team_B,Medium
6611,Low,0.3,0.52,4,0.91,0.89,0.44,P2,Team_C,Medium
6612,Medium,0.6,0.74,2,0.84,0.74,0.8,P2,Team_C,Medium
6613,Medium,0.6,0.52,4,0.83,0.9,0.51,P2,Team_C,Medium
6614,Low,0.3,0.64,2,0.79,0.74,0.93,P2,Team_C,Medium
6615,Medium,0.6,0.43,1,0.46,0.85,0.6,P2,Team_C,Medium
6616,Medium,0.6,0.45,3,0.52,0.8,0.62,P2,Team_B,Medium
6617,Low,0.3,0.46,4,0.64,0.57,0.83,P2,Team_B,Medium
6618,High,0.9,0.38,3,0.88,0.52,0.7,P2,Team_C,Medium
6619,High,0.9,0.19,3,0.72,0.46,0.76,P2,Team_A,Medium
6620,Low,0.3,0.35,2,0.56,0.2,0.83,P3,Team_B,Low
6621,Low,0.3,0.61,2,0.7,0.85,0.67,P2,Team_B,Medium
6622,Low,0.3,0.11,3,0.5,0.74,0.4,P3,Team_B,Low
6623,High,0.9,0.63,2,0.85,0.43,0.83,P1,Team_B,High
6624,Low,0.3,0.73,2,0.84,0.64,0.38,P2,Team_C,Medium
6625,Low,0.3,0.47,4,0.94,0.71,0.72,P2,Team_C,Medium
6626,Medium,0.6,0.43,1,0.81,0.41,0.87,P2,Team_B,Medium
6627,Low,0.3,0.95,1,0.39,0.3,0.63,P2,Team_C,Medium
6628,Low,0.3,0.34,3,0.69,0.47,0.64,P3,Team_B,Low
6629,Low,0.3,0.52,4,0.86,0.59,0.56,P2,Team_A,Medium
6630,Low,0.3,0.12,2,0.66,0.71,0.92,P3,Team_A,Low
6631,Medium,0.6,0.58,3,0.45,0.72,0.79,P2,Team_C,Medium
6632,Low,0.3,0.36,3,0.64,0.83,0.61,P3,Team_C,Low
6633,High,0.9,0.88,3,0.74,0.81,0.93,P1,Team_B,High
6634,Medium,0.6,0.67,1,0.49,0.5,0.72,P2,Team_C,Medium
6635,Medium,0.6,0.97,2,0.73,0.56,0.72,P2,Team_B,Medium
6636,Medium,0.6,0.65,2,0.44,0.55,0.72,P2,Team_B,Medium
6637,Low,0.3,0.79,4,0.9,0.54,0.73,P2,Team_B,Medium
6638,High,0.9,0.83,3,0.62,0.76,0.5,P1,Team_C,High
6639,High,0.9,0.41,2,0.73,0.95,0.94,P2,Team_A,Medium
6640,High,0.9,0.33,4,0.74,0.83,0.48,P2,Team_A,Medium
6641,Low,0.3,0.62,1,0.54,0.46,0.36,P2,Team_A,Medium
6642,High,0.9,0.33,3,0.74,0.87,0.55,P2,Team_B,Medium
6643,Medium,0.6,0.63,1,0.69,0.48,0.81,P2,Team_C,Medium
6644,High,0.9,0.62,3,0.56,0.77,0.99,P1,Team_C,High
6645,Medium,0.6,0.26,4,0.61,0.79,0.81,P2,Team_C,Medium
6646,High,0.9,0.49,1,0.94,0.95,0.95,P2,Team_B,Medium
6647,Low,0.3,0.41,2,0.82,0.33,0.44,P2,Team_B,Medium
6648,High,0.9,0.65,2,0.52,0.91,0.98,P1,Team_C,High
6649,Low,0.3,0.66,2,0.53,0.56,0.61,P2,Team_A,Medium
6650,High,0.9,0.48,2,0.78,0.74,0.73,P2,Team_B,Medium
6651,Low,0.3,0.83,3,0.69,0.93,0.75,P2,Team_A,Medium
6652,Medium,0.6,0.5,4,0.7,0.12,0.52,P2,Team_A,Medium
6653,Low,0.3,0.28,2,0.76,0.68,0.5,P3,Team_C,Low
6654,Low,0.3,0.78,1,0.74,0.71,0.43,P2,Team_B,Medium
6655,Medium,0.6,0.19,3,0.78,0.49,0.91,P2,Team_B,Medium
6656,Medium,0.6,0.62,3,0.64,0.51,0.9,P2,Team_C,Medium
6657,High,0.9,0.31,1,0.57,0.63,0.51,P2,Team_A,Medium
6658,Medium,0.6,0.42,1,0.62,0.78,0.85,P2,Team_A,Medium
6659,Medium,0.6,0.61,2,0.9,0.82,0.41,P2,Team_C,Medium
6660,Medium,0.6,0.72,1,0.64,0.82,0.97,P2,Team_A,Medium
6661,Low,0.3,0.28,3,0.79,0.43,0.71,P3,Team_B,Low
6662,High,0.9,0.69,2,0.89,0.52,0.58,P1,Team_C,High
6663,Medium,0.6,0.33,3,0.83,0.43,0.33,P2,Team_A,Medium
6664,High,0.9,0.68,2,0.62,0.32,0.64,P1,Team_A,High
6665,Low,0.3,0.46,1,0.51,0.68,0.46,P2,Team_C,Medium
6666,Low,0.3,0.58,1,0.76,0.82,0.6,P2,Team_B,Medium
6667,High,0.9,0.78,1,0.83,0.5,1.0,P1,Team_A,High
6668,Medium,0.6,0.12,1,0.68,0.89,0.88,P2,Team_A,Medium
6669,Low,0.3,0.37,1,0.83,0.6,0.37,P3,Team_C,Low
6670,Medium,0.6,0.81,1,0.7,0.75,0.91,P2,Team_B,Medium
6671,Medium,0.6,0.36,2,0.67,0.67,0.38,P2,Team_C,Medium
6672,Low,0.3,0.5,3,0.76,0.58,0.99,P2,Team_C,Medium
6673,Medium,0.6,0.6,4,0.34,0.64,0.75,P2,Team_B,Medium
6674,High,0.9,0.67,4,0.47,0.25,0.6,P1,Team_C,High
6675,Low,0.3,0.78,2,0.78,0.55,0.75,P2,Team_A,Medium
6676,High,0.9,0.25,2,0.64,0.56,0.8,P2,Team_C,Medium
6677,Low,0.3,0.09,4,0.69,0.79,0.78,P3,Team_B,Low
6678,Low,0.3,0.79,3,0.82,0.54,0.72,P2,Team_C,Medium
6679,Medium,0.6,0.2,1,0.73,0.6,0.49,P2,Team_B,Medium
6680,Medium,0.6,0.81,3,0.74,0.73,0.38,P2,Team_B,Medium
6681,Medium,0.6,0.36,4,0.58,0.73,0.4,P2,Team_C,Medium
6682,High,0.9,0.97,3,0.87,0.71,0.82,P1,Team_A,High
6683,Medium,0.6,0.63,3,0.76,0.35,0.97,P2,Team_B,Medium
6684,High,0.9,0.25,3,0.76,0.86,0.55,P2,Team_B,Medium
6685,Low,0.3,0.14,3,0.65,0.77,0.88,P3,Team_C,Low
6686,Medium,0.6,0.13,3,0.69,0.41,0.41,P2,Team_B,Medium
6687,Medium,0.6,0.29,3,0.85,0.57,0.38,P2,Team_A,Medium
6688,Low,0.3,0.35,4,0.82,0.86,0.92,P3,Team_C,Low
6689,Low,0.3,0.36,2,0.67,0.88,0.47,P3,Team_A,Low
6690,Low,0.3,0.83,1,0.81,0.83,0.32,P2,Team_A,Medium
6691,High,0.9,0.36,4,0.61,0.89,0.7,P2,Team_A,Medium
6692,Medium,0.6,0.42,3,0.81,0.42,0.6,P2,Team_B,Medium
6693,Low,0.3,0.67,3,0.74,0.71,0.69,P2,Team_C,Medium
6694,Low,0.3,0.48,4,0.8,0.64,0.46,P2,Team_B,Medium
6695,High,0.9,0.58,4,0.91,0.9,0.83,P2,Team_B,Medium
6696,Low,0.3,0.63,3,0.86,0.31,0.49,P2,Team_C,Medium
6697,Medium,0.6,0.71,2,0.56,0.7,0.64,P2,Team_A,Medium
6698,Medium,0.6,0.47,4,0.55,0.27,0.93,P2,Team_B,Medium
6699,High,0.9,0.6,2,0.45,0.94,0.33,P2,Team_A,Medium
6700,Medium,0.6,0.72,1,0.47,0.71,0.99,P2,Team_C,Medium
6701,Low,0.3,0.91,1,0.65,0.97,0.69,P2,Team_A,Medium
6702,Low,0.3,0.85,3,0.73,0.69,0.53,P2,Team_C,Medium
6703,Low,0.3,0.48,2,0.84,0.93,0.68,P2,Team_A,Medium
6704,Medium,0.6,0.71,1,0.33,0.77,0.61,P2,Team_A,Medium
6705,Low,0.3,0.88,1,0.74,0.6,0.72,P2,Team_A,Medium
6706,Low,0.3,0.55,4,0.83,0.53,0.55,P2,Team_B,Medium
6707,Medium,0.6,0.17,3,0.51,0.83,0.64,P2,Team_B,Medium
6708,Low,0.3,0.42,1,0.59,0.93,0.86,P2,Team_B,Medium
6709,Low,0.3,0.61,1,0.84,0.45,0.69,P2,Team_A,Medium
6710,Medium,0.6,0.56,4,0.57,0.44,0.61,P2,Team_B,Medium
6711,Low,0.3,0.54,4,0.74,0.64,0.6,P2,Team_C,Medium
6712,High,0.9,0.21,1,0.82,0.68,0.96,P2,Team_B,Medium
6713,Low,0.3,0.72,3,0.94,0.57,0.99,P2,Team_B,Medium
6714,High,0.9,0.66,3,0.59,0.67,0.63,P1,Team_C,High
6715,Low,0.3,0.57,4,0.74,0.58,0.48,P2,Team_C,Medium
6716,Low,0.3,0.67,3,0.51,0.65,0.95,P2,Team_A,Medium
6717,High,0.9,0.51,4,0.89,0.85,0.9,P2,Team_C,Medium
6718,Low,0.3,0.79,2,0.86,0.84,0.64,P2,Team_C,Medium
6719,High,0.9,0.26,4,0.7,0.39,0.65,P2,Team_C,Medium
6720,High,0.9,0.43,2,0.64,0.77,0.88,P2,Team_A,Medium
6721,Low,0.3,0.44,1,0.89,0.68,0.58,P2,Team_B,Medium
6722,Medium,0.6,0.41,1,0.86,0.77,0.73,P2,Team_B,Medium
6723,Low,0.3,0.52,2,0.76,0.71,0.69,P2,Team_A,Medium
6724,High,0.9,0.41,2,0.65,0.7,0.34,P2,Team_B,Medium
6725,High,0.9,0.8,4,0.85,0.87,0.66,P1,Team_A,High
6726,Low,0.3,0.23,4,0.92,0.91,0.83,P3,Team_C,Low
6727,Low,0.3,0.17,1,0.61,0.88,0.53,P3,Team_C,Low
6728,High,0.9,0.84,2,0.35,0.5,0.88,P1,Team_A,High
6729,Medium,0.6,0.11,4,0.76,0.79,0.97,P2,Team_B,Medium
6730,Medium,0.6,0.14,4,0.82,0.61,0.77,P2,Team_C,Medium
6731,High,0.9,0.34,2,0.36,0.87,0.98,P2,Team_B,Medium
6732,Medium,0.6,0.35,3,0.57,0.48,0.91,P2,Team_C,Medium
6733,Low,0.3,0.85,1,0.76,0.79,0.66,P2,Team_B,Medium
6734,Low,0.3,0.6,4,0.9,0.7,0.34,P2,Team_B,Medium
6735,High,0.9,0.53,4,0.57,0.87,0.89,P2,Team_A,Medium
6736,Medium,0.6,0.36,3,0.8,0.54,0.99,P2,Team_C,Medium
6737,High,0.9,0.81,3,0.55,0.74,0.43,P1,Team_C,High
6738,Low,0.3,0.42,4,0.85,0.36,0.52,P2,Team_C,Medium
6739,Medium,0.6,0.03,4,0.64,0.82,0.78,P2,Team_B,Medium
6740,Medium,0.6,0.46,3,0.91,0.44,0.48,P2,Team_B,Medium
6741,Medium,0.6,0.19,3,0.76,0.44,0.77,P2,Team_C,Medium
6742,Low,0.3,0.71,3,0.96,0.61,0.61,P2,Team_C,Medium
6743,High,0.9,0.16,1,0.82,0.64,0.39,P2,Team_B,Medium
6744,Low,0.3,0.99,2,0.66,0.7,0.5,P2,Team_A,Medium
6745,Medium,0.6,0.49,3,0.69,0.74,0.48,P2,Team_A,Medium
6746,High,0.9,0.73,2,0.87,0.83,0.41,P1,Team_C,High
6747,High,0.9,0.03,3,0.8,0.83,0.89,P2,Team_C,Medium
6748,Medium,0.6,0.28,3,0.25,0.64,0.89,P2,Team_A,Medium
6749,Medium,0.6,0.62,1,0.92,0.21,0.47,P2,Team_B,Medium
6750,Medium,0.6,0.63,1,0.68,0.53,0.86,P2,Team_C,Medium
6751,Low,0.3,0.72,1,0.43,0.65,0.68,P2,Team_A,Medium
6752,High,0.9,0.48,3,0.84,0.58,0.77,P2,Team_A,Medium
6753,Low,0.3,0.06,3,0.92,0.86,0.59,P3,Team_A,Low
6754,Low,0.3,0.46,4,0.46,0.72,0.97,P2,Team_A,Medium
6755,Low,0.3,0.64,1,0.44,0.52,0.93,P2,Team_C,Medium
6756,Low,0.3,0.47,2,0.83,0.43,0.64,P2,Team_B,Medium
6757,High,0.9,0.62,2,0.72,0.77,0.39,P1,Team_C,High
6758,Low,0.3,0.7,3,0.47,0.44,0.66,P2,Team_A,Medium
6759,High,0.9,0.24,4,0.98,0.34,0.3,P2,Team_C,Medium
6760,Low,0.3,0.73,2,0.53,0.52,0.66,P2,Team_B,Medium
6761,High,0.9,0.73,1,0.83,0.68,0.56,P1,Team_A,High
6762,Medium,0.6,0.71,4,0.75,0.9,0.3,P2,Team_C,Medium
6763,High,0.9,0.22,1,0.76,0.75,0.73,P2,Team_B,Medium
6764,High,0.9,0.18,1,0.94,0.65,0.69,P2,Team_C,Medium
6765,Low,0.3,0.08,2,0.63,0.59,0.69,P3,Team_B,Low
6766,Low,0.3,0.16,2,0.51,0.68,1.0,P3,Team_A,Low
6767,Medium,0.6,0.4,1,0.92,0.56,0.62,P2,Team_C,Medium
6768,High,0.9,0.92,3,0.7,0.69,0.42,P1,Team_A,High
6769,Medium,0.6,0.37,4,0.59,0.63,0.87,P2,Team_C,Medium
6770,Low,0.3,0.2,4,0.95,0.59,0.6,P3,Team_B,Low
6771,High,0.9,0.27,2,0.92,0.75,0.45,P2,Team_B,Medium
6772,High,0.9,0.59,3,0.87,0.76,0.84,P2,Team_C,Medium
6773,High,0.9,0.28,4,0.89,0.62,1.0,P2,Team_C,Medium
6774,Medium,0.6,0.22,3,0.7,0.89,0.77,P2,Team_C,Medium
6775,Medium,0.6,0.72,4,0.9,0.89,0.63,P2,Team_B,Medium
6776,Medium,0.6,0.38,2,0.9,0.59,0.86,P2,Team_B,Medium
6777,Low,0.3,0.54,1,0.44,0.37,0.91,P2,Team_C,Medium
6778,Low,0.3,0.34,1,0.65,0.37,0.44,P3,Team_B,Low
6779,Low,0.3,0.41,4,0.51,0.77,0.85,P2,Team_B,Medium
6780,Medium,0.6,0.44,4,0.93,0.95,0.43,P2,Team_A,Medium
6781,Low,0.3,0.77,1,0.82,0.72,0.78,P2,Team_C,Medium
6782,High,0.9,0.43,4,0.44,0.57,0.73,P2,Team_A,Medium
6783,High,0.9,0.86,2,0.82,0.53,0.88,P1,Team_C,High
6784,Low,0.3,0.6,3,0.86,0.39,0.7,P2,Team_B,Medium
6785,Low,0.3,0.69,3,0.55,0.88,0.66,P2,Team_C,Medium
6786,Medium,0.6,0.55,2,0.95,0.73,0.91,P2,Team_A,Medium
6787,High,0.9,0.35,1,0.92,0.6,0.95,P2,Team_B,Medium
6788,Medium,0.6,0.48,1,0.88,0.68,0.55,P2,Team_B,Medium
6789,Medium,0.6,0.45,1,0.53,0.42,0.6,P2,Team_A,Medium
6790,Low,0.3,0.2,1,0.98,0.74,0.59,P3,Team_C,Low
6791,Medium,0.6,0.42,3,0.83,0.82,0.43,P2,Team_B,Medium
6792,High,0.9,0.17,1,0.55,0.36,0.91,P2,Team_C,Medium
6793,High,0.9,0.72,4,0.69,0.69,0.97,P1,Team_C,High
6794,Medium,0.6,0.53,1,0.35,0.67,0.52,P2,Team_A,Medium
6795,Low,0.3,0.5,3,0.66,0.62,0.76,P2,Team_C,Medium
6796,Low,0.3,0.94,3,0.38,0.79,0.69,P2,Team_C,Medium
6797,High,0.9,0.91,3,0.84,0.37,0.7,P1,Team_B,High
6798,Low,0.3,0.33,1,0.88,0.63,0.86,P3,Team_C,Low
6799,High,0.9,0.33,4,0.71,0.46,0.5,P2,Team_A,Medium
6800,Low,0.3,0.42,4,0.75,0.74,0.77,P2,Team_C,Medium
6801,High,0.9,0.8,4,0.92,0.8,0.54,P1,Team_B,High
6802,Low,0.3,0.67,4,0.94,0.7,0.98,P2,Team_C,Medium
6803,Medium,0.6,0.36,1,0.83,0.73,0.54,P2,Team_B,Medium
6804,Medium,0.6,0.33,2,0.79,0.63,0.85,P2,Team_A,Medium
6805,Medium,0.6,0.57,2,0.71,0.66,0.46,P2,Team_C,Medium
6806,Low,0.3,0.76,4,0.71,0.3,0.58,P2,Team_B,Medium
6807,Low,0.3,0.37,3,0.88,0.55,0.51,P3,Team_B,Low
6808,Low,0.3,0.46,3,0.78,0.67,0.58,P2,Team_B,Medium
6809,Medium,0.6,0.63,4,0.52,0.83,0.75,P2,Team_C,Medium
6810,Medium,0.6,0.64,1,0.75,0.52,0.93,P2,Team_C,Medium
6811,Medium,0.6,0.3,2,0.64,0.7,0.38,P2,Team_A,Medium
6812,Low,0.3,0.19,4,0.57,0.6,0.59,P3,Team_B,Low
6813,Medium,0.6,0.28,2,0.69,0.97,0.63,P2,Team_B,Medium
6814,Medium,0.6,0.81,3,0.81,0.69,0.36,P2,Team_A,Medium
6815,High,0.9,0.83,2,0.91,0.78,0.66,P1,Team_A,High
6816,Low,0.3,0.14,2,0.72,0.88,0.31,P3,Team_C,Low
6817,Low,0.3,0.76,3,0.78,0.74,0.7,P2,Team_B,Medium
6818,Low,0.3,0.24,2,0.74,0.45,0.61,P3,Team_B,Low
6819,Low,0.3,0.61,3,0.56,0.9,0.74,P2,Team_C,Medium
6820,Low,0.3,0.42,4,0.84,0.8,0.56,P2,Team_A,Medium
6821,Medium,0.6,0.76,3,0.64,0.95,0.97,P2,Team_A,Medium
6822,Medium,0.6,0.45,3,0.39,0.71,0.49,P2,Team_B,Medium
6823,High,0.9,0.28,1,0.78,0.71,0.64,P2,Team_A,Medium
6824,Medium,0.6,0.16,4,0.53,0.78,0.66,P2,Team_C,Medium
6825,Medium,0.6,0.76,1,0.75,0.51,0.86,P2,Team_C,Medium
6826,Medium,0.6,0.38,2,0.47,0.52,0.47,P2,Team_C,Medium
6827,Low,0.3,0.49,1,0.84,0.9,0.57,P2,Team_A,Medium
6828,High,0.9,0.8,2,0.38,0.64,0.89,P1,Team_B,High
6829,Low,0.3,0.33,4,0.9,0.87,0.43,P3,Team_A,Low
6830,Medium,0.6,0.53,1,0.84,0.55,0.65,P2,Team_A,Medium
6831,High,0.9,0.72,3,0.72,0.38,0.55,P1,Team_B,High
6832,Low,0.3,0.59,3,0.59,0.83,0.33,P2,Team_A,Medium
6833,Low,0.3,0.92,4,0.83,0.52,0.45,P2,Team_C,Medium
6834,Low,0.3,0.46,1,0.71,0.52,0.57,P2,Team_C,Medium
6835,Low,0.3,0.35,1,0.86,0.54,0.52,P3,Team_C,Low
6836,Medium,0.6,0.25,1,0.82,0.45,0.6,P2,Team_B,Medium
6837,Low,0.3,0.51,3,0.42,0.46,0.58,P2,Team_B,Medium
6838,Medium,0.6,0.51,3,0.76,0.31,0.49,P2,Team_A,Medium
6839,High,0.9,0.68,2,0.8,0.53,0.39,P1,Team_C,High
6840,Low,0.3,0.41,4,0.93,0.95,0.9,P2,Team_A,Medium
6841,High,0.9,0.14,4,0.82,0.53,0.67,P2,Team_B,Medium
6842,Medium,0.6,0.73,4,0.9,0.57,0.63,P2,Team_A,Medium
6843,Medium,0.6,0.44,2,0.69,0.47,0.98,P2,Team_A,Medium
6844,Medium,0.6,0.14,4,0.8,0.9,0.64,P2,Team_B,Medium
6845,High,0.9,0.36,3,0.61,0.94,0.47,P2,Team_A,Medium
6846,Medium,0.6,0.58,4,0.96,0.82,1.0,P2,Team_A,Medium
6847,Low,0.3,0.34,4,0.84,0.62,0.67,P3,Team_C,Low
6848,Medium,0.6,0.44,4,0.57,0.72,0.86,P2,Team_C,Medium
6849,Medium,0.6,0.47,4,0.69,0.23,0.64,P2,Team_C,Medium
6850,Low,0.3,0.76,1,0.75,0.6,0.46,P2,Team_B,Medium
6851,High,0.9,0.46,1,0.61,0.89,0.58,P2,Team_C,Medium
6852,High,0.9,0.65,3,0.66,0.56,0.47,P1,Team_A,High
6853,Medium,0.6,0.45,4,0.92,0.69,0.33,P2,Team_B,Medium
6854,Low,0.3,0.61,1,0.98,0.32,0.31,P2,Team_B,Medium
6855,Medium,0.6,0.54,4,0.75,0.95,0.7,P2,Team_B,Medium
6856,High,0.9,0.79,3,0.85,0.93,0.31,P1,Team_B,High
6857,High,0.9,0.94,1,0.87,0.86,0.9,P1,Team_A,High
6858,Medium,0.6,0.76,3,0.78,0.8,0.7,P2,Team_C,Medium
6859,Medium,0.6,0.85,1,0.59,0.62,0.48,P2,Team_B,Medium
6860,Low,0.3,0.52,4,0.7,0.56,0.58,P2,Team_C,Medium
6861,Medium,0.6,0.22,2,0.64,0.63,0.9,P2,Team_A,Medium
6862,Low,0.3,0.69,2,0.62,0.66,0.41,P2,Team_B,Medium
6863,Medium,0.6,0.84,2,0.81,0.7,0.7,P2,Team_C,Medium
6864,Low,0.3,0.3,4,0.7,0.41,0.89,P3,Team_C,Low
6865,Medium,0.6,0.58,4,0.91,0.66,0.82,P2,Team_C,Medium
6866,High,0.9,0.9,2,0.86,0.81,0.59,P1,Team_B,High
6867,Medium,0.6,0.59,4,0.45,0.68,0.87,P2,Team_B,Medium
6868,Medium,0.6,0.61,2,0.82,0.6,0.38,P2,Team_A,Medium
6869,Medium,0.6,0.68,3,0.62,0.87,0.7,P2,Team_A,Medium
6870,Low,0.3,0.94,1,0.81,0.85,0.7,P2,Team_B,Medium
6871,High,0.9,0.68,4,0.79,0.45,0.76,P1,Team_A,High
6872,Low,0.3,0.65,3,0.66,0.81,0.7,P2,Team_A,Medium
6873,Medium,0.6,0.75,2,0.62,0.43,0.34,P2,Team_C,Medium
6874,High,0.9,0.45,2,0.63,0.78,0.95,P2,Team_B,Medium
6875,Medium,0.6,0.34,3,0.84,0.63,0.93,P2,Team_C,Medium
6876,Low,0.3,0.12,2,0.56,0.87,0.79,P3,Team_B,Low
6877,Low,0.3,0.47,4,0.5,0.48,0.68,P2,Team_A,Medium
6878,Low,0.3,0.34,1,0.78,0.46,0.42,P3,Team_B,Low
6879,Medium,0.6,0.31,4,0.8,0.27,0.76,P2,Team_B,Medium
6880,High,0.9,0.5,4,0.66,0.84,0.51,P2,Team_B,Medium
6881,High,0.9,0.28,1,0.67,0.8,0.43,P2,Team_C,Medium
6882,Medium,0.6,0.78,1,0.9,0.56,0.34,P2,Team_B,Medium
6883,Low,0.3,0.14,2,0.68,0.47,0.73,P3,Team_B,Low
6884,Low,0.3,0.68,1,0.3,0.8,0.59,P2,Team_C,Medium
6885,Low,0.3,0.33,4,0.91,0.79,0.49,P3,Team_A,Low
6886,Medium,0.6,0.36,2,0.68,0.68,0.55,P2,Team_C,Medium
6887,Medium,0.6,0.53,4,0.95,0.31,0.56,P2,Team_B,Medium
6888,Low,0.3,0.63,4,0.88,0.54,0.33,P2,Team_A,Medium
6889,High,0.9,0.38,4,0.88,0.81,0.38,P2,Team_A,Medium
6890,Low,0.3,0.51,4,0.83,0.48,0.31,P2,Team_A,Medium
6891,High,0.9,0.31,3,0.38,0.82,0.73,P2,Team_B,Medium
6892,Low,0.3,0.53,2,0.84,0.75,0.92,P2,Team_B,Medium
6893,Low,0.3,0.33,3,0.81,0.3,0.34,P3,Team_C,Low
6894,Medium,0.6,0.93,2,0.58,0.44,0.86,P2,Team_B,Medium
6895,Low,0.3,0.78,2,0.62,0.75,0.82,P2,Team_C,Medium
6896,High,0.9,0.85,2,0.55,0.59,0.49,P1,Team_C,High
6897,Low,0.3,0.14,3,0.56,0.36,0.64,P3,Team_A,Low
6898,High,0.9,0.43,4,0.87,0.64,0.74,P2,Team_B,Medium
6899,Low,0.3,0.66,3,0.82,0.4,0.84,P2,Team_A,Medium
6900,High,0.9,0.42,1,0.77,0.66,0.78,P2,Team_A,Medium
6901,Medium,0.6,0.43,4,0.6,0.52,0.71,P2,Team_C,Medium
6902,High,0.9,0.42,4,0.93,0.75,0.51,P2,Team_B,Medium
6903,High,0.9,0.62,1,0.71,0.62,1.0,P1,Team_A,High
6904,Medium,0.6,0.44,2,0.75,0.64,0.64,P2,Team_B,Medium
6905,Low,0.3,0.59,1,0.87,0.91,0.59,P2,Team_B,Medium
6906,Low,0.3,0.81,3,0.53,0.72,0.47,P2,Team_A,Medium
6907,Medium,0.6,0.88,1,0.65,0.88,0.34,P2,Team_A,Medium
6908,Medium,0.6,0.35,2,0.6,0.68,0.52,P2,Team_A,Medium
6909,High,0.9,0.48,1,0.79,0.86,0.37,P2,Team_A,Medium
6910,High,0.9,0.48,2,0.88,0.64,0.45,P2,Team_B,Medium
6911,High,0.9,0.52,4,0.76,0.62,0.38,P2,Team_C,Medium
6912,Low,0.3,0.71,1,0.95,0.93,0.44,P2,Team_C,Medium
6913,Low,0.3,0.35,4,0.88,0.58,0.88,P3,Team_B,Low
6914,Medium,0.6,0.26,2,0.79,0.61,0.56,P2,Team_C,Medium
6915,Low,0.3,0.91,3,0.56,0.77,0.61,P2,Team_B,Medium
6916,Medium,0.6,0.75,1,0.44,0.78,0.62,P2,Team_B,Medium
6917,Medium,0.6,0.56,3,0.82,0.76,0.64,P2,Team_A,Medium
6918,High,0.9,0.42,1,0.88,0.69,0.6,P2,Team_B,Medium
6919,Medium,0.6,0.47,2,0.88,0.97,0.36,P2,Team_A,Medium
6920,Medium,0.6,0.08,2,0.66,0.59,0.32,P2,Team_C,Medium
6921,Medium,0.6,0.32,1,0.81,0.95,0.69,P2,Team_B,Medium
6922,Low,0.3,0.8,2,0.93,0.56,0.35,P2,Team_C,Medium
6923,Low,0.3,0.51,3,0.6,0.58,0.43,P2,Team_B,Medium
6924,Medium,0.6,0.25,3,0.51,0.49,0.36,P2,Team_A,Medium
6925,Low,0.3,0.49,4,0.85,0.35,0.46,P2,Team_A,Medium
6926,Low,0.3,0.57,3,0.96,0.75,0.98,P2,Team_A,Medium
6927,Medium,0.6,0.51,3,0.91,0.82,0.57,P2,Team_B,Medium
6928,Low,0.3,0.13,3,0.92,0.84,0.81,P3,Team_C,Low
6929,High,0.9,0.66,2,0.55,0.44,0.72,P1,Team_B,High
6930,Low,0.3,0.35,4,0.8,0.87,0.49,P3,Team_B,Low
6931,High,0.9,0.38,3,0.56,0.84,0.78,P2,Team_A,Medium
6932,High,0.9,0.27,1,0.62,0.7,0.75,P2,Team_B,Medium
6933,Medium,0.6,0.38,2,0.74,0.65,0.9,P2,Team_A,Medium
6934,Medium,0.6,0.46,1,0.67,0.65,0.42,P2,Team_B,Medium
6935,Medium,0.6,0.4,2,0.49,0.5,0.87,P2,Team_B,Medium
6936,Medium,0.6,0.15,2,0.71,0.87,0.46,P2,Team_C,Medium
6937,Medium,0.6,0.36,2,0.72,0.81,0.32,P2,Team_C,Medium
6938,Low,0.3,0.83,1,0.82,0.39,0.6,P2,Team_A,Medium
6939,High,0.9,0.76,2,0.89,0.58,0.3,P1,Team_A,High
6940,Medium,0.6,0.7,3,0.97,0.78,0.78,P2,Team_B,Medium
6941,High,0.9,0.82,1,0.94,0.42,0.49,P1,Team_B,High
6942,Medium,0.6,0.26,1,0.86,0.91,0.91,P2,Team_C,Medium
6943,Low,0.3,0.83,4,0.35,0.32,0.98,P2,Team_B,Medium
6944,Medium,0.6,0.53,3,0.88,0.68,0.91,P2,Team_C,Medium
6945,Low,0.3,0.37,3,0.37,0.69,0.92,P3,Team_C,Low
6946,Medium,0.6,0.55,4,0.66,0.82,0.89,P2,Team_C,Medium
6947,High,0.9,0.4,2,0.7,0.45,0.87,P2,Team_B,Medium
6948,Medium,0.6,0.96,2,0.53,0.51,0.62,P2,Team_A,Medium
6949,Medium,0.6,0.07,3,0.87,0.49,0.44,P2,Team_C,Medium
6950,Low,0.3,0.37,4,0.62,0.46,0.82,P3,Team_A,Low
6951,Low,0.3,0.7,1,0.7,0.38,0.9,P2,Team_C,Medium
6952,High,0.9,0.64,1,0.86,0.46,0.71,P1,Team_C,High
6953,Medium,0.6,0.26,3,0.38,0.79,0.83,P2,Team_B,Medium
6954,High,0.9,0.63,2,0.47,0.39,0.99,P1,Team_B,High
6955,Low,0.3,0.56,3,0.8,0.65,0.88,P2,Team_B,Medium
6956,Low,0.3,0.71,2,0.83,0.58,0.59,P2,Team_C,Medium
6957,Low,0.3,0.19,4,0.81,0.63,0.87,P3,Team_C,Low
6958,Medium,0.6,0.52,2,0.7,0.77,0.81,P2,Team_B,Medium
6959,Medium,0.6,0.79,2,0.65,0.89,0.5,P2,Team_C,Medium
6960,Low,0.3,0.48,3,0.72,0.44,0.66,P2,Team_A,Medium
6961,High,0.9,0.73,2,0.83,0.89,0.39,P1,Team_A,High
6962,Low,0.3,0.49,2,0.73,0.6,0.79,P2,Team_C,Medium
6963,High,0.9,0.44,1,0.91,0.67,0.62,P2,Team_B,Medium
6964,Low,0.3,0.77,3,0.7,0.67,1.0,P2,Team_C,Medium
6965,Medium,0.6,0.35,4,0.74,0.72,0.94,P2,Team_B,Medium
6966,High,0.9,0.18,1,0.79,0.75,0.58,P2,Team_C,Medium
6967,Medium,0.6,0.32,2,0.44,0.68,0.68,P2,Team_C,Medium
6968,Low,0.3,0.42,1,0.74,0.82,0.62,P2,Team_C,Medium
6969,Medium,0.6,0.88,1,0.63,0.63,0.51,P2,Team_B,Medium
6970,Low,0.3,0.65,3,0.66,0.42,0.58,P2,Team_A,Medium
6971,High,0.9,0.52,2,0.74,0.51,0.31,P2,Team_A,Medium
6972,Low,0.3,0.49,1,0.73,0.71,0.72,P2,Team_C,Medium
6973,Medium,0.6,0.39,1,0.8,0.68,0.77,P2,Team_B,Medium
6974,Medium,0.6,0.44,2,0.76,0.55,0.67,P2,Team_B,Medium
6975,Low,0.3,0.66,4,0.45,0.82,0.8,P2,Team_A,Medium
6976,Low,0.3,0.87,4,0.71,0.69,0.51,P2,Team_B,Medium
6977,Medium,0.6,0.86,3,0.55,0.74,0.77,P2,Team_B,Medium
6978,Low,0.3,0.8,1,0.82,0.75,0.9,P2,Team_C,Medium
6979,Medium,0.6,0.35,4,0.72,0.57,0.86,P2,Team_B,Medium
6980,High,0.9,0.27,3,0.39,0.42,0.63,P2,Team_C,Medium
6981,Medium,0.6,0.18,1,0.94,0.29,0.85,P2,Team_A,Medium
6982,Medium,0.6,0.14,4,0.78,0.66,0.32,P2,Team_B,Medium
6983,Low,0.3,0.56,2,0.51,0.65,0.74,P2,Team_C,Medium
6984,Low,0.3,0.67,3,0.39,0.83,0.41,P2,Team_B,Medium
6985,Medium,0.6,0.43,1,0.62,0.68,0.49,P2,Team_A,Medium
6986,High,0.9,0.52,2,0.53,0.75,0.54,P2,Team_A,Medium
6987,High,0.9,0.42,4,0.67,0.67,0.72,P2,Team_C,Medium
6988,Low,0.3,0.59,2,0.71,0.68,0.42,P2,Team_C,Medium
6989,High,0.9,0.91,2,0.57,0.79,0.96,P1,Team_C,High
6990,High,0.9,0.25,4,0.77,0.55,0.74,P2,Team_A,Medium
6991,Low,0.3,0.56,3,0.86,0.61,0.54,P2,Team_C,Medium
6992,Medium,0.6,0.41,3,0.92,0.44,0.89,P2,Team_B,Medium
6993,Medium,0.6,0.59,1,0.71,0.84,0.53,P2,Team_C,Medium
6994,Low,0.3,0.34,1,0.79,0.72,0.37,P3,Team_B,Low
6995,High,0.9,0.46,2,0.7,0.54,0.31,P2,Team_B,Medium
6996,Medium,0.6,0.5,3,0.73,0.76,0.39,P2,Team_A,Medium
6997,Medium,0.6,0.61,3,0.7,0.45,0.4,P2,Team_C,Medium
6998,Low,0.3,0.76,1,0.75,0.34,0.39,P2,Team_C,Medium
6999,High,0.9,0.55,3,0.72,0.62,0.7,P2,Team_A,Medium
7000,Medium,0.6,0.82,1,0.9,0.78,0.85,P2,Team_B,Medium
7001,Low,0.3,0.48,3,0.82,0.87,0.75,P2,Team_B,Medium
7002,Low,0.3,0.56,1,0.73,0.85,0.95,P2,Team_B,Medium
7003,Low,0.3,0.58,1,0.71,0.78,0.79,P2,Team_B,Medium
7004,Low,0.3,0.1,3,0.61,0.66,0.75,P3,Team_C,Low
7005,Medium,0.6,0.94,2,0.55,0.65,0.63,P2,Team_C,Medium
7006,Low,0.3,0.65,3,0.67,0.71,0.49,P2,Team_A,Medium
7007,High,0.9,0.62,2,0.87,0.61,1.0,P1,Team_A,High
7008,Medium,0.6,0.69,2,0.83,0.63,0.59,P2,Team_A,Medium
7009,Medium,0.6,0.22,4,0.89,0.82,0.51,P2,Team_C,Medium
7010,Low,0.3,0.29,4,0.84,0.7,0.81,P3,Team_C,Low
7011,Low,0.3,0.69,4,0.9,0.75,0.99,P2,Team_B,Medium
7012,Low,0.3,0.26,2,0.77,0.41,0.33,P3,Team_C,Low
7013,Medium,0.6,0.38,2,0.63,0.88,0.38,P2,Team_C,Medium
7014,Medium,0.6,0.86,1,0.74,0.51,0.7,P2,Team_C,Medium
7015,Low,0.3,0.48,4,0.68,0.65,0.97,P2,Team_B,Medium
7016,Medium,0.6,0.32,4,0.49,0.85,0.95,P2,Team_C,Medium
7017,Low,0.3,0.86,3,0.68,0.52,0.73,P2,Team_B,Medium
7018,Low,0.3,0.69,4,0.77,0.82,0.36,P2,Team_A,Medium
7019,Medium,0.6,0.03,3,0.44,0.55,0.44,P2,Team_C,Medium
7020,Low,0.3,0.15,2,0.53,0.79,0.41,P3,Team_C,Low
7021,Low,0.3,0.55,4,0.87,0.49,0.88,P2,Team_B,Medium
7022,Low,0.3,0.7,2,0.96,0.54,0.92,P2,Team_C,Medium
7023,Low,0.3,0.55,3,0.88,0.41,0.94,P2,Team_A,Medium
7024,Low,0.3,0.55,2,0.49,0.21,0.33,P2,Team_B,Medium
7025,Low,0.3,0.56,4,0.67,0.93,0.74,P2,Team_B,Medium
7026,Medium,0.6,0.38,1,0.48,0.5,0.76,P2,Team_C,Medium
7027,Low,0.3,0.79,3,0.74,0.76,0.4,P2,Team_C,Medium
7028,High,0.9,0.62,1,0.85,0.87,0.69,P1,Team_B,High
7029,Low,0.3,0.15,2,0.77,0.86,0.43,P3,Team_C,Low
7030,Low,0.3,0.62,4,0.7,0.43,0.49,P2,Team_B,Medium
7031,Medium,0.6,0.61,3,0.57,0.95,0.34,P2,Team_B,Medium
7032,Medium,0.6,0.29,3,0.98,0.42,0.69,P2,Team_B,Medium
7033,Low,0.3,0.48,4,0.88,0.9,0.71,P2,Team_C,Medium
7034,Low,0.3,0.23,4,0.71,0.76,0.51,P3,Team_A,Low
7035,High,0.9,0.17,4,0.82,0.45,0.4,P2,Team_B,Medium
7036,Medium,0.6,0.26,1,0.54,0.34,0.32,P2,Team_C,Medium
7037,Low,0.3,0.59,4,0.46,0.7,0.56,P2,Team_A,Medium
7038,High,0.9,0.07,4,0.61,0.71,0.45,P2,Team_B,Medium
7039,Low,0.3,0.45,4,0.55,0.84,0.48,P2,Team_C,Medium
7040,Medium,0.6,0.82,1,0.62,0.74,0.45,P2,Team_B,Medium
7041,Medium,0.6,0.23,1,0.4,0.76,0.63,P2,Team_B,Medium
7042,Medium,0.6,0.23,1,0.56,0.35,0.43,P2,Team_A,Medium
7043,High,0.9,0.4,2,0.63,0.79,0.49,P2,Team_C,Medium
7044,Medium,0.6,0.43,3,0.59,0.81,0.47,P2,Team_B,Medium
7045,Low,0.3,0.58,1,0.79,0.8,0.53,P2,Team_B,Medium
7046,High,0.9,0.55,3,0.79,0.37,0.46,P2,Team_B,Medium
7047,Low,0.3,0.77,4,0.86,0.36,0.37,P2,Team_B,Medium
7048,Low,0.3,0.61,1,0.92,0.7,0.76,P2,Team_A,Medium
7049,Medium,0.6,0.72,3,0.91,0.73,0.81,P2,Team_A,Medium
7050,Medium,0.6,0.47,1,0.79,0.84,0.33,P2,Team_A,Medium
7051,Medium,0.6,0.11,3,0.31,0.97,0.52,P2,Team_B,Medium
7052,Medium,0.6,0.32,1,0.46,0.63,0.85,P2,Team_C,Medium
7053,Medium,0.6,0.87,1,0.92,0.82,0.55,P2,Team_C,Medium
7054,Low,0.3,0.3,1,0.47,0.36,0.48,P3,Team_C,Low
7055,Medium,0.6,0.85,4,0.7,0.76,0.82,P2,Team_A,Medium
7056,Medium,0.6,0.61,2,0.48,0.84,0.66,P2,Team_B,Medium
7057,Low,0.3,0.47,3,0.58,0.93,0.72,P2,Team_B,Medium
7058,Low,0.3,0.29,2,0.83,0.92,0.5,P3,Team_B,Low
7059,Low,0.3,0.43,4,0.66,0.78,0.55,P2,Team_C,Medium
7060,Medium,0.6,0.77,3,0.9,0.58,0.63,P2,Team_B,Medium
7061,Low,0.3,0.4,3,0.84,0.75,0.46,P2,Team_B,Medium
7062,Low,0.3,0.53,4,0.84,0.56,0.8,P2,Team_B,Medium
7063,Medium,0.6,0.13,4,0.82,0.84,0.79,P2,Team_C,Medium
7064,Medium,0.6,0.51,1,0.72,0.92,0.51,P2,Team_B,Medium
7065,Medium,0.6,0.77,3,0.73,0.74,0.59,P2,Team_A,Medium
7066,High,0.9,0.78,4,0.88,0.61,0.43,P1,Team_B,High
7067,Low,0.3,0.65,3,0.72,0.61,0.66,P2,Team_A,Medium
7068,Medium,0.6,0.77,3,0.74,0.3,0.34,P2,Team_C,Medium
7069,Medium,0.6,0.44,3,0.78,0.65,0.92,P2,Team_A,Medium
7070,Medium,0.6,0.59,2,0.37,0.62,0.85,P2,Team_C,Medium
7071,Low,0.3,0.71,2,0.82,0.65,0.39,P2,Team_B,Medium
7072,High,0.9,0.46,1,0.68,0.88,0.66,P2,Team_A,Medium
7073,Low,0.3,0.41,3,0.7,0.83,0.47,P2,Team_A,Medium
7074,Low,0.3,0.99,2,0.25,0.5,0.78,P2,Team_B,Medium
7075,Medium,0.6,0.33,2,0.86,0.85,0.57,P2,Team_C,Medium
7076,Medium,0.6,0.66,3,0.68,0.16,0.74,P2,Team_A,Medium
7077,Low,0.3,0.46,3,0.64,0.89,0.6,P2,Team_A,Medium
7078,Medium,0.6,0.65,2,0.88,0.68,0.94,P2,Team_B,Medium
7079,Low,0.3,0.59,4,0.33,0.71,0.54,P2,Team_C,Medium
7080,High,0.9,0.56,1,0.85,0.75,0.46,P2,Team_B,Medium
7081,Low,0.3,0.54,4,0.65,0.53,0.59,P2,Team_B,Medium
7082,High,0.9,0.18,3,0.86,0.73,0.33,P2,Team_C,Medium
7083,Medium,0.6,0.7,4,0.62,0.69,0.99,P2,Team_A,Medium
7084,Medium,0.6,0.2,3,0.41,0.35,0.68,P2,Team_C,Medium
7085,Low,0.3,0.38,1,0.69,0.71,0.43,P3,Team_A,Low
7086,Low,0.3,0.55,3,0.85,0.88,0.64,P2,Team_C,Medium
7087,High,0.9,0.3,3,0.82,0.77,0.31,P2,Team_A,Medium
7088,Low,0.3,0.97,2,0.88,0.45,0.34,P2,Team_A,Medium
7089,Medium,0.6,0.38,3,0.89,0.88,0.78,P2,Team_C,Medium
7090,Low,0.3,0.76,2,0.92,0.51,0.56,P2,Team_B,Medium
7091,Low,0.3,0.05,1,0.68,0.78,0.33,P3,Team_C,Low
7092,High,0.9,0.85,3,0.91,0.78,0.37,P1,Team_C,High
7093,Medium,0.6,0.54,2,0.85,0.61,0.84,P2,Team_C,Medium
7094,Low,0.3,0.24,2,0.86,0.23,0.79,P3,Team_A,Low
7095,Low,0.3,0.05,1,0.88,0.95,0.76,P3,Team_C,Low
7096,Low,0.3,0.7,1,0.67,0.61,0.42,P2,Team_A,Medium
7097,Low,0.3,0.46,3,0.8,0.93,0.48,P2,Team_A,Medium
7098,Low,0.3,0.64,3,0.7,0.67,0.54,P2,Team_A,Medium
7099,Medium,0.6,0.49,4,0.78,0.58,0.57,P2,Team_A,Medium
7100,Medium,0.6,0.77,1,0.63,0.54,0.49,P2,Team_B,Medium
7101,Low,0.3,0.51,1,0.8,0.81,0.44,P2,Team_B,Medium
7102,High,0.9,0.23,1,0.63,0.78,0.96,P2,Team_A,Medium
7103,Low,0.3,0.22,3,0.76,0.33,0.54,P3,Team_A,Low
7104,Medium,0.6,0.25,1,0.55,0.61,0.7,P2,Team_B,Medium
7105,Low,0.3,0.7,1,0.77,0.53,0.76,P2,Team_C,Medium
7106,High,0.9,0.17,3,0.86,0.94,0.77,P2,Team_C,Medium
7107,High,0.9,0.78,1,0.53,0.12,0.34,P1,Team_C,High
7108,Low,0.3,0.29,4,0.89,0.64,0.62,P3,Team_C,Low
7109,High,0.9,0.2,4,0.9,0.87,0.61,P2,Team_A,Medium
7110,Medium,0.6,0.6,1,0.74,0.93,0.97,P2,Team_A,Medium
7111,Medium,0.6,0.44,4,0.9,0.83,0.7,P2,Team_A,Medium
7112,Medium,0.6,0.24,4,0.63,0.9,0.62,P2,Team_A,Medium
7113,High,0.9,0.3,4,0.61,0.72,0.45,P2,Team_C,Medium
7114,High,0.9,0.78,2,0.75,0.74,0.52,P1,Team_C,High
7115,Medium,0.6,0.22,4,0.7,0.42,0.72,P2,Team_C,Medium
7116,Low,0.3,0.32,1,0.66,0.46,0.89,P3,Team_B,Low
7117,Low,0.3,0.75,2,0.81,0.76,0.35,P2,Team_C,Medium
7118,High,0.9,0.5,3,0.71,0.85,0.52,P2,Team_A,Medium
7119,High,0.9,0.39,4,0.23,0.67,0.91,P2,Team_A,Medium
7120,High,0.9,0.6,1,0.79,0.4,0.74,P2,Team_B,Medium
7121,Low,0.3,0.2,1,0.55,0.66,0.97,P3,Team_A,Low
7122,High,0.9,0.48,4,0.65,0.52,0.97,P2,Team_C,Medium
7123,Low,0.3,0.13,4,0.8,0.84,0.86,P3,Team_B,Low
7124,Low,0.3,0.27,3,0.86,0.69,0.74,P3,Team_A,Low
7125,Low,0.3,0.71,3,0.93,0.77,0.81,P2,Team_C,Medium
7126,High,0.9,0.57,4,0.71,0.92,0.37,P2,Team_C,Medium
7127,Medium,0.6,0.03,3,0.85,0.91,0.98,P2,Team_B,Medium
7128,Medium,0.6,0.26,1,0.86,0.82,0.87,P2,Team_C,Medium
7129,Medium,0.6,0.47,2,0.66,0.81,0.83,P2,Team_A,Medium
7130,High,0.9,0.74,2,0.27,0.34,0.43,P1,Team_B,High
7131,Low,0.3,0.58,1,0.65,0.44,0.78,P2,Team_C,Medium
7132,Medium,0.6,0.38,1,0.6,0.6,0.81,P2,Team_B,Medium
7133,High,0.9,0.8,1,0.64,0.41,0.92,P1,Team_B,High
7134,Medium,0.6,0.45,1,0.45,0.77,0.32,P2,Team_C,Medium
7135,Medium,0.6,0.59,3,0.53,0.93,0.64,P2,Team_C,Medium
7136,Low,0.3,0.4,4,0.59,0.9,0.88,P2,Team_C,Medium
7137,Low,0.3,0.49,3,0.76,0.49,0.82,P2,Team_C,Medium
7138,Medium,0.6,0.41,3,0.88,0.89,0.36,P2,Team_C,Medium
7139,Low,0.3,0.47,3,0.73,0.49,0.9,P2,Team_C,Medium
7140,High,0.9,0.45,2,0.87,0.66,0.36,P2,Team_A,Medium
7141,Medium,0.6,0.3,3,0.68,0.7,0.79,P2,Team_A,Medium
7142,Low,0.3,0.12,3,0.23,0.72,0.51,P3,Team_C,Low
7143,High,0.9,0.83,2,0.55,0.64,0.89,P1,Team_B,High
7144,High,0.9,0.12,3,0.48,0.82,0.37,P2,Team_A,Medium
7145,High,0.9,0.62,2,0.93,0.93,0.62,P1,Team_C,High
7146,Low,0.3,0.6,1,0.89,0.9,0.41,P2,Team_C,Medium
7147,Low,0.3,0.32,3,0.55,0.88,0.84,P3,Team_C,Low
7148,Medium,0.6,0.54,2,0.82,0.5,0.68,P2,Team_C,Medium
7149,Low,0.3,0.69,1,0.43,0.73,0.45,P2,Team_C,Medium
7150,Medium,0.6,0.43,3,0.79,0.56,0.73,P2,Team_B,Medium
7151,Medium,0.6,0.26,4,0.75,0.74,0.71,P2,Team_A,Medium
7152,High,0.9,0.63,4,0.79,0.43,0.56,P1,Team_B,High
7153,Low,0.3,0.27,1,0.45,0.44,0.97,P3,Team_A,Low
7154,Medium,0.6,0.25,2,0.87,0.86,0.76,P2,Team_C,Medium
7155,Low,0.3,0.86,2,0.66,0.65,0.61,P2,Team_A,Medium
7156,High,0.9,0.5,3,0.72,0.72,0.97,P2,Team_B,Medium
7157,Low,0.3,0.75,3,0.53,0.82,0.51,P2,Team_B,Medium
7158,Medium,0.6,0.91,2,0.66,0.62,0.9,P2,Team_A,Medium
7159,Low,0.3,0.38,4,0.71,0.88,0.96,P3,Team_C,Low
7160,Low,0.3,0.72,1,0.55,0.75,0.61,P2,Team_C,Medium
7161,Medium,0.6,0.14,1,0.87,0.71,0.94,P2,Team_B,Medium
7162,Low,0.3,0.7,1,0.91,0.46,0.55,P2,Team_C,Medium
7163,High,0.9,0.21,3,0.86,0.64,0.98,P2,Team_B,Medium
7164,High,0.9,0.53,4,0.74,0.56,0.32,P2,Team_B,Medium
7165,High,0.9,0.85,1,0.73,0.67,0.5,P1,Team_B,High
7166,Medium,0.6,0.47,4,0.92,0.46,0.49,P2,Team_B,Medium
7167,Low,0.3,0.39,1,0.66,0.27,0.5,P3,Team_B,Low
7168,Low,0.3,0.47,1,0.75,0.87,0.67,P2,Team_B,Medium
7169,High,0.9,0.47,3,0.69,0.35,0.32,P2,Team_C,Medium
7170,Low,0.3,0.66,4,0.88,0.98,0.81,P2,Team_B,Medium
7171,High,0.9,0.66,2,0.88,0.83,0.78,P1,Team_C,High
7172,Low,0.3,0.47,3,0.6,0.85,0.8,P2,Team_A,Medium
7173,Medium,0.6,0.34,2,0.73,0.95,0.53,P2,Team_A,Medium
7174,Medium,0.6,0.45,3,0.37,0.47,0.94,P2,Team_B,Medium
7175,High,0.9,0.57,1,0.78,0.62,0.94,P2,Team_C,Medium
7176,Low,0.3,0.66,4,0.83,0.49,0.65,P2,Team_C,Medium
7177,Medium,0.6,0.35,4,0.57,0.63,0.38,P2,Team_B,Medium
7178,Low,0.3,0.65,4,0.88,0.85,0.69,P2,Team_A,Medium
7179,Low,0.3,0.54,2,0.8,0.82,0.92,P2,Team_A,Medium
7180,Medium,0.6,0.65,1,0.51,0.63,0.3,P2,Team_A,Medium
7181,High,0.9,0.36,3,0.77,0.75,0.96,P2,Team_C,Medium
7182,High,0.9,0.66,3,0.78,0.71,0.31,P1,Team_C,High
7183,Low,0.3,0.32,3,0.65,0.86,0.91,P3,Team_B,Low
7184,Low,0.3,0.84,1,0.62,0.85,0.48,P2,Team_A,Medium
7185,Medium,0.6,0.09,4,0.76,0.85,0.39,P2,Team_A,Medium
7186,High,0.9,0.67,1,0.41,0.5,0.68,P1,Team_C,High
7187,Medium,0.6,0.75,2,0.81,0.86,0.74,P2,Team_A,Medium
7188,Low,0.3,0.3,4,0.7,0.94,0.36,P3,Team_A,Low
7189,Medium,0.6,0.49,1,0.79,0.55,0.76,P2,Team_C,Medium
7190,High,0.9,0.42,2,0.64,0.49,0.64,P2,Team_B,Medium
7191,Low,0.3,0.44,1,0.76,0.47,0.85,P2,Team_B,Medium
7192,High,0.9,0.26,2,0.89,0.55,0.98,P2,Team_B,Medium
7193,Medium,0.6,0.14,1,0.67,0.82,0.85,P2,Team_A,Medium
7194,Medium,0.6,0.31,1,0.92,0.36,0.66,P2,Team_C,Medium
7195,Medium,0.6,0.2,2,0.95,0.6,0.94,P2,Team_A,Medium
7196,High,0.9,0.63,4,0.87,0.92,0.7,P1,Team_A,High
7197,Low,0.3,0.58,2,0.5,0.54,0.72,P2,Team_A,Medium
7198,Low,0.3,0.52,2,0.82,0.47,0.93,P2,Team_B,Medium
7199,Medium,0.6,0.79,1,0.55,0.74,0.41,P2,Team_B,Medium
7200,Low,0.3,0.67,1,0.49,0.9,0.78,P2,Team_A,Medium
7201,High,0.9,0.26,4,0.62,0.67,0.95,P2,Team_A,Medium
7202,Low,0.3,0.34,1,0.85,0.77,0.97,P3,Team_A,Low
7203,High,0.9,0.52,2,0.85,0.45,0.37,P2,Team_B,Medium
7204,Medium,0.6,0.3,2,0.72,0.59,0.88,P2,Team_A,Medium
7205,Low,0.3,0.2,3,0.6,0.25,0.32,P3,Team_A,Low
7206,Low,0.3,0.52,3,0.64,0.59,0.97,P2,Team_B,Medium
7207,Low,0.3,0.47,1,0.75,0.85,0.79,P2,Team_B,Medium
7208,Low,0.3,0.35,2,0.73,0.82,0.34,P3,Team_B,Low
7209,Low,0.3,0.89,1,0.9,0.51,0.95,P2,Team_A,Medium
7210,High,0.9,0.32,1,0.93,0.81,0.9,P2,Team_B,Medium
7211,Low,0.3,0.23,4,0.84,0.78,0.74,P3,Team_C,Low
7212,High,0.9,0.43,2,0.83,0.7,0.73,P2,Team_B,Medium
7213,High,0.9,0.22,4,0.8,0.86,0.67,P2,Team_B,Medium
7214,Low,0.3,0.31,2,0.79,0.79,0.93,P3,Team_C,Low
7215,Low,0.3,0.6,1,0.82,0.63,0.88,P2,Team_A,Medium
7216,Low,0.3,0.82,2,0.93,0.69,0.81,P2,Team_C,Medium
7217,Medium,0.6,0.76,1,0.7,0.45,0.61,P2,Team_B,Medium
7218,Medium,0.6,0.4,1,0.81,0.34,0.42,P2,Team_A,Medium
7219,Low,0.3,0.51,3,0.56,0.45,0.57,P2,Team_B,Medium
7220,Medium,0.6,0.3,2,0.52,0.88,0.6,P2,Team_A,Medium
7221,Medium,0.6,0.77,4,0.8,0.38,0.63,P2,Team_B,Medium
7222,Low,0.3,0.49,2,0.45,0.75,0.57,P2,Team_B,Medium
7223,Medium,0.6,0.66,1,0.76,0.62,0.82,P2,Team_C,Medium
7224,High,0.9,0.57,2,0.77,0.92,0.94,P2,Team_C,Medium
7225,High,0.9,0.72,2,0.71,0.84,0.8,P1,Team_C,High
7226,Low,0.3,0.6,1,0.83,0.88,0.69,P2,Team_C,Medium
7227,High,0.9,0.73,1,0.48,0.85,0.9,P1,Team_B,High
7228,Medium,0.6,0.76,2,0.67,0.89,0.46,P2,Team_A,Medium
7229,High,0.9,0.49,2,0.77,0.67,0.44,P2,Team_B,Medium
7230,Low,0.3,0.93,3,0.49,0.53,0.41,P2,Team_A,Medium
7231,Medium,0.6,0.39,4,0.93,0.84,0.49,P2,Team_C,Medium
7232,Low,0.3,0.21,4,0.72,0.64,0.51,P3,Team_B,Low
7233,High,0.9,0.19,1,0.89,0.75,0.35,P2,Team_C,Medium
7234,Low,0.3,0.56,4,0.71,0.84,0.58,P2,Team_A,Medium
7235,Low,0.3,0.5,4,0.86,0.44,0.49,P2,Team_C,Medium
7236,Medium,0.6,0.52,2,0.9,0.49,0.68,P2,Team_A,Medium
7237,Medium,0.6,0.11,2,0.68,0.38,0.85,P2,Team_A,Medium
7238,Medium,0.6,0.71,4,0.88,0.81,0.91,P2,Team_A,Medium
7239,Medium,0.6,0.49,1,0.81,0.62,0.83,P2,Team_B,Medium
7240,High,0.9,0.99,1,0.75,0.47,0.89,P1,Team_A,High
7241,Medium,0.6,0.43,4,0.59,0.64,0.42,P2,Team_A,Medium
7242,Medium,0.6,0.1,1,0.51,0.81,0.77,P2,Team_A,Medium
7243,Low,0.3,0.56,4,0.95,0.69,0.81,P2,Team_C,Medium
7244,Medium,0.6,0.49,2,0.98,0.29,0.51,P2,Team_A,Medium
7245,Medium,0.6,0.09,3,0.78,0.15,0.83,P2,Team_A,Medium
7246,Low,0.3,0.55,3,0.78,0.7,0.86,P2,Team_A,Medium
7247,Low,0.3,0.8,2,0.26,0.75,0.93,P2,Team_A,Medium
7248,Medium,0.6,0.05,1,0.75,0.78,0.6,P2,Team_A,Medium
7249,High,0.9,0.72,4,0.42,0.96,0.63,P1,Team_C,High
7250,Low,0.3,0.76,4,0.54,0.81,0.32,P2,Team_A,Medium
7251,High,0.9,0.77,4,0.89,0.56,0.55,P1,Team_C,High
7252,Low,0.3,0.65,2,0.7,0.63,0.88,P2,Team_A,Medium
7253,Low,0.3,0.69,2,0.85,0.81,0.33,P2,Team_A,Medium
7254,Low,0.3,0.4,3,0.79,0.14,0.47,P2,Team_A,Medium
7255,Medium,0.6,0.43,1,0.92,0.7,0.35,P2,Team_B,Medium
7256,Medium,0.6,0.13,4,0.66,0.96,0.32,P2,Team_C,Medium
7257,Low,0.3,0.49,3,0.77,0.74,0.34,P2,Team_C,Medium
7258,Low,0.3,0.25,3,0.98,0.63,0.43,P3,Team_C,Low
7259,Medium,0.6,0.55,1,0.86,0.62,0.55,P2,Team_A,Medium
7260,High,0.9,0.12,2,0.85,0.87,0.74,P2,Team_C,Medium
7261,Medium,0.6,0.9,3,0.78,0.57,0.94,P2,Team_C,Medium
7262,Low,0.3,0.44,3,0.42,0.48,0.69,P2,Team_A,Medium
7263,Low,0.3,0.16,4,0.98,0.45,0.94,P3,Team_B,Low
7264,High,0.9,0.74,1,0.36,0.68,0.33,P1,Team_C,High
7265,High,0.9,0.76,1,0.34,0.72,0.44,P1,Team_C,High
7266,Low,0.3,0.44,1,0.87,0.97,0.47,P2,Team_C,Medium
7267,Low,0.3,0.85,1,0.9,0.52,0.7,P2,Team_B,Medium
7268,Low,0.3,0.32,3,0.49,0.41,0.6,P3,Team_B,Low
7269,High,0.9,0.71,4,0.57,0.77,0.7,P1,Team_C,High
7270,Medium,0.6,0.35,4,0.9,0.65,0.87,P2,Team_A,Medium
7271,Medium,0.6,0.27,1,0.95,0.82,0.76,P2,Team_C,Medium
7272,Low,0.3,0.62,2,0.58,0.94,0.41,P2,Team_A,Medium
7273,High,0.9,0.64,3,0.52,0.89,0.64,P1,Team_B,High
7274,High,0.9,0.22,3,0.77,0.37,0.56,P2,Team_C,Medium
7275,Low,0.3,0.5,4,0.74,0.67,0.8,P2,Team_C,Medium
7276,Medium,0.6,0.61,3,0.41,0.75,0.81,P2,Team_B,Medium
7277,Medium,0.6,0.6,3,0.77,0.77,0.6,P2,Team_A,Medium
7278,Medium,0.6,0.56,1,0.82,0.82,0.39,P2,Team_A,Medium
7279,High,0.9,0.56,3,0.67,0.74,0.4,P2,Team_A,Medium
7280,Low,0.3,0.13,3,0.85,0.71,0.67,P3,Team_C,Low
7281,Medium,0.6,0.31,3,0.8,0.76,0.47,P2,Team_C,Medium
7282,High,0.9,0.28,4,0.79,0.61,0.46,P2,Team_B,Medium
7283,Medium,0.6,0.88,2,0.68,0.69,0.81,P2,Team_B,Medium
7284,Medium,0.6,0.75,3,0.22,0.85,0.77,P2,Team_A,Medium
7285,Medium,0.6,0.32,2,0.41,0.6,0.31,P2,Team_C,Medium
7286,Low,0.3,0.91,1,0.86,0.74,0.4,P2,Team_B,Medium
7287,Medium,0.6,0.7,1,0.68,0.66,0.71,P2,Team_B,Medium
7288,Low,0.3,0.86,2,0.96,0.84,0.36,P2,Team_B,Medium
7289,Medium,0.6,0.81,1,0.95,0.9,0.73,P2,Team_B,Medium
7290,Low,0.3,0.85,4,0.68,0.31,0.48,P2,Team_B,Medium
7291,Medium,0.6,0.17,2,0.79,0.76,0.51,P2,Team_B,Medium
7292,High,0.9,0.16,4,0.83,0.58,0.72,P2,Team_A,Medium
7293,Medium,0.6,0.4,2,0.72,0.77,0.55,P2,Team_B,Medium
7294,Medium,0.6,0.72,2,0.75,0.75,0.63,P2,Team_A,Medium
7295,High,0.9,0.38,4,0.86,0.85,0.56,P2,Team_B,Medium
7296,Low,0.3,0.22,3,0.63,0.23,0.65,P3,Team_C,Low
7297,High,0.9,0.28,3,0.77,0.83,0.63,P2,Team_A,Medium
7298,High,0.9,0.8,3,0.69,0.94,0.74,P1,Team_B,High
7299,Medium,0.6,0.47,4,0.7,0.64,0.56,P2,Team_A,Medium
7300,Medium,0.6,0.33,2,0.99,0.3,0.81,P2,Team_C,Medium
7301,Low,0.3,0.15,3,0.85,0.57,0.59,P3,Team_C,Low
7302,Medium,0.6,0.84,1,0.88,0.47,0.64,P2,Team_C,Medium
7303,High,0.9,0.59,3,0.7,0.72,0.76,P2,Team_C,Medium
7304,High,0.9,0.12,4,0.78,0.99,0.95,P2,Team_A,Medium
7305,Low,0.3,0.12,4,0.77,0.94,0.74,P3,Team_C,Low
7306,Low,0.3,0.8,2,0.81,0.89,0.43,P2,Team_C,Medium
7307,Low,0.3,0.77,1,0.57,0.96,0.9,P2,Team_A,Medium
7308,Low,0.3,0.55,4,0.69,0.84,0.68,P2,Team_B,Medium
7309,High,0.9,0.59,3,0.95,0.29,0.38,P2,Team_C,Medium
7310,Low,0.3,0.68,1,0.7,0.29,0.92,P2,Team_C,Medium
7311,Medium,0.6,0.26,4,0.26,0.66,0.81,P2,Team_C,Medium
7312,Medium,0.6,0.76,2,0.5,0.35,0.82,P2,Team_A,Medium
7313,Medium,0.6,0.5,4,0.37,0.78,0.42,P2,Team_A,Medium
7314,Low,0.3,0.63,2,0.82,0.29,0.48,P2,Team_C,Medium
7315,Low,0.3,0.83,4,0.68,0.55,0.77,P2,Team_C,Medium
7316,High,0.9,0.3,1,0.51,0.53,0.63,P2,Team_B,Medium
7317,High,0.9,0.38,4,0.66,0.81,0.55,P2,Team_A,Medium
7318,Low,0.3,0.67,4,0.73,0.89,0.66,P2,Team_B,Medium
7319,Medium,0.6,0.84,4,0.9,0.51,0.78,P2,Team_C,Medium
7320,Low,0.3,0.63,2,0.43,0.54,0.42,P2,Team_C,Medium
7321,Low,0.3,0.57,3,0.65,0.55,0.72,P2,Team_C,Medium
7322,Medium,0.6,0.26,3,0.71,0.78,0.31,P2,Team_B,Medium
7323,Medium,0.6,0.74,2,0.64,0.67,1.0,P2,Team_A,Medium
7324,High,0.9,0.11,2,0.93,0.51,0.93,P2,Team_C,Medium
7325,Medium,0.6,0.49,2,0.73,0.45,1.0,P2,Team_C,Medium
7326,Medium,0.6,0.83,3,0.92,0.42,0.94,P2,Team_C,Medium
7327,High,0.9,0.27,3,0.59,0.78,0.92,P2,Team_C,Medium
7328,Medium,0.6,0.16,2,0.49,0.67,0.42,P2,Team_B,Medium
7329,Low,0.3,0.72,1,0.79,0.41,0.66,P2,Team_C,Medium
7330,High,0.9,0.72,1,0.54,0.75,0.96,P1,Team_B,High
7331,Low,0.3,0.33,3,0.99,0.85,0.32,P3,Team_A,Low
7332,Low,0.3,0.63,4,0.74,0.56,0.62,P2,Team_C,Medium
7333,High,0.9,0.51,4,0.48,0.47,0.99,P2,Team_A,Medium
7334,High,0.9,0.76,4,0.45,0.51,0.91,P1,Team_A,High
7335,High,0.9,0.82,4,0.88,0.78,0.52,P1,Team_B,High
7336,High,0.9,0.2,1,0.57,0.72,0.79,P2,Team_C,Medium
7337,Medium,0.6,0.42,1,0.58,0.56,0.34,P2,Team_C,Medium
7338,Medium,0.6,0.67,1,0.68,0.97,0.33,P2,Team_B,Medium
7339,Medium,0.6,0.4,3,0.89,0.86,0.49,P2,Team_C,Medium
7340,Medium,0.6,0.76,4,0.79,0.78,0.41,P2,Team_C,Medium
7341,Low,0.3,0.4,4,0.52,0.48,0.59,P2,Team_A,Medium
7342,High,0.9,0.0,1,0.82,0.89,0.32,P2,Team_B,Medium
7343,Low,0.3,0.73,1,0.78,0.72,0.31,P2,Team_A,Medium
7344,Medium,0.6,0.16,4,0.74,0.67,0.41,P2,Team_C,Medium
7345,Medium,0.6,0.21,3,0.77,0.51,0.76,P2,Team_B,Medium
7346,Medium,0.6,0.39,2,0.54,0.42,0.54,P2,Team_A,Medium
7347,High,0.9,0.32,4,0.79,0.51,0.49,P2,Team_C,Medium
7348,Low,0.3,0.11,1,0.44,0.61,0.47,P3,Team_B,Low
7349,High,0.9,0.49,3,0.8,0.77,0.53,P2,Team_C,Medium
7350,Medium,0.6,0.49,4,0.69,0.69,0.63,P2,Team_A,Medium
7351,Medium,0.6,0.52,4,0.56,0.65,0.42,P2,Team_C,Medium
7352,Low,0.3,0.56,3,0.62,0.71,0.69,P2,Team_C,Medium
7353,Medium,0.6,0.18,1,0.4,0.81,0.65,P2,Team_A,Medium
7354,Low,0.3,0.54,4,0.79,0.65,0.35,P2,Team_B,Medium
7355,Medium,0.6,0.51,3,0.9,0.64,0.8,P2,Team_C,Medium
7356,Low,0.3,0.29,4,0.44,0.76,0.76,P3,Team_B,Low
7357,Low,0.3,0.45,1,0.7,0.66,0.98,P2,Team_C,Medium
7358,Low,0.3,0.86,4,0.92,0.95,0.78,P2,Team_A,Medium
7359,High,0.9,0.19,3,0.56,0.91,0.39,P2,Team_B,Medium
7360,Low,0.3,0.5,4,0.65,0.89,0.47,P2,Team_A,Medium
7361,High,0.9,0.32,4,0.49,0.87,0.5,P2,Team_C,Medium
7362,Medium,0.6,0.47,4,0.56,0.62,0.79,P2,Team_B,Medium
7363,High,0.9,0.07,1,0.77,0.58,0.47,P2,Team_A,Medium
7364,Medium,0.6,0.39,1,0.56,0.56,0.74,P2,Team_C,Medium
7365,Low,0.3,0.34,4,0.81,0.7,0.31,P3,Team_A,Low
7366,Low,0.3,0.65,3,0.64,0.52,0.36,P2,Team_B,Medium
7367,Medium,0.6,0.53,2,0.78,0.32,0.54,P2,Team_B,Medium
7368,Medium,0.6,0.1,1,0.57,0.5,0.68,P2,Team_C,Medium
7369,Low,0.3,0.42,4,0.94,0.81,0.79,P2,Team_A,Medium
7370,Medium,0.6,0.68,3,0.87,0.9,0.57,P2,Team_A,Medium
7371,Low,0.3,0.36,4,0.94,0.72,0.56,P3,Team_B,Low
7372,High,0.9,0.41,3,0.48,0.79,0.34,P2,Team_A,Medium
7373,Medium,0.6,0.84,3,0.37,0.96,0.57,P2,Team_C,Medium
7374,Low,0.3,0.5,4,0.74,0.82,0.36,P2,Team_B,Medium
7375,Low,0.3,0.84,2,0.66,0.85,0.87,P2,Team_B,Medium
7376,High,0.9,0.93,2,0.72,0.69,0.35,P1,Team_B,High
7377,Medium,0.6,0.77,3,0.66,0.41,0.84,P2,Team_C,Medium
7378,Medium,0.6,0.63,1,0.78,0.82,0.45,P2,Team_B,Medium
7379,High,0.9,0.52,1,0.48,0.29,0.47,P2,Team_C,Medium
7380,High,0.9,0.66,3,0.86,0.62,0.61,P1,Team_B,High
7381,Medium,0.6,0.28,4,0.7,0.64,0.48,P2,Team_C,Medium
7382,Low,0.3,0.16,2,0.67,0.68,0.73,P3,Team_A,Low
7383,Low,0.3,0.22,4,0.82,0.84,0.92,P3,Team_A,Low
7384,Low,0.3,0.5,4,0.75,0.7,0.82,P2,Team_A,Medium
7385,High,0.9,0.69,1,0.66,0.68,0.7,P1,Team_A,High
7386,High,0.9,0.52,4,0.89,0.63,0.86,P2,Team_B,Medium
7387,Medium,0.6,0.18,2,0.87,0.93,0.43,P2,Team_B,Medium
7388,Medium,0.6,0.36,3,0.69,0.99,0.95,P2,Team_A,Medium
7389,Low,0.3,0.35,4,0.79,0.61,0.34,P3,Team_A,Low
7390,Medium,0.6,0.43,2,0.6,0.72,0.88,P2,Team_A,Medium
7391,Low,0.3,0.83,3,0.81,0.34,0.93,P2,Team_A,Medium
7392,Medium,0.6,0.6,3,0.73,0.45,0.69,P2,Team_A,Medium
7393,Medium,0.6,0.66,2,0.64,0.84,0.41,P2,Team_C,Medium
7394,Low,0.3,0.48,3,0.79,0.37,0.85,P2,Team_C,Medium
7395,Medium,0.6,0.2,4,0.44,0.23,0.5,P2,Team_A,Medium
7396,High,0.9,0.82,3,0.85,0.81,0.98,P1,Team_A,High
7397,Low,0.3,0.73,2,0.62,0.76,0.65,P2,Team_C,Medium
7398,High,0.9,0.4,3,0.76,0.73,0.93,P2,Team_C,Medium
7399,High,0.9,0.9,1,0.65,0.58,0.76,P1,Team_A,High
7400,Medium,0.6,0.9,4,0.67,0.41,0.36,P2,Team_A,Medium
7401,Low,0.3,0.79,4,0.52,0.53,0.92,P2,Team_B,Medium
7402,Low,0.3,0.4,2,0.59,0.44,0.8,P2,Team_B,Medium
7403,Medium,0.6,0.64,4,0.34,0.38,0.41,P2,Team_B,Medium
7404,Low,0.3,0.22,3,0.54,0.54,0.85,P3,Team_B,Low
7405,Medium,0.6,0.71,1,0.87,0.29,0.52,P2,Team_B,Medium
7406,High,0.9,0.82,4,0.39,0.75,0.54,P1,Team_C,High
7407,Low,0.3,0.23,2,0.91,0.58,0.58,P3,Team_C,Low
7408,Low,0.3,0.59,1,0.47,0.73,0.79,P2,Team_B,Medium
7409,Medium,0.6,0.83,2,0.83,0.77,0.45,P2,Team_C,Medium
7410,Low,0.3,0.48,4,0.54,0.32,0.98,P2,Team_B,Medium
7411,Low,0.3,0.29,4,0.86,0.67,0.74,P3,Team_B,Low
7412,High,0.9,0.09,2,0.72,0.5,0.95,P2,Team_A,Medium
7413,Low,0.3,0.46,2,0.55,0.63,0.55,P2,Team_B,Medium
7414,Medium,0.6,0.5,1,0.52,0.61,0.4,P2,Team_C,Medium
7415,Medium,0.6,0.17,3,0.82,0.69,0.91,P2,Team_C,Medium
7416,Medium,0.6,0.89,1,0.11,0.62,0.49,P2,Team_C,Medium
7417,Medium,0.6,0.44,2,0.95,0.87,0.53,P2,Team_A,Medium
7418,Medium,0.6,0.5,3,0.9,0.64,0.61,P2,Team_C,Medium
7419,High,0.9,0.4,4,0.64,0.49,0.69,P2,Team_C,Medium
7420,Low,0.3,0.78,3,0.49,0.84,0.6,P2,Team_C,Medium
7421,Medium,0.6,0.51,3,0.65,0.56,0.59,P2,Team_C,Medium
7422,Low,0.3,0.81,1,0.83,0.76,0.39,P2,Team_B,Medium
7423,High,0.9,0.8,1,0.61,0.61,0.54,P1,Team_A,High
7424,Medium,0.6,0.13,2,0.83,0.71,0.75,P2,Team_B,Medium
7425,High,0.9,0.73,4,0.57,0.54,0.51,P1,Team_B,High
7426,Low,0.3,0.06,1,0.57,0.7,0.89,P3,Team_A,Low
7427,Low,0.3,0.57,1,0.57,0.63,0.33,P2,Team_A,Medium
7428,High,0.9,0.89,1,0.84,0.7,0.45,P1,Team_C,High
7429,High,0.9,0.68,4,0.69,0.83,0.84,P1,Team_C,High
7430,Medium,0.6,0.25,4,0.92,0.53,0.39,P2,Team_A,Medium
7431,Low,0.3,0.38,1,0.26,0.9,0.92,P3,Team_B,Low
7432,Low,0.3,0.51,3,0.81,0.43,0.94,P2,Team_C,Medium
7433,High,0.9,0.46,1,0.51,0.9,0.73,P2,Team_B,Medium
7434,Medium,0.6,0.65,4,0.84,0.64,0.4,P2,Team_C,Medium
7435,Low,0.3,0.57,2,0.79,0.86,0.63,P2,Team_C,Medium
7436,Low,0.3,0.47,1,0.64,0.75,0.57,P2,Team_C,Medium
7437,Medium,0.6,0.17,1,0.52,0.93,0.95,P2,Team_A,Medium
7438,Medium,0.6,0.45,3,0.65,0.44,0.49,P2,Team_C,Medium
7439,Medium,0.6,0.74,3,0.93,0.59,0.69,P2,Team_A,Medium
7440,Medium,0.6,0.66,2,0.72,0.67,0.63,P2,Team_C,Medium
7441,Medium,0.6,0.66,2,0.9,0.82,0.62,P2,Team_A,Medium
7442,Medium,0.6,0.18,4,0.48,0.64,0.41,P2,Team_B,Medium
7443,Low,0.3,0.6,3,0.88,0.51,0.48,P2,Team_B,Medium
7444,Medium,0.6,0.86,3,0.69,0.59,0.61,P2,Team_B,Medium
7445,High,0.9,0.54,2,0.67,0.41,0.44,P2,Team_A,Medium
7446,Low,0.3,0.33,1,0.71,0.37,0.82,P3,Team_A,Low
7447,High,0.9,0.56,1,0.97,0.8,0.88,P2,Team_C,Medium
7448,Medium,0.6,0.32,3,0.78,0.8,0.86,P2,Team_C,Medium
7449,High,0.9,0.25,4,0.78,0.67,0.38,P2,Team_B,Medium
7450,High,0.9,0.15,4,0.92,0.56,0.76,P2,Team_A,Medium
7451,High,0.9,0.72,3,0.87,0.39,0.94,P1,Team_B,High
7452,Low,0.3,0.21,2,0.82,0.43,0.7,P3,Team_B,Low
7453,Low,0.3,0.21,4,0.8,0.57,0.31,P3,Team_B,Low
7454,High,0.9,0.14,2,0.99,0.73,0.55,P2,Team_C,Medium
7455,High,0.9,0.57,3,0.84,0.71,0.34,P2,Team_B,Medium
7456,Medium,0.6,0.33,3,0.67,0.28,0.46,P2,Team_B,Medium
7457,High,0.9,0.17,3,0.9,0.35,0.58,P2,Team_C,Medium
7458,High,0.9,0.27,2,0.93,0.92,1.0,P2,Team_A,Medium
7459,Low,0.3,0.44,1,0.6,0.5,0.46,P2,Team_C,Medium
7460,Low,0.3,0.66,1,0.75,0.59,0.49,P2,Team_C,Medium
7461,High,0.9,0.41,1,0.6,0.52,0.48,P2,Team_B,Medium
7462,Medium,0.6,0.13,2,0.85,0.73,0.89,P2,Team_C,Medium
7463,Low,0.3,0.35,2,0.84,0.6,0.84,P3,Team_A,Low
7464,Medium,0.6,0.46,2,0.46,0.79,0.62,P2,Team_B,Medium
7465,Low,0.3,0.57,4,0.45,0.89,0.84,P2,Team_A,Medium
7466,High,0.9,0.3,3,0.65,0.89,0.61,P2,Team_C,Medium
7467,Medium,0.6,0.45,1,0.34,0.6,0.66,P2,Team_C,Medium
7468,Medium,0.6,0.39,2,0.99,0.63,0.74,P2,Team_C,Medium
7469,Medium,0.6,0.54,3,0.69,0.87,0.4,P2,Team_C,Medium
7470,Medium,0.6,0.31,2,0.68,0.47,0.97,P2,Team_C,Medium
7471,Low,0.3,0.55,2,0.91,0.4,0.79,P2,Team_B,Medium
7472,High,0.9,0.51,2,0.53,0.69,0.56,P2,Team_B,Medium
7473,Medium,0.6,0.6,4,0.82,0.65,0.75,P2,Team_A,Medium
7474,Medium,0.6,0.73,3,0.59,0.86,0.63,P2,Team_B,Medium
7475,Low,0.3,0.73,1,0.7,0.85,0.62,P2,Team_B,Medium
7476,High,0.9,0.43,3,0.97,0.6,0.78,P2,Team_A,Medium
7477,Low,0.3,0.1,4,0.87,0.96,0.41,P3,Team_A,Low
7478,Medium,0.6,0.74,2,0.51,0.41,0.32,P2,Team_C,Medium
7479,Medium,0.6,0.63,1,0.77,0.66,0.66,P2,Team_A,Medium
7480,Low,0.3,0.68,3,0.74,0.11,0.97,P2,Team_A,Medium
7481,Low,0.3,0.79,3,0.74,0.72,0.94,P2,Team_B,Medium
7482,Medium,0.6,0.92,3,0.74,0.64,0.64,P2,Team_A,Medium
7483,Low,0.3,0.83,3,0.78,0.76,0.68,P2,Team_C,Medium
7484,Low,0.3,0.29,4,0.47,0.53,0.65,P3,Team_C,Low
7485,High,0.9,0.76,4,0.93,0.55,0.84,P1,Team_B,High
7486,High,0.9,0.41,1,0.52,0.58,0.86,P2,Team_A,Medium
7487,Medium,0.6,0.46,1,0.91,0.71,0.48,P2,Team_B,Medium
7488,Medium,0.6,0.65,4,0.6,0.45,0.65,P2,Team_B,Medium
7489,High,0.9,0.39,2,0.4,0.76,0.68,P2,Team_C,Medium
7490,High,0.9,0.61,3,0.77,0.4,0.57,P1,Team_B,High
7491,Medium,0.6,0.5,2,0.67,0.65,0.6,P2,Team_C,Medium
7492,Low,0.3,0.45,1,0.69,0.61,0.73,P2,Team_A,Medium
7493,Low,0.3,0.27,1,0.77,0.4,0.34,P3,Team_C,Low
7494,High,0.9,0.28,3,0.84,0.58,0.92,P2,Team_B,Medium
7495,Low,0.3,0.69,3,0.52,0.89,0.86,P2,Team_A,Medium
7496,Low,0.3,0.34,2,0.54,0.87,0.54,P3,Team_C,Low
7497,Low,0.3,0.86,1,0.58,0.75,0.54,P2,Team_B,Medium
7498,Low,0.3,0.76,3,0.61,0.85,0.6,P2,Team_B,Medium
7499,Medium,0.6,0.76,3,0.92,0.66,0.95,P2,Team_C,Medium
7500,High,0.9,0.66,4,0.98,0.44,0.34,P1,Team_C,High
7501,Medium,0.6,0.72,4,0.73,0.93,0.42,P2,Team_C,Medium
7502,Low,0.3,0.57,1,0.89,0.61,0.94,P2,Team_A,Medium
7503,Low,0.3,0.42,1,0.85,0.69,0.57,P2,Team_A,Medium
7504,Low,0.3,0.22,4,0.75,0.69,0.84,P3,Team_B,Low
7505,Medium,0.6,0.42,4,0.73,0.73,0.46,P2,Team_A,Medium
7506,Low,0.3,0.15,2,0.73,0.92,0.43,P3,Team_B,Low
7507,Medium,0.6,0.74,2,0.6,0.73,0.45,P2,Team_C,Medium
7508,Low,0.3,0.48,3,0.58,0.72,0.64,P2,Team_C,Medium
7509,Medium,0.6,0.7,1,0.76,0.67,0.65,P2,Team_A,Medium
7510,Medium,0.6,0.19,1,0.82,0.78,0.33,P2,Team_C,Medium
7511,Medium,0.6,0.19,4,0.85,0.6,0.75,P2,Team_B,Medium
7512,Low,0.3,0.33,4,0.62,0.35,0.77,P3,Team_A,Low
7513,High,0.9,0.73,1,0.67,0.83,0.76,P1,Team_A,High
7514,Medium,0.6,0.27,1,0.73,0.97,0.95,P2,Team_B,Medium
7515,Low,0.3,0.63,1,0.79,0.71,0.73,P2,Team_C,Medium
7516,Medium,0.6,0.35,1,0.64,0.91,0.88,P2,Team_A,Medium
7517,Low,0.3,0.64,4,0.66,0.49,0.32,P2,Team_B,Medium
7518,Low,0.3,0.24,1,0.76,0.74,0.34,P3,Team_A,Low
7519,Low,0.3,0.33,2,0.92,0.84,0.77,P3,Team_B,Low
7520,Low,0.3,0.97,4,0.63,0.7,0.42,P2,Team_C,Medium
7521,Medium,0.6,0.16,4,0.9,0.58,0.46,P2,Team_C,Medium
7522,High,0.9,0.58,2,0.73,0.65,0.54,P2,Team_C,Medium
7523,Low,0.3,0.1,3,0.81,0.96,0.33,P3,Team_A,Low
7524,Low,0.3,0.21,2,0.73,0.78,0.46,P3,Team_A,Low
7525,High,0.9,0.38,4,0.96,0.34,0.92,P2,Team_A,Medium
7526,High,0.9,0.19,4,0.8,0.92,0.36,P2,Team_B,Medium
7527,High,0.9,0.79,2,0.82,0.54,0.87,P1,Team_A,High
7528,Medium,0.6,0.77,2,0.73,0.38,0.68,P2,Team_C,Medium
7529,Medium,0.6,0.49,4,0.64,0.58,0.86,P2,Team_C,Medium
7530,Medium,0.6,0.51,3,0.95,0.93,0.82,P2,Team_C,Medium
7531,Medium,0.6,0.19,2,0.79,0.81,0.75,P2,Team_B,Medium
7532,Low,0.3,0.52,4,0.88,0.48,0.74,P2,Team_C,Medium
7533,Low,0.3,0.8,3,0.93,0.71,0.54,P2,Team_C,Medium
7534,Medium,0.6,0.22,2,0.82,0.46,0.85,P2,Team_A,Medium
7535,Low,0.3,0.69,1,0.82,0.79,0.35,P2,Team_A,Medium
7536,Low,0.3,0.74,3,0.52,0.98,0.84,P2,Team_B,Medium
7537,Medium,0.6,0.49,2,0.7,0.85,0.86,P2,Team_A,Medium
7538,Low,0.3,0.93,2,0.75,0.6,0.33,P2,Team_C,Medium
7539,Medium,0.6,0.45,2,0.45,0.49,0.78,P2,Team_B,Medium
7540,Medium,0.6,0.22,3,0.92,0.82,0.65,P2,Team_B,Medium
7541,Low,0.3,0.44,4,0.72,0.46,0.62,P2,Team_C,Medium
7542,High,0.9,0.2,4,0.26,0.9,0.41,P2,Team_B,Medium
7543,Low,0.3,0.47,1,0.94,0.91,0.82,P2,Team_A,Medium
7544,Medium,0.6,0.08,2,0.88,0.76,0.52,P2,Team_A,Medium
7545,Medium,0.6,0.68,1,0.89,0.66,0.88,P2,Team_B,Medium
7546,High,0.9,0.5,1,0.87,0.89,0.39,P2,Team_C,Medium
7547,High,0.9,0.47,3,0.98,0.86,0.34,P2,Team_B,Medium
7548,Low,0.3,0.66,2,0.81,0.41,0.72,P2,Team_A,Medium
7549,Medium,0.6,0.73,2,0.13,0.57,0.72,P2,Team_C,Medium
7550,Medium,0.6,0.62,1,0.36,0.67,0.46,P2,Team_A,Medium
7551,Medium,0.6,0.31,3,0.95,0.72,0.93,P2,Team_B,Medium
7552,Low,0.3,0.45,4,0.67,0.69,0.64,P2,Team_A,Medium
7553,Medium,0.6,0.24,2,0.6,0.83,0.92,P2,Team_A,Medium
7554,Medium,0.6,0.45,1,0.6,0.84,0.42,P2,Team_C,Medium
7555,Low,0.3,0.48,4,0.76,0.79,0.87,P2,Team_A,Medium
7556,High,0.9,0.62,1,0.67,0.72,0.54,P1,Team_C,High
7557,High,0.9,0.34,3,0.79,0.79,0.7,P2,Team_B,Medium
7558,Low,0.3,0.9,3,0.42,0.55,0.8,P2,Team_B,Medium
7559,High,0.9,0.55,1,0.82,0.57,0.6,P2,Team_C,Medium
7560,Low,0.3,0.61,3,0.73,0.35,0.35,P2,Team_C,Medium
7561,High,0.9,0.28,1,0.71,0.35,0.74,P2,Team_C,Medium
7562,Medium,0.6,0.52,3,0.66,0.48,0.95,P2,Team_B,Medium
7563,Low,0.3,0.73,1,0.93,0.78,0.43,P2,Team_A,Medium
7564,High,0.9,0.73,3,0.52,0.57,0.97,P1,Team_B,High
7565,Medium,0.6,0.35,3,0.36,0.71,1.0,P2,Team_A,Medium
7566,Medium,0.6,0.55,2,0.69,0.82,0.97,P2,Team_B,Medium
7567,Low,0.3,0.48,4,0.81,0.88,0.38,P2,Team_C,Medium
7568,Medium,0.6,0.75,4,0.69,0.92,0.51,P2,Team_B,Medium
7569,Low,0.3,0.7,1,0.72,0.24,0.52,P2,Team_A,Medium
7570,Medium,0.6,0.39,3,0.9,0.46,0.88,P2,Team_A,Medium
7571,High,0.9,0.58,3,0.69,0.45,0.62,P2,Team_C,Medium
7572,Medium,0.6,0.03,1,0.91,0.53,0.76,P2,Team_C,Medium
7573,Medium,0.6,0.61,1,0.7,0.58,0.38,P2,Team_A,Medium
7574,Medium,0.6,0.45,1,0.8,0.64,0.67,P2,Team_A,Medium
7575,High,0.9,0.46,3,0.57,0.55,0.33,P2,Team_B,Medium
7576,Medium,0.6,0.87,3,0.81,0.74,0.82,P2,Team_C,Medium
7577,Medium,0.6,0.72,3,0.89,0.62,0.54,P2,Team_A,Medium
7578,High,0.9,0.77,4,0.87,0.72,0.83,P1,Team_B,High
7579,Medium,0.6,0.6,3,0.66,0.85,0.95,P2,Team_A,Medium
7580,Medium,0.6,0.08,3,0.95,0.51,0.61,P2,Team_C,Medium
7581,Low,0.3,0.82,1,0.56,0.46,0.67,P2,Team_A,Medium
7582,Low,0.3,0.7,4,0.42,0.87,0.71,P2,Team_C,Medium
7583,Low,0.3,0.44,1,0.84,0.65,0.48,P2,Team_C,Medium
7584,Medium,0.6,0.57,3,0.81,0.9,0.95,P2,Team_B,Medium
7585,Medium,0.6,0.79,1,0.79,0.83,0.67,P2,Team_C,Medium
7586,Low,0.3,0.81,2,0.88,0.67,0.98,P2,Team_A,Medium
7587,Medium,0.6,0.38,2,0.99,0.38,0.55,P2,Team_C,Medium
7588,High,0.9,0.36,3,0.66,0.73,0.54,P2,Team_C,Medium
7589,Low,0.3,0.73,2,0.74,0.41,0.54,P2,Team_A,Medium
7590,Medium,0.6,0.74,3,0.89,0.7,0.69,P2,Team_B,Medium
7591,Medium,0.6,0.65,3,0.89,0.58,0.78,P2,Team_C,Medium
7592,High,0.9,0.42,1,0.82,0.82,0.93,P2,Team_A,Medium
7593,High,0.9,0.54,1,0.77,0.7,0.9,P2,Team_A,Medium
7594,Medium,0.6,0.85,2,0.69,0.42,0.84,P2,Team_C,Medium
7595,Low,0.3,0.85,1,0.61,0.55,0.72,P2,Team_A,Medium
7596,Medium,0.6,0.5,3,0.76,0.56,0.73,P2,Team_B,Medium
7597,High,0.9,0.72,3,0.62,0.32,0.37,P1,Team_A,High
7598,Low,0.3,0.28,3,0.68,0.95,0.53,P3,Team_B,Low
7599,Medium,0.6,0.07,3,0.85,0.96,0.62,P2,Team_A,Medium
7600,Medium,0.6,0.33,4,0.75,0.7,0.82,P2,Team_B,Medium
7601,Medium,0.6,0.53,2,0.79,0.66,0.46,P2,Team_C,Medium
7602,Medium,0.6,0.3,2,0.72,0.42,0.42,P2,Team_C,Medium
7603,Low,0.3,0.73,3,0.77,0.58,0.46,P2,Team_B,Medium
7604,High,0.9,0.15,3,0.9,0.84,0.74,P2,Team_A,Medium
7605,Medium,0.6,0.72,1,0.53,0.57,0.67,P2,Team_B,Medium
7606,Low,0.3,0.4,1,0.95,0.82,0.86,P2,Team_C,Medium
7607,Low,0.3,0.7,2,0.8,0.55,0.75,P2,Team_C,Medium
7608,Low,0.3,0.76,1,0.77,0.61,0.63,P2,Team_C,Medium
7609,High,0.9,0.15,4,0.84,0.13,0.68,P2,Team_A,Medium
7610,Low,0.3,0.55,2,0.87,0.34,0.71,P2,Team_B,Medium
7611,Medium,0.6,0.47,4,0.68,0.58,1.0,P2,Team_B,Medium
7612,Medium,0.6,0.78,1,0.74,0.36,0.48,P2,Team_C,Medium
7613,Medium,0.6,0.28,4,0.42,0.96,0.88,P2,Team_C,Medium
7614,Medium,0.6,0.64,2,0.78,0.72,0.97,P2,Team_A,Medium
7615,Medium,0.6,0.55,1,0.63,0.22,0.82,P2,Team_C,Medium
7616,Low,0.3,0.38,1,0.68,0.65,0.74,P3,Team_A,Low
7617,Low,0.3,0.13,1,0.54,0.71,0.62,P3,Team_C,Low
7618,Medium,0.6,0.5,3,0.74,0.47,0.32,P2,Team_B,Medium
7619,High,0.9,0.28,2,0.46,0.73,0.51,P2,Team_A,Medium
7620,Low,0.3,0.63,3,0.91,0.82,0.59,P2,Team_C,Medium
7621,Medium,0.6,0.79,2,0.66,0.39,0.9,P2,Team_B,Medium
7622,High,0.9,0.47,2,0.86,0.5,0.94,P2,Team_C,Medium
7623,Medium,0.6,0.55,2,0.94,0.79,0.8,P2,Team_C,Medium
7624,High,0.9,0.47,2,0.95,0.79,0.73,P2,Team_A,Medium
7625,Medium,0.6,0.82,1,0.89,0.89,0.33,P2,Team_B,Medium
7626,Medium,0.6,0.25,1,0.51,0.53,0.97,P2,Team_A,Medium
7627,Medium,0.6,0.33,2,0.88,0.75,0.46,P2,Team_C,Medium
7628,Medium,0.6,0.2,1,0.34,0.48,0.81,P2,Team_B,Medium
7629,Low,0.3,0.35,4,0.97,0.3,0.93,P3,Team_A,Low
7630,Low,0.3,0.51,2,0.18,0.52,0.41,P2,Team_B,Medium
7631,Medium,0.6,0.82,1,0.89,0.63,0.84,P2,Team_B,Medium
7632,Low,0.3,0.64,3,0.8,0.68,0.57,P2,Team_A,Medium
7633,High,0.9,0.4,2,0.89,0.91,0.7,P2,Team_C,Medium
7634,Low,0.3,0.89,2,0.53,0.59,0.51,P2,Team_A,Medium
7635,Medium,0.6,0.86,1,0.79,0.78,0.9,P2,Team_C,Medium
7636,High,0.9,0.29,2,0.92,0.68,0.87,P2,Team_A,Medium
7637,Medium,0.6,0.15,1,0.73,0.24,0.49,P2,Team_B,Medium
7638,Medium,0.6,0.49,3,0.62,0.97,0.5,P2,Team_C,Medium
7639,Low,0.3,0.49,3,0.68,0.73,0.85,P2,Team_B,Medium
7640,Low,0.3,0.8,3,0.88,0.84,0.55,P2,Team_A,Medium
7641,Medium,0.6,0.84,1,0.34,0.12,0.78,P2,Team_A,Medium
7642,Medium,0.6,0.05,1,0.6,0.73,0.89,P2,Team_B,Medium
7643,High,0.9,0.14,2,0.87,0.38,0.65,P2,Team_A,Medium
7644,High,0.9,0.23,1,0.76,0.67,0.76,P2,Team_A,Medium
7645,Medium,0.6,0.61,2,0.83,0.34,1.0,P2,Team_B,Medium
7646,Low,0.3,0.28,1,0.66,0.82,0.54,P3,Team_B,Low
7647,Medium,0.6,0.5,4,0.55,0.56,0.51,P2,Team_A,Medium
7648,Medium,0.6,0.45,4,0.72,0.63,0.82,P2,Team_C,Medium
7649,High,0.9,0.85,3,0.61,0.88,0.88,P1,Team_A,High
7650,Medium,0.6,0.7,4,0.96,0.88,0.54,P2,Team_A,Medium
7651,Medium,0.6,0.99,2,0.78,0.65,0.4,P2,Team_A,Medium
7652,Low,0.3,0.69,2,0.34,0.85,0.78,P2,Team_C,Medium
7653,Medium,0.6,0.82,1,0.77,0.48,0.59,P2,Team_A,Medium
7654,Low,0.3,0.8,3,0.97,0.86,0.66,P2,Team_C,Medium
7655,High,0.9,0.35,2,0.96,0.75,0.34,P2,Team_C,Medium
7656,Low,0.3,0.2,4,0.7,0.74,0.45,P3,Team_B,Low
7657,Low,0.3,0.8,1,0.91,0.54,0.74,P2,Team_A,Medium
7658,Medium,0.6,0.8,1,0.51,0.6,0.89,P2,Team_B,Medium
7659,Low,0.3,0.29,3,0.73,0.84,0.82,P3,Team_B,Low
7660,Medium,0.6,0.52,4,0.84,0.79,0.76,P2,Team_B,Medium
7661,High,0.9,0.75,2,0.8,0.8,0.7,P1,Team_A,High
7662,Medium,0.6,0.62,4,0.45,0.82,0.4,P2,Team_A,Medium
7663,High,0.9,0.46,2,0.79,0.44,0.41,P2,Team_C,Medium
7664,Medium,0.6,0.83,1,0.94,0.71,0.68,P2,Team_B,Medium
7665,Medium,0.6,0.5,4,0.62,0.89,0.94,P2,Team_B,Medium
7666,Medium,0.6,0.61,1,0.51,0.47,0.59,P2,Team_B,Medium
7667,Medium,0.6,0.1,4,0.83,0.43,0.35,P2,Team_C,Medium
7668,Low,0.3,0.35,2,0.8,0.66,0.32,P3,Team_A,Low
7669,Medium,0.6,0.61,2,0.48,0.74,0.44,P2,Team_C,Medium
7670,Low,0.3,0.56,3,0.91,0.55,0.4,P2,Team_A,Medium
7671,Medium,0.6,0.87,4,0.82,0.65,0.83,P2,Team_A,Medium
7672,Medium,0.6,0.06,3,0.78,0.42,0.69,P2,Team_C,Medium
7673,Low,0.3,0.96,4,0.29,0.65,0.99,P2,Team_A,Medium
7674,Medium,0.6,0.26,1,0.4,0.87,0.69,P2,Team_B,Medium
7675,Medium,0.6,0.12,3,0.58,0.82,0.87,P2,Team_B,Medium
7676,Low,0.3,0.56,4,0.76,0.28,0.54,P2,Team_A,Medium
7677,Low,0.3,0.45,1,0.72,0.65,0.73,P2,Team_B,Medium
7678,Low,0.3,0.51,2,0.72,0.55,0.45,P2,Team_B,Medium
7679,Medium,0.6,0.69,1,0.89,0.63,0.99,P2,Team_A,Medium
7680,Low,0.3,0.55,2,0.51,0.75,0.61,P2,Team_C,Medium
7681,High,0.9,0.72,3,0.83,0.9,0.7,P1,Team_B,High
7682,High,0.9,0.36,2,0.86,0.88,0.91,P2,Team_C,Medium
7683,Medium,0.6,0.1,1,0.79,0.67,0.76,P2,Team_A,Medium
7684,Low,0.3,0.82,3,0.92,0.6,0.95,P2,Team_B,Medium
7685,Medium,0.6,0.7,4,0.94,0.17,0.44,P2,Team_B,Medium
7686,Medium,0.6,0.34,3,0.47,0.48,0.35,P2,Team_B,Medium
7687,Medium,0.6,0.63,4,0.63,0.39,0.88,P2,Team_C,Medium
7688,Low,0.3,0.08,1,0.89,0.62,0.82,P3,Team_C,Low
7689,Medium,0.6,0.82,3,0.79,0.57,0.54,P2,Team_B,Medium
7690,Low,0.3,0.9,2,0.18,0.62,0.46,P2,Team_C,Medium
7691,Low,0.3,0.4,1,0.8,0.5,0.65,P2,Team_A,Medium
7692,High,0.9,0.46,2,0.77,0.59,0.51,P2,Team_C,Medium
7693,Medium,0.6,0.45,1,0.73,0.69,0.79,P2,Team_B,Medium
7694,High,0.9,0.57,2,0.47,0.74,0.78,P2,Team_C,Medium
7695,Medium,0.6,0.18,3,0.89,0.82,0.69,P2,Team_C,Medium
7696,Low,0.3,0.26,4,0.8,0.55,0.66,P3,Team_A,Low
7697,Low,0.3,0.35,1,0.48,0.7,0.41,P3,Team_B,Low
7698,Low,0.3,0.81,4,0.88,0.78,0.84,P2,Team_B,Medium
7699,Low,0.3,0.72,1,0.55,0.89,0.87,P2,Team_C,Medium
7700,Low,0.3,0.7,1,0.52,0.51,0.91,P2,Team_A,Medium
7701,Low,0.3,0.19,3,0.76,0.79,0.51,P3,Team_C,Low
7702,Medium,0.6,0.42,3,0.63,0.63,0.71,P2,Team_C,Medium
7703,Medium,0.6,0.45,3,0.89,0.47,0.78,P2,Team_B,Medium
7704,Medium,0.6,0.4,2,0.91,0.97,0.97,P2,Team_A,Medium
7705,High,0.9,0.74,3,0.85,0.54,0.37,P1,Team_C,High
7706,High,0.9,0.23,1,0.46,0.38,0.61,P2,Team_B,Medium
7707,Medium,0.6,0.66,2,0.61,0.94,0.81,P2,Team_A,Medium
7708,Medium,0.6,0.64,4,0.65,0.59,0.35,P2,Team_A,Medium
7709,Medium,0.6,0.9,2,0.4,0.34,0.67,P2,Team_A,Medium
7710,High,0.9,0.76,1,0.86,0.79,0.7,P1,Team_A,High
7711,Medium,0.6,0.26,2,0.59,0.39,0.66,P2,Team_C,Medium
7712,Low,0.3,0.63,3,0.8,0.84,0.47,P2,Team_A,Medium
7713,Medium,0.6,0.26,2,0.72,0.7,0.77,P2,Team_C,Medium
7714,High,0.9,0.9,2,0.52,0.61,0.53,P1,Team_B,High
7715,Low,0.3,0.79,2,0.67,0.35,0.85,P2,Team_A,Medium
7716,High,0.9,0.25,2,0.96,0.53,0.88,P2,Team_B,Medium
7717,High,0.9,0.5,4,0.83,0.86,0.49,P2,Team_A,Medium
7718,Medium,0.6,0.43,2,0.63,0.81,0.87,P2,Team_A,Medium
7719,Medium,0.6,0.46,2,0.31,0.72,0.84,P2,Team_C,Medium
7720,Low,0.3,0.24,3,0.9,0.32,0.95,P3,Team_C,Low
7721,Medium,0.6,0.3,1,0.46,0.74,0.96,P2,Team_C,Medium
7722,Low,0.3,0.61,3,0.64,0.43,0.39,P2,Team_B,Medium
7723,Low,0.3,0.14,1,0.84,0.74,0.33,P3,Team_A,Low
7724,Medium,0.6,0.42,4,0.33,0.83,0.36,P2,Team_C,Medium
7725,Medium,0.6,0.32,2,0.5,0.87,0.97,P2,Team_B,Medium
7726,High,0.9,0.25,1,0.82,0.78,0.9,P2,Team_A,Medium
7727,Medium,0.6,0.74,2,0.92,0.33,0.37,P2,Team_B,Medium
7728,Low,0.3,0.63,3,0.43,0.83,0.85,P2,Team_A,Medium
7729,High,0.9,0.74,3,0.77,0.83,0.42,P1,Team_A,High
7730,Medium,0.6,0.66,1,0.81,0.67,0.6,P2,Team_A,Medium
7731,High,0.9,0.62,4,0.9,0.7,0.79,P1,Team_A,High
7732,Medium,0.6,0.41,2,0.46,0.79,0.34,P2,Team_C,Medium
7733,High,0.9,0.3,4,0.91,0.91,0.74,P2,Team_A,Medium
7734,Medium,0.6,0.56,2,0.62,0.74,0.72,P2,Team_C,Medium
7735,High,0.9,0.54,2,0.97,0.68,0.83,P2,Team_A,Medium
7736,Low,0.3,0.61,2,0.6,0.65,0.77,P2,Team_C,Medium
7737,High,0.9,0.65,3,0.71,0.83,0.66,P1,Team_C,High
7738,Low,0.3,0.25,2,0.83,0.34,0.75,P3,Team_B,Low
7739,Low,0.3,0.24,3,0.98,0.92,0.96,P3,Team_C,Low
7740,Medium,0.6,0.42,3,0.84,0.81,0.71,P2,Team_C,Medium
7741,Medium,0.6,0.1,1,0.73,0.36,0.36,P2,Team_B,Medium
7742,Low,0.3,0.55,2,0.56,0.93,0.32,P2,Team_A,Medium
7743,High,0.9,0.79,4,0.62,0.84,0.63,P1,Team_C,High
7744,Medium,0.6,0.79,3,0.49,0.77,0.92,P2,Team_C,Medium
7745,Medium,0.6,0.33,4,0.73,0.84,0.36,P2,Team_C,Medium
7746,Medium,0.6,0.37,1,0.7,0.63,0.37,P2,Team_C,Medium
7747,Low,0.3,0.56,3,0.73,0.48,0.92,P2,Team_B,Medium
7748,Medium,0.6,0.52,1,0.53,0.36,0.36,P2,Team_C,Medium
7749,Medium,0.6,0.58,4,0.65,0.68,0.97,P2,Team_B,Medium
7750,Low,0.3,0.24,3,0.85,0.96,1.0,P3,Team_B,Low
7751,Medium,0.6,0.79,3,0.84,0.56,0.33,P2,Team_B,Medium
7752,High,0.9,0.05,1,0.8,0.45,0.54,P2,Team_B,Medium
7753,Medium,0.6,0.51,4,0.92,0.38,0.75,P2,Team_B,Medium
7754,Medium,0.6,0.65,2,0.85,0.55,0.8,P2,Team_B,Medium
7755,Low,0.3,0.67,2,0.71,0.55,0.38,P2,Team_A,Medium
7756,Low,0.3,0.31,4,0.67,0.89,0.51,P3,Team_A,Low
7757,Low,0.3,0.51,4,0.79,0.81,0.96,P2,Team_B,Medium
7758,Medium,0.6,0.74,1,0.42,0.97,0.46,P2,Team_A,Medium
7759,High,0.9,0.43,1,0.43,0.68,0.88,P2,Team_C,Medium
7760,High,0.9,0.71,2,0.35,0.86,0.68,P1,Team_B,High
7761,Medium,0.6,0.76,3,0.88,0.81,0.49,P2,Team_C,Medium
7762,Low,0.3,0.41,3,0.89,0.62,0.63,P2,Team_A,Medium
7763,High,0.9,0.3,2,0.6,0.52,0.46,P2,Team_A,Medium
7764,Medium,0.6,0.3,3,0.79,0.63,0.83,P2,Team_B,Medium
7765,High,0.9,0.36,3,0.78,0.52,0.48,P2,Team_B,Medium
7766,High,0.9,0.67,3,0.87,0.68,0.76,P1,Team_B,High
7767,High,0.9,0.59,3,0.63,0.78,0.89,P2,Team_A,Medium
7768,Medium,0.6,0.25,1,0.98,0.34,0.81,P2,Team_B,Medium
7769,Medium,0.6,0.91,1,0.85,0.52,0.88,P2,Team_B,Medium
7770,Medium,0.6,0.6,4,0.44,0.8,0.48,P2,Team_A,Medium
7771,High,0.9,0.92,2,0.59,0.91,0.81,P1,Team_A,High
7772,High,0.9,0.58,1,0.95,0.93,0.38,P2,Team_A,Medium
7773,Medium,0.6,0.76,1,0.71,0.59,0.31,P2,Team_B,Medium
7774,Medium,0.6,0.79,1,0.84,0.66,0.85,P2,Team_C,Medium
7775,Low,0.3,0.44,2,0.9,0.77,0.73,P2,Team_B,Medium
7776,Medium,0.6,0.33,3,0.98,0.73,0.76,P2,Team_B,Medium
7777,High,0.9,0.66,4,0.76,0.58,0.42,P1,Team_B,High
7778,High,0.9,0.82,2,0.91,0.51,0.8,P1,Team_A,High
7779,Medium,0.6,0.52,4,0.53,0.37,0.81,P2,Team_B,Medium
7780,Medium,0.6,0.23,4,0.49,0.8,0.73,P2,Team_B,Medium
7781,Low,0.3,0.53,4,0.7,0.5,0.97,P2,Team_A,Medium
7782,Medium,0.6,0.66,2,0.78,0.75,0.31,P2,Team_B,Medium
7783,Medium,0.6,0.86,1,0.44,0.33,0.79,P2,Team_B,Medium
7784,Medium,0.6,0.53,4,0.81,0.41,0.83,P2,Team_B,Medium
7785,Low,0.3,0.6,4,0.95,0.36,0.48,P2,Team_C,Medium
7786,Medium,0.6,0.67,1,0.91,0.77,0.76,P2,Team_C,Medium
7787,Low,0.3,0.6,3,0.52,0.65,0.93,P2,Team_B,Medium
7788,Low,0.3,0.18,3,0.52,0.56,0.46,P3,Team_A,Low
7789,High,0.9,0.66,4,0.96,0.52,0.36,P1,Team_A,High
7790,Medium,0.6,0.37,3,0.82,0.86,0.79,P2,Team_A,Medium
7791,Low,0.3,0.5,4,0.69,0.79,0.36,P2,Team_A,Medium
7792,Low,0.3,0.31,4,0.66,0.68,0.36,P3,Team_A,Low
7793,High,0.9,0.37,2,0.72,0.81,0.74,P2,Team_B,Medium
7794,High,0.9,0.83,2,0.45,0.63,0.58,P1,Team_B,High
7795,High,0.9,0.2,1,0.67,0.42,0.95,P2,Team_A,Medium
7796,High,0.9,0.78,4,0.82,0.73,0.39,P1,Team_B,High
7797,High,0.9,0.62,1,0.68,0.84,0.34,P1,Team_C,High
7798,Low,0.3,0.42,4,0.77,0.51,0.55,P2,Team_A,Medium
7799,Medium,0.6,0.91,4,0.85,0.42,0.31,P2,Team_A,Medium
7800,Medium,0.6,0.39,1,0.51,0.85,0.35,P2,Team_B,Medium
7801,Medium,0.6,0.89,1,0.69,0.52,0.65,P2,Team_B,Medium
7802,Medium,0.6,0.55,1,0.47,0.88,0.84,P2,Team_B,Medium
7803,Low,0.3,0.56,2,0.73,0.38,0.99,P2,Team_B,Medium
7804,Low,0.3,0.08,2,0.63,0.45,0.99,P3,Team_A,Low
7805,Medium,0.6,0.15,1,0.85,0.93,0.79,P2,Team_A,Medium
7806,Medium,0.6,0.77,2,0.79,0.61,0.62,P2,Team_A,Medium
7807,High,0.9,0.43,1,0.9,0.57,0.67,P2,Team_A,Medium
7808,Medium,0.6,0.68,4,0.95,0.37,0.47,P2,Team_B,Medium
7809,Low,0.3,0.54,2,0.94,0.55,0.77,P2,Team_B,Medium
7810,Medium,0.6,0.37,3,0.65,0.48,0.72,P2,Team_A,Medium
7811,Low,0.3,0.46,2,0.87,0.92,0.7,P2,Team_B,Medium
7812,Low,0.3,0.44,2,0.75,0.61,0.41,P2,Team_A,Medium
7813,High,0.9,0.4,3,0.66,0.57,0.5,P2,Team_C,Medium
7814,Low,0.3,0.56,1,0.63,0.73,0.49,P2,Team_B,Medium
7815,High,0.9,0.55,2,0.91,0.87,0.75,P2,Team_C,Medium
7816,High,0.9,0.71,2,0.76,0.89,0.7,P1,Team_C,High
7817,High,0.9,0.53,2,0.78,0.66,0.73,P2,Team_B,Medium
7818,Low,0.3,0.76,2,0.64,0.95,0.72,P2,Team_A,Medium
7819,Medium,0.6,0.57,4,0.89,0.79,0.79,P2,Team_C,Medium
7820,Low,0.3,0.55,1,0.72,0.52,0.36,P2,Team_B,Medium
7821,Low,0.3,0.2,2,0.75,0.42,0.96,P3,Team_B,Low
7822,Low,0.3,0.48,2,0.39,0.78,0.58,P2,Team_C,Medium
7823,High,0.9,0.17,3,0.96,0.93,0.92,P2,Team_B,Medium
7824,High,0.9,0.33,2,0.86,0.87,0.44,P2,Team_B,Medium
7825,High,0.9,0.57,2,0.81,0.82,0.78,P2,Team_A,Medium
7826,Low,0.3,0.56,4,0.94,0.76,0.36,P2,Team_A,Medium
7827,Medium,0.6,0.64,2,0.71,0.32,0.71,P2,Team_B,Medium
7828,Low,0.3,0.18,4,0.55,0.55,0.82,P3,Team_B,Low
7829,Low,0.3,0.37,2,0.69,0.86,0.45,P3,Team_A,Low
7830,Medium,0.6,0.61,4,0.88,0.69,0.48,P2,Team_A,Medium
7831,Medium,0.6,0.17,2,0.63,0.59,0.96,P2,Team_C,Medium
7832,Low,0.3,0.33,1,0.93,0.91,0.46,P3,Team_A,Low
7833,High,0.9,0.21,3,0.86,0.59,0.79,P2,Team_A,Medium
7834,High,0.9,0.69,2,0.82,0.49,0.92,P1,Team_C,High
7835,Medium,0.6,0.64,1,0.9,0.67,0.74,P2,Team_B,Medium
7836,Low,0.3,0.29,1,0.52,0.84,0.95,P3,Team_A,Low
7837,Medium,0.6,0.3,1,0.5,0.7,0.95,P2,Team_A,Medium
7838,Medium,0.6,0.8,2,0.67,0.83,0.78,P2,Team_B,Medium
7839,High,0.9,0.36,1,0.55,0.7,0.47,P2,Team_B,Medium
7840,Low,0.3,0.13,2,0.74,0.66,0.5,P3,Team_A,Low
7841,Low,0.3,0.42,1,0.54,0.66,0.52,P2,Team_A,Medium
7842,Low,0.3,0.82,2,0.7,0.84,0.54,P2,Team_B,Medium
7843,Medium,0.6,0.33,1,0.57,0.42,0.51,P2,Team_C,Medium
7844,High,0.9,0.44,4,0.63,0.73,0.62,P2,Team_A,Medium
7845,Medium,0.6,0.68,3,0.85,0.78,0.46,P2,Team_A,Medium
7846,High,0.9,0.63,2,0.88,0.45,0.42,P1,Team_A,High
7847,Low,0.3,0.73,3,0.15,0.78,0.45,P2,Team_C,Medium
7848,Low,0.3,0.38,4,0.54,0.9,0.89,P3,Team_A,Low
7849,Medium,0.6,0.59,1,0.9,0.63,0.9,P2,Team_B,Medium
7850,Medium,0.6,0.54,2,0.78,0.58,0.44,P2,Team_A,Medium
7851,Medium,0.6,0.71,3,0.62,0.94,0.91,P2,Team_A,Medium
7852,Medium,0.6,0.3,4,0.68,0.75,0.88,P2,Team_C,Medium
7853,Medium,0.6,0.11,1,0.87,0.75,0.81,P2,Team_C,Medium
7854,High,0.9,0.55,3,0.76,0.49,0.63,P2,Team_C,Medium
7855,Medium,0.6,0.6,3,0.89,0.62,0.36,P2,Team_A,Medium
7856,Medium,0.6,0.06,3,0.53,0.7,0.57,P2,Team_B,Medium
7857,Low,0.3,0.42,4,0.66,0.39,0.98,P2,Team_A,Medium
7858,Low,0.3,0.16,1,0.69,0.92,0.78,P3,Team_B,Low
7859,Medium,0.6,0.34,2,0.62,0.87,0.32,P2,Team_B,Medium
7860,Medium,0.6,0.54,4,0.62,0.93,0.44,P2,Team_C,Medium
7861,High,0.9,0.55,1,0.74,0.73,0.96,P2,Team_B,Medium
7862,Low,0.3,0.18,3,0.77,0.43,0.68,P3,Team_A,Low
7863,High,0.9,0.56,1,0.59,0.83,0.68,P2,Team_A,Medium
7864,Low,0.3,0.29,4,0.7,0.54,0.96,P3,Team_B,Low
7865,Low,0.3,0.87,3,0.59,0.85,0.77,P2,Team_B,Medium
7866,Low,0.3,0.61,1,0.95,0.54,0.83,P2,Team_B,Medium
7867,Medium,0.6,0.61,3,0.89,0.73,0.44,P2,Team_B,Medium
7868,Low,0.3,0.9,2,0.73,0.81,0.46,P2,Team_A,Medium
7869,Medium,0.6,0.19,4,0.59,0.86,0.41,P2,Team_A,Medium
7870,Medium,0.6,0.5,3,0.71,0.52,0.48,P2,Team_A,Medium
7871,Low,0.3,0.08,3,0.92,0.55,0.58,P3,Team_B,Low
7872,Low,0.3,0.68,1,0.76,0.45,0.67,P2,Team_B,Medium
7873,Low,0.3,0.78,1,0.68,0.78,0.72,P2,Team_A,Medium
7874,Low,0.3,0.45,2,0.72,0.82,0.77,P2,Team_C,Medium
7875,Medium,0.6,0.56,2,0.9,0.63,0.62,P2,Team_C,Medium
7876,High,0.9,0.36,1,0.59,0.79,0.31,P2,Team_B,Medium
7877,High,0.9,0.47,4,0.79,0.74,0.7,P2,Team_C,Medium
7878,Low,0.3,0.77,2,0.64,0.38,0.8,P2,Team_B,Medium
7879,High,0.9,0.79,2,0.61,0.66,0.7,P1,Team_A,High
7880,Low,0.3,0.68,4,0.62,0.36,0.49,P2,Team_C,Medium
7881,High,0.9,0.63,1,0.83,0.65,0.46,P1,Team_A,High
7882,Medium,0.6,0.57,2,0.83,0.4,0.93,P2,Team_A,Medium
7883,High,0.9,0.29,4,0.77,0.84,0.96,P2,Team_A,Medium
7884,High,0.9,0.71,4,0.8,0.61,0.45,P1,Team_A,High
7885,Medium,0.6,0.4,2,0.51,0.88,0.36,P2,Team_A,Medium
7886,Medium,0.6,0.84,2,0.72,0.82,0.91,P2,Team_C,Medium
7887,High,0.9,0.61,2,0.82,0.61,0.85,P1,Team_B,High
7888,High,0.9,0.66,4,0.88,0.64,0.74,P1,Team_B,High
7889,High,0.9,0.67,3,0.75,0.54,0.38,P1,Team_A,High
7890,High,0.9,0.59,2,0.82,0.6,0.83,P2,Team_C,Medium
7891,Low,0.3,0.76,1,0.4,0.83,0.72,P2,Team_B,Medium
7892,Medium,0.6,0.59,2,0.85,0.51,0.91,P2,Team_A,Medium
7893,Low,0.3,0.62,4,0.83,0.87,0.72,P2,Team_C,Medium
7894,Medium,0.6,0.86,3,0.69,0.4,0.98,P2,Team_B,Medium
7895,Medium,0.6,0.52,4,0.74,0.44,0.79,P2,Team_A,Medium
7896,Low,0.3,0.08,4,0.6,0.84,0.79,P3,Team_B,Low
7897,High,0.9,0.84,2,0.65,0.61,0.62,P1,Team_A,High
7898,Low,0.3,0.13,4,0.59,0.84,0.97,P3,Team_A,Low
7899,Medium,0.6,0.7,3,0.73,0.8,0.57,P2,Team_C,Medium
7900,Medium,0.6,0.13,1,0.89,0.75,0.38,P2,Team_A,Medium
7901,Medium,0.6,0.17,2,0.95,0.72,0.63,P2,Team_A,Medium
7902,High,0.9,0.48,2,0.58,0.94,0.37,P2,Team_A,Medium
7903,Low,0.3,0.66,4,0.97,0.77,0.36,P2,Team_A,Medium
7904,Low,0.3,0.49,3,0.84,0.43,0.98,P2,Team_A,Medium
7905,Medium,0.6,0.23,4,0.86,0.94,0.43,P2,Team_B,Medium
7906,Medium,0.6,0.95,3,0.86,0.66,0.87,P2,Team_C,Medium
7907,Medium,0.6,0.18,2,0.53,0.91,0.43,P2,Team_C,Medium
7908,Medium,0.6,0.74,3,0.89,0.86,0.65,P2,Team_C,Medium
7909,High,0.9,0.91,1,0.61,0.61,0.59,P1,Team_A,High
7910,High,0.9,0.67,4,0.84,0.65,0.82,P1,Team_C,High
7911,High,0.9,0.23,2,0.89,0.56,0.78,P2,Team_C,Medium
7912,Low,0.3,0.26,4,0.57,0.84,0.7,P3,Team_C,Low
7913,Medium,0.6,0.86,3,0.76,0.53,0.52,P2,Team_B,Medium
7914,Medium,0.6,0.82,1,0.82,0.56,0.45,P2,Team_B,Medium
7915,Low,0.3,0.81,1,0.6,0.83,0.67,P2,Team_A,Medium
7916,High,0.9,0.25,3,0.67,0.53,0.78,P2,Team_B,Medium
7917,High,0.9,0.36,3,0.99,0.91,0.35,P2,Team_A,Medium
7918,High,0.9,0.58,1,0.68,0.88,0.37,P2,Team_A,Medium
7919,High,0.9,0.48,2,0.65,0.77,0.55,P2,Team_A,Medium
7920,Low,0.3,0.26,1,0.64,0.51,0.41,P3,Team_C,Low
7921,Medium,0.6,0.67,2,0.61,0.34,0.38,P2,Team_C,Medium
7922,Low,0.3,0.44,1,0.77,0.43,0.48,P2,Team_C,Medium
7923,Medium,0.6,0.58,1,0.62,0.57,0.53,P2,Team_C,Medium
7924,Medium,0.6,0.4,1,0.97,0.64,0.96,P2,Team_A,Medium
7925,Low,0.3,0.15,1,0.54,0.53,0.45,P3,Team_C,Low
7926,Medium,0.6,0.63,1,0.92,0.4,0.78,P2,Team_C,Medium
7927,High,0.9,0.29,1,0.96,0.79,0.93,P2,Team_C,Medium
7928,Low,0.3,0.25,2,0.63,0.93,0.92,P3,Team_C,Low
7929,Medium,0.6,0.5,4,0.82,0.8,0.48,P2,Team_A,Medium
7930,Low,0.3,0.38,3,0.53,0.87,0.93,P3,Team_A,Low
7931,Medium,0.6,0.47,2,0.82,0.77,0.52,P2,Team_A,Medium
7932,Low,0.3,0.55,1,0.91,0.26,0.76,P2,Team_B,Medium
7933,Medium,0.6,0.86,4,0.81,0.82,0.83,P2,Team_C,Medium
7934,Medium,0.6,0.43,2,0.38,0.27,0.76,P2,Team_B,Medium
7935,Medium,0.6,0.39,3,0.89,0.95,0.4,P2,Team_C,Medium
7936,High,0.9,0.28,2,0.84,0.56,0.34,P2,Team_A,Medium
7937,High,0.9,0.67,3,0.44,0.99,0.94,P1,Team_A,High
7938,High,0.9,0.76,3,0.9,0.7,0.62,P1,Team_C,High
7939,Low,0.3,0.56,4,0.75,0.69,0.84,P2,Team_B,Medium
7940,Low,0.3,0.4,2,0.77,0.41,0.39,P2,Team_A,Medium
7941,Medium,0.6,0.69,3,0.91,0.81,0.37,P2,Team_C,Medium
7942,High,0.9,0.43,4,0.67,0.63,0.42,P2,Team_A,Medium
7943,Medium,0.6,0.57,1,0.86,0.49,0.97,P2,Team_A,Medium
7944,Low,0.3,0.41,2,0.7,0.57,0.56,P2,Team_C,Medium
7945,Medium,0.6,0.35,1,0.68,0.39,0.7,P2,Team_A,Medium
7946,Low,0.3,0.48,3,0.63,0.86,0.83,P2,Team_C,Medium
7947,Low,0.3,0.64,3,0.84,0.72,0.45,P2,Team_B,Medium
7948,Low,0.3,0.38,3,0.74,0.83,0.41,P3,Team_A,Low
7949,Low,0.3,0.26,3,0.77,0.85,0.34,P3,Team_B,Low
7950,High,0.9,0.39,1,0.59,0.84,0.36,P2,Team_B,Medium
7951,High,0.9,0.73,2,0.62,0.77,0.84,P1,Team_A,High
7952,Low,0.3,0.25,3,0.81,0.77,0.45,P3,Team_A,Low
7953,Low,0.3,0.65,2,0.94,0.84,0.44,P2,Team_A,Medium
7954,Low,0.3,0.39,4,0.75,0.75,0.68,P3,Team_C,Low
7955,High,0.9,0.31,1,0.77,0.57,0.49,P2,Team_B,Medium
7956,Low,0.3,0.81,4,0.61,0.7,0.44,P2,Team_B,Medium
7957,Low,0.3,0.58,3,0.49,0.76,0.87,P2,Team_B,Medium
7958,Low,0.3,0.74,4,0.7,0.7,0.59,P2,Team_A,Medium
7959,Medium,0.6,0.5,4,0.62,0.66,0.69,P2,Team_A,Medium
7960,Low,0.3,0.25,1,0.63,0.89,0.82,P3,Team_C,Low
7961,Medium,0.6,0.36,4,0.73,0.86,0.67,P2,Team_A,Medium
7962,Low,0.3,0.71,3,0.72,0.78,0.46,P2,Team_A,Medium
7963,High,0.9,0.68,4,0.58,0.36,0.76,P1,Team_C,High
7964,Low,0.3,0.46,3,0.63,0.76,0.9,P2,Team_B,Medium
7965,High,0.9,0.62,2,0.64,0.75,0.36,P1,Team_A,High
7966,Low,0.3,0.69,3,0.79,0.75,0.7,P2,Team_C,Medium
7967,Medium,0.6,0.19,3,0.86,0.83,0.62,P2,Team_B,Medium
7968,Medium,0.6,0.52,3,0.73,0.62,0.65,P2,Team_A,Medium
7969,Medium,0.6,0.65,3,0.66,0.31,0.35,P2,Team_C,Medium
7970,Medium,0.6,0.65,1,0.66,0.86,0.62,P2,Team_B,Medium
7971,Low,0.3,0.69,4,0.86,0.57,0.93,P2,Team_C,Medium
7972,High,0.9,0.08,4,0.87,0.98,0.98,P2,Team_C,Medium
7973,Low,0.3,0.34,3,0.22,0.74,0.52,P3,Team_C,Low
7974,Low,0.3,0.36,4,0.73,0.58,0.47,P3,Team_A,Low
7975,Low,0.3,0.42,2,0.92,0.66,0.92,P2,Team_B,Medium
7976,High,0.9,0.26,2,0.92,0.63,0.42,P2,Team_A,Medium
7977,High,0.9,0.65,1,0.84,0.5,0.66,P1,Team_B,High
7978,High,0.9,0.55,2,0.84,0.71,0.79,P2,Team_C,Medium
7979,Low,0.3,0.26,4,0.55,0.47,0.63,P3,Team_C,Low
7980,Low,0.3,0.2,1,0.83,0.79,0.78,P3,Team_B,Low
7981,Low,0.3,0.71,3,0.79,0.8,0.43,P2,Team_C,Medium
7982,Low,0.3,0.42,2,0.48,0.81,0.94,P2,Team_A,Medium
7983,Medium,0.6,0.93,3,0.53,0.62,0.61,P2,Team_C,Medium
7984,Low,0.3,0.65,1,0.71,0.78,0.92,P2,Team_C,Medium
7985,Medium,0.6,0.85,1,0.89,0.66,0.65,P2,Team_C,Medium
7986,Low,0.3,0.52,2,0.65,0.59,0.65,P2,Team_B,Medium
7987,Low,0.3,0.06,1,0.67,0.33,0.57,P3,Team_C,Low
7988,Medium,0.6,0.31,1,0.54,0.76,0.53,P2,Team_C,Medium
7989,Low,0.3,0.43,4,0.9,0.71,0.34,P2,Team_A,Medium
7990,Medium,0.6,0.87,4,0.61,0.63,0.66,P2,Team_A,Medium
7991,Medium,0.6,0.3,3,0.76,0.72,0.89,P2,Team_C,Medium
7992,High,0.9,0.2,4,0.71,0.6,0.96,P2,Team_A,Medium
7993,High,0.9,0.49,2,0.78,0.66,0.74,P2,Team_C,Medium
7994,High,0.9,0.45,2,0.52,0.86,0.84,P2,Team_B,Medium
7995,High,0.9,0.45,3,0.76,0.74,0.97,P2,Team_A,Medium
7996,Medium,0.6,0.12,1,0.76,0.44,0.35,P2,Team_B,Medium
7997,Low,0.3,0.81,4,0.7,0.89,0.9,P2,Team_B,Medium
7998,Medium,0.6,0.46,1,0.83,0.74,0.86,P2,Team_B,Medium
7999,Low,0.3,0.43,4,0.83,0.61,0.78,P2,Team_A,Medium
8000,High,0.9,0.61,4,0.72,0.85,0.99,P1,Team_A,High
8001,Medium,0.6,0.37,4,0.81,0.9,0.31,P2,Team_B,Medium
8002,Low,0.3,0.52,2,0.85,0.54,0.54,P2,Team_A,Medium
8003,High,0.9,0.71,2,0.77,0.57,0.36,P1,Team_C,High
8004,Medium,0.6,0.12,4,0.83,0.82,0.95,P2,Team_C,Medium
8005,Medium,0.6,0.24,2,0.89,0.69,0.81,P2,Team_C,Medium
8006,Medium,0.6,0.54,1,0.78,0.47,0.87,P2,Team_C,Medium
8007,High,0.9,0.76,4,0.8,0.17,0.65,P1,Team_B,High
8008,Low,0.3,0.14,3,0.57,0.92,0.98,P3,Team_A,Low
8009,Low,0.3,0.07,2,0.88,0.52,0.71,P3,Team_C,Low
8010,High,0.9,0.53,1,0.74,0.56,0.48,P2,Team_C,Medium
8011,High,0.9,0.58,4,0.8,0.66,0.98,P2,Team_C,Medium
8012,High,0.9,0.5,3,0.8,0.84,0.68,P2,Team_B,Medium
8013,Low,0.3,0.72,1,0.9,0.6,0.68,P2,Team_B,Medium
8014,Medium,0.6,0.77,1,0.4,0.48,0.43,P2,Team_B,Medium
8015,Low,0.3,0.57,2,0.65,0.91,0.64,P2,Team_B,Medium
8016,High,0.9,0.16,2,0.25,0.56,0.8,P2,Team_A,Medium
8017,Low,0.3,0.64,3,0.63,0.36,0.85,P2,Team_A,Medium
8018,High,0.9,0.36,2,0.83,0.31,0.32,P2,Team_A,Medium
8019,Medium,0.6,0.6,2,0.45,0.29,0.52,P2,Team_C,Medium
8020,Low,0.3,0.13,4,0.74,0.54,0.93,P3,Team_B,Low
8021,Medium,0.6,0.49,2,0.79,0.75,0.61,P2,Team_C,Medium
8022,Low,0.3,0.57,1,0.31,0.63,0.64,P2,Team_C,Medium
8023,Medium,0.6,0.7,4,0.78,0.84,0.73,P2,Team_A,Medium
8024,High,0.9,0.95,1,0.72,0.67,0.98,P1,Team_A,High
8025,Low,0.3,0.75,4,0.76,0.64,0.98,P2,Team_A,Medium
8026,Medium,0.6,0.77,2,0.62,0.67,0.37,P2,Team_C,Medium
8027,Medium,0.6,0.55,2,0.76,0.71,0.52,P2,Team_B,Medium
8028,Medium,0.6,0.07,4,0.59,0.47,0.31,P2,Team_A,Medium
8029,Low,0.3,0.93,4,0.89,0.51,0.53,P2,Team_B,Medium
8030,Medium,0.6,0.86,2,0.78,0.66,0.42,P2,Team_C,Medium
8031,Medium,0.6,0.9,2,0.77,0.89,0.53,P2,Team_C,Medium
8032,Low,0.3,0.75,1,0.85,0.59,0.99,P2,Team_B,Medium
8033,Low,0.3,0.69,4,0.84,0.78,0.7,P2,Team_A,Medium
8034,High,0.9,0.49,3,0.59,0.63,0.56,P2,Team_C,Medium
8035,Low,0.3,0.54,1,0.77,0.29,0.43,P2,Team_B,Medium
8036,Low,0.3,0.37,4,0.88,0.52,0.38,P3,Team_A,Low
8037,Low,0.3,0.35,2,0.73,0.84,0.64,P3,Team_B,Low
8038,Low,0.3,0.51,2,0.66,0.78,0.89,P2,Team_A,Medium
8039,Low,0.3,0.59,3,0.81,0.56,0.86,P2,Team_B,Medium
8040,Medium,0.6,0.35,1,0.58,0.64,0.56,P2,Team_A,Medium
8041,Low,0.3,0.6,3,0.73,0.76,0.4,P2,Team_A,Medium
8042,Low,0.3,0.67,2,0.95,0.61,0.46,P2,Team_A,Medium
8043,Medium,0.6,0.74,3,0.9,0.94,0.41,P2,Team_C,Medium
8044,Low,0.3,0.1,1,0.9,0.48,0.87,P3,Team_C,Low
8045,Low,0.3,0.25,4,0.93,0.75,0.92,P3,Team_A,Low
8046,Medium,0.6,0.63,1,0.83,0.43,0.41,P2,Team_A,Medium
8047,Medium,0.6,0.29,4,0.54,0.56,0.51,P2,Team_A,Medium
8048,High,0.9,0.1,4,0.77,0.87,0.62,P2,Team_B,Medium
8049,High,0.9,0.63,2,0.54,0.68,0.83,P1,Team_B,High
8050,High,0.9,0.89,3,0.54,0.25,0.69,P1,Team_C,High
8051,Medium,0.6,0.67,2,0.53,0.8,0.65,P2,Team_C,Medium
8052,High,0.9,0.8,1,0.86,0.61,0.91,P1,Team_B,High
8053,Low,0.3,0.45,1,0.52,0.82,0.62,P2,Team_C,Medium
8054,Medium,0.6,0.07,3,0.47,0.64,0.83,P2,Team_C,Medium
8055,Medium,0.6,0.45,4,0.83,0.32,0.79,P2,Team_C,Medium
8056,Low,0.3,0.58,4,0.59,0.94,0.49,P2,Team_B,Medium
8057,High,0.9,0.63,3,0.67,0.83,0.91,P1,Team_B,High
8058,Low,0.3,0.19,3,0.83,0.76,0.84,P3,Team_C,Low
8059,Medium,0.6,0.61,3,0.9,0.8,0.59,P2,Team_B,Medium
8060,Low,0.3,0.46,2,0.59,0.7,0.36,P2,Team_C,Medium
8061,Medium,0.6,0.41,3,0.83,0.99,0.75,P2,Team_B,Medium
8062,Low,0.3,0.58,1,0.65,0.77,0.68,P2,Team_C,Medium
8063,Medium,0.6,0.79,2,0.76,0.63,0.55,P2,Team_B,Medium
8064,Medium,0.6,0.31,4,0.69,0.42,0.43,P2,Team_C,Medium
8065,Low,0.3,0.26,2,0.41,0.74,0.46,P3,Team_B,Low
8066,High,0.9,0.4,1,0.5,0.82,0.54,P2,Team_A,Medium
8067,Low,0.3,0.63,4,0.38,0.27,0.45,P2,Team_B,Medium
8068,Medium,0.6,0.08,2,0.8,0.37,0.45,P2,Team_C,Medium
8069,High,0.9,0.67,3,0.67,0.35,0.72,P1,Team_B,High
8070,High,0.9,0.59,4,0.86,0.92,0.58,P2,Team_C,Medium
8071,Medium,0.6,0.15,4,0.78,0.42,0.32,P2,Team_B,Medium
8072,Low,0.3,0.62,4,0.81,0.63,0.44,P2,Team_B,Medium
8073,High,0.9,0.37,3,0.82,0.83,0.46,P2,Team_B,Medium
8074,High,0.9,0.5,3,0.72,0.28,0.83,P2,Team_A,Medium
8075,Medium,0.6,0.4,3,0.4,0.64,0.88,P2,Team_C,Medium
8076,Low,0.3,0.45,1,0.51,0.92,0.35,P2,Team_A,Medium
8077,High,0.9,0.66,1,0.64,0.75,0.47,P1,Team_A,High
8078,Low,0.3,0.1,4,0.33,0.8,0.52,P3,Team_B,Low
8079,Medium,0.6,0.44,2,0.91,0.8,0.71,P2,Team_B,Medium
8080,Low,0.3,0.94,3,0.88,0.55,0.32,P2,Team_C,Medium
8081,Medium,0.6,0.19,4,0.35,0.58,0.4,P2,Team_C,Medium
8082,Medium,0.6,0.15,1,0.69,0.59,0.3,P2,Team_C,Medium
8083,Low,0.3,0.45,4,0.73,0.79,0.36,P2,Team_A,Medium
8084,Low,0.3,0.13,4,0.53,0.68,0.94,P3,Team_A,Low
8085,Medium,0.6,0.65,2,0.37,0.88,0.36,P2,Team_B,Medium
8086,Medium,0.6,0.47,2,0.66,0.78,0.7,P2,Team_A,Medium
8087,High,0.9,0.6,4,0.89,0.61,0.96,P2,Team_A,Medium
8088,Low,0.3,0.19,1,0.92,0.41,0.84,P3,Team_C,Low
8089,Medium,0.6,0.35,3,0.48,0.86,0.94,P2,Team_B,Medium
8090,Medium,0.6,0.68,1,0.81,0.53,0.99,P2,Team_C,Medium
8091,Low,0.3,0.44,1,0.91,0.75,0.52,P2,Team_C,Medium
8092,Medium,0.6,0.28,4,0.84,0.35,0.51,P2,Team_A,Medium
8093,Medium,0.6,0.61,3,0.96,0.68,0.58,P2,Team_B,Medium
8094,Low,0.3,0.19,2,0.72,0.82,0.56,P3,Team_A,Low
8095,Medium,0.6,0.83,1,0.78,0.86,0.98,P2,Team_C,Medium
8096,High,0.9,0.6,3,0.81,0.64,0.88,P2,Team_B,Medium
8097,High,0.9,0.77,1,0.58,0.19,0.75,P1,Team_A,High
8098,Low,0.3,0.75,2,0.74,0.88,0.3,P2,Team_C,Medium
8099,Medium,0.6,0.68,4,0.8,0.7,0.63,P2,Team_A,Medium
8100,Low,0.3,0.05,2,0.96,0.75,0.81,P3,Team_A,Low
8101,Low,0.3,0.59,1,0.6,0.78,0.74,P2,Team_C,Medium
8102,Medium,0.6,0.71,3,0.85,0.88,0.64,P2,Team_A,Medium
8103,Low,0.3,0.45,2,0.92,0.44,0.3,P2,Team_B,Medium
8104,Medium,0.6,0.5,3,0.49,0.83,0.42,P2,Team_A,Medium
8105,High,0.9,0.7,4,0.79,0.37,0.66,P1,Team_C,High
8106,Low,0.3,0.09,4,0.81,0.64,0.79,P3,Team_A,Low
8107,Low,0.3,0.24,2,0.46,0.92,0.8,P3,Team_B,Low
8108,Low,0.3,0.78,1,0.53,0.92,0.75,P2,Team_A,Medium
8109,Medium,0.6,0.41,4,0.58,0.85,0.74,P2,Team_B,Medium
8110,Low,0.3,0.33,3,0.85,0.92,0.4,P3,Team_C,Low
8111,Low,0.3,0.11,4,0.78,0.68,0.76,P3,Team_B,Low
8112,Medium,0.6,0.58,3,0.53,0.69,0.66,P2,Team_C,Medium
8113,High,0.9,0.29,1,0.81,0.3,0.84,P2,Team_B,Medium
8114,Low,0.3,0.86,3,0.86,0.36,0.4,P2,Team_A,Medium
8115,Medium,0.6,0.4,1,0.68,0.45,0.69,P2,Team_C,Medium
8116,High,0.9,0.6,3,0.81,0.51,0.45,P2,Team_A,Medium
8117,Medium,0.6,0.43,4,0.56,0.43,0.9,P2,Team_C,Medium
8118,Medium,0.6,0.34,2,0.66,0.78,0.31,P2,Team_C,Medium
8119,High,0.9,0.82,3,0.64,0.53,0.53,P1,Team_B,High
8120,Medium,0.6,0.22,2,0.77,0.6,0.45,P2,Team_B,Medium
8121,Medium,0.6,0.79,1,0.82,0.73,0.99,P2,Team_C,Medium
8122,Low,0.3,0.7,2,0.49,0.77,0.97,P2,Team_A,Medium
8123,Medium,0.6,0.63,4,0.69,0.87,0.48,P2,Team_A,Medium
8124,High,0.9,0.6,1,0.87,0.87,0.38,P2,Team_A,Medium
8125,Low,0.3,0.26,1,0.9,0.76,0.34,P3,Team_A,Low
8126,Low,0.3,0.68,2,0.49,0.74,0.93,P2,Team_B,Medium
8127,Low,0.3,0.39,4,0.82,0.86,0.87,P3,Team_B,Low
8128,Low,0.3,0.43,3,0.57,0.68,0.36,P2,Team_B,Medium
8129,Low,0.3,0.72,1,0.48,0.76,0.76,P2,Team_A,Medium
8130,Medium,0.6,0.11,4,0.78,0.37,0.45,P2,Team_A,Medium
8131,Low,0.3,0.88,4,0.52,0.2,0.55,P2,Team_B,Medium
8132,Medium,0.6,0.49,1,0.86,0.58,0.86,P2,Team_C,Medium
8133,Medium,0.6,0.36,1,0.7,0.41,0.49,P2,Team_C,Medium
8134,Medium,0.6,0.3,1,0.83,0.8,0.41,P2,Team_B,Medium
8135,Low,0.3,0.14,2,0.74,0.77,0.95,P3,Team_B,Low
8136,Low,0.3,0.32,1,0.61,0.5,0.57,P3,Team_C,Low
8137,High,0.9,0.42,4,0.92,0.71,0.73,P2,Team_C,Medium
8138,High,0.9,0.38,2,0.6,0.72,0.84,P2,Team_B,Medium
8139,Low,0.3,0.27,2,0.59,0.59,0.44,P3,Team_C,Low
8140,Low,0.3,0.64,2,0.77,0.46,0.52,P2,Team_C,Medium
8141,High,0.9,0.6,3,0.63,0.63,0.52,P2,Team_B,Medium
8142,Medium,0.6,0.71,4,0.89,0.75,0.76,P2,Team_B,Medium
8143,High,0.9,0.75,4,0.84,0.77,0.82,P1,Team_C,High
8144,High,0.9,0.48,1,0.92,0.92,0.77,P2,Team_A,Medium
8145,Low,0.3,0.23,2,0.9,0.64,0.74,P3,Team_C,Low
8146,Low,0.3,0.28,1,0.64,0.96,0.39,P3,Team_A,Low
8147,Medium,0.6,0.44,4,0.8,0.6,0.77,P2,Team_B,Medium
8148,High,0.9,0.34,1,0.81,0.47,0.33,P2,Team_C,Medium
8149,Medium,0.6,0.89,4,0.85,0.72,0.57,P2,Team_B,Medium
8150,Low,0.3,0.81,2,0.66,0.59,0.9,P2,Team_C,Medium
8151,Medium,0.6,0.39,4,0.87,0.8,0.86,P2,Team_B,Medium
8152,Medium,0.6,0.21,1,0.34,0.88,0.83,P2,Team_C,Medium
8153,Medium,0.6,0.25,3,0.83,0.48,0.35,P2,Team_C,Medium
8154,Medium,0.6,0.6,3,0.91,0.4,1.0,P2,Team_A,Medium
8155,High,0.9,0.17,1,0.67,0.8,0.93,P2,Team_A,Medium
8156,High,0.9,0.41,2,0.82,0.79,0.34,P2,Team_C,Medium
8157,Low,0.3,0.77,1,0.7,0.99,0.5,P2,Team_C,Medium
8158,Low,0.3,0.26,4,0.73,0.85,0.99,P3,Team_C,Low
8159,Medium,0.6,0.34,2,0.24,0.38,0.98,P2,Team_B,Medium
8160,Medium,0.6,0.49,2,0.68,0.42,0.41,P2,Team_B,Medium
8161,Medium,0.6,0.85,2,0.75,0.57,0.75,P2,Team_C,Medium
8162,Medium,0.6,0.38,4,0.5,0.76,0.65,P2,Team_B,Medium
8163,Medium,0.6,0.39,2,0.76,0.67,0.35,P2,Team_B,Medium
8164,Low,0.3,0.42,3,0.61,0.44,0.62,P2,Team_C,Medium
8165,Low,0.3,0.64,2,0.91,0.7,0.65,P2,Team_C,Medium
8166,Low,0.3,0.73,2,0.7,0.6,0.98,P2,Team_A,Medium
8167,Medium,0.6,0.58,4,0.85,0.39,0.42,P2,Team_B,Medium
8168,Low,0.3,0.11,4,0.65,0.37,0.31,P3,Team_A,Low
8169,Medium,0.6,0.36,1,0.82,0.72,0.53,P2,Team_B,Medium
8170,High,0.9,0.85,3,0.95,0.46,0.77,P1,Team_C,High
8171,Low,0.3,0.49,1,0.7,0.8,0.82,P2,Team_C,Medium
8172,Low,0.3,0.29,1,0.6,0.48,0.93,P3,Team_A,Low
8173,High,0.9,0.07,3,0.96,0.54,0.44,P2,Team_A,Medium
8174,Low,0.3,0.12,1,0.74,0.77,0.57,P3,Team_C,Low
8175,High,0.9,0.88,4,0.51,0.65,0.7,P1,Team_B,High
8176,Low,0.3,0.9,2,0.83,0.77,0.39,P2,Team_C,Medium
8177,Medium,0.6,0.12,4,0.86,0.73,0.63,P2,Team_B,Medium
8178,Low,0.3,0.61,3,0.83,0.48,0.97,P2,Team_A,Medium
8179,High,0.9,0.42,1,0.73,0.83,0.75,P2,Team_A,Medium
8180,High,0.9,0.39,1,0.88,0.38,0.79,P2,Team_C,Medium
8181,Low,0.3,0.16,4,0.24,0.36,0.68,P3,Team_B,Low
8182,Medium,0.6,0.41,2,0.72,0.87,0.81,P2,Team_C,Medium
8183,Low,0.3,0.68,1,0.83,0.8,0.55,P2,Team_B,Medium
8184,Low,0.3,0.64,1,0.75,0.92,0.62,P2,Team_B,Medium
8185,Medium,0.6,0.09,1,0.51,0.67,0.88,P2,Team_A,Medium
8186,High,0.9,0.59,2,0.71,0.45,0.6,P2,Team_A,Medium
8187,Low,0.3,0.84,1,0.99,0.34,0.83,P2,Team_A,Medium
8188,Low,0.3,0.67,4,0.93,0.8,0.81,P2,Team_A,Medium
8189,Medium,0.6,0.58,4,0.72,0.59,0.74,P2,Team_C,Medium
8190,High,0.9,0.57,4,0.78,0.75,0.69,P2,Team_A,Medium
8191,Low,0.3,0.58,4,0.42,0.81,0.65,P2,Team_C,Medium
8192,Low,0.3,0.29,2,0.37,0.6,0.57,P3,Team_A,Low
8193,Low,0.3,0.61,3,0.8,0.61,0.32,P2,Team_C,Medium
8194,Low,0.3,0.68,1,0.75,0.41,0.6,P2,Team_C,Medium
8195,Medium,0.6,0.74,2,0.84,0.42,0.58,P2,Team_B,Medium
8196,High,0.9,0.8,3,0.68,0.83,0.54,P1,Team_A,High
8197,Low,0.3,0.06,4,0.68,0.7,0.71,P3,Team_B,Low
8198,Low,0.3,0.23,2,0.88,0.62,0.56,P3,Team_B,Low
8199,Low,0.3,0.76,2,0.79,0.63,0.82,P2,Team_C,Medium
8200,Medium,0.6,0.74,1,0.66,0.86,0.48,P2,Team_A,Medium
8201,Low,0.3,0.69,4,0.79,0.69,0.53,P2,Team_B,Medium
8202,High,0.9,0.78,3,0.92,0.3,0.42,P1,Team_B,High
8203,Low,0.3,0.54,1,0.88,0.87,0.73,P2,Team_A,Medium
8204,Low,0.3,0.64,2,0.56,0.77,0.47,P2,Team_A,Medium
8205,Low,0.3,0.03,2,0.82,0.24,0.77,P3,Team_B,Low
8206,Medium,0.6,0.82,2,0.72,0.89,0.4,P2,Team_C,Medium
8207,Medium,0.6,0.09,2,0.81,0.69,0.94,P2,Team_B,Medium
8208,Low,0.3,0.58,1,0.84,0.49,0.74,P2,Team_B,Medium
8209,Low,0.3,0.48,2,0.58,0.93,0.52,P2,Team_B,Medium
8210,High,0.9,0.12,3,0.91,0.89,0.45,P2,Team_C,Medium
8211,High,0.9,0.34,3,0.56,0.78,0.38,P2,Team_C,Medium
8212,High,0.9,0.18,1,0.37,0.39,0.94,P2,Team_C,Medium
8213,Low,0.3,0.53,2,0.95,0.87,0.53,P2,Team_B,Medium
8214,Medium,0.6,0.71,2,0.89,0.7,0.76,P2,Team_A,Medium
8215,Low,0.3,0.82,1,0.67,0.53,0.3,P2,Team_A,Medium
8216,Low,0.3,0.65,3,0.91,0.44,0.99,P2,Team_A,Medium
8217,Low,0.3,0.38,2,0.36,0.67,0.88,P3,Team_C,Low
8218,Low,0.3,0.54,3,0.67,0.81,0.9,P2,Team_A,Medium
8219,Low,0.3,0.57,4,0.63,0.55,0.4,P2,Team_C,Medium
8220,Medium,0.6,0.33,2,0.61,0.58,0.83,P2,Team_C,Medium
8221,Medium,0.6,0.65,2,0.71,0.25,0.73,P2,Team_C,Medium
8222,High,0.9,0.35,2,0.47,0.86,0.73,P2,Team_C,Medium
8223,Low,0.3,0.77,3,0.89,0.21,0.72,P2,Team_C,Medium
8224,High,0.9,0.35,1,0.82,0.2,0.31,P2,Team_C,Medium
8225,High,0.9,0.37,4,0.51,0.62,0.52,P2,Team_C,Medium
8226,Medium,0.6,0.54,4,0.87,0.32,0.68,P2,Team_B,Medium
8227,Medium,0.6,0.43,1,0.84,0.89,0.63,P2,Team_B,Medium
8228,Low,0.3,0.43,4,0.44,0.71,0.3,P2,Team_B,Medium
8229,Low,0.3,0.2,3,0.65,0.74,0.72,P3,Team_B,Low
8230,Medium,0.6,0.24,3,0.85,0.58,0.71,P2,Team_B,Medium
8231,Medium,0.6,0.18,4,0.68,0.62,0.89,P2,Team_A,Medium
8232,Medium,0.6,0.72,1,0.73,0.86,0.94,P2,Team_B,Medium
8233,Low,0.3,0.58,4,0.96,0.52,0.48,P2,Team_B,Medium
8234,High,0.9,0.73,2,0.76,0.58,0.71,P1,Team_A,High
8235,Low,0.3,0.53,1,0.9,0.72,0.42,P2,Team_A,Medium
8236,Medium,0.6,0.59,3,0.69,0.65,0.49,P2,Team_B,Medium
8237,Medium,0.6,0.66,3,0.58,0.84,0.48,P2,Team_A,Medium
8238,Low,0.3,0.62,4,0.76,0.71,0.33,P2,Team_B,Medium
8239,Low,0.3,0.11,2,0.67,0.68,0.83,P3,Team_C,Low
8240,Low,0.3,0.39,4,0.36,0.58,0.71,P3,Team_C,Low
8241,High,0.9,0.38,4,0.93,0.95,0.73,P2,Team_B,Medium
8242,High,0.9,0.61,3,0.78,0.23,0.71,P1,Team_C,High
8243,High,0.9,0.84,1,0.8,0.62,0.93,P1,Team_A,High
8244,Low,0.3,0.92,1,0.64,0.77,0.69,P2,Team_B,Medium
8245,Medium,0.6,0.91,2,0.82,0.81,0.96,P2,Team_C,Medium
8246,Low,0.3,0.59,3,0.77,0.51,0.95,P2,Team_A,Medium
8247,High,0.9,0.54,4,0.8,0.64,0.57,P2,Team_B,Medium
8248,Medium,0.6,0.37,4,0.7,0.66,0.5,P2,Team_B,Medium
8249,Medium,0.6,0.78,1,0.79,0.79,0.62,P2,Team_A,Medium
8250,Medium,0.6,0.31,2,0.51,0.52,0.59,P2,Team_C,Medium
8251,Low,0.3,0.32,1,0.58,0.39,0.9,P3,Team_B,Low
8252,High,0.9,0.65,4,0.84,0.86,0.4,P1,Team_C,High
8253,Low,0.3,0.46,2,0.4,0.8,0.99,P2,Team_C,Medium
8254,Low,0.3,0.37,4,0.82,0.71,0.85,P3,Team_C,Low
8255,Low,0.3,0.57,1,0.7,0.53,0.35,P2,Team_B,Medium
8256,Medium,0.6,0.43,4,0.74,0.99,0.38,P2,Team_A,Medium
8257,High,0.9,0.26,4,0.85,0.79,0.83,P2,Team_B,Medium
8258,Low,0.3,0.05,2,0.83,0.77,0.89,P3,Team_A,Low
8259,Medium,0.6,0.52,2,0.65,0.72,0.82,P2,Team_C,Medium
8260,Low,0.3,0.38,3,0.79,0.92,0.82,P3,Team_B,Low
8261,High,0.9,0.36,1,0.88,0.72,0.55,P2,Team_C,Medium
8262,Low,0.3,0.17,3,0.8,0.74,0.68,P3,Team_C,Low
8263,High,0.9,0.46,3,0.94,0.55,0.73,P2,Team_A,Medium
8264,Medium,0.6,0.38,2,0.8,0.67,0.6,P2,Team_A,Medium
8265,Low,0.3,0.27,1,0.75,0.32,0.85,P3,Team_B,Low
8266,High,0.9,0.85,4,0.35,0.87,0.7,P1,Team_A,High
8267,Low,0.3,0.27,2,0.76,0.61,0.81,P3,Team_B,Low
8268,High,0.9,0.6,1,0.86,0.35,0.82,P2,Team_C,Medium
8269,Medium,0.6,0.75,3,0.8,0.79,0.52,P2,Team_B,Medium
8270,Low,0.3,0.6,1,0.35,0.92,0.88,P2,Team_A,Medium
8271,Low,0.3,0.41,4,0.68,0.33,0.45,P2,Team_A,Medium
8272,Medium,0.6,0.21,4,0.71,0.31,0.79,P2,Team_A,Medium
8273,Low,0.3,0.61,1,0.58,0.87,0.47,P2,Team_C,Medium
8274,Medium,0.6,0.69,2,0.64,0.68,0.83,P2,Team_C,Medium
8275,Low,0.3,0.1,2,0.45,0.78,0.5,P3,Team_C,Low
8276,Medium,0.6,0.77,3,0.76,0.76,0.34,P2,Team_A,Medium
8277,High,0.9,0.24,3,0.88,0.56,0.6,P2,Team_B,Medium
8278,Medium,0.6,0.07,1,0.69,0.89,0.35,P2,Team_A,Medium
8279,Medium,0.6,0.62,1,0.75,0.57,0.46,P2,Team_C,Medium
8280,Low,0.3,0.4,4,0.52,0.45,0.74,P2,Team_C,Medium
8281,High,0.9,0.75,4,0.86,0.76,0.55,P1,Team_A,High
8282,High,0.9,0.55,2,0.79,0.72,0.73,P2,Team_C,Medium
8283,Low,0.3,0.3,2,0.22,0.89,0.52,P3,Team_C,Low
8284,Medium,0.6,0.49,3,0.7,0.66,0.45,P2,Team_C,Medium
8285,Low,0.3,0.34,2,0.53,0.68,0.58,P3,Team_A,Low
8286,Medium,0.6,0.45,2,0.85,0.91,0.92,P2,Team_A,Medium
8287,High,0.9,0.63,4,0.81,0.81,0.71,P1,Team_C,High
8288,Low,0.3,0.71,2,0.55,0.59,0.92,P2,Team_A,Medium
8289,Medium,0.6,0.31,1,0.69,0.69,0.71,P2,Team_C,Medium
8290,Low,0.3,0.47,1,0.88,0.44,0.61,P2,Team_B,Medium
8291,High,0.9,0.23,3,0.64,0.78,0.54,P2,Team_B,Medium
8292,Medium,0.6,0.17,4,0.68,0.9,0.33,P2,Team_B,Medium
8293,Medium,0.6,0.49,1,0.83,0.49,0.56,P2,Team_A,Medium
8294,Medium,0.6,0.86,4,0.61,0.8,0.78,P2,Team_A,Medium
8295,High,0.9,0.67,1,0.54,0.72,0.31,P1,Team_C,High
8296,High,0.9,0.23,3,0.79,0.95,0.45,P2,Team_C,Medium
8297,Low,0.3,0.12,2,0.87,0.91,0.66,P3,Team_A,Low
8298,Medium,0.6,0.64,3,0.56,0.93,0.48,P2,Team_A,Medium
8299,High,0.9,0.68,2,0.83,0.9,0.4,P1,Team_B,High
8300,Low,0.3,0.31,2,0.94,0.52,0.9,P3,Team_C,Low
8301,Medium,0.6,0.35,3,0.76,0.97,0.89,P2,Team_A,Medium
8302,Medium,0.6,0.42,3,0.55,0.47,0.61,P2,Team_B,Medium
8303,Low,0.3,0.76,3,0.78,0.41,0.64,P2,Team_B,Medium
8304,High,0.9,0.19,1,0.78,0.35,0.53,P2,Team_C,Medium
8305,High,0.9,0.11,4,0.87,0.93,0.43,P2,Team_C,Medium
8306,Low,0.3,0.53,2,0.72,0.81,0.43,P2,Team_C,Medium
8307,Medium,0.6,0.29,1,0.64,0.75,0.84,P2,Team_A,Medium
8308,Low,0.3,0.23,1,0.92,0.41,0.32,P3,Team_B,Low
8309,Medium,0.6,0.42,4,0.64,0.64,0.58,P2,Team_B,Medium
8310,Low,0.3,0.5,3,0.64,0.84,0.52,P2,Team_C,Medium
8311,Medium,0.6,0.61,1,0.86,0.78,0.54,P2,Team_A,Medium
8312,Low,0.3,0.57,2,0.69,0.76,0.69,P2,Team_A,Medium
8313,Low,0.3,0.48,3,0.66,0.12,0.81,P2,Team_A,Medium
8314,Low,0.3,0.67,1,0.91,0.68,0.76,P2,Team_C,Medium
8315,Medium,0.6,0.49,1,0.85,0.54,0.49,P2,Team_A,Medium
8316,High,0.9,0.35,4,0.92,0.69,0.47,P2,Team_A,Medium
8317,Low,0.3,0.18,2,0.49,0.92,0.99,P3,Team_B,Low
8318,Low,0.3,0.36,2,0.7,0.73,0.78,P3,Team_A,Low
8319,Medium,0.6,0.84,1,0.72,0.35,0.85,P2,Team_A,Medium
8320,Low,0.3,0.56,1,0.66,0.75,0.37,P2,Team_A,Medium
8321,High,0.9,0.37,1,0.81,0.29,0.36,P2,Team_A,Medium
8322,Low,0.3,0.56,2,0.4,0.7,0.31,P2,Team_A,Medium
8323,Medium,0.6,0.39,4,0.68,0.54,0.61,P2,Team_A,Medium
8324,Medium,0.6,0.54,4,0.25,0.73,0.78,P2,Team_A,Medium
8325,Medium,0.6,0.3,1,0.68,0.53,0.32,P2,Team_B,Medium
8326,Medium,0.6,0.55,2,0.88,0.85,0.75,P2,Team_B,Medium
8327,Medium,0.6,0.57,2,0.82,0.25,0.39,P2,Team_C,Medium
8328,High,0.9,0.44,2,0.71,0.63,0.42,P2,Team_B,Medium
8329,Medium,0.6,0.86,3,0.64,0.68,0.85,P2,Team_A,Medium
8330,Low,0.3,0.42,2,0.39,0.81,0.65,P2,Team_A,Medium
8331,Low,0.3,0.63,4,0.64,0.67,0.88,P2,Team_B,Medium
8332,Low,0.3,0.35,3,0.83,0.95,1.0,P3,Team_B,Low
8333,Medium,0.6,0.89,3,0.67,0.68,0.69,P2,Team_B,Medium
8334,Low,0.3,0.29,1,0.61,0.58,0.84,P3,Team_B,Low
8335,Medium,0.6,0.53,4,0.69,0.56,0.87,P2,Team_A,Medium
8336,Low,0.3,0.69,4,0.51,0.78,0.33,P2,Team_C,Medium
8337,Low,0.3,0.68,1,0.79,0.66,0.39,P2,Team_B,Medium
8338,Medium,0.6,0.55,4,0.58,0.88,0.72,P2,Team_C,Medium
8339,Medium,0.6,0.61,4,0.24,0.56,0.72,P2,Team_B,Medium
8340,High,0.9,0.37,1,0.65,0.42,0.6,P2,Team_C,Medium
8341,Medium,0.6,0.16,4,0.69,0.62,0.41,P2,Team_C,Medium
8342,Low,0.3,0.39,4,0.62,0.52,1.0,P3,Team_A,Low
8343,Medium,0.6,0.19,1,0.89,0.59,1.0,P2,Team_B,Medium
8344,Medium,0.6,0.7,2,0.55,0.38,0.63,P2,Team_C,Medium
8345,High,0.9,0.8,3,0.43,0.66,0.44,P1,Team_C,High
8346,Low,0.3,0.74,2,0.77,0.95,0.34,P2,Team_A,Medium
8347,Low,0.3,0.68,3,0.59,0.88,0.52,P2,Team_A,Medium
8348,High,0.9,0.29,3,0.5,0.63,0.89,P2,Team_C,Medium
8349,Low,0.3,0.86,2,0.67,0.74,0.88,P2,Team_C,Medium
8350,Medium,0.6,0.17,1,0.9,0.27,0.92,P2,Team_C,Medium
8351,Medium,0.6,0.28,2,0.78,0.9,0.76,P2,Team_B,Medium
8352,Medium,0.6,0.12,1,0.91,0.42,0.85,P2,Team_B,Medium
8353,Low,0.3,0.54,4,0.87,0.91,0.44,P2,Team_A,Medium
8354,Medium,0.6,0.86,2,0.48,0.68,0.64,P2,Team_A,Medium
8355,Medium,0.6,0.83,4,0.61,0.72,0.51,P2,Team_A,Medium
8356,Medium,0.6,0.22,1,0.75,0.92,0.37,P2,Team_B,Medium
8357,Low,0.3,0.66,2,0.85,0.33,0.79,P2,Team_A,Medium
8358,High,0.9,0.85,2,0.82,0.72,0.8,P1,Team_C,High
8359,Medium,0.6,0.87,2,0.48,0.79,0.36,P2,Team_B,Medium
8360,High,0.9,0.94,4,0.92,0.66,0.55,P1,Team_B,High
8361,Medium,0.6,0.54,1,0.68,0.51,0.62,P2,Team_B,Medium
8362,Medium,0.6,0.55,4,0.73,0.96,0.99,P2,Team_C,Medium
8363,Medium,0.6,0.62,3,0.5,0.6,0.74,P2,Team_A,Medium
8364,Low,0.3,0.63,1,0.67,0.54,0.66,P2,Team_A,Medium
8365,Low,0.3,0.43,4,0.46,0.95,0.53,P2,Team_C,Medium
8366,High,0.9,0.12,2,0.43,0.51,0.97,P2,Team_B,Medium
8367,High,0.9,0.72,4,0.89,0.55,0.96,P1,Team_B,High
8368,High,0.9,0.84,3,0.78,0.61,0.71,P1,Team_C,High
8369,Medium,0.6,0.39,4,0.8,0.73,0.96,P2,Team_B,Medium
8370,High,0.9,0.9,4,0.77,0.83,0.99,P1,Team_C,High
8371,Medium,0.6,0.45,3,0.9,0.94,0.84,P2,Team_B,Medium
8372,Medium,0.6,0.87,2,0.57,0.95,0.93,P2,Team_A,Medium
8373,High,0.9,0.59,1,0.79,0.9,0.42,P2,Team_A,Medium
8374,Low,0.3,0.94,1,0.62,0.76,0.63,P2,Team_A,Medium
8375,Medium,0.6,0.24,1,0.97,0.58,0.66,P2,Team_C,Medium
8376,High,0.9,0.36,2,0.92,0.54,0.43,P2,Team_B,Medium
8377,Low,0.3,0.45,3,0.89,0.88,0.53,P2,Team_A,Medium
8378,Low,0.3,0.78,2,0.35,0.82,0.32,P2,Team_C,Medium
8379,Medium,0.6,0.44,3,0.67,0.51,0.87,P2,Team_A,Medium
8380,Low,0.3,0.73,4,0.52,0.84,0.96,P2,Team_C,Medium
8381,High,0.9,0.56,2,0.74,0.77,0.94,P2,Team_C,Medium
8382,Low,0.3,0.77,4,0.73,0.44,0.37,P2,Team_C,Medium
8383,High,0.9,0.76,2,0.6,0.67,0.62,P1,Team_A,High
8384,Medium,0.6,0.49,3,0.41,0.73,0.74,P2,Team_C,Medium
8385,High,0.9,0.54,4,0.83,0.59,0.79,P2,Team_B,Medium
8386,Medium,0.6,0.71,1,0.62,0.85,0.37,P2,Team_A,Medium
8387,Low,0.3,0.21,4,0.93,0.73,0.59,P3,Team_C,Low
8388,Low,0.3,0.2,3,0.94,0.48,0.9,P3,Team_A,Low
8389,High,0.9,0.31,1,0.91,0.99,0.87,P2,Team_C,Medium
8390,Medium,0.6,0.53,4,0.45,0.63,0.7,P2,Team_A,Medium
8391,High,0.9,0.53,3,0.41,0.73,0.99,P2,Team_B,Medium
8392,High,0.9,0.63,2,0.91,0.65,0.63,P1,Team_C,High
8393,Medium,0.6,0.92,4,0.47,0.75,0.53,P2,Team_C,Medium
8394,Medium,0.6,0.35,2,0.85,0.39,0.65,P2,Team_A,Medium
8395,Medium,0.6,0.86,4,0.49,0.4,0.4,P2,Team_B,Medium
8396,Low,0.3,0.18,2,0.54,0.77,0.36,P3,Team_A,Low
8397,Low,0.3,0.65,1,0.77,0.64,0.97,P2,Team_C,Medium
8398,Medium,0.6,0.76,2,0.54,0.63,0.99,P2,Team_C,Medium
8399,Low,0.3,0.79,2,0.83,0.48,0.67,P2,Team_C,Medium
8400,Low,0.3,0.42,3,0.85,0.52,0.66,P2,Team_A,Medium
8401,High,0.9,0.36,4,0.62,0.65,0.7,P2,Team_A,Medium
8402,Medium,0.6,0.54,4,0.79,0.71,0.32,P2,Team_A,Medium
8403,Medium,0.6,0.62,2,0.89,0.65,0.77,P2,Team_C,Medium
8404,Low,0.3,0.3,2,0.73,0.76,0.34,P3,Team_C,Low
8405,High,0.9,0.77,4,0.88,0.86,0.62,P1,Team_B,High
8406,Low,0.3,0.45,2,0.63,0.81,0.66,P2,Team_C,Medium
8407,Medium,0.6,0.43,4,0.87,0.88,1.0,P2,Team_B,Medium
8408,High,0.9,0.89,2,0.82,0.79,0.62,P1,Team_C,High
8409,Low,0.3,0.08,2,0.74,0.87,0.82,P3,Team_C,Low
8410,Medium,0.6,0.36,3,0.73,0.68,0.93,P2,Team_B,Medium
8411,Low,0.3,0.51,3,0.95,0.88,0.81,P2,Team_A,Medium
8412,Low,0.3,0.16,3,0.67,0.81,0.45,P3,Team_B,Low
8413,Medium,0.6,0.22,3,0.64,0.5,0.78,P2,Team_A,Medium
8414,Medium,0.6,0.31,1,0.77,0.96,0.55,P2,Team_C,Medium
8415,Medium,0.6,0.81,4,0.48,0.83,0.45,P2,Team_C,Medium
8416,Medium,0.6,0.6,3,0.59,0.55,0.38,P2,Team_C,Medium
8417,Medium,0.6,0.8,2,0.5,0.61,0.78,P2,Team_B,Medium
8418,Low,0.3,0.44,1,0.58,0.76,0.52,P2,Team_A,Medium
8419,Medium,0.6,0.6,1,0.78,0.59,0.78,P2,Team_C,Medium
8420,Low,0.3,0.72,4,0.93,0.67,0.98,P2,Team_B,Medium
8421,High,0.9,0.65,1,0.65,0.51,0.37,P1,Team_A,High
8422,High,0.9,0.73,4,0.76,0.9,0.63,P1,Team_A,High
8423,Low,0.3,0.68,1,0.71,0.71,0.85,P2,Team_C,Medium
8424,Low,0.3,0.58,2,0.88,0.73,0.99,P2,Team_C,Medium
8425,Low,0.3,0.3,3,0.61,0.55,0.75,P3,Team_A,Low
8426,High,0.9,0.38,2,0.84,0.68,0.82,P2,Team_B,Medium
8427,Low,0.3,0.46,4,0.67,0.86,0.81,P2,Team_A,Medium
8428,Medium,0.6,0.67,4,0.72,0.89,0.82,P2,Team_B,Medium
8429,High,0.9,0.84,3,0.82,0.65,0.78,P1,Team_B,High
8430,Medium,0.6,0.53,4,0.82,0.42,0.33,P2,Team_B,Medium
8431,Low,0.3,0.3,3,0.6,0.42,0.64,P3,Team_C,Low
8432,Low,0.3,0.46,3,0.47,0.58,0.73,P2,Team_C,Medium
8433,Medium,0.6,0.31,4,0.6,0.81,0.32,P2,Team_C,Medium
8434,Medium,0.6,0.59,3,0.58,0.95,0.85,P2,Team_C,Medium
8435,High,0.9,0.36,4,0.7,0.92,0.94,P2,Team_B,Medium
8436,Medium,0.6,0.61,4,0.71,0.6,0.96,P2,Team_B,Medium
8437,Low,0.3,0.24,3,0.64,0.62,0.7,P3,Team_A,Low
8438,High,0.9,0.75,4,0.92,0.91,0.73,P1,Team_C,High
8439,High,0.9,0.25,3,0.57,0.77,0.86,P2,Team_C,Medium
8440,Low,0.3,0.61,2,0.74,0.71,0.86,P2,Team_A,Medium
8441,High,0.9,0.55,4,0.95,0.49,0.96,P2,Team_A,Medium
8442,Low,0.3,0.25,2,0.65,0.53,0.93,P3,Team_B,Low
8443,High,0.9,0.16,4,0.18,0.66,0.36,P2,Team_A,Medium
8444,Low,0.3,0.29,4,0.65,0.78,0.84,P3,Team_C,Low
8445,Low,0.3,0.82,2,0.47,0.95,0.93,P2,Team_B,Medium
8446,Low,0.3,0.31,3,0.86,0.42,0.5,P3,Team_B,Low
8447,Medium,0.6,0.46,1,0.55,0.82,0.81,P2,Team_C,Medium
8448,Low,0.3,0.65,1,0.88,0.16,0.99,P2,Team_C,Medium
8449,High,0.9,0.41,2,0.77,0.65,0.62,P2,Team_A,Medium
8450,Low,0.3,0.27,1,0.89,0.73,0.85,P3,Team_A,Low
8451,Low,0.3,0.24,1,0.7,0.54,0.87,P3,Team_B,Low
8452,Low,0.3,0.43,3,0.72,0.46,0.69,P2,Team_A,Medium
8453,High,0.9,0.16,3,0.59,0.68,0.41,P2,Team_B,Medium
8454,Medium,0.6,0.9,2,0.51,0.61,0.8,P2,Team_B,Medium
8455,Medium,0.6,0.56,4,0.93,0.69,0.98,P2,Team_C,Medium
8456,Medium,0.6,0.84,3,0.7,0.54,0.51,P2,Team_C,Medium
8457,High,0.9,0.64,3,0.69,0.31,0.72,P1,Team_C,High
8458,High,0.9,0.79,4,0.78,0.72,0.69,P1,Team_A,High
8459,Low,0.3,0.68,3,0.73,0.53,0.44,P2,Team_C,Medium
8460,Medium,0.6,0.12,3,0.79,0.66,0.34,P2,Team_B,Medium
8461,Medium,0.6,0.36,4,0.71,0.84,0.85,P2,Team_C,Medium
8462,High,0.9,0.6,3,0.5,0.68,0.48,P2,Team_A,Medium
8463,High,0.9,0.63,3,0.81,0.5,0.9,P1,Team_C,High
8464,Medium,0.6,0.43,3,0.81,0.81,0.32,P2,Team_A,Medium
8465,High,0.9,0.27,2,0.87,0.82,0.77,P2,Team_B,Medium
8466,Medium,0.6,0.85,3,0.69,0.82,0.53,P2,Team_C,Medium
8467,High,0.9,0.45,2,0.81,0.9,0.52,P2,Team_A,Medium
8468,Medium,0.6,0.72,4,0.54,0.47,0.89,P2,Team_C,Medium
8469,Medium,0.6,0.13,4,0.55,0.8,0.86,P2,Team_C,Medium
8470,Low,0.3,0.33,3,0.84,0.61,0.64,P3,Team_C,Low
8471,Low,0.3,0.03,2,0.75,0.74,0.74,P3,Team_C,Low
8472,High,0.9,0.51,3,0.91,0.77,0.6,P2,Team_A,Medium
8473,Medium,0.6,0.72,2,0.86,0.54,0.98,P2,Team_B,Medium
8474,Low,0.3,0.6,3,0.85,0.61,0.8,P2,Team_B,Medium
8475,Medium,0.6,0.43,3,0.77,0.73,0.94,P2,Team_B,Medium
8476,High,0.9,0.54,2,0.58,0.51,0.83,P2,Team_C,Medium
8477,Low,0.3,0.39,1,0.88,0.8,0.5,P3,Team_A,Low
8478,High,0.9,0.53,1,0.5,0.79,0.68,P2,Team_C,Medium
8479,High,0.9,0.19,1,0.53,0.78,0.39,P2,Team_B,Medium
8480,Low,0.3,0.84,4,0.91,0.22,0.35,P2,Team_A,Medium
8481,Low,0.3,0.3,3,0.84,0.98,0.97,P3,Team_A,Low
8482,Low,0.3,0.41,3,0.91,0.56,0.34,P2,Team_C,Medium
8483,Low,0.3,0.27,1,0.88,0.82,0.85,P3,Team_B,Low
8484,Low,0.3,0.61,4,0.66,0.74,0.42,P2,Team_A,Medium
8485,Low,0.3,0.62,2,0.63,0.92,0.54,P2,Team_C,Medium
8486,High,0.9,0.2,3,0.58,0.72,0.68,P2,Team_C,Medium
8487,Medium,0.6,0.75,1,0.67,0.63,0.88,P2,Team_C,Medium
8488,Low,0.3,0.32,1,0.81,0.69,0.32,P3,Team_C,Low
8489,Medium,0.6,0.25,3,0.54,0.58,0.91,P2,Team_C,Medium
8490,Low,0.3,0.67,4,0.46,0.77,0.52,P2,Team_B,Medium
8491,Medium,0.6,0.99,1,0.69,0.88,0.46,P2,Team_C,Medium
8492,Low,0.3,0.83,3,0.24,0.55,0.74,P2,Team_A,Medium
8493,Low,0.3,0.85,4,0.49,0.8,0.33,P2,Team_C,Medium
8494,Low,0.3,0.23,4,0.9,0.44,0.38,P3,Team_A,Low
8495,Medium,0.6,0.63,4,0.5,0.41,0.49,P2,Team_B,Medium
8496,Medium,0.6,0.18,3,0.49,0.66,0.37,P2,Team_B,Medium
8497,Medium,0.6,0.47,3,0.68,0.81,0.43,P2,Team_C,Medium
8498,High,0.9,0.01,4,0.87,0.41,0.69,P2,Team_B,Medium
8499,Low,0.3,0.28,4,0.48,0.62,0.5,P3,Team_B,Low
8500,High,0.9,0.75,2,0.77,0.68,0.81,P1,Team_B,High
8501,High,0.9,0.86,4,0.51,0.86,0.37,P1,Team_C,High
8502,Low,0.3,0.76,2,0.8,0.68,0.63,P2,Team_B,Medium
8503,Medium,0.6,0.23,3,0.93,0.75,0.99,P2,Team_A,Medium
8504,Low,0.3,0.34,3,0.51,0.51,0.43,P3,Team_A,Low
8505,Low,0.3,0.5,4,0.72,0.98,0.89,P2,Team_C,Medium
8506,Low,0.3,0.51,3,0.9,0.43,0.7,P2,Team_B,Medium
8507,Medium,0.6,0.7,2,0.84,0.95,0.68,P2,Team_A,Medium
8508,Medium,0.6,0.24,3,0.92,0.78,0.33,P2,Team_A,Medium
8509,Low,0.3,0.78,2,0.81,0.62,0.69,P2,Team_B,Medium
8510,Low,0.3,0.63,2,0.74,0.67,0.82,P2,Team_C,Medium
8511,Medium,0.6,0.88,1,0.83,0.59,0.46,P2,Team_C,Medium
8512,Medium,0.6,0.18,4,0.8,0.7,0.32,P2,Team_C,Medium
8513,Low,0.3,0.57,3,0.82,0.58,0.56,P2,Team_B,Medium
8514,Medium,0.6,0.89,1,0.72,0.54,0.44,P2,Team_A,Medium
8515,High,0.9,0.37,1,0.83,0.75,0.55,P2,Team_A,Medium
8516,High,0.9,0.48,4,0.78,0.9,0.77,P2,Team_A,Medium
8517,Medium,0.6,0.33,3,0.6,0.75,0.84,P2,Team_A,Medium
8518,High,0.9,0.42,2,0.52,0.64,0.94,P2,Team_C,Medium
8519,Medium,0.6,0.86,4,0.68,0.53,0.52,P2,Team_A,Medium
8520,High,0.9,0.62,4,0.92,0.66,0.87,P1,Team_C,High
8521,High,0.9,0.83,4,0.65,0.84,0.48,P1,Team_B,High
8522,Medium,0.6,0.38,3,0.67,0.68,0.5,P2,Team_A,Medium
8523,Medium,0.6,0.57,4,0.38,0.51,0.82,P2,Team_C,Medium
8524,Medium,0.6,0.17,2,0.59,0.76,0.31,P2,Team_A,Medium
8525,Medium,0.6,0.55,1,0.8,0.85,0.53,P2,Team_A,Medium
8526,Low,0.3,0.62,2,0.74,0.72,0.35,P2,Team_C,Medium
8527,High,0.9,0.84,4,0.61,0.58,0.72,P1,Team_A,High
8528,High,0.9,0.42,4,0.71,0.71,0.52,P2,Team_A,Medium
8529,High,0.9,0.84,1,0.84,0.73,0.41,P1,Team_A,High
8530,Low,0.3,0.54,3,0.64,0.8,0.76,P2,Team_A,Medium
8531,Low,0.3,0.03,1,0.63,0.5,0.95,P3,Team_C,Low
8532,Medium,0.6,0.4,3,0.83,0.73,0.32,P2,Team_A,Medium
8533,High,0.9,0.29,2,0.88,0.54,0.84,P2,Team_B,Medium
8534,High,0.9,0.63,3,0.6,0.52,0.7,P1,Team_B,High
8535,Medium,0.6,0.51,1,0.77,0.93,0.52,P2,Team_B,Medium
8536,Low,0.3,0.29,1,0.62,0.72,0.4,P3,Team_B,Low
8537,Low,0.3,0.27,2,0.87,0.71,0.64,P3,Team_A,Low
8538,Medium,0.6,0.68,3,0.44,0.44,0.3,P2,Team_C,Medium
8539,High,0.9,0.65,1,0.53,0.72,0.37,P1,Team_A,High
8540,Medium,0.6,0.49,4,0.8,0.34,0.5,P2,Team_C,Medium
8541,High,0.9,0.61,2,0.42,0.6,0.5,P1,Team_C,High
8542,Low,0.3,0.66,2,0.69,0.77,0.55,P2,Team_A,Medium
8543,High,0.9,0.37,3,0.51,0.91,0.95,P2,Team_B,Medium
8544,Medium,0.6,0.87,1,0.79,0.24,0.66,P2,Team_C,Medium
8545,Low,0.3,0.24,2,0.91,0.69,0.67,P3,Team_C,Low
8546,Low,0.3,0.07,3,0.8,0.64,0.55,P3,Team_B,Low
8547,Medium,0.6,0.65,2,0.84,0.69,0.6,P2,Team_B,Medium
8548,Low,0.3,0.3,2,0.52,0.54,0.89,P3,Team_B,Low
8549,Medium,0.6,0.32,1,0.96,0.88,0.35,P2,Team_B,Medium
8550,High,0.9,0.29,1,0.91,0.82,0.8,P2,Team_A,Medium
8551,Medium,0.6,0.51,1,0.6,0.69,0.98,P2,Team_B,Medium
8552,Medium,0.6,0.42,1,0.53,0.51,0.5,P2,Team_C,Medium
8553,Medium,0.6,0.41,2,0.83,0.7,0.78,P2,Team_C,Medium
8554,Low,0.3,0.45,2,0.77,0.82,0.66,P2,Team_C,Medium
8555,High,0.9,0.87,3,0.73,0.51,0.81,P1,Team_B,High
8556,Low,0.3,0.64,2,0.85,0.64,0.83,P2,Team_A,Medium
8557,Medium,0.6,0.56,2,0.7,0.77,0.86,P2,Team_B,Medium
8558,High,0.9,0.51,3,0.78,0.61,0.74,P2,Team_A,Medium
8559,Low,0.3,0.45,4,0.75,0.8,0.41,P2,Team_A,Medium
8560,Low,0.3,0.17,1,0.75,0.45,0.88,P3,Team_A,Low
8561,Low,0.3,0.52,4,0.83,0.78,0.65,P2,Team_B,Medium
8562,Low,0.3,0.49,1,0.64,0.86,0.48,P2,Team_C,Medium
8563,High,0.9,0.45,4,0.91,0.35,0.76,P2,Team_A,Medium
8564,Medium,0.6,0.58,4,0.71,0.67,0.82,P2,Team_A,Medium
8565,Low,0.3,0.72,4,0.89,0.33,0.89,P2,Team_A,Medium
8566,Low,0.3,0.22,4,0.56,0.65,0.73,P3,Team_A,Low
8567,Medium,0.6,0.82,4,0.56,0.31,0.95,P2,Team_A,Medium
8568,High,0.9,0.73,3,0.58,0.81,0.46,P1,Team_C,High
8569,Medium,0.6,0.63,4,0.94,0.59,0.52,P2,Team_B,Medium
8570,Low,0.3,0.36,2,0.58,0.71,0.89,P3,Team_A,Low
8571,Medium,0.6,0.47,2,0.25,0.26,0.66,P2,Team_A,Medium
8572,High,0.9,0.91,3,0.62,0.66,0.53,P1,Team_B,High
8573,Medium,0.6,0.72,2,0.83,0.8,0.53,P2,Team_C,Medium
8574,Low,0.3,0.77,4,0.73,0.33,0.71,P2,Team_A,Medium
8575,Medium,0.6,0.38,4,0.68,0.81,0.39,P2,Team_C,Medium
8576,Medium,0.6,0.79,4,0.83,0.96,0.35,P2,Team_B,Medium
8577,Low,0.3,0.42,2,0.47,0.75,0.3,P2,Team_B,Medium
8578,Medium,0.6,0.23,1,0.88,0.84,0.63,P2,Team_C,Medium
8579,Low,0.3,0.73,3,0.29,0.77,0.35,P2,Team_B,Medium
8580,High,0.9,0.49,2,0.83,0.58,0.79,P2,Team_A,Medium
8581,Medium,0.6,0.53,3,0.64,0.46,0.46,P2,Team_B,Medium
8582,High,0.9,0.3,4,0.61,0.57,0.41,P2,Team_B,Medium
8583,Medium,0.6,0.91,2,0.9,0.7,0.95,P2,Team_C,Medium
8584,Low,0.3,0.18,1,0.91,0.6,0.62,P3,Team_B,Low
8585,High,0.9,0.98,1,0.87,0.57,0.66,P1,Team_A,High
8586,Low,0.3,0.3,3,0.95,0.76,0.6,P3,Team_A,Low
8587,Low,0.3,0.38,3,0.61,0.82,0.49,P3,Team_A,Low
8588,High,0.9,0.95,4,0.28,0.72,0.82,P1,Team_A,High
8589,Low,0.3,0.25,1,0.43,0.75,0.97,P3,Team_C,Low
8590,High,0.9,0.34,2,0.79,0.62,0.75,P2,Team_B,Medium
8591,Low,0.3,0.5,1,0.49,0.55,0.98,P2,Team_C,Medium
8592,Medium,0.6,0.49,1,0.74,0.7,0.53,P2,Team_C,Medium
8593,Medium,0.6,0.53,1,0.86,0.45,0.4,P2,Team_A,Medium
8594,Low,0.3,0.05,1,0.66,0.84,0.95,P3,Team_C,Low
8595,Low,0.3,0.5,4,0.88,0.92,0.39,P2,Team_C,Medium
8596,Medium,0.6,0.64,2,0.51,0.72,0.37,P2,Team_C,Medium
8597,High,0.9,0.5,1,0.83,0.75,0.93,P2,Team_C,Medium
8598,High,0.9,0.79,2,0.85,0.65,0.47,P1,Team_B,High
8599,Medium,0.6,0.41,1,0.37,0.62,0.46,P2,Team_C,Medium
8600,Medium,0.6,0.61,1,0.69,0.56,0.87,P2,Team_C,Medium
8601,Medium,0.6,0.3,3,0.86,0.69,0.56,P2,Team_A,Medium
8602,High,0.9,0.87,4,0.57,0.62,0.46,P1,Team_C,High
8603,Low,0.3,0.75,1,0.43,0.39,0.37,P2,Team_B,Medium
8604,High,0.9,0.27,3,0.44,0.82,0.61,P2,Team_B,Medium
8605,Low,0.3,0.59,3,0.89,0.89,0.63,P2,Team_B,Medium
8606,High,0.9,0.51,4,0.87,0.28,0.77,P2,Team_A,Medium
8607,Low,0.3,0.32,4,0.87,0.81,0.65,P3,Team_A,Low
8608,Medium,0.6,0.18,2,0.84,0.7,0.88,P2,Team_C,Medium
8609,Medium,0.6,0.27,2,0.62,0.68,0.6,P2,Team_C,Medium
8610,Medium,0.6,0.68,1,0.54,0.84,0.32,P2,Team_B,Medium
8611,Medium,0.6,0.44,3,0.92,0.6,0.9,P2,Team_B,Medium
8612,Medium,0.6,0.37,1,0.75,0.83,0.34,P2,Team_B,Medium
8613,Low,0.3,0.92,3,0.45,0.67,0.47,P2,Team_A,Medium
8614,Medium,0.6,0.79,3,0.5,0.73,0.47,P2,Team_B,Medium
8615,Medium,0.6,0.79,4,0.68,0.6,0.44,P2,Team_A,Medium
8616,Low,0.3,0.43,2,0.64,0.37,0.69,P2,Team_B,Medium
8617,Medium,0.6,0.61,4,0.59,0.36,0.33,P2,Team_B,Medium
8618,Medium,0.6,0.32,2,0.51,0.76,0.69,P2,Team_A,Medium
8619,High,0.9,0.5,1,0.84,0.66,0.75,P2,Team_B,Medium
8620,High,0.9,0.39,3,0.77,0.67,0.55,P2,Team_A,Medium
8621,Low,0.3,0.49,1,0.78,0.21,0.51,P2,Team_A,Medium
8622,Medium,0.6,0.45,3,0.85,0.82,0.84,P2,Team_C,Medium
8623,Low,0.3,0.64,2,0.86,0.73,0.66,P2,Team_C,Medium
8624,Medium,0.6,0.41,2,0.79,0.92,0.71,P2,Team_A,Medium
8625,Medium,0.6,0.25,4,0.84,0.67,0.32,P2,Team_C,Medium
8626,Low,0.3,0.29,3,0.59,0.52,0.48,P3,Team_C,Low
8627,Medium,0.6,0.39,3,0.61,0.75,0.65,P2,Team_A,Medium
8628,Low,0.3,0.24,2,0.8,0.46,0.58,P3,Team_B,Low
8629,High,0.9,0.48,1,0.62,0.83,0.91,P2,Team_A,Medium
8630,High,0.9,0.16,2,0.76,0.28,0.76,P2,Team_A,Medium
8631,Low,0.3,0.32,2,0.85,0.47,0.77,P3,Team_B,Low
8632,High,0.9,0.69,4,0.94,0.93,0.87,P1,Team_C,High
8633,Medium,0.6,0.5,3,0.69,0.75,0.55,P2,Team_B,Medium
8634,Low,0.3,0.68,3,0.72,0.62,0.49,P2,Team_C,Medium
8635,High,0.9,0.66,4,0.79,0.79,0.59,P1,Team_C,High
8636,Medium,0.6,0.68,4,0.52,0.6,0.88,P2,Team_B,Medium
8637,Medium,0.6,0.48,2,0.57,0.89,0.55,P2,Team_A,Medium
8638,Medium,0.6,0.26,3,0.79,0.53,0.44,P2,Team_B,Medium
8639,Medium,0.6,0.72,4,0.67,0.85,0.41,P2,Team_B,Medium
8640,Medium,0.6,0.43,1,0.86,0.74,0.39,P2,Team_C,Medium
8641,High,0.9,0.48,3,0.63,0.66,0.66,P2,Team_B,Medium
8642,Medium,0.6,0.21,3,0.86,0.66,0.61,P2,Team_C,Medium
8643,Low,0.3,0.19,1,0.89,0.66,0.69,P3,Team_C,Low
8644,Low,0.3,0.28,2,0.91,0.86,0.73,P3,Team_A,Low
8645,Medium,0.6,0.48,3,0.9,0.91,0.62,P2,Team_B,Medium
8646,Medium,0.6,0.42,1,0.62,0.96,0.8,P2,Team_C,Medium
8647,Medium,0.6,0.09,1,0.93,0.78,0.57,P2,Team_A,Medium
8648,Low,0.3,0.67,4,0.78,0.73,0.73,P2,Team_C,Medium
8649,Medium,0.6,0.94,3,0.69,0.53,0.45,P2,Team_B,Medium
8650,Medium,0.6,0.55,2,0.39,0.77,0.33,P2,Team_A,Medium
8651,Medium,0.6,0.57,1,0.6,0.49,0.5,P2,Team_C,Medium
8652,Low,0.3,0.75,2,0.76,0.63,0.43,P2,Team_B,Medium
8653,Medium,0.6,0.44,4,0.84,0.32,0.7,P2,Team_A,Medium
8654,Medium,0.6,0.14,3,0.89,0.81,0.95,P2,Team_C,Medium
8655,Medium,0.6,0.31,3,0.78,0.54,0.49,P2,Team_C,Medium
8656,Low,0.3,0.62,4,0.96,0.38,0.51,P2,Team_B,Medium
8657,Medium,0.6,0.31,3,0.53,0.91,0.47,P2,Team_C,Medium
8658,High,0.9,0.53,1,0.82,0.7,0.43,P2,Team_A,Medium
8659,Low,0.3,0.6,3,0.88,0.45,0.96,P2,Team_A,Medium
8660,Medium,0.6,0.6,4,0.89,0.73,0.8,P2,Team_B,Medium
8661,Medium,0.6,0.71,3,0.7,0.82,0.83,P2,Team_A,Medium
8662,Medium,0.6,0.54,2,0.82,0.66,0.39,P2,Team_A,Medium
8663,Low,0.3,0.15,3,0.86,0.54,0.8,P3,Team_C,Low
8664,Low,0.3,0.79,3,0.89,0.96,0.96,P2,Team_A,Medium
8665,High,0.9,0.46,4,0.83,0.74,0.46,P2,Team_A,Medium
8666,Low,0.3,0.58,4,0.96,0.79,0.84,P2,Team_A,Medium
8667,High,0.9,0.6,1,0.73,0.46,0.34,P2,Team_B,Medium
8668,Low,0.3,0.12,1,0.63,0.86,0.73,P3,Team_C,Low
8669,Low,0.3,0.54,3,0.88,0.94,0.48,P2,Team_A,Medium
8670,Low,0.3,0.51,1,0.61,0.54,0.94,P2,Team_B,Medium
8671,Low,0.3,0.13,4,0.83,0.91,0.38,P3,Team_A,Low
8672,Low,0.3,0.07,3,0.8,0.9,0.88,P3,Team_B,Low
8673,High,0.9,0.13,1,0.91,0.63,0.65,P2,Team_B,Medium
8674,High,0.9,0.42,3,0.73,0.76,0.89,P2,Team_A,Medium
8675,Medium,0.6,0.72,3,0.67,0.66,0.36,P2,Team_A,Medium
8676,High,0.9,0.06,1,0.86,0.78,0.35,P2,Team_A,Medium
8677,High,0.9,0.23,1,0.64,0.76,0.87,P2,Team_B,Medium
8678,Medium,0.6,0.36,1,0.44,0.85,0.34,P2,Team_A,Medium
8679,Medium,0.6,0.44,1,0.9,0.61,0.74,P2,Team_B,Medium
8680,Low,0.3,0.04,1,0.7,0.64,0.38,P3,Team_A,Low
8681,Low,0.3,0.35,4,0.63,0.86,0.33,P3,Team_A,Low
8682,Low,0.3,0.64,1,0.53,0.41,0.5,P2,Team_A,Medium
8683,Medium,0.6,0.27,1,0.76,0.58,0.77,P2,Team_B,Medium
8684,Medium,0.6,0.5,4,0.73,0.79,0.67,P2,Team_B,Medium
8685,High,0.9,0.7,4,0.72,0.87,0.92,P1,Team_C,High
8686,Low,0.3,0.32,3,0.87,0.79,0.69,P3,Team_C,Low
8687,High,0.9,0.7,1,0.75,0.78,0.62,P1,Team_A,High
8688,High,0.9,0.36,1,0.74,0.41,0.94,P2,Team_A,Medium
8689,Medium,0.6,0.14,1,0.8,0.47,0.65,P2,Team_B,Medium
8690,Low,0.3,0.4,4,0.74,0.7,0.61,P2,Team_A,Medium
8691,High,0.9,0.14,2,0.82,0.36,0.64,P2,Team_A,Medium
8692,Medium,0.6,0.12,1,0.72,0.46,0.48,P2,Team_A,Medium
8693,Medium,0.6,0.72,3,0.63,0.64,0.79,P2,Team_B,Medium
8694,Medium,0.6,0.42,2,0.82,0.56,0.64,P2,Team_C,Medium
8695,Low,0.3,0.49,1,0.73,0.69,0.79,P2,Team_B,Medium
8696,Low,0.3,0.17,3,0.87,0.81,0.32,P3,Team_C,Low
8697,High,0.9,0.58,4,0.66,0.46,0.38,P2,Team_A,Medium
8698,High,0.9,0.27,3,0.82,0.74,0.64,P2,Team_B,Medium
8699,Medium,0.6,0.57,1,0.81,0.87,0.88,P2,Team_B,Medium
8700,Medium,0.6,0.41,1,0.73,0.78,0.76,P2,Team_C,Medium
8701,Medium,0.6,0.76,1,0.93,0.45,0.76,P2,Team_B,Medium
8702,Medium,0.6,0.72,3,0.84,0.62,0.85,P2,Team_A,Medium
8703,High,0.9,0.61,3,0.9,0.64,0.59,P1,Team_B,High
8704,High,0.9,0.57,4,0.89,0.36,0.66,P2,Team_C,Medium
8705,Low,0.3,0.49,4,0.69,0.37,0.5,P2,Team_C,Medium
8706,Low,0.3,0.57,1,0.78,0.44,0.83,P2,Team_C,Medium
8707,High,0.9,0.77,3,0.87,0.4,0.55,P1,Team_A,High
8708,Low,0.3,0.92,4,0.86,0.68,0.83,P2,Team_C,Medium
8709,Low,0.3,0.68,1,0.68,0.79,0.77,P2,Team_A,Medium
8710,High,0.9,0.64,2,0.51,0.66,0.52,P1,Team_B,High
8711,Medium,0.6,0.93,1,0.71,0.32,0.79,P2,Team_B,Medium
8712,High,0.9,0.62,2,0.9,0.78,0.6,P1,Team_A,High
8713,High,0.9,0.2,3,0.78,0.72,0.67,P2,Team_B,Medium
8714,Low,0.3,0.4,2,0.89,0.53,0.57,P2,Team_B,Medium
8715,Low,0.3,0.77,1,0.75,0.86,0.36,P2,Team_B,Medium
8716,Medium,0.6,0.5,2,0.84,0.93,0.57,P2,Team_B,Medium
8717,Low,0.3,0.58,3,0.58,0.62,0.85,P2,Team_C,Medium
8718,Medium,0.6,0.52,4,0.76,0.38,0.75,P2,Team_C,Medium
8719,Medium,0.6,0.44,3,0.63,0.67,0.53,P2,Team_B,Medium
8720,Low,0.3,0.12,2,0.44,0.67,0.74,P3,Team_B,Low
8721,Medium,0.6,0.39,2,0.67,0.59,0.32,P2,Team_B,Medium
8722,Low,0.3,0.76,2,0.89,0.68,0.38,P2,Team_C,Medium
8723,Medium,0.6,0.25,3,0.71,0.74,0.99,P2,Team_B,Medium
8724,Low,0.3,0.78,4,0.87,0.77,0.87,P2,Team_B,Medium
8725,Medium,0.6,0.64,3,0.59,0.81,0.59,P2,Team_B,Medium
8726,Low,0.3,0.53,2,0.54,0.56,0.81,P2,Team_C,Medium
8727,High,0.9,0.59,3,0.56,0.91,0.69,P2,Team_B,Medium
8728,Low,0.3,0.39,2,0.73,0.73,0.56,P3,Team_A,Low
8729,Medium,0.6,0.39,2,0.56,0.72,0.41,P2,Team_A,Medium
8730,Low,0.3,0.23,1,0.75,0.77,0.83,P3,Team_A,Low
8731,Medium,0.6,0.72,4,0.57,0.8,0.64,P2,Team_A,Medium
8732,Low,0.3,0.44,3,0.81,0.57,0.54,P2,Team_B,Medium
8733,High,0.9,0.57,4,0.94,0.87,0.77,P2,Team_A,Medium
8734,Medium,0.6,0.09,4,0.62,0.72,0.33,P2,Team_A,Medium
8735,High,0.9,0.46,3,0.82,0.82,0.48,P2,Team_A,Medium
8736,Low,0.3,0.8,1,0.72,0.93,0.72,P2,Team_A,Medium
8737,Low,0.3,0.19,4,0.9,0.78,0.64,P3,Team_A,Low
8738,Low,0.3,0.79,1,0.73,0.51,0.51,P2,Team_A,Medium
8739,Low,0.3,0.82,1,0.56,0.6,0.88,P2,Team_A,Medium
8740,Low,0.3,0.27,3,0.71,0.75,0.6,P3,Team_B,Low
8741,Low,0.3,0.36,4,0.83,0.28,0.31,P3,Team_B,Low
8742,Medium,0.6,0.04,4,0.93,0.74,0.9,P2,Team_B,Medium
8743,Low,0.3,0.59,2,0.66,0.95,0.68,P2,Team_C,Medium
8744,Medium,0.6,0.38,1,0.79,0.72,0.67,P2,Team_C,Medium
8745,High,0.9,0.73,3,0.66,0.39,0.66,P1,Team_C,High
8746,Low,0.3,0.22,2,0.82,0.14,0.45,P3,Team_A,Low
8747,High,0.9,0.45,2,0.89,0.84,0.38,P2,Team_B,Medium
8748,Medium,0.6,0.44,2,0.65,0.51,0.87,P2,Team_A,Medium
8749,High,0.9,0.3,2,0.86,0.84,0.66,P2,Team_C,Medium
8750,Low,0.3,0.86,4,0.86,0.76,0.99,P2,Team_A,Medium
8751,High,0.9,0.25,1,0.7,0.53,0.54,P2,Team_C,Medium
8752,Low,0.3,0.27,1,0.76,0.74,0.82,P3,Team_A,Low
8753,Medium,0.6,0.18,2,0.38,0.56,0.42,P2,Team_A,Medium
8754,Low,0.3,0.63,4,0.74,0.83,0.33,P2,Team_A,Medium
8755,Medium,0.6,0.54,1,0.9,0.78,0.47,P2,Team_A,Medium
8756,High,0.9,0.66,2,0.79,0.85,0.49,P1,Team_B,High
8757,High,0.9,0.87,3,0.75,0.74,0.47,P1,Team_A,High
8758,Low,0.3,0.56,3,0.63,0.7,0.38,P2,Team_B,Medium
8759,Medium,0.6,0.79,3,0.77,0.69,0.35,P2,Team_C,Medium
8760,High,0.9,0.71,4,0.32,0.81,0.31,P1,Team_B,High
8761,Low,0.3,0.63,3,0.71,0.97,0.38,P2,Team_B,Medium
8762,Medium,0.6,0.67,3,0.5,0.54,0.77,P2,Team_B,Medium
8763,Medium,0.6,0.24,3,0.66,0.75,0.87,P2,Team_A,Medium
8764,Low,0.3,0.35,4,0.65,0.67,0.64,P3,Team_C,Low
8765,High,0.9,0.2,3,0.78,0.67,0.96,P2,Team_A,Medium
8766,Medium,0.6,0.81,1,0.85,0.91,0.66,P2,Team_C,Medium
8767,Low,0.3,0.84,3,0.93,0.69,0.88,P2,Team_B,Medium
8768,Medium,0.6,0.74,2,0.91,0.68,0.48,P2,Team_C,Medium
8769,Medium,0.6,0.21,4,0.86,0.6,0.84,P2,Team_B,Medium
8770,Medium,0.6,0.65,1,0.76,0.57,0.49,P2,Team_C,Medium
8771,Medium,0.6,0.37,1,0.76,0.65,0.64,P2,Team_A,Medium
8772,Medium,0.6,0.51,2,0.95,0.91,0.64,P2,Team_B,Medium
8773,Low,0.3,0.53,4,0.47,0.56,0.83,P2,Team_B,Medium
8774,Low,0.3,0.14,1,0.86,0.5,0.52,P3,Team_A,Low
8775,Medium,0.6,0.82,4,0.93,0.58,0.81,P2,Team_A,Medium
8776,Medium,0.6,0.3,1,0.4,0.7,0.43,P2,Team_A,Medium
8777,Medium,0.6,0.67,2,0.81,0.91,0.37,P2,Team_C,Medium
8778,High,0.9,0.66,1,0.76,0.69,0.59,P1,Team_B,High
8779,Low,0.3,0.83,3,0.74,0.68,0.77,P2,Team_C,Medium
8780,High,0.9,0.34,2,0.73,0.69,0.86,P2,Team_A,Medium
8781,Low,0.3,0.43,3,0.8,0.57,0.99,P2,Team_B,Medium
8782,Medium,0.6,0.67,2,0.76,0.56,0.72,P2,Team_A,Medium
8783,Medium,0.6,0.72,3,0.88,0.84,0.71,P2,Team_B,Medium
8784,Medium,0.6,0.2,3,0.89,0.67,0.72,P2,Team_C,Medium
8785,Low,0.3,0.46,1,0.66,0.64,0.63,P2,Team_B,Medium
8786,High,0.9,0.39,2,0.47,0.9,0.34,P2,Team_A,Medium
8787,Medium,0.6,0.77,1,0.16,0.87,0.72,P2,Team_A,Medium
8788,Medium,0.6,0.68,2,0.95,0.76,0.38,P2,Team_A,Medium
8789,High,0.9,0.16,2,0.47,0.73,0.89,P2,Team_A,Medium
8790,Medium,0.6,0.21,4,0.83,0.63,0.35,P2,Team_C,Medium
8791,High,0.9,0.24,2,0.93,0.9,0.54,P2,Team_B,Medium
8792,Low,0.3,0.12,3,0.81,0.25,0.9,P3,Team_B,Low
8793,Low,0.3,0.28,2,0.73,0.72,0.67,P3,Team_C,Low
8794,Medium,0.6,0.59,2,0.87,0.61,0.58,P2,Team_B,Medium
8795,Medium,0.6,0.11,4,0.85,0.63,0.81,P2,Team_C,Medium
8796,Medium,0.6,0.45,2,0.95,0.72,0.62,P2,Team_C,Medium
8797,High,0.9,0.5,4,0.82,0.81,0.71,P2,Team_C,Medium
8798,High,0.9,0.69,1,0.45,0.85,0.7,P1,Team_C,High
8799,Medium,0.6,0.29,1,0.69,0.85,1.0,P2,Team_C,Medium
8800,Low,0.3,0.1,1,0.41,0.75,0.63,P3,Team_B,Low
8801,High,0.9,0.08,1,0.68,0.63,0.49,P2,Team_A,Medium
8802,High,0.9,0.32,2,0.37,0.68,0.96,P2,Team_A,Medium
8803,Low,0.3,0.37,4,0.83,0.36,0.62,P3,Team_B,Low
8804,Low,0.3,0.23,1,0.81,0.5,0.61,P3,Team_B,Low
8805,High,0.9,0.71,1,0.77,0.73,0.53,P1,Team_B,High
8806,Low,0.3,0.8,1,0.57,0.27,0.53,P2,Team_B,Medium
8807,High,0.9,0.19,3,0.49,0.69,0.71,P2,Team_B,Medium
8808,High,0.9,0.09,3,0.62,0.8,0.83,P2,Team_A,Medium
8809,High,0.9,0.7,4,0.85,0.5,0.67,P1,Team_B,High
8810,Medium,0.6,0.44,3,0.55,0.55,0.82,P2,Team_B,Medium
8811,Medium,0.6,0.64,1,0.62,0.79,0.35,P2,Team_B,Medium
8812,Medium,0.6,0.46,2,0.83,0.57,0.81,P2,Team_B,Medium
8813,Medium,0.6,0.36,1,0.69,0.83,0.58,P2,Team_A,Medium
8814,High,0.9,0.27,1,0.97,0.66,0.74,P2,Team_C,Medium
8815,Low,0.3,0.88,1,0.66,0.81,0.5,P2,Team_B,Medium
8816,Medium,0.6,0.63,3,0.91,0.7,0.94,P2,Team_A,Medium
8817,Medium,0.6,0.88,3,0.93,0.72,0.87,P2,Team_C,Medium
8818,Medium,0.6,0.62,2,0.86,0.39,0.95,P2,Team_C,Medium
8819,High,0.9,0.78,3,0.57,0.66,0.6,P1,Team_C,High
8820,Low,0.3,0.15,4,0.71,0.78,0.56,P3,Team_B,Low
8821,Low,0.3,0.4,1,0.68,0.83,0.66,P2,Team_B,Medium
8822,Medium,0.6,0.57,2,0.71,0.71,0.43,P2,Team_B,Medium
8823,Low,0.3,0.45,2,0.55,0.41,0.46,P2,Team_C,Medium
8824,Low,0.3,0.3,1,0.06,0.57,0.82,P3,Team_B,Low
8825,High,0.9,0.53,2,0.95,0.51,0.62,P2,Team_A,Medium
8826,Low,0.3,0.9,3,0.65,0.49,0.58,P2,Team_A,Medium
8827,Medium,0.6,0.74,3,0.54,0.72,0.46,P2,Team_A,Medium
8828,High,0.9,0.77,1,0.79,0.51,0.87,P1,Team_A,High
8829,Low,0.3,0.73,4,0.67,0.82,0.43,P2,Team_C,Medium
8830,High,0.9,0.4,3,0.68,0.3,0.86,P2,Team_A,Medium
8831,Low,0.3,0.89,1,0.87,0.64,0.68,P2,Team_C,Medium
8832,Medium,0.6,0.73,1,0.42,0.77,0.93,P2,Team_C,Medium
8833,High,0.9,0.55,3,0.96,0.6,0.46,P2,Team_B,Medium
8834,Medium,0.6,0.4,3,0.55,0.95,0.45,P2,Team_A,Medium
8835,Medium,0.6,0.46,3,0.95,0.88,0.99,P2,Team_C,Medium
8836,Low,0.3,0.68,2,0.62,0.63,0.72,P2,Team_B,Medium
8837,High,0.9,0.48,1,0.64,0.65,0.59,P2,Team_A,Medium
8838,High,0.9,0.28,2,0.7,0.64,0.67,P2,Team_C,Medium
8839,High,0.9,0.45,2,0.84,0.72,0.57,P2,Team_A,Medium
8840,Low,0.3,0.51,2,0.75,0.33,0.89,P2,Team_C,Medium
8841,Low,0.3,0.8,3,0.68,0.53,0.36,P2,Team_B,Medium
8842,Medium,0.6,0.93,4,0.65,0.21,0.38,P2,Team_C,Medium
8843,Low,0.3,0.51,2,0.8,0.53,0.52,P2,Team_C,Medium
8844,Medium,0.6,0.68,3,0.69,0.92,0.66,P2,Team_C,Medium
8845,Medium,0.6,0.43,1,0.86,0.83,0.71,P2,Team_B,Medium
8846,Medium,0.6,0.43,4,0.56,0.34,0.87,P2,Team_A,Medium
8847,Low,0.3,0.84,4,0.33,0.53,0.44,P2,Team_A,Medium
8848,Medium,0.6,0.24,3,0.91,0.29,0.48,P2,Team_C,Medium
8849,Medium,0.6,0.3,3,0.78,0.63,0.77,P2,Team_B,Medium
8850,Medium,0.6,0.89,2,0.66,0.74,0.93,P2,Team_C,Medium
8851,Low,0.3,0.5,2,0.92,0.54,0.66,P2,Team_B,Medium
8852,High,0.9,0.56,2,0.87,0.75,0.65,P2,Team_C,Medium
8853,High,0.9,0.53,3,0.78,0.66,0.78,P2,Team_A,Medium
8854,High,0.9,0.69,1,0.59,0.74,0.58,P1,Team_A,High
8855,Medium,0.6,0.91,4,0.49,0.55,0.46,P2,Team_B,Medium
8856,Low,0.3,0.67,3,0.41,0.5,0.63,P2,Team_A,Medium
8857,Low,0.3,0.18,3,0.51,0.7,0.99,P3,Team_A,Low
8858,High,0.9,0.4,3,0.74,0.54,0.82,P2,Team_C,Medium
8859,Low,0.3,0.88,3,0.7,0.54,0.6,P2,Team_A,Medium
8860,Low,0.3,0.57,2,0.83,0.79,0.54,P2,Team_B,Medium
8861,Medium,0.6,0.31,1,0.86,0.56,0.55,P2,Team_B,Medium
8862,High,0.9,0.25,3,0.93,0.55,0.91,P2,Team_A,Medium
8863,Low,0.3,0.35,4,0.9,0.91,0.94,P3,Team_B,Low
8864,High,0.9,0.26,2,0.86,0.67,0.61,P2,Team_A,Medium
8865,High,0.9,0.79,1,0.41,0.67,0.32,P1,Team_C,High
8866,Medium,0.6,0.43,4,0.96,0.64,0.69,P2,Team_A,Medium
8867,Medium,0.6,0.86,4,0.84,0.81,0.53,P2,Team_A,Medium
8868,High,0.9,0.34,1,0.44,0.56,0.9,P2,Team_B,Medium
8869,Low,0.3,0.85,1,0.68,0.83,0.33,P2,Team_C,Medium
8870,Low,0.3,0.42,4,0.64,0.39,0.63,P2,Team_C,Medium
8871,Low,0.3,0.48,3,0.69,0.63,0.67,P2,Team_B,Medium
8872,Medium,0.6,0.56,3,0.85,0.53,0.82,P2,Team_B,Medium
8873,High,0.9,0.71,4,0.43,0.74,0.83,P1,Team_C,High
8874,Medium,0.6,0.26,2,0.28,0.86,0.36,P2,Team_B,Medium
8875,Low,0.3,0.95,4,0.9,0.62,0.48,P2,Team_A,Medium
8876,Low,0.3,0.63,3,0.56,0.88,0.92,P2,Team_B,Medium
8877,Low,0.3,0.73,4,0.68,0.64,0.4,P2,Team_C,Medium
8878,Medium,0.6,0.46,1,0.64,0.86,0.32,P2,Team_B,Medium
8879,Medium,0.6,0.75,2,0.68,0.71,0.92,P2,Team_A,Medium
8880,Low,0.3,0.39,2,0.65,0.87,0.53,P3,Team_B,Low
8881,Low,0.3,0.42,4,0.46,0.54,0.71,P2,Team_C,Medium
8882,Low,0.3,0.58,1,0.67,0.48,0.9,P2,Team_A,Medium
8883,Low,0.3,0.45,1,0.51,0.8,0.56,P2,Team_B,Medium
8884,Low,0.3,0.33,4,0.83,0.54,0.84,P3,Team_C,Low
8885,Low,0.3,0.62,1,0.91,0.33,0.6,P2,Team_C,Medium
8886,Low,0.3,0.24,4,0.82,0.5,0.98,P3,Team_A,Low
8887,Low,0.3,0.96,3,0.83,0.69,0.94,P2,Team_B,Medium
8888,Medium,0.6,0.45,4,0.92,0.87,0.62,P2,Team_C,Medium
8889,Medium,0.6,0.5,3,0.76,0.64,0.8,P2,Team_C,Medium
8890,Medium,0.6,0.54,4,0.47,0.8,0.9,P2,Team_A,Medium
8891,Medium,0.6,0.53,2,0.63,0.89,0.69,P2,Team_C,Medium
8892,Medium,0.6,0.49,2,0.82,0.69,0.69,P2,Team_A,Medium
8893,High,0.9,0.24,2,0.9,0.62,0.91,P2,Team_B,Medium
8894,Medium,0.6,0.87,1,0.79,0.76,0.49,P2,Team_A,Medium
8895,Low,0.3,0.58,2,0.64,0.54,0.65,P2,Team_B,Medium
8896,Low,0.3,0.42,2,0.61,0.67,0.48,P2,Team_C,Medium
8897,Low,0.3,0.23,2,0.76,0.58,0.77,P3,Team_B,Low
8898,Low,0.3,0.38,4,0.86,0.68,0.82,P3,Team_B,Low
8899,High,0.9,0.79,1,0.69,0.78,0.49,P1,Team_B,High
8900,Low,0.3,0.51,3,0.71,0.44,0.61,P2,Team_B,Medium
8901,Medium,0.6,0.19,3,0.83,0.28,0.96,P2,Team_C,Medium
8902,High,0.9,0.21,1,0.39,0.89,0.99,P2,Team_B,Medium
8903,Medium,0.6,0.26,3,0.71,0.6,0.31,P2,Team_B,Medium
8904,Medium,0.6,0.4,2,0.9,0.39,0.66,P2,Team_C,Medium
8905,Medium,0.6,0.22,2,0.78,0.59,0.83,P2,Team_B,Medium
8906,Medium,0.6,0.67,3,0.83,0.55,0.76,P2,Team_B,Medium
8907,Low,0.3,0.7,3,0.58,0.52,0.38,P2,Team_C,Medium
8908,High,0.9,0.63,3,0.74,0.45,0.96,P1,Team_C,High
8909,Low,0.3,0.48,3,0.87,0.78,0.37,P2,Team_A,Medium
8910,High,0.9,0.12,4,0.84,0.64,0.85,P2,Team_B,Medium
8911,High,0.9,0.24,3,0.62,0.53,0.64,P2,Team_C,Medium
8912,Low,0.3,0.28,4,0.48,0.82,0.58,P3,Team_A,Low
8913,High,0.9,0.63,1,0.79,0.82,0.47,P1,Team_A,High
8914,Medium,0.6,0.48,4,0.78,0.62,0.74,P2,Team_A,Medium
8915,Medium,0.6,0.09,3,0.67,0.95,0.6,P2,Team_C,Medium
8916,Low,0.3,0.69,4,0.56,0.88,0.8,P2,Team_B,Medium
8917,High,0.9,0.31,3,0.59,0.89,0.72,P2,Team_B,Medium
8918,Low,0.3,0.54,3,0.69,0.62,0.64,P2,Team_B,Medium
8919,High,0.9,0.38,2,0.76,0.8,0.32,P2,Team_B,Medium
8920,Low,0.3,0.49,4,0.54,0.76,0.68,P2,Team_C,Medium
8921,Medium,0.6,0.35,2,0.49,0.8,0.56,P2,Team_C,Medium
8922,High,0.9,0.26,4,0.46,0.53,0.33,P2,Team_C,Medium
8923,Low,0.3,0.7,2,0.57,0.87,0.82,P2,Team_A,Medium
8924,High,0.9,0.29,1,0.7,0.73,0.87,P2,Team_A,Medium
8925,Low,0.3,0.38,2,0.52,0.77,0.74,P3,Team_B,Low
8926,High,0.9,0.62,4,0.74,0.59,0.93,P1,Team_C,High
8927,Low,0.3,0.28,4,0.93,0.41,0.36,P3,Team_C,Low
8928,Medium,0.6,0.35,1,0.48,0.54,0.38,P2,Team_A,Medium
8929,Low,0.3,0.55,2,0.79,0.86,0.35,P2,Team_A,Medium
8930,Low,0.3,0.54,2,0.62,0.31,0.54,P2,Team_C,Medium
8931,Low,0.3,0.95,3,0.83,0.4,0.78,P2,Team_C,Medium
8932,Medium,0.6,0.86,4,0.91,0.84,0.54,P2,Team_C,Medium
8933,Low,0.3,0.71,2,0.8,0.8,0.88,P2,Team_A,Medium
8934,High,0.9,0.12,3,0.52,0.75,0.34,P2,Team_C,Medium
8935,Low,0.3,0.9,2,0.63,0.66,0.51,P2,Team_B,Medium
8936,High,0.9,0.5,4,0.32,0.72,0.55,P2,Team_A,Medium
8937,High,0.9,0.32,1,0.86,0.89,0.4,P2,Team_B,Medium
8938,High,0.9,0.18,1,0.69,0.24,0.8,P2,Team_B,Medium
8939,High,0.9,0.1,4,0.87,0.86,0.61,P2,Team_B,Medium
8940,Low,0.3,0.37,2,0.68,0.61,0.94,P3,Team_A,Low
8941,Low,0.3,0.53,3,0.72,0.64,0.63,P2,Team_A,Medium
8942,High,0.9,0.56,4,0.72,0.83,0.55,P2,Team_C,Medium
8943,Low,0.3,0.76,3,0.74,0.43,0.96,P2,Team_C,Medium
8944,High,0.9,0.35,1,0.95,0.8,0.31,P2,Team_C,Medium
8945,Low,0.3,0.12,4,0.76,0.85,0.95,P3,Team_A,Low
8946,Low,0.3,0.06,4,0.72,0.56,0.5,P3,Team_A,Low
8947,Medium,0.6,0.71,2,0.88,0.74,0.31,P2,Team_A,Medium
8948,Low,0.3,0.27,4,0.91,0.81,0.66,P3,Team_A,Low
8949,High,0.9,0.56,2,0.8,0.61,0.77,P2,Team_A,Medium
8950,Low,0.3,0.75,1,0.61,0.87,0.62,P2,Team_A,Medium
8951,Medium,0.6,0.66,4,0.83,0.84,0.52,P2,Team_B,Medium
8952,Medium,0.6,0.64,2,0.58,0.85,0.47,P2,Team_B,Medium
8953,Low,0.3,0.4,2,0.61,0.76,0.47,P2,Team_B,Medium
8954,Low,0.3,0.45,4,0.48,0.41,0.39,P2,Team_A,Medium
8955,Low,0.3,0.84,4,0.79,0.76,0.92,P2,Team_C,Medium
8956,Low,0.3,0.82,2,0.81,0.7,0.87,P2,Team_C,Medium
8957,High,0.9,0.51,3,0.92,0.43,0.69,P2,Team_C,Medium
8958,High,0.9,0.5,2,0.89,0.91,0.67,P2,Team_B,Medium
8959,Medium,0.6,0.52,2,0.76,0.45,0.39,P2,Team_A,Medium
8960,Low,0.3,0.73,1,0.89,0.74,0.41,P2,Team_B,Medium
8961,Medium,0.6,0.23,4,0.8,0.86,0.5,P2,Team_B,Medium
8962,Low,0.3,0.84,4,0.59,0.24,0.37,P2,Team_C,Medium
8963,Low,0.3,0.38,4,0.78,0.66,0.61,P3,Team_A,Low
8964,Low,0.3,0.65,3,0.86,0.8,0.72,P2,Team_C,Medium
8965,Medium,0.6,0.34,4,0.88,0.75,0.33,P2,Team_C,Medium
8966,High,0.9,0.66,1,0.49,0.74,0.64,P1,Team_A,High
8967,Medium,0.6,0.38,1,0.95,0.48,0.67,P2,Team_B,Medium
8968,Low,0.3,0.54,1,0.83,0.72,0.66,P2,Team_B,Medium
8969,Medium,0.6,0.4,3,0.65,0.63,0.82,P2,Team_A,Medium
8970,Low,0.3,0.65,2,0.61,0.68,0.31,P2,Team_C,Medium
8971,Medium,0.6,0.45,3,0.77,0.79,0.49,P2,Team_C,Medium
8972,High,0.9,0.46,1,0.65,0.43,0.87,P2,Team_B,Medium
8973,Low,0.3,0.62,3,0.65,0.61,0.82,P2,Team_C,Medium
8974,Low,0.3,0.37,4,0.37,0.35,0.5,P3,Team_B,Low
8975,High,0.9,0.57,4,0.68,0.86,0.48,P2,Team_B,Medium
8976,High,0.9,0.38,1,0.76,0.92,0.44,P2,Team_C,Medium
8977,Low,0.3,0.12,4,0.52,0.25,0.66,P3,Team_C,Low
8978,Medium,0.6,0.36,4,0.45,0.55,0.56,P2,Team_C,Medium
8979,High,0.9,0.14,2,0.86,0.64,0.87,P2,Team_A,Medium
8980,High,0.9,0.44,4,0.94,0.62,0.47,P2,Team_C,Medium
8981,Medium,0.6,0.32,3,0.79,0.84,0.86,P2,Team_B,Medium
8982,Medium,0.6,0.41,3,0.41,0.88,0.99,P2,Team_C,Medium
8983,Low,0.3,0.44,2,0.73,0.51,0.43,P2,Team_C,Medium
8984,High,0.9,0.83,4,0.64,0.62,0.82,P1,Team_C,High
8985,High,0.9,0.47,1,0.81,0.83,0.42,P2,Team_C,Medium
8986,Low,0.3,0.45,1,0.77,0.69,0.32,P2,Team_C,Medium
8987,Medium,0.6,0.54,4,0.58,0.84,0.72,P2,Team_C,Medium
8988,Low,0.3,0.78,2,0.65,0.77,0.4,P2,Team_A,Medium
8989,High,0.9,0.23,3,0.95,0.63,0.5,P2,Team_C,Medium
8990,Medium,0.6,0.33,1,0.84,0.9,0.48,P2,Team_A,Medium
8991,High,0.9,0.18,2,0.45,0.46,0.64,P2,Team_B,Medium
8992,High,0.9,0.77,1,0.51,0.51,0.51,P1,Team_B,High
8993,Medium,0.6,0.44,4,0.21,0.76,0.45,P2,Team_A,Medium
8994,Low,0.3,0.66,3,0.64,0.83,0.81,P2,Team_A,Medium
8995,Low,0.3,0.45,4,0.56,0.26,0.72,P2,Team_B,Medium
8996,Medium,0.6,0.37,4,0.87,0.49,0.86,P2,Team_B,Medium
8997,Low,0.3,0.25,4,0.76,0.63,0.54,P3,Team_C,Low
8998,High,0.9,0.5,2,0.53,0.76,0.74,P2,Team_A,Medium
8999,Medium,0.6,0.69,3,0.21,0.73,0.75,P2,Team_C,Medium
9000,High,0.9,0.69,3,0.43,0.67,0.6,P1,Team_B,High
9001,Medium,0.6,0.83,4,0.42,0.63,0.85,P2,Team_B,Medium
9002,High,0.9,0.74,1,0.83,0.59,0.34,P1,Team_C,High
9003,High,0.9,0.86,2,0.55,0.58,0.57,P1,Team_C,High
9004,Low,0.3,0.62,4,0.47,0.55,0.66,P2,Team_A,Medium
9005,High,0.9,0.78,1,0.54,0.74,0.99,P1,Team_C,High
9006,Low,0.3,0.74,3,0.74,0.39,0.69,P2,Team_B,Medium
9007,Low,0.3,0.71,3,0.67,0.79,0.81,P2,Team_C,Medium
9008,Low,0.3,0.89,1,0.7,0.66,0.41,P2,Team_A,Medium
9009,Low,0.3,0.4,3,0.64,0.57,0.47,P2,Team_B,Medium
9010,Low,0.3,0.52,1,0.56,0.66,0.48,P2,Team_A,Medium
9011,High,0.9,0.45,3,0.85,0.66,0.94,P2,Team_A,Medium
9012,High,0.9,0.69,2,0.49,0.67,0.83,P1,Team_A,High
9013,Medium,0.6,0.52,4,0.5,0.6,0.33,P2,Team_A,Medium
9014,High,0.9,0.79,3,0.62,0.44,0.78,P1,Team_A,High
9015,Low,0.3,0.59,2,0.74,0.38,0.92,P2,Team_A,Medium
9016,High,0.9,0.42,1,0.89,0.66,0.48,P2,Team_B,Medium
9017,Low,0.3,0.86,2,0.94,0.69,0.76,P2,Team_B,Medium
9018,High,0.9,0.64,2,0.88,0.95,0.35,P1,Team_B,High
9019,Low,0.3,0.27,4,0.85,0.77,0.75,P3,Team_A,Low
9020,Low,0.3,0.37,4,0.68,0.28,0.58,P3,Team_A,Low
9021,High,0.9,0.28,2,0.81,0.58,0.71,P2,Team_A,Medium
9022,Low,0.3,0.46,1,0.92,0.82,0.59,P2,Team_A,Medium
9023,Medium,0.6,0.77,3,0.85,0.94,0.38,P2,Team_C,Medium
9024,Low,0.3,0.72,3,0.59,0.87,0.41,P2,Team_C,Medium
9025,Medium,0.6,0.6,3,0.62,0.87,0.46,P2,Team_B,Medium
9026,Medium,0.6,0.24,2,0.94,0.48,0.37,P2,Team_B,Medium
9027,High,0.9,0.85,4,0.46,0.61,0.65,P1,Team_A,High
9028,High,0.9,0.46,2,0.83,0.9,0.79,P2,Team_C,Medium
9029,Low,0.3,0.66,2,0.84,0.59,0.41,P2,Team_A,Medium
9030,High,0.9,0.29,4,0.62,0.63,0.95,P2,Team_A,Medium
9031,Medium,0.6,0.72,2,0.77,0.94,0.94,P2,Team_C,Medium
9032,Medium,0.6,0.11,3,0.89,0.84,0.59,P2,Team_C,Medium
9033,Medium,0.6,0.16,4,0.48,0.74,0.94,P2,Team_A,Medium
9034,Medium,0.6,0.54,4,0.9,0.75,1.0,P2,Team_C,Medium
9035,High,0.9,0.45,3,0.58,0.92,0.49,P2,Team_C,Medium
9036,Low,0.3,0.38,4,0.7,0.49,0.6,P3,Team_A,Low
9037,Low,0.3,0.14,2,0.97,0.62,0.49,P3,Team_A,Low
9038,Low,0.3,0.1,4,0.83,0.8,0.4,P3,Team_B,Low
9039,Medium,0.6,0.46,2,0.87,0.66,0.53,P2,Team_B,Medium
9040,Medium,0.6,0.92,4,0.65,0.53,0.63,P2,Team_B,Medium
9041,Low,0.3,0.51,1,0.66,0.24,0.61,P2,Team_C,Medium
9042,Medium,0.6,0.16,3,0.82,0.78,0.88,P2,Team_C,Medium
9043,High,0.9,0.62,1,0.74,0.51,0.78,P1,Team_A,High
9044,High,0.9,0.54,2,0.67,0.66,0.93,P2,Team_B,Medium
9045,High,0.9,0.62,3,0.56,0.7,0.3,P1,Team_C,High
9046,Medium,0.6,0.72,4,0.54,0.7,0.84,P2,Team_B,Medium
9047,Medium,0.6,0.52,3,0.89,0.49,0.51,P2,Team_A,Medium
9048,Medium,0.6,0.46,1,0.81,0.81,0.76,P2,Team_A,Medium
9049,Medium,0.6,0.24,2,0.49,0.95,0.53,P2,Team_B,Medium
9050,Medium,0.6,0.04,1,0.73,0.88,0.75,P2,Team_B,Medium
9051,Low,0.3,0.19,2,0.34,0.75,0.49,P3,Team_C,Low
9052,Low,0.3,0.82,1,0.71,0.39,0.48,P2,Team_C,Medium
9053,Low,0.3,0.71,2,0.69,0.55,0.3,P2,Team_C,Medium
9054,High,0.9,0.64,1,0.75,0.8,0.72,P1,Team_C,High
9055,High,0.9,0.4,4,0.6,0.96,0.61,P2,Team_A,Medium
9056,Low,0.3,0.74,2,0.79,0.47,0.86,P2,Team_C,Medium
9057,Low,0.3,0.61,3,0.76,0.93,0.56,P2,Team_C,Medium
9058,Low,0.3,0.82,2,0.74,0.87,0.52,P2,Team_C,Medium
9059,Low,0.3,0.7,3,0.52,0.68,0.66,P2,Team_A,Medium
9060,Low,0.3,0.63,2,0.95,0.89,0.61,P2,Team_C,Medium
9061,Medium,0.6,0.68,3,0.71,0.72,0.54,P2,Team_C,Medium
9062,Medium,0.6,0.88,4,0.68,0.58,0.57,P2,Team_B,Medium
9063,High,0.9,0.37,3,0.65,0.93,0.67,P2,Team_B,Medium
9064,Low,0.3,0.74,1,0.33,0.81,0.78,P2,Team_B,Medium
9065,Low,0.3,0.59,4,0.67,0.76,0.98,P2,Team_B,Medium
9066,Low,0.3,0.32,1,0.93,0.32,0.45,P3,Team_C,Low
9067,Low,0.3,0.87,4,0.72,0.54,0.76,P2,Team_B,Medium
9068,High,0.9,0.44,2,0.39,0.79,0.63,P2,Team_B,Medium
9069,Low,0.3,0.18,4,0.6,0.59,0.8,P3,Team_C,Low
9070,Low,0.3,0.87,3,0.97,0.79,0.37,P2,Team_C,Medium
9071,High,0.9,0.88,1,0.79,0.54,0.79,P1,Team_B,High
9072,Low,0.3,0.62,4,0.82,0.41,0.64,P2,Team_A,Medium
9073,Low,0.3,0.25,1,0.78,0.55,0.39,P3,Team_A,Low
9074,High,0.9,0.36,2,0.76,0.6,0.47,P2,Team_B,Medium
9075,Medium,0.6,0.05,2,0.88,0.78,0.67,P2,Team_A,Medium
9076,Low,0.3,0.26,2,0.8,0.8,0.52,P3,Team_C,Low
9077,Medium,0.6,0.74,2,0.98,0.51,0.54,P2,Team_B,Medium
9078,High,0.9,0.54,3,0.98,0.67,0.98,P2,Team_B,Medium
9079,High,0.9,0.72,1,0.57,0.39,0.92,P1,Team_C,High
9080,High,0.9,0.41,3,0.69,0.63,0.42,P2,Team_B,Medium
9081,High,0.9,0.61,3,0.91,0.43,0.81,P1,Team_C,High
9082,Low,0.3,0.46,4,0.66,0.82,0.4,P2,Team_C,Medium
9083,Low,0.3,0.93,4,0.8,0.81,0.85,P2,Team_B,Medium
9084,Medium,0.6,0.6,3,0.89,0.69,0.97,P2,Team_B,Medium
9085,Low,0.3,0.69,3,0.53,0.86,0.95,P2,Team_B,Medium
9086,Medium,0.6,0.82,4,0.5,0.4,0.32,P2,Team_C,Medium
9087,High,0.9,0.44,3,0.76,0.85,0.38,P2,Team_B,Medium
9088,Low,0.3,0.61,1,0.74,0.58,0.53,P2,Team_C,Medium
9089,Low,0.3,0.63,1,0.82,0.72,0.65,P2,Team_C,Medium
9090,High,0.9,0.68,1,0.65,0.96,0.49,P1,Team_B,High
9091,Medium,0.6,0.58,4,0.81,0.65,0.48,P2,Team_C,Medium
9092,Medium,0.6,0.72,4,0.84,0.42,0.32,P2,Team_C,Medium
9093,Low,0.3,0.43,1,0.62,0.83,0.63,P2,Team_B,Medium
9094,Medium,0.6,0.43,1,0.74,0.85,0.46,P2,Team_C,Medium
9095,Medium,0.6,0.8,4,0.74,0.55,0.58,P2,Team_C,Medium
9096,Low,0.3,0.64,2,0.91,0.43,0.4,P2,Team_B,Medium
9097,Low,0.3,0.6,4,0.81,0.72,0.92,P2,Team_A,Medium
9098,High,0.9,0.12,4,0.7,0.17,0.94,P2,Team_A,Medium
9099,Medium,0.6,0.72,1,0.98,0.7,0.79,P2,Team_A,Medium
9100,High,0.9,0.53,2,0.7,0.79,0.71,P2,Team_A,Medium
9101,Low,0.3,0.21,1,0.95,0.83,0.37,P3,Team_A,Low
9102,Medium,0.6,0.25,3,0.84,0.54,0.61,P2,Team_C,Medium
9103,Low,0.3,0.35,3,0.48,0.38,0.93,P3,Team_A,Low
9104,Medium,0.6,0.81,2,0.71,0.83,0.49,P2,Team_B,Medium
9105,Medium,0.6,0.78,2,0.63,0.92,0.94,P2,Team_B,Medium
9106,High,0.9,0.22,1,0.62,0.79,0.88,P2,Team_C,Medium
9107,Low,0.3,0.52,4,0.61,0.91,0.34,P2,Team_B,Medium
9108,High,0.9,0.52,4,0.74,0.73,0.34,P2,Team_C,Medium
9109,Medium,0.6,0.33,1,0.74,0.69,0.57,P2,Team_C,Medium
9110,High,0.9,0.59,2,0.88,0.8,0.94,P2,Team_C,Medium
9111,Medium,0.6,0.33,1,0.89,0.76,0.31,P2,Team_C,Medium
9112,Medium,0.6,0.72,2,0.87,0.51,0.72,P2,Team_A,Medium
9113,Medium,0.6,0.17,2,0.73,0.55,0.88,P2,Team_B,Medium
9114,Low,0.3,0.7,1,0.97,0.76,0.46,P2,Team_A,Medium
9115,Low,0.3,0.76,1,0.64,0.82,0.87,P2,Team_B,Medium
9116,High,0.9,0.21,3,0.7,0.32,0.87,P2,Team_A,Medium
9117,High,0.9,0.49,4,0.58,0.69,0.49,P2,Team_C,Medium
9118,Medium,0.6,0.17,2,0.41,0.65,0.94,P2,Team_B,Medium
9119,Medium,0.6,0.53,2,0.73,0.85,0.37,P2,Team_A,Medium
9120,High,0.9,0.24,4,0.7,0.49,0.38,P2,Team_A,Medium
9121,Low,0.3,0.62,1,0.57,0.15,0.53,P2,Team_A,Medium
9122,Medium,0.6,0.7,4,0.44,0.78,0.43,P2,Team_B,Medium
9123,High,0.9,0.39,3,0.37,0.58,0.94,P2,Team_B,Medium
9124,Low,0.3,0.27,3,0.61,0.26,0.66,P3,Team_A,Low
9125,Medium,0.6,0.49,3,0.35,0.52,0.95,P2,Team_C,Medium
9126,High,0.9,0.24,2,0.63,0.52,0.45,P2,Team_A,Medium
9127,High,0.9,0.83,4,0.76,0.88,0.83,P1,Team_C,High
9128,Low,0.3,0.17,3,0.76,0.87,0.82,P3,Team_A,Low
9129,Medium,0.6,0.76,3,0.81,0.35,0.91,P2,Team_A,Medium
9130,Low,0.3,0.36,3,0.61,0.45,0.99,P3,Team_B,Low
9131,Low,0.3,0.15,3,0.97,0.71,0.81,P3,Team_B,Low
9132,Medium,0.6,0.28,2,0.48,0.75,0.74,P2,Team_B,Medium
9133,Low,0.3,0.1,3,0.55,0.8,0.74,P3,Team_B,Low
9134,Medium,0.6,0.11,4,0.92,0.76,0.93,P2,Team_B,Medium
9135,Low,0.3,0.46,4,0.43,0.4,0.95,P2,Team_B,Medium
9136,Medium,0.6,0.37,2,0.62,0.41,0.61,P2,Team_C,Medium
9137,Low,0.3,0.54,4,0.48,0.64,0.49,P2,Team_B,Medium
9138,Medium,0.6,0.47,2,0.81,0.25,0.62,P2,Team_C,Medium
9139,Low,0.3,0.34,3,0.93,0.67,0.67,P3,Team_B,Low
9140,Low,0.3,0.53,1,0.69,0.42,0.35,P2,Team_B,Medium
9141,Medium,0.6,0.48,4,0.89,0.8,0.73,P2,Team_B,Medium
9142,Medium,0.6,0.27,1,0.78,0.97,0.98,P2,Team_C,Medium
9143,Low,0.3,0.21,1,0.66,0.95,0.31,P3,Team_A,Low
9144,Low,0.3,0.61,1,0.79,0.38,0.37,P2,Team_C,Medium
9145,High,0.9,0.46,1,0.63,0.66,0.7,P2,Team_C,Medium
9146,Medium,0.6,0.47,3,0.73,0.66,0.84,P2,Team_C,Medium
9147,High,0.9,0.17,1,0.64,0.85,0.59,P2,Team_C,Medium
9148,High,0.9,0.19,4,0.5,0.75,0.63,P2,Team_A,Medium
9149,High,0.9,0.87,4,0.82,0.67,0.58,P1,Team_C,High
9150,Low,0.3,0.17,3,0.88,0.87,0.49,P3,Team_B,Low
9151,Medium,0.6,0.31,1,0.81,0.68,0.47,P2,Team_C,Medium
9152,Low,0.3,0.42,3,0.57,0.56,0.71,P2,Team_A,Medium
9153,High,0.9,0.56,1,0.71,0.44,0.34,P2,Team_C,Medium
9154,Medium,0.6,0.58,4,0.74,0.84,0.89,P2,Team_B,Medium
9155,Medium,0.6,0.61,3,0.72,0.66,0.7,P2,Team_C,Medium
9156,Low,0.3,0.07,1,0.7,0.5,0.79,P3,Team_C,Low
9157,Medium,0.6,0.15,1,0.55,0.81,0.53,P2,Team_A,Medium
9158,Medium,0.6,0.78,1,0.61,0.38,0.62,P2,Team_C,Medium
9159,Medium,0.6,0.76,2,0.94,0.93,0.45,P2,Team_A,Medium
9160,High,0.9,0.51,2,0.67,0.66,0.96,P2,Team_C,Medium
9161,Medium,0.6,0.41,1,0.69,0.55,0.69,P2,Team_C,Medium
9162,Medium,0.6,0.55,1,0.81,0.8,0.9,P2,Team_C,Medium
9163,Low,0.3,0.12,3,0.68,0.61,0.49,P3,Team_A,Low
9164,Low,0.3,0.82,1,0.87,0.86,0.61,P2,Team_A,Medium
9165,High,0.9,0.58,3,0.98,0.73,0.67,P2,Team_A,Medium
9166,Medium,0.6,0.3,4,0.65,0.94,0.45,P2,Team_A,Medium
9167,High,0.9,0.41,2,0.88,0.9,0.94,P2,Team_C,Medium
9168,Low,0.3,0.79,1,0.87,0.6,0.96,P2,Team_A,Medium
9169,High,0.9,0.88,2,0.85,0.69,0.58,P1,Team_A,High
9170,Medium,0.6,0.56,1,0.63,0.71,0.44,P2,Team_B,Medium
9171,High,0.9,0.34,1,0.59,0.75,0.33,P2,Team_B,Medium
9172,Low,0.3,0.87,1,0.77,0.85,0.42,P2,Team_B,Medium
9173,Low,0.3,0.48,4,0.85,0.96,0.86,P2,Team_A,Medium
9174,High,0.9,0.62,2,0.68,0.48,0.8,P1,Team_B,High
9175,Low,0.3,0.17,2,0.81,0.88,0.95,P3,Team_B,Low
9176,Low,0.3,0.83,4,0.62,0.48,0.34,P2,Team_C,Medium
9177,Medium,0.6,0.1,4,0.44,0.23,0.32,P2,Team_B,Medium
9178,Low,0.3,0.93,4,0.68,0.76,0.59,P2,Team_A,Medium
9179,Low,0.3,0.62,3,0.86,0.53,0.36,P2,Team_B,Medium
9180,Low,0.3,0.66,2,0.68,0.5,0.7,P2,Team_A,Medium
9181,Medium,0.6,0.65,4,0.92,0.79,0.65,P2,Team_A,Medium
9182,Medium,0.6,0.35,2,0.8,0.86,0.89,P2,Team_A,Medium
9183,Low,0.3,0.28,3,0.81,0.48,0.33,P3,Team_A,Low
9184,Low,0.3,0.85,4,0.83,0.97,1.0,P2,Team_A,Medium
9185,High,0.9,0.28,2,0.74,0.62,0.44,P2,Team_C,Medium
9186,Medium,0.6,0.57,2,0.59,0.64,0.82,P2,Team_A,Medium
9187,Medium,0.6,0.54,3,0.25,0.75,0.51,P2,Team_A,Medium
9188,Low,0.3,0.24,4,0.79,0.89,0.87,P3,Team_B,Low
9189,High,0.9,0.29,3,0.73,0.41,0.92,P2,Team_C,Medium
9190,Low,0.3,0.37,1,0.8,0.34,0.33,P3,Team_B,Low
9191,High,0.9,0.49,1,0.9,0.46,0.49,P2,Team_A,Medium
9192,Low,0.3,0.69,2,0.75,0.6,0.65,P2,Team_C,Medium
9193,Low,0.3,0.28,2,0.72,0.46,0.8,P3,Team_C,Low
9194,High,0.9,0.43,1,0.67,0.65,0.63,P2,Team_C,Medium
9195,Medium,0.6,0.53,3,0.45,0.58,0.8,P2,Team_B,Medium
9196,High,0.9,0.89,4,0.79,0.67,0.47,P1,Team_A,High
9197,Medium,0.6,0.19,4,0.9,0.56,0.33,P2,Team_A,Medium
9198,Low,0.3,0.59,4,0.71,0.84,0.98,P2,Team_A,Medium
9199,Low,0.3,0.34,1,0.63,0.85,0.53,P3,Team_C,Low
9200,Low,0.3,0.41,4,0.64,0.98,0.61,P2,Team_A,Medium
9201,High,0.9,0.09,4,0.85,0.9,0.91,P2,Team_A,Medium
9202,High,0.9,0.36,1,0.65,0.89,0.94,P2,Team_A,Medium
9203,Medium,0.6,0.58,3,0.46,0.76,0.75,P2,Team_B,Medium
9204,Medium,0.6,0.78,2,0.69,0.66,0.39,P2,Team_A,Medium
9205,Low,0.3,0.44,2,0.85,0.85,0.44,P2,Team_C,Medium
9206,Low,0.3,0.37,3,0.77,0.85,0.79,P3,Team_A,Low
9207,Medium,0.6,0.58,1,0.91,0.52,0.64,P2,Team_B,Medium
9208,High,0.9,0.89,1,0.49,0.79,0.37,P1,Team_A,High
9209,Low,0.3,0.72,3,0.93,0.52,0.38,P2,Team_A,Medium
9210,Low,0.3,0.23,4,0.79,0.71,0.6,P3,Team_C,Low
9211,Medium,0.6,0.7,4,0.73,0.86,0.68,P2,Team_B,Medium
9212,Low,0.3,0.83,4,0.56,0.67,0.49,P2,Team_A,Medium
9213,High,0.9,0.6,1,0.66,0.79,0.44,P2,Team_C,Medium
9214,Medium,0.6,0.43,3,0.75,0.69,0.69,P2,Team_A,Medium
9215,Medium,0.6,0.47,3,0.82,0.77,0.65,P2,Team_A,Medium
9216,Low,0.3,0.54,1,0.78,0.86,0.43,P2,Team_A,Medium
9217,Medium,0.6,0.51,2,0.68,0.47,0.48,P2,Team_A,Medium
9218,High,0.9,0.16,1,0.78,0.68,0.31,P2,Team_B,Medium
9219,Low,0.3,0.23,2,0.69,0.66,0.85,P3,Team_A,Low
9220,Medium,0.6,0.35,3,0.45,0.58,0.44,P2,Team_A,Medium
9221,High,0.9,0.75,3,0.79,0.44,0.92,P1,Team_A,High
9222,Medium,0.6,0.34,1,0.65,0.58,0.38,P2,Team_B,Medium
9223,Medium,0.6,0.52,4,0.88,0.89,0.72,P2,Team_A,Medium
9224,Low,0.3,0.2,3,0.96,0.51,0.66,P3,Team_B,Low
9225,Medium,0.6,0.54,3,0.89,0.91,0.86,P2,Team_B,Medium
9226,High,0.9,0.98,3,0.92,0.6,0.81,P1,Team_B,High
9227,Low,0.3,0.87,4,0.79,0.3,0.86,P2,Team_A,Medium
9228,Low,0.3,0.28,4,0.86,0.33,0.91,P3,Team_A,Low
9229,Low,0.3,0.21,2,0.81,0.9,0.79,P3,Team_A,Low
9230,Medium,0.6,0.49,4,0.82,0.92,0.43,P2,Team_B,Medium
9231,Low,0.3,0.5,4,0.65,0.59,0.82,P2,Team_B,Medium
9232,Low,0.3,0.54,2,0.82,0.46,0.59,P2,Team_C,Medium
9233,Low,0.3,0.58,1,0.84,0.99,0.75,P2,Team_C,Medium
9234,Medium,0.6,0.16,3,0.69,0.61,0.61,P2,Team_B,Medium
9235,Medium,0.6,0.69,4,0.8,0.71,0.48,P2,Team_C,Medium
9236,High,0.9,0.49,1,0.91,0.6,0.85,P2,Team_B,Medium
9237,Low,0.3,0.84,1,0.39,0.68,0.88,P2,Team_B,Medium
9238,Low,0.3,0.15,2,0.89,0.72,0.34,P3,Team_C,Low
9239,Medium,0.6,0.64,1,0.7,0.89,0.53,P2,Team_B,Medium
9240,Low,0.3,0.45,2,0.74,0.56,0.43,P2,Team_A,Medium
9241,Low,0.3,0.43,2,0.79,0.76,0.76,P2,Team_B,Medium
9242,Medium,0.6,0.31,3,0.81,0.87,0.4,P2,Team_A,Medium
9243,Low,0.3,0.69,1,0.61,0.54,0.81,P2,Team_C,Medium
9244,High,0.9,0.48,2,0.82,0.96,0.54,P2,Team_B,Medium
9245,Low,0.3,0.57,4,0.9,0.86,0.49,P2,Team_A,Medium
9246,Low,0.3,0.77,3,0.96,0.74,0.8,P2,Team_B,Medium
9247,High,0.9,0.29,3,0.97,0.79,1.0,P2,Team_B,Medium
9248,Medium,0.6,0.5,2,0.92,0.54,0.91,P2,Team_C,Medium
9249,Medium,0.6,0.9,2,0.69,0.85,0.57,P2,Team_A,Medium
9250,High,0.9,0.38,1,0.3,0.37,0.99,P2,Team_B,Medium
9251,Medium,0.6,0.84,1,0.97,0.59,0.72,P2,Team_A,Medium
9252,High,0.9,0.73,1,0.94,0.23,0.47,P1,Team_B,High
9253,Medium,0.6,0.6,2,0.75,0.56,0.45,P2,Team_C,Medium
9254,Low,0.3,0.2,4,0.71,0.79,0.49,P3,Team_B,Low
9255,High,0.9,0.68,3,0.86,0.45,0.83,P1,Team_B,High
9256,High,0.9,0.31,3,0.85,0.51,0.53,P2,Team_C,Medium
9257,Low,0.3,0.4,1,0.56,0.69,0.8,P2,Team_B,Medium
9258,High,0.9,0.57,2,0.71,0.66,0.8,P2,Team_A,Medium
9259,Medium,0.6,0.13,3,0.59,0.7,0.95,P2,Team_B,Medium
9260,Low,0.3,0.44,1,0.61,0.84,0.9,P2,Team_A,Medium
9261,Medium,0.6,0.62,4,0.58,0.54,0.35,P2,Team_B,Medium
9262,Low,0.3,0.76,2,0.82,0.45,0.61,P2,Team_A,Medium
9263,Low,0.3,0.71,4,0.8,0.67,0.47,P2,Team_A,Medium
9264,Low,0.3,0.27,4,0.69,0.65,0.95,P3,Team_B,Low
9265,Low,0.3,0.34,1,0.8,0.95,0.94,P3,Team_C,Low
9266,Low,0.3,0.33,3,0.61,0.65,0.38,P3,Team_A,Low
9267,Low,0.3,0.2,1,0.7,0.85,0.95,P3,Team_B,Low
9268,High,0.9,0.2,3,0.86,0.91,0.88,P2,Team_B,Medium
9269,Low,0.3,0.32,2,0.76,0.81,0.75,P3,Team_B,Low
9270,High,0.9,0.28,3,0.6,0.56,0.76,P2,Team_B,Medium
9271,High,0.9,0.47,1,0.74,0.77,0.58,P2,Team_A,Medium
9272,High,0.9,0.65,2,0.83,0.93,0.81,P1,Team_C,High
9273,Low,0.3,0.55,4,0.79,0.49,0.5,P2,Team_C,Medium
9274,Medium,0.6,0.62,2,0.76,0.57,0.95,P2,Team_A,Medium
9275,Low,0.3,0.41,2,0.46,0.6,0.62,P2,Team_B,Medium
9276,Low,0.3,0.86,1,0.69,0.7,0.88,P2,Team_B,Medium
9277,High,0.9,0.31,1,0.4,0.53,0.63,P2,Team_B,Medium
9278,Low,0.3,0.45,3,0.67,0.71,0.64,P2,Team_A,Medium
9279,Low,0.3,0.48,1,0.64,0.4,0.45,P2,Team_C,Medium
9280,Medium,0.6,0.82,2,0.64,0.55,0.71,P2,Team_A,Medium
9281,High,0.9,0.22,2,0.96,0.75,0.38,P2,Team_C,Medium
9282,Medium,0.6,0.86,3,0.93,0.46,0.32,P2,Team_B,Medium
9283,Medium,0.6,0.44,3,0.7,0.96,0.61,P2,Team_B,Medium
9284,High,0.9,0.78,2,0.75,0.89,0.89,P1,Team_A,High
9285,Low,0.3,0.72,2,0.49,0.69,0.97,P2,Team_B,Medium
9286,High,0.9,0.13,2,0.63,0.84,0.37,P2,Team_B,Medium
9287,Medium,0.6,0.19,4,0.59,0.64,0.94,P2,Team_A,Medium
9288,Medium,0.6,0.21,3,0.65,0.7,0.36,P2,Team_C,Medium
9289,Medium,0.6,0.66,4,0.72,0.57,0.41,P2,Team_B,Medium
9290,Low,0.3,0.2,2,0.77,0.66,0.81,P3,Team_A,Low
9291,Low,0.3,0.48,4,0.65,0.84,0.94,P2,Team_B,Medium
9292,Low,0.3,0.23,2,0.75,0.39,0.36,P3,Team_A,Low
9293,Medium,0.6,0.55,3,0.62,0.71,0.34,P2,Team_A,Medium
9294,High,0.9,0.44,2,0.63,0.32,0.52,P2,Team_C,Medium
9295,Low,0.3,0.8,2,0.59,0.7,0.95,P2,Team_A,Medium
9296,Medium,0.6,0.68,2,0.71,0.79,0.48,P2,Team_B,Medium
9297,Medium,0.6,0.34,2,0.71,0.49,0.46,P2,Team_B,Medium
9298,Low,0.3,0.14,1,0.86,0.86,0.64,P3,Team_A,Low
9299,Low,0.3,0.36,2,0.7,0.63,0.83,P3,Team_B,Low
9300,Low,0.3,0.56,4,0.89,0.73,0.83,P2,Team_B,Medium
9301,Low,0.3,0.48,3,0.71,0.64,0.87,P2,Team_A,Medium
9302,Low,0.3,0.69,4,0.94,0.48,0.89,P2,Team_C,Medium
9303,High,0.9,0.72,1,0.65,0.6,0.79,P1,Team_A,High
9304,Medium,0.6,0.54,1,0.38,0.61,0.46,P2,Team_C,Medium
9305,High,0.9,0.41,4,0.81,0.77,0.95,P2,Team_A,Medium
9306,Low,0.3,0.83,4,0.52,0.82,0.73,P2,Team_B,Medium
9307,Low,0.3,0.54,1,0.86,0.98,0.53,P2,Team_A,Medium
9308,Medium,0.6,0.36,1,0.83,0.36,0.67,P2,Team_B,Medium
9309,Low,0.3,0.47,2,0.64,0.89,0.91,P2,Team_A,Medium
9310,Medium,0.6,0.12,2,0.65,0.65,0.35,P2,Team_B,Medium
9311,Medium,0.6,0.61,4,0.64,0.91,0.83,P2,Team_C,Medium
9312,Medium,0.6,0.75,2,0.86,0.45,0.73,P2,Team_B,Medium
9313,High,0.9,0.58,1,0.73,0.76,0.6,P2,Team_C,Medium
9314,Low,0.3,0.79,3,0.8,0.74,0.52,P2,Team_A,Medium
9315,Low,0.3,0.25,2,0.51,0.46,0.31,P3,Team_A,Low
9316,Medium,0.6,0.9,3,0.56,0.36,0.5,P2,Team_B,Medium
9317,High,0.9,0.59,3,0.32,0.17,0.35,P2,Team_B,Medium
9318,Medium,0.6,0.54,3,0.96,0.77,0.89,P2,Team_C,Medium
9319,High,0.9,0.9,1,0.54,0.56,0.34,P1,Team_A,High
9320,Low,0.3,0.81,2,0.75,0.74,0.45,P2,Team_C,Medium
9321,High,0.9,0.2,4,0.71,0.53,0.93,P2,Team_B,Medium
9322,Low,0.3,0.44,4,0.75,0.91,0.62,P2,Team_A,Medium
9323,Low,0.3,0.44,2,0.7,0.52,0.36,P2,Team_C,Medium
9324,High,0.9,0.38,3,0.91,0.88,0.93,P2,Team_B,Medium
9325,Low,0.3,0.82,3,0.52,0.69,0.86,P2,Team_A,Medium
9326,Medium,0.6,0.32,2,0.83,0.72,0.48,P2,Team_C,Medium
9327,High,0.9,0.88,1,0.94,0.94,0.86,P1,Team_A,High
9328,Low,0.3,0.63,1,0.72,0.77,0.69,P2,Team_B,Medium
9329,Low,0.3,0.56,3,0.67,0.45,0.48,P2,Team_C,Medium
9330,Low,0.3,0.47,2,0.7,0.54,0.34,P2,Team_C,Medium
9331,Low,0.3,0.76,1,0.87,0.69,0.98,P2,Team_B,Medium
9332,High,0.9,0.71,2,0.58,0.39,0.66,P1,Team_B,High
9333,Low,0.3,0.6,4,0.52,0.74,0.34,P2,Team_C,Medium
9334,High,0.9,0.52,4,0.83,0.46,0.81,P2,Team_C,Medium
9335,Medium,0.6,0.83,3,0.95,0.96,0.5,P2,Team_A,Medium
9336,Medium,0.6,0.47,4,0.79,0.5,0.51,P2,Team_A,Medium
9337,High,0.9,0.38,1,0.97,0.59,0.39,P2,Team_A,Medium
9338,Medium,0.6,0.5,1,0.81,0.97,0.83,P2,Team_C,Medium
9339,High,0.9,0.42,4,0.72,0.6,0.43,P2,Team_C,Medium
9340,Low,0.3,0.44,4,0.53,0.56,0.85,P2,Team_B,Medium
9341,Medium,0.6,0.75,3,0.77,0.6,0.92,P2,Team_C,Medium
9342,Low,0.3,0.16,2,0.72,0.5,0.97,P3,Team_C,Low
9343,Medium,0.6,0.34,2,0.95,0.5,0.34,P2,Team_A,Medium
9344,Low,0.3,0.92,1,0.88,0.74,0.94,P2,Team_B,Medium
9345,Low,0.3,0.35,2,0.94,0.56,0.89,P3,Team_A,Low
9346,High,0.9,0.74,2,0.59,0.9,0.56,P1,Team_A,High
9347,Low,0.3,0.24,2,0.84,0.74,0.39,P3,Team_C,Low
9348,High,0.9,0.44,2,0.86,0.83,0.93,P2,Team_B,Medium
9349,Low,0.3,0.54,3,0.94,0.83,0.55,P2,Team_A,Medium
9350,High,0.9,0.44,3,0.8,0.56,0.48,P2,Team_B,Medium
9351,Medium,0.6,0.42,3,0.67,0.29,0.87,P2,Team_B,Medium
9352,Medium,0.6,0.7,2,0.85,0.76,0.78,P2,Team_B,Medium
9353,Low,0.3,0.65,2,0.82,0.41,0.56,P2,Team_B,Medium
9354,Medium,0.6,0.25,1,0.91,0.76,0.66,P2,Team_B,Medium
9355,High,0.9,0.4,2,0.59,0.43,0.51,P2,Team_B,Medium
9356,High,0.9,0.15,2,0.76,0.23,0.5,P2,Team_A,Medium
9357,High,0.9,0.11,4,0.67,0.4,0.43,P2,Team_B,Medium
9358,High,0.9,0.59,1,0.87,0.57,0.78,P2,Team_A,Medium
9359,Low,0.3,0.97,1,0.53,0.97,0.81,P2,Team_B,Medium
9360,Low,0.3,0.63,1,0.45,0.55,0.84,P2,Team_C,Medium
9361,Low,0.3,0.65,1,0.91,0.68,0.89,P2,Team_A,Medium
9362,Medium,0.6,0.57,2,0.54,0.51,0.43,P2,Team_B,Medium
9363,High,0.9,0.25,3,0.62,0.6,0.43,P2,Team_C,Medium
9364,Low,0.3,0.2,2,0.91,0.67,0.48,P3,Team_C,Low
9365,Low,0.3,0.35,2,0.92,0.94,0.71,P3,Team_A,Low
9366,High,0.9,0.25,3,0.93,0.83,1.0,P2,Team_B,Medium
9367,Medium,0.6,0.56,1,0.9,0.8,0.59,P2,Team_A,Medium
9368,Low,0.3,0.18,4,0.36,0.59,0.68,P3,Team_A,Low
9369,Medium,0.6,0.52,1,0.92,0.48,0.34,P2,Team_B,Medium
9370,Medium,0.6,0.51,2,0.84,0.5,0.54,P2,Team_B,Medium
9371,Medium,0.6,0.15,3,0.86,0.54,0.77,P2,Team_C,Medium
9372,Low,0.3,0.43,3,0.9,0.59,0.47,P2,Team_C,Medium
9373,Low,0.3,0.19,1,0.84,0.7,0.49,P3,Team_A,Low
9374,High,0.9,0.29,1,0.63,0.78,0.47,P2,Team_A,Medium
9375,Low,0.3,0.07,2,0.8,0.65,0.38,P3,Team_C,Low
9376,High,0.9,0.49,2,0.91,0.68,0.86,P2,Team_C,Medium
9377,Medium,0.6,0.67,1,0.81,0.85,0.79,P2,Team_B,Medium
9378,Medium,0.6,0.76,1,0.77,0.45,0.93,P2,Team_A,Medium
9379,Low,0.3,0.82,4,0.8,0.75,0.74,P2,Team_C,Medium
9380,Medium,0.6,0.18,2,0.71,0.32,0.95,P2,Team_A,Medium
9381,Medium,0.6,0.59,3,0.69,0.76,0.51,P2,Team_B,Medium
9382,Low,0.3,0.31,2,0.73,0.82,0.88,P3,Team_B,Low
9383,High,0.9,0.37,2,0.44,0.93,0.91,P2,Team_C,Medium
9384,High,0.9,0.75,2,0.78,0.71,0.34,P1,Team_B,High
9385,Medium,0.6,0.63,1,0.77,0.66,0.66,P2,Team_C,Medium
9386,Low,0.3,0.67,1,0.33,0.87,0.86,P2,Team_A,Medium
9387,Medium,0.6,0.45,4,0.9,0.83,0.96,P2,Team_C,Medium
9388,High,0.9,0.63,3,0.75,0.56,0.81,P1,Team_C,High
9389,Medium,0.6,0.86,4,0.63,0.78,0.33,P2,Team_B,Medium
9390,Low,0.3,0.23,2,0.39,0.59,0.38,P3,Team_C,Low
9391,Low,0.3,0.74,2,0.6,0.4,0.76,P2,Team_C,Medium
9392,High,0.9,0.64,1,0.78,0.68,0.58,P1,Team_A,High
9393,Medium,0.6,0.31,4,0.95,0.82,0.67,P2,Team_A,Medium
9394,High,0.9,0.27,2,0.65,0.8,0.69,P2,Team_B,Medium
9395,Medium,0.6,0.59,4,0.91,0.7,0.53,P2,Team_B,Medium
9396,Low,0.3,0.26,1,0.67,0.76,0.87,P3,Team_B,Low
9397,Low,0.3,0.65,4,0.88,0.36,0.4,P2,Team_C,Medium
9398,High,0.9,0.5,4,0.51,0.33,0.71,P2,Team_B,Medium
9399,Low,0.3,0.56,3,0.73,0.72,0.84,P2,Team_C,Medium
9400,Medium,0.6,0.49,2,0.47,0.64,0.55,P2,Team_B,Medium
9401,Medium,0.6,0.59,4,0.92,0.86,0.53,P2,Team_C,Medium
9402,High,0.9,0.19,2,0.72,0.95,0.79,P2,Team_A,Medium
9403,High,0.9,0.34,4,0.83,0.98,0.7,P2,Team_C,Medium
9404,Low,0.3,0.36,2,0.83,0.48,0.48,P3,Team_B,Low
9405,High,0.9,0.63,3,0.67,0.75,0.76,P1,Team_B,High
9406,Low,0.3,0.26,4,0.88,0.61,0.72,P3,Team_B,Low
9407,High,0.9,0.33,1,0.48,0.7,0.91,P2,Team_C,Medium
9408,High,0.9,0.54,4,0.92,0.75,0.55,P2,Team_C,Medium
9409,Low,0.3,0.4,4,0.34,0.55,0.65,P2,Team_A,Medium
9410,Low,0.3,0.35,4,0.52,0.64,0.99,P3,Team_A,Low
9411,Medium,0.6,0.63,1,0.76,0.81,0.62,P2,Team_A,Medium
9412,Medium,0.6,0.74,4,0.83,0.7,0.77,P2,Team_C,Medium
9413,Low,0.3,0.68,3,0.74,0.94,0.92,P2,Team_C,Medium
9414,Low,0.3,0.26,4,0.66,0.37,0.89,P3,Team_B,Low
9415,High,0.9,0.58,4,0.9,0.58,0.39,P2,Team_B,Medium
9416,High,0.9,0.19,1,0.83,0.81,0.75,P2,Team_B,Medium
9417,Low,0.3,0.48,4,0.93,0.61,0.53,P2,Team_A,Medium
9418,Low,0.3,0.62,4,0.8,0.35,0.4,P2,Team_A,Medium
9419,High,0.9,0.68,3,0.97,0.79,0.63,P1,Team_C,High
9420,Low,0.3,0.31,3,0.65,0.82,0.78,P3,Team_C,Low
9421,Medium,0.6,0.02,3,0.81,0.58,0.69,P2,Team_A,Medium
9422,Low,0.3,0.72,3,0.87,0.63,0.86,P2,Team_B,Medium
9423,High,0.9,0.34,2,0.24,0.68,0.53,P2,Team_A,Medium
9424,Low,0.3,0.49,3,0.79,0.74,0.82,P2,Team_B,Medium
9425,High,0.9,0.49,3,0.47,0.85,0.34,P2,Team_C,Medium
9426,High,0.9,0.52,3,0.76,0.75,0.31,P2,Team_A,Medium
9427,Medium,0.6,0.55,1,0.65,0.5,0.38,P2,Team_C,Medium
9428,High,0.9,0.7,1,0.88,0.9,0.89,P1,Team_A,High
9429,Low,0.3,0.58,1,0.73,0.18,0.33,P2,Team_B,Medium
9430,Medium,0.6,0.69,1,0.57,0.84,0.41,P2,Team_B,Medium
9431,Low,0.3,0.66,1,0.71,0.7,0.89,P2,Team_B,Medium
9432,Medium,0.6,0.46,3,0.94,0.93,0.58,P2,Team_C,Medium
9433,Medium,0.6,0.13,4,0.83,0.84,0.48,P2,Team_A,Medium
9434,High,0.9,0.25,1,0.56,0.8,0.75,P2,Team_A,Medium
9435,Low,0.3,0.46,1,0.57,0.8,0.48,P2,Team_B,Medium
9436,Low,0.3,0.41,3,0.4,0.58,0.83,P2,Team_A,Medium
9437,Medium,0.6,0.7,3,0.61,0.6,0.64,P2,Team_C,Medium
9438,Low,0.3,0.28,2,0.58,0.82,0.76,P3,Team_C,Low
9439,High,0.9,0.03,2,0.72,0.67,0.6,P2,Team_C,Medium
9440,High,0.9,0.43,3,0.71,0.37,0.41,P2,Team_C,Medium
9441,Low,0.3,0.18,3,0.87,0.72,0.46,P3,Team_B,Low
9442,Low,0.3,0.51,1,0.5,0.82,0.5,P2,Team_B,Medium
9443,Low,0.3,0.4,4,0.76,0.33,0.8,P2,Team_A,Medium
9444,High,0.9,0.36,2,0.72,0.85,0.47,P2,Team_A,Medium
9445,Medium,0.6,0.41,1,0.6,0.86,0.92,P2,Team_A,Medium
9446,High,0.9,0.59,2,0.73,0.5,0.55,P2,Team_B,Medium
9447,High,0.9,0.6,3,0.83,0.72,0.64,P2,Team_B,Medium
9448,Medium,0.6,0.26,2,0.47,0.79,0.86,P2,Team_C,Medium
9449,Medium,0.6,0.56,3,0.82,0.7,0.92,P2,Team_A,Medium
9450,Low,0.3,0.98,1,0.54,0.74,0.85,P2,Team_C,Medium
9451,High,0.9,0.3,1,0.43,0.9,0.75,P2,Team_A,Medium
9452,Medium,0.6,0.5,3,0.61,0.69,0.81,P2,Team_C,Medium
9453,Medium,0.6,0.39,2,0.92,0.23,0.61,P2,Team_A,Medium
9454,Low,0.3,0.63,1,0.49,0.92,0.38,P2,Team_A,Medium
9455,Medium,0.6,0.71,1,0.67,0.8,0.59,P2,Team_A,Medium
9456,Medium,0.6,0.45,3,0.4,0.51,0.85,P2,Team_C,Medium
9457,Low,0.3,0.59,2,0.78,0.12,0.57,P2,Team_B,Medium
9458,Medium,0.6,0.7,1,0.84,0.96,0.91,P2,Team_B,Medium
9459,Medium,0.6,0.63,4,0.89,0.81,0.51,P2,Team_A,Medium
9460,Low,0.3,0.46,1,0.56,0.75,0.67,P2,Team_A,Medium
9461,High,0.9,0.72,2,0.6,0.23,0.47,P1,Team_C,High
9462,Low,0.3,0.63,4,0.46,0.8,0.65,P2,Team_A,Medium
9463,Medium,0.6,0.13,2,0.79,0.64,0.56,P2,Team_C,Medium
9464,Low,0.3,0.69,3,0.67,0.7,0.5,P2,Team_C,Medium
9465,Medium,0.6,0.66,2,0.65,0.8,0.83,P2,Team_B,Medium
9466,Low,0.3,0.78,3,0.6,0.71,0.71,P2,Team_B,Medium
9467,Medium,0.6,0.68,4,0.3,0.64,0.9,P2,Team_C,Medium
9468,High,0.9,0.24,2,0.86,0.45,0.72,P2,Team_A,Medium
9469,Low,0.3,0.33,4,0.78,0.5,0.52,P3,Team_B,Low
9470,Low,0.3,0.2,4,0.48,0.62,0.54,P3,Team_B,Low
9471,Medium,0.6,0.67,4,0.32,0.62,0.7,P2,Team_C,Medium
9472,High,0.9,0.58,4,0.81,0.74,0.35,P2,Team_C,Medium
9473,Medium,0.6,0.34,1,0.37,0.32,0.58,P2,Team_B,Medium
9474,Medium,0.6,0.74,4,0.83,0.74,0.66,P2,Team_A,Medium
9475,Medium,0.6,0.41,2,0.68,0.56,0.84,P2,Team_B,Medium
9476,Medium,0.6,0.35,2,0.84,0.73,0.78,P2,Team_C,Medium
9477,Low,0.3,0.12,2,0.81,0.64,0.37,P3,Team_A,Low
9478,High,0.9,0.53,2,0.78,0.92,0.75,P2,Team_A,Medium
9479,Low,0.3,0.66,3,0.95,0.68,0.7,P2,Team_A,Medium
9480,Low,0.3,0.95,4,0.78,0.9,0.32,P2,Team_C,Medium
9481,High,0.9,0.53,1,0.9,0.47,1.0,P2,Team_A,Medium
9482,Medium,0.6,0.64,3,0.65,0.96,0.98,P2,Team_C,Medium
9483,High,0.9,0.34,4,0.61,0.22,0.99,P2,Team_A,Medium
9484,Medium,0.6,0.59,4,0.84,0.91,0.69,P2,Team_A,Medium
9485,High,0.9,0.38,1,0.96,0.33,0.87,P2,Team_A,Medium
9486,Medium,0.6,0.08,1,0.69,0.93,0.48,P2,Team_A,Medium
9487,Medium,0.6,0.49,1,0.59,0.38,0.43,P2,Team_B,Medium
9488,Medium,0.6,0.38,3,0.91,0.72,0.49,P2,Team_B,Medium
9489,Medium,0.6,0.43,4,0.87,0.74,0.54,P2,Team_A,Medium
9490,High,0.9,0.37,4,0.89,0.37,0.31,P2,Team_B,Medium
9491,Medium,0.6,0.55,2,0.44,0.32,0.38,P2,Team_C,Medium
9492,Medium,0.6,0.29,4,0.69,0.66,0.31,P2,Team_A,Medium
9493,Medium,0.6,0.34,1,0.24,0.84,0.38,P2,Team_A,Medium
9494,Low,0.3,0.57,3,0.58,0.72,0.69,P2,Team_C,Medium
9495,High,0.9,0.9,4,0.96,0.34,0.34,P1,Team_B,High
9496,Low,0.3,0.06,3,0.88,0.69,0.45,P3,Team_A,Low
9497,Low,0.3,0.54,2,0.97,0.94,0.79,P2,Team_B,Medium
9498,High,0.9,0.42,4,0.81,0.79,0.41,P2,Team_C,Medium
9499,Low,0.3,0.41,1,0.49,0.96,0.72,P2,Team_C,Medium
9500,High,0.9,0.63,1,0.88,0.7,0.34,P1,Team_C,High
9501,Low,0.3,0.77,2,0.66,0.64,0.33,P2,Team_C,Medium
9502,Medium,0.6,0.15,2,0.42,0.97,0.87,P2,Team_C,Medium
9503,High,0.9,0.77,2,0.63,0.43,0.77,P1,Team_C,High
9504,Medium,0.6,0.51,3,0.67,0.52,0.64,P2,Team_A,Medium
9505,High,0.9,0.44,2,0.82,0.54,0.58,P2,Team_C,Medium
9506,Low,0.3,0.65,2,0.87,0.55,0.97,P2,Team_C,Medium
9507,Medium,0.6,0.61,4,0.78,0.76,0.87,P2,Team_C,Medium
9508,Low,0.3,0.15,4,0.88,0.93,0.75,P3,Team_A,Low
9509,High,0.9,0.58,2,0.5,0.59,0.37,P2,Team_B,Medium
9510,Low,0.3,0.46,2,0.56,0.73,0.45,P2,Team_C,Medium
9511,Medium,0.6,0.32,2,0.83,0.35,0.64,P2,Team_C,Medium
9512,High,0.9,0.4,2,0.52,0.79,0.87,P2,Team_C,Medium
9513,High,0.9,0.93,1,0.72,0.79,0.47,P1,Team_C,High
9514,Medium,0.6,0.79,1,0.89,0.78,0.94,P2,Team_B,Medium
9515,Low,0.3,0.44,4,0.65,0.85,0.44,P2,Team_C,Medium
9516,Low,0.3,0.49,2,0.6,0.64,0.53,P2,Team_B,Medium
9517,Low,0.3,0.62,3,0.57,0.6,0.57,P2,Team_B,Medium
9518,High,0.9,0.78,1,0.81,0.88,0.58,P1,Team_B,High
9519,Low,0.3,0.5,3,0.62,0.55,0.59,P2,Team_C,Medium
9520,Medium,0.6,0.25,4,0.71,0.75,0.5,P2,Team_B,Medium
9521,Low,0.3,0.52,4,0.81,0.5,0.36,P2,Team_B,Medium
9522,Medium,0.6,0.42,2,0.88,0.96,0.9,P2,Team_A,Medium
9523,Low,0.3,0.51,4,0.82,0.73,0.34,P2,Team_C,Medium
9524,Medium,0.6,0.53,3,0.58,0.93,0.95,P2,Team_B,Medium
9525,High,0.9,0.69,4,0.84,0.83,0.84,P1,Team_A,High
9526,Medium,0.6,0.54,3,0.74,0.57,0.47,P2,Team_B,Medium
9527,Medium,0.6,0.45,3,0.69,0.6,0.99,P2,Team_C,Medium
9528,Low,0.3,0.62,2,0.57,0.9,0.56,P2,Team_C,Medium
9529,Low,0.3,0.33,4,0.81,0.63,0.81,P3,Team_B,Low
9530,Low,0.3,0.81,3,0.91,0.56,0.66,P2,Team_A,Medium
9531,High,0.9,0.86,1,0.66,0.72,0.42,P1,Team_C,High
9532,Low,0.3,0.48,3,0.8,0.71,0.87,P2,Team_C,Medium
9533,Low,0.3,0.23,2,0.84,0.46,0.58,P3,Team_C,Low
9534,Medium,0.6,0.16,1,0.76,0.73,0.51,P2,Team_B,Medium
9535,Low,0.3,0.52,1,0.52,0.83,0.95,P2,Team_A,Medium
9536,High,0.9,0.8,3,0.79,0.54,0.81,P1,Team_B,High
9537,Low,0.3,0.2,1,0.66,0.51,0.72,P3,Team_C,Low
9538,Low,0.3,0.28,2,0.49,0.26,0.62,P3,Team_A,Low
9539,High,0.9,0.81,2,0.84,0.4,0.76,P1,Team_A,High
9540,Medium,0.6,0.53,4,0.84,0.66,0.93,P2,Team_B,Medium
9541,Medium,0.6,0.43,4,0.37,0.61,0.98,P2,Team_C,Medium
9542,Medium,0.6,0.51,1,0.74,0.61,0.78,P2,Team_A,Medium
9543,Medium,0.6,0.29,3,0.78,0.49,0.73,P2,Team_B,Medium
9544,Medium,0.6,0.46,4,0.83,0.82,0.81,P2,Team_A,Medium
9545,Low,0.3,0.45,4,0.66,0.6,0.98,P2,Team_C,Medium
9546,Low,0.3,0.25,2,0.9,0.34,0.99,P3,Team_A,Low
9547,Medium,0.6,0.18,4,0.71,0.93,0.96,P2,Team_A,Medium
9548,Medium,0.6,0.24,1,0.77,0.58,0.8,P2,Team_A,Medium
9549,High,0.9,0.38,1,0.42,0.79,0.47,P2,Team_C,Medium
9550,Low,0.3,0.58,3,0.59,0.6,0.4,P2,Team_B,Medium
9551,High,0.9,0.58,2,0.81,0.56,0.58,P2,Team_C,Medium
9552,High,0.9,0.67,3,0.35,0.72,0.52,P1,Team_A,High
9553,Medium,0.6,0.26,3,0.32,0.81,0.89,P2,Team_C,Medium
9554,Low,0.3,0.05,1,0.77,0.61,0.51,P3,Team_B,Low
9555,High,0.9,0.78,1,0.69,0.66,0.31,P1,Team_C,High
9556,High,0.9,0.68,4,0.79,0.88,0.88,P1,Team_A,High
9557,Medium,0.6,0.89,1,0.65,0.8,0.6,P2,Team_A,Medium
9558,Low,0.3,0.66,1,0.81,0.53,0.52,P2,Team_A,Medium
9559,High,0.9,0.28,3,0.93,0.52,0.73,P2,Team_A,Medium
9560,Low,0.3,0.55,3,0.86,0.56,0.32,P2,Team_C,Medium
9561,Medium,0.6,0.36,2,0.75,0.83,0.86,P2,Team_B,Medium
9562,Low,0.3,0.82,4,0.95,0.76,0.91,P2,Team_A,Medium
9563,Medium,0.6,0.43,3,0.78,0.67,0.41,P2,Team_C,Medium
9564,Low,0.3,0.57,4,0.59,0.9,0.78,P2,Team_A,Medium
9565,Medium,0.6,0.6,4,0.58,0.66,0.63,P2,Team_C,Medium
9566,Medium,0.6,0.4,3,0.67,0.81,0.54,P2,Team_C,Medium
9567,Low,0.3,0.09,1,0.8,0.7,0.69,P3,Team_C,Low
9568,Low,0.3,0.49,2,0.75,0.42,0.93,P2,Team_A,Medium
9569,High,0.9,0.31,1,0.83,0.73,0.31,P2,Team_A,Medium
9570,Medium,0.6,0.42,4,0.28,0.73,0.94,P2,Team_C,Medium
9571,High,0.9,0.35,3,0.97,0.48,0.39,P2,Team_B,Medium
9572,Medium,0.6,0.44,1,0.65,0.64,0.93,P2,Team_C,Medium
9573,Low,0.3,0.57,1,0.9,0.51,0.77,P2,Team_B,Medium
9574,Low,0.3,0.86,1,0.9,0.73,0.72,P2,Team_C,Medium
9575,Medium,0.6,0.68,3,0.68,0.82,0.99,P2,Team_B,Medium
9576,Medium,0.6,0.85,2,0.43,0.53,0.61,P2,Team_B,Medium
9577,Medium,0.6,0.45,2,0.88,0.82,0.94,P2,Team_C,Medium
9578,High,0.9,0.51,1,0.86,0.78,0.93,P2,Team_A,Medium
9579,High,0.9,0.39,1,0.7,0.49,0.6,P2,Team_A,Medium
9580,Low,0.3,0.95,2,0.74,0.46,0.44,P2,Team_B,Medium
9581,High,0.9,0.49,2,0.71,0.27,0.31,P2,Team_A,Medium
9582,High,0.9,0.22,3,0.91,0.56,0.67,P2,Team_C,Medium
9583,High,0.9,0.34,3,0.78,0.44,0.9,P2,Team_C,Medium
9584,Medium,0.6,0.74,4,0.79,0.73,0.45,P2,Team_A,Medium
9585,Low,0.3,0.29,4,0.48,0.64,0.76,P3,Team_C,Low
9586,Low,0.3,0.32,2,0.96,0.61,0.89,P3,Team_B,Low
9587,Low,0.3,0.59,1,0.78,0.51,0.99,P2,Team_A,Medium
9588,Low,0.3,0.74,3,0.44,0.59,0.62,P2,Team_A,Medium
9589,Medium,0.6,0.2,3,0.97,0.49,0.64,P2,Team_A,Medium
9590,High,0.9,0.51,1,0.9,0.88,0.38,P2,Team_B,Medium
9591,Low,0.3,0.45,4,0.66,0.68,0.97,P2,Team_C,Medium
9592,High,0.9,0.76,4,0.54,0.76,0.6,P1,Team_A,High
9593,Low,0.3,0.66,4,0.39,0.37,0.55,P2,Team_A,Medium
9594,High,0.9,0.48,4,0.69,0.68,0.73,P2,Team_C,Medium
9595,Low,0.3,0.78,4,0.76,0.62,0.99,P2,Team_B,Medium
9596,Low,0.3,0.14,2,0.58,0.77,0.86,P3,Team_A,Low
9597,Low,0.3,0.77,3,0.67,0.7,0.93,P2,Team_C,Medium
9598,Medium,0.6,0.26,1,0.75,0.88,0.61,P2,Team_B,Medium
9599,Low,0.3,0.14,1,0.42,0.87,0.74,P3,Team_A,Low
9600,Low,0.3,0.53,4,0.74,0.63,0.72,P2,Team_C,Medium
9601,Low,0.3,0.89,3,0.66,0.51,0.5,P2,Team_B,Medium
9602,Low,0.3,0.63,2,0.71,0.57,0.72,P2,Team_B,Medium
9603,Low,0.3,0.23,4,0.78,0.56,0.8,P3,Team_C,Low
9604,Low,0.3,0.2,2,0.46,0.71,0.91,P3,Team_B,Low
9605,Medium,0.6,0.46,3,0.69,0.51,0.87,P2,Team_C,Medium
9606,Low,0.3,0.3,1,0.84,0.92,0.79,P3,Team_B,Low
9607,Medium,0.6,0.09,3,0.72,0.58,0.42,P2,Team_C,Medium
9608,Medium,0.6,0.33,1,0.87,0.4,0.5,P2,Team_A,Medium
9609,Low,0.3,0.27,3,0.62,0.69,0.92,P3,Team_B,Low
9610,Medium,0.6,0.09,4,0.86,0.94,0.93,P2,Team_B,Medium
9611,Low,0.3,0.38,4,0.62,0.37,0.94,P3,Team_B,Low
9612,Low,0.3,0.09,4,0.76,0.55,0.61,P3,Team_B,Low
9613,Medium,0.6,0.3,4,0.86,0.46,0.69,P2,Team_C,Medium
9614,Medium,0.6,0.29,1,0.95,0.37,0.72,P2,Team_B,Medium
9615,Medium,0.6,0.31,1,0.86,0.82,0.86,P2,Team_B,Medium
9616,High,0.9,0.8,2,0.65,0.67,0.57,P1,Team_A,High
9617,Medium,0.6,0.41,2,0.98,0.82,0.4,P2,Team_B,Medium
9618,Low,0.3,0.16,3,0.84,0.91,0.87,P3,Team_C,Low
9619,Medium,0.6,0.77,3,0.47,0.36,0.97,P2,Team_C,Medium
9620,Medium,0.6,0.24,4,0.79,0.71,0.97,P2,Team_C,Medium
9621,High,0.9,0.28,2,0.72,0.67,0.54,P2,Team_C,Medium
9622,Medium,0.6,0.3,3,0.79,0.58,0.88,P2,Team_A,Medium
9623,High,0.9,0.66,2,0.75,0.71,0.69,P1,Team_C,High
9624,Medium,0.6,0.69,4,0.87,0.35,0.44,P2,Team_C,Medium
9625,Medium,0.6,0.68,2,0.79,0.61,0.56,P2,Team_B,Medium
9626,High,0.9,0.16,2,0.98,0.47,0.41,P2,Team_B,Medium
9627,Medium,0.6,0.76,4,0.9,0.95,0.9,P2,Team_A,Medium
9628,Low,0.3,0.65,1,0.31,0.62,0.31,P2,Team_B,Medium
9629,Medium,0.6,0.22,2,0.54,0.7,0.71,P2,Team_A,Medium
9630,Medium,0.6,0.03,1,0.66,0.34,0.82,P2,Team_B,Medium
9631,Medium,0.6,0.54,1,0.81,0.7,0.87,P2,Team_A,Medium
9632,Low,0.3,0.35,4,0.91,0.7,0.95,P3,Team_C,Low
9633,Medium,0.6,0.34,1,0.8,0.78,0.85,P2,Team_C,Medium
9634,Low,0.3,0.18,3,0.72,0.69,0.41,P3,Team_C,Low
9635,High,0.9,0.38,3,0.85,0.64,0.36,P2,Team_C,Medium
9636,Low,0.3,0.65,3,0.8,0.9,0.52,P2,Team_B,Medium
9637,Low,0.3,0.52,1,0.94,0.68,0.52,P2,Team_C,Medium
9638,Low,0.3,0.46,2,0.87,0.82,0.35,P2,Team_B,Medium
9639,Low,0.3,0.48,2,0.6,0.78,0.55,P2,Team_A,Medium
9640,High,0.9,0.4,3,0.94,0.61,0.75,P2,Team_C,Medium
9641,High,0.9,0.87,2,0.75,0.59,0.95,P1,Team_C,High
9642,Medium,0.6,0.07,1,0.72,0.35,0.52,P2,Team_B,Medium
9643,Low,0.3,0.74,4,0.79,0.5,0.67,P2,Team_A,Medium
9644,Medium,0.6,0.62,1,0.62,0.27,0.6,P2,Team_A,Medium
9645,High,0.9,0.32,1,0.47,0.72,0.68,P2,Team_C,Medium
9646,Medium,0.6,0.78,3,0.42,0.24,0.45,P2,Team_C,Medium
9647,Low,0.3,0.31,4,0.56,0.46,0.59,P3,Team_C,Low
9648,Low,0.3,0.5,1,0.78,0.7,0.61,P2,Team_B,Medium
9649,Medium,0.6,0.45,2,0.69,0.82,0.84,P2,Team_A,Medium
9650,Low,0.3,0.45,1,0.16,0.71,0.64,P2,Team_A,Medium
9651,High,0.9,0.24,4,0.63,0.98,0.83,P2,Team_B,Medium
9652,Low,0.3,0.42,1,0.6,0.61,0.59,P2,Team_A,Medium
9653,Medium,0.6,0.63,1,0.57,0.43,0.32,P2,Team_B,Medium
9654,High,0.9,0.25,1,0.57,0.7,0.87,P2,Team_C,Medium
9655,Low,0.3,0.54,2,0.39,0.71,0.4,P2,Team_A,Medium
9656,Low,0.3,0.11,4,0.77,0.82,0.98,P3,Team_C,Low
9657,High,0.9,0.23,2,0.63,0.41,0.6,P2,Team_B,Medium
9658,Medium,0.6,0.72,2,0.87,0.47,0.35,P2,Team_A,Medium
9659,High,0.9,0.4,1,0.52,0.72,0.46,P2,Team_A,Medium
9660,High,0.9,0.64,2,0.8,0.71,0.43,P1,Team_B,High
9661,High,0.9,0.68,3,0.73,0.83,0.97,P1,Team_B,High
9662,Medium,0.6,0.81,3,0.5,0.84,0.53,P2,Team_C,Medium
9663,High,0.9,0.75,1,0.38,0.38,0.98,P1,Team_A,High
9664,Low,0.3,0.72,2,0.56,0.39,0.43,P2,Team_C,Medium
9665,Medium,0.6,0.44,4,0.74,0.62,0.92,P2,Team_C,Medium
9666,High,0.9,0.35,4,0.79,0.9,0.97,P2,Team_B,Medium
9667,Medium,0.6,0.95,2,0.76,0.9,0.55,P2,Team_B,Medium
9668,High,0.9,0.7,3,0.82,0.47,0.75,P1,Team_A,High
9669,Low,0.3,0.64,4,0.7,0.71,0.46,P2,Team_A,Medium
9670,Medium,0.6,0.49,2,0.75,0.62,0.4,P2,Team_B,Medium
9671,High,0.9,0.5,3,0.88,0.55,0.33,P2,Team_A,Medium
9672,High,0.9,0.13,3,0.76,0.54,0.47,P2,Team_B,Medium
9673,Low,0.3,0.93,4,0.64,0.79,0.95,P2,Team_C,Medium
9674,High,0.9,0.85,4,0.63,0.61,0.87,P1,Team_A,High
9675,Medium,0.6,0.16,1,0.97,0.68,0.73,P2,Team_A,Medium
9676,Medium,0.6,0.57,2,0.78,0.88,0.73,P2,Team_B,Medium
9677,Medium,0.6,0.53,1,0.73,0.33,0.86,P2,Team_A,Medium
9678,Medium,0.6,0.32,2,0.49,0.65,0.62,P2,Team_C,Medium
9679,High,0.9,0.59,2,0.66,0.39,0.7,P2,Team_C,Medium
9680,High,0.9,0.69,2,0.58,0.72,0.81,P1,Team_A,High
9681,Medium,0.6,0.87,3,0.54,0.67,0.68,P2,Team_A,Medium
9682,High,0.9,0.5,2,0.74,0.88,0.63,P2,Team_C,Medium
9683,Medium,0.6,0.82,4,0.71,0.67,0.61,P2,Team_C,Medium
9684,Low,0.3,0.56,4,0.81,0.71,0.52,P2,Team_B,Medium
9685,Low,0.3,0.44,4,0.83,0.62,0.98,P2,Team_B,Medium
9686,High,0.9,0.11,2,0.87,0.73,0.48,P2,Team_C,Medium
9687,Low,0.3,0.94,4,0.74,0.65,0.4,P2,Team_B,Medium
9688,Low,0.3,0.36,3,0.71,0.64,0.34,P3,Team_A,Low
9689,Low,0.3,0.56,4,0.6,0.45,0.86,P2,Team_A,Medium
9690,High,0.9,0.34,3,0.87,0.78,0.42,P2,Team_A,Medium
9691,Medium,0.6,0.68,2,0.6,0.6,0.68,P2,Team_A,Medium
9692,Low,0.3,0.8,4,0.61,0.89,0.53,P2,Team_B,Medium
9693,Low,0.3,0.53,2,0.82,0.46,0.36,P2,Team_C,Medium
9694,Medium,0.6,0.7,3,0.43,0.56,0.56,P2,Team_C,Medium
9695,Medium,0.6,0.27,1,0.89,0.59,0.89,P2,Team_C,Medium
9696,Low,0.3,0.45,3,0.79,0.89,0.72,P2,Team_A,Medium
9697,Low,0.3,0.26,4,0.77,0.47,0.84,P3,Team_B,Low
9698,High,0.9,0.54,1,0.55,0.66,0.48,P2,Team_A,Medium
9699,Medium,0.6,0.45,1,0.71,0.92,0.53,P2,Team_B,Medium
9700,High,0.9,0.43,3,0.84,0.92,0.81,P2,Team_B,Medium
9701,Low,0.3,0.24,3,0.74,0.76,0.85,P3,Team_C,Low
9702,Low,0.3,0.44,1,0.87,0.69,0.75,P2,Team_B,Medium
9703,Medium,0.6,0.74,3,0.53,0.16,0.96,P2,Team_A,Medium
9704,Low,0.3,0.75,4,0.61,0.39,0.79,P2,Team_A,Medium
9705,Medium,0.6,0.09,1,0.52,0.39,0.67,P2,Team_A,Medium
9706,Low,0.3,0.72,2,0.62,0.54,0.92,P2,Team_C,Medium
9707,Medium,0.6,0.43,3,0.66,0.81,0.53,P2,Team_C,Medium
9708,Medium,0.6,0.12,4,0.71,0.76,0.76,P2,Team_A,Medium
9709,High,0.9,0.46,2,0.84,0.86,0.63,P2,Team_A,Medium
9710,Low,0.3,0.54,2,0.69,0.79,0.96,P2,Team_B,Medium
9711,Low,0.3,0.36,4,0.87,0.6,0.53,P3,Team_B,Low
9712,Medium,0.6,0.68,3,0.97,0.59,0.85,P2,Team_C,Medium
9713,Medium,0.6,0.46,1,0.56,0.65,0.94,P2,Team_B,Medium
9714,Low,0.3,0.43,3,0.91,0.88,0.73,P2,Team_C,Medium
9715,Medium,0.6,0.64,3,0.69,0.71,0.91,P2,Team_B,Medium
9716,Low,0.3,0.62,4,0.76,0.53,0.64,P2,Team_A,Medium
9717,High,0.9,0.3,4,0.78,0.68,0.44,P2,Team_B,Medium
9718,Low,0.3,0.82,1,0.75,0.83,0.83,P2,Team_C,Medium
9719,Medium,0.6,0.58,3,0.34,0.86,0.66,P2,Team_B,Medium
9720,Low,0.3,0.61,3,0.6,0.7,0.56,P2,Team_A,Medium
9721,Medium,0.6,0.64,4,0.5,0.64,0.78,P2,Team_B,Medium
9722,High,0.9,0.57,3,0.56,0.65,0.37,P2,Team_B,Medium
9723,Medium,0.6,0.84,1,0.77,0.49,0.71,P2,Team_A,Medium
9724,Low,0.3,0.31,3,0.45,0.69,0.45,P3,Team_B,Low
9725,Medium,0.6,0.2,1,0.79,0.58,0.95,P2,Team_C,Medium
9726,Low,0.3,0.48,1,0.92,0.39,0.39,P2,Team_C,Medium
9727,Low,0.3,0.71,1,0.73,0.67,0.96,P2,Team_B,Medium
9728,Medium,0.6,0.99,1,0.67,0.78,0.61,P2,Team_B,Medium
9729,High,0.9,0.76,3,0.84,0.46,0.77,P1,Team_A,High
9730,High,0.9,0.45,1,0.88,0.74,0.88,P2,Team_A,Medium
9731,Low,0.3,0.08,4,0.65,0.69,0.34,P3,Team_C,Low
9732,Medium,0.6,0.33,1,0.79,0.79,0.92,P2,Team_B,Medium
9733,Low,0.3,0.39,1,0.72,0.82,0.43,P3,Team_B,Low
9734,High,0.9,0.49,3,0.52,0.72,0.7,P2,Team_B,Medium
9735,Medium,0.6,0.35,4,0.96,0.21,0.49,P2,Team_A,Medium
9736,Medium,0.6,0.52,1,0.53,0.92,0.4,P2,Team_C,Medium
9737,High,0.9,0.27,1,0.89,0.09,0.91,P2,Team_A,Medium
9738,High,0.9,0.62,2,0.74,0.94,0.9,P1,Team_A,High
9739,Medium,0.6,0.61,1,0.71,0.6,0.65,P2,Team_A,Medium
9740,High,0.9,0.79,4,0.83,0.49,0.92,P1,Team_C,High
9741,Medium,0.6,0.94,2,0.51,0.58,0.93,P2,Team_C,Medium
9742,Medium,0.6,0.33,4,0.9,0.79,0.4,P2,Team_A,Medium
9743,Low,0.3,0.51,4,0.83,0.67,0.64,P2,Team_C,Medium
9744,Medium,0.6,0.35,1,0.47,0.7,0.66,P2,Team_C,Medium
9745,High,0.9,0.52,2,0.88,0.45,0.72,P2,Team_C,Medium
9746,High,0.9,0.51,1,0.83,0.77,0.34,P2,Team_A,Medium
9747,Low,0.3,0.32,1,0.82,0.64,0.72,P3,Team_C,Low
9748,High,0.9,0.9,2,0.56,0.28,0.48,P1,Team_C,High
9749,Low,0.3,0.58,2,0.91,0.78,0.61,P2,Team_A,Medium
9750,Medium,0.6,0.63,2,0.57,0.59,0.52,P2,Team_C,Medium
9751,High,0.9,0.83,3,0.77,0.58,0.47,P1,Team_A,High
9752,Medium,0.6,0.49,4,0.65,0.58,0.82,P2,Team_A,Medium
9753,High,0.9,0.84,3,0.58,0.66,0.35,P1,Team_A,High
9754,Medium,0.6,0.3,1,0.76,0.83,0.65,P2,Team_B,Medium
9755,Low,0.3,0.14,2,0.66,0.55,0.74,P3,Team_C,Low
9756,High,0.9,0.91,1,0.5,0.53,0.43,P1,Team_A,High
9757,Low,0.3,0.33,2,0.87,0.79,0.82,P3,Team_A,Low
9758,High,0.9,0.15,1,0.84,0.53,0.95,P2,Team_C,Medium
9759,Low,0.3,0.31,2,0.71,0.7,0.36,P3,Team_A,Low
9760,Low,0.3,0.6,1,0.82,0.86,0.52,P2,Team_C,Medium
9761,Medium,0.6,0.25,2,0.73,0.41,0.36,P2,Team_A,Medium
9762,Medium,0.6,0.74,2,0.9,0.33,0.78,P2,Team_B,Medium
9763,Low,0.3,0.31,4,0.57,0.73,0.83,P3,Team_A,Low
9764,Medium,0.6,0.69,4,0.75,0.68,0.59,P2,Team_A,Medium
9765,Low,0.3,0.6,1,0.78,0.92,0.66,P2,Team_B,Medium
9766,High,0.9,0.1,1,0.77,0.39,0.76,P2,Team_A,Medium
9767,Medium,0.6,0.69,4,0.8,0.77,0.36,P2,Team_C,Medium
9768,Low,0.3,0.68,4,0.62,0.81,0.99,P2,Team_B,Medium
9769,High,0.9,0.88,3,0.69,0.77,0.61,P1,Team_C,High
9770,Low,0.3,0.3,2,0.61,0.89,0.8,P3,Team_C,Low
9771,Low,0.3,0.64,4,0.44,0.46,0.87,P2,Team_A,Medium
9772,Low,0.3,0.21,1,0.66,0.6,0.69,P3,Team_C,Low
9773,Medium,0.6,0.38,1,0.83,0.73,0.57,P2,Team_A,Medium
9774,Low,0.3,0.29,3,0.64,0.62,0.79,P3,Team_C,Low
9775,Medium,0.6,0.68,2,0.77,0.89,0.46,P2,Team_C,Medium
9776,Medium,0.6,0.9,2,0.84,0.57,0.87,P2,Team_B,Medium
9777,Medium,0.6,0.35,2,0.58,0.89,0.44,P2,Team_C,Medium
9778,Low,0.3,0.78,1,0.75,0.37,0.41,P2,Team_A,Medium
9779,Medium,0.6,0.19,1,0.86,0.72,0.68,P2,Team_B,Medium
9780,Low,0.3,0.54,2,0.89,0.8,0.91,P2,Team_C,Medium
9781,Low,0.3,0.33,1,0.84,0.71,0.99,P3,Team_C,Low
9782,Low,0.3,0.75,1,0.75,0.51,0.87,P2,Team_C,Medium
9783,Medium,0.6,0.6,1,0.82,0.86,0.47,P2,Team_C,Medium
9784,Low,0.3,0.17,4,0.53,0.92,0.92,P3,Team_C,Low
9785,Low,0.3,0.22,3,0.68,0.86,0.34,P3,Team_C,Low
9786,Low,0.3,0.68,2,0.83,0.5,0.42,P2,Team_C,Medium
9787,High,0.9,0.19,1,0.89,0.85,0.57,P2,Team_B,Medium
9788,Medium,0.6,0.95,3,0.19,0.91,0.7,P2,Team_C,Medium
9789,Medium,0.6,0.92,1,0.62,0.93,0.95,P2,Team_C,Medium
9790,Low,0.3,0.67,2,0.47,0.7,0.35,P2,Team_A,Medium
9791,Medium,0.6,0.42,1,0.9,0.75,0.43,P2,Team_B,Medium
9792,Low,0.3,0.59,2,0.97,0.49,0.98,P2,Team_C,Medium
9793,Medium,0.6,0.55,3,0.43,0.38,0.89,P2,Team_C,Medium
9794,Medium,0.6,0.75,4,0.63,0.74,0.57,P2,Team_C,Medium
9795,High,0.9,0.78,3,0.59,0.9,0.92,P1,Team_B,High
9796,Medium,0.6,0.45,3,0.49,0.68,0.48,P2,Team_B,Medium
9797,Low,0.3,0.58,3,0.77,0.63,0.46,P2,Team_A,Medium
9798,Low,0.3,0.49,1,0.76,0.94,0.83,P2,Team_B,Medium
9799,Low,0.3,0.68,1,0.64,0.68,0.66,P2,Team_B,Medium
9800,High,0.9,0.5,2,0.69,0.69,0.67,P2,Team_A,Medium
9801,High,0.9,0.69,2,0.95,0.5,0.35,P1,Team_C,High
9802,Low,0.3,0.87,2,0.87,0.92,0.55,P2,Team_A,Medium
9803,High,0.9,0.21,4,0.85,0.65,0.75,P2,Team_C,Medium
9804,Medium,0.6,0.12,2,0.83,0.61,0.78,P2,Team_A,Medium
9805,High,0.9,0.73,4,0.61,0.85,0.77,P1,Team_C,High
9806,High,0.9,0.53,2,0.65,0.74,0.8,P2,Team_A,Medium
9807,High,0.9,0.26,2,0.92,0.36,0.7,P2,Team_C,Medium
9808,Medium,0.6,0.15,1,0.87,0.35,0.39,P2,Team_C,Medium
9809,High,0.9,0.63,3,0.84,0.96,0.73,P1,Team_C,High
9810,Low,0.3,0.78,3,0.61,0.65,0.71,P2,Team_A,Medium
9811,Low,0.3,0.72,1,0.52,0.49,0.67,P2,Team_A,Medium
9812,Medium,0.6,0.18,3,0.92,0.71,0.65,P2,Team_C,Medium
9813,Low,0.3,0.71,3,0.89,0.91,0.77,P2,Team_A,Medium
9814,Medium,0.6,0.63,3,0.68,0.78,0.8,P2,Team_C,Medium
9815,High,0.9,0.31,3,0.75,0.79,0.68,P2,Team_A,Medium
9816,Low,0.3,0.91,4,0.71,0.71,0.68,P2,Team_C,Medium
9817,High,0.9,0.77,3,0.61,0.74,0.83,P1,Team_C,High
9818,Low,0.3,0.34,2,0.71,0.83,0.96,P3,Team_B,Low
9819,Medium,0.6,0.51,1,0.64,0.83,0.41,P2,Team_B,Medium
9820,Low,0.3,0.57,3,0.83,0.77,0.4,P2,Team_B,Medium
9821,Medium,0.6,0.21,4,0.65,0.55,0.71,P2,Team_C,Medium
9822,High,0.9,0.06,3,0.28,0.83,0.35,P2,Team_B,Medium
9823,Medium,0.6,0.73,1,0.44,0.52,0.33,P2,Team_A,Medium
9824,Medium,0.6,0.2,4,0.71,0.36,0.38,P2,Team_B,Medium
9825,Medium,0.6,0.63,4,0.89,0.9,0.61,P2,Team_B,Medium
9826,Low,0.3,0.72,3,0.89,0.74,0.6,P2,Team_A,Medium
9827,Medium,0.6,0.52,2,0.76,0.11,0.49,P2,Team_A,Medium
9828,High,0.9,0.6,4,0.46,0.27,0.56,P2,Team_C,Medium
9829,Medium,0.6,0.36,2,0.81,0.48,0.67,P2,Team_A,Medium
9830,Low,0.3,0.31,2,0.62,0.86,0.47,P3,Team_C,Low
9831,High,0.9,0.74,4,0.91,0.57,0.97,P1,Team_B,High
9832,Medium,0.6,0.21,2,0.97,0.79,0.68,P2,Team_B,Medium
9833,Low,0.3,0.31,4,0.48,0.36,0.88,P3,Team_B,Low
9834,Low,0.3,0.09,2,0.69,0.58,0.87,P3,Team_C,Low
9835,Medium,0.6,0.82,1,0.58,0.51,0.34,P2,Team_B,Medium
9836,Medium,0.6,0.34,4,0.89,0.92,0.78,P2,Team_A,Medium
9837,Low,0.3,0.6,2,0.91,0.41,0.51,P2,Team_C,Medium
9838,Medium,0.6,0.07,2,0.83,0.63,0.31,P2,Team_B,Medium
9839,Low,0.3,0.17,1,0.92,0.84,0.31,P3,Team_B,Low
9840,Medium,0.6,0.96,4,0.58,0.49,0.33,P2,Team_B,Medium
9841,Medium,0.6,0.71,4,0.71,0.84,0.88,P2,Team_B,Medium
9842,High,0.9,0.31,1,0.79,0.89,0.48,P2,Team_C,Medium
9843,High,0.9,0.34,1,0.74,0.51,0.65,P2,Team_C,Medium
9844,Low,0.3,0.29,3,0.91,0.8,0.6,P3,Team_A,Low
9845,High,0.9,0.61,4,0.97,0.38,0.67,P1,Team_C,High
9846,Low,0.3,0.5,1,0.31,0.82,0.9,P2,Team_A,Medium
9847,Medium,0.6,0.05,4,0.81,0.86,0.57,P2,Team_B,Medium
9848,High,0.9,0.61,4,0.89,0.24,0.36,P1,Team_C,High
9849,Low,0.3,0.98,3,0.73,0.39,0.35,P2,Team_B,Medium
9850,Low,0.3,0.41,1,0.82,0.44,0.59,P2,Team_C,Medium
9851,Medium,0.6,0.53,1,0.64,0.64,0.95,P2,Team_B,Medium
9852,Medium,0.6,0.86,2,0.83,0.36,0.85,P2,Team_C,Medium
9853,Medium,0.6,0.12,4,0.7,0.89,0.83,P2,Team_B,Medium
9854,High,0.9,0.23,2,0.74,0.59,0.45,P2,Team_B,Medium
9855,High,0.9,0.21,3,0.88,0.39,0.76,P2,Team_C,Medium
9856,Medium,0.6,0.9,1,0.75,0.61,0.55,P2,Team_A,Medium
9857,Low,0.3,0.68,4,0.79,0.7,0.55,P2,Team_B,Medium
9858,High,0.9,0.82,2,0.88,0.71,0.57,P1,Team_B,High
9859,High,0.9,0.49,4,0.67,0.82,0.58,P2,Team_C,Medium
9860,Medium,0.6,0.41,3,0.63,0.67,0.68,P2,Team_C,Medium
9861,High,0.9,0.17,3,0.92,0.72,0.9,P2,Team_A,Medium
9862,Medium,0.6,0.66,1,0.54,0.84,0.81,P2,Team_A,Medium
9863,Low,0.3,0.63,3,0.31,0.81,0.36,P2,Team_B,Medium
9864,Low,0.3,0.7,1,0.71,0.31,0.85,P2,Team_C,Medium
9865,Low,0.3,0.55,1,0.86,0.37,0.61,P2,Team_A,Medium
9866,High,0.9,0.54,2,0.88,0.77,0.54,P2,Team_C,Medium
9867,Medium,0.6,0.28,1,0.48,0.94,0.43,P2,Team_C,Medium
9868,Low,0.3,0.64,1,0.9,0.68,0.62,P2,Team_C,Medium
9869,Medium,0.6,0.38,2,0.61,0.78,0.71,P2,Team_C,Medium
9870,Medium,0.6,0.32,4,0.81,0.75,0.49,P2,Team_C,Medium
9871,High,0.9,0.5,3,0.9,0.98,0.9,P2,Team_A,Medium
9872,Low,0.3,0.41,3,0.55,0.75,0.69,P2,Team_A,Medium
9873,Medium,0.6,0.53,2,0.82,0.76,0.58,P2,Team_C,Medium
9874,Low,0.3,0.25,3,0.74,0.57,0.88,P3,Team_A,Low
9875,Medium,0.6,0.57,4,0.51,0.63,0.54,P2,Team_B,Medium
9876,Medium,0.6,0.8,2,0.69,0.54,1.0,P2,Team_A,Medium
9877,Medium,0.6,0.51,3,0.97,0.78,0.78,P2,Team_C,Medium
9878,Medium,0.6,0.51,3,0.6,0.85,0.74,P2,Team_B,Medium
9879,Medium,0.6,0.48,1,0.68,0.89,0.32,P2,Team_A,Medium
9880,Medium,0.6,0.64,1,0.79,0.93,0.92,P2,Team_C,Medium
9881,Medium,0.6,0.6,3,0.8,0.65,0.32,P2,Team_A,Medium
9882,Low,0.3,0.86,2,0.7,0.24,0.98,P2,Team_C,Medium
9883,High,0.9,0.64,3,0.67,0.53,0.96,P1,Team_A,High
9884,Low,0.3,0.37,2,0.73,0.68,0.37,P3,Team_C,Low
9885,Medium,0.6,0.66,4,0.79,0.89,0.76,P2,Team_B,Medium
9886,High,0.9,0.77,1,0.59,0.76,0.8,P1,Team_A,High
9887,Low,0.3,0.77,1,0.71,0.43,0.9,P2,Team_B,Medium
9888,Low,0.3,0.81,3,0.89,0.84,0.74,P2,Team_B,Medium
9889,Low,0.3,0.58,4,0.46,0.69,0.7,P2,Team_A,Medium
9890,Low,0.3,0.78,4,0.97,0.59,0.99,P2,Team_C,Medium
9891,High,0.9,0.56,3,0.58,0.6,0.35,P2,Team_A,Medium
9892,Low,0.3,0.4,1,0.8,0.43,0.49,P2,Team_A,Medium
9893,Low,0.3,0.69,3,0.74,0.19,0.97,P2,Team_A,Medium
9894,Low,0.3,0.96,4,0.9,0.53,0.34,P2,Team_B,Medium
9895,Low,0.3,0.43,1,0.79,0.37,0.68,P2,Team_B,Medium
9896,Medium,0.6,0.6,1,0.85,0.82,0.72,P2,Team_B,Medium
9897,Low,0.3,0.57,4,0.31,0.47,0.85,P2,Team_A,Medium
9898,High,0.9,0.79,3,0.79,0.65,0.8,P1,Team_B,High
9899,High,0.9,0.7,2,0.62,0.96,0.5,P1,Team_B,High
9900,Low,0.3,0.42,4,0.83,0.76,0.94,P2,Team_B,Medium
9901,Medium,0.6,0.42,1,0.72,0.78,0.53,P2,Team_B,Medium
9902,Low,0.3,0.4,1,0.91,0.44,0.49,P2,Team_B,Medium
9903,High,0.9,0.88,2,0.82,0.71,0.86,P1,Team_C,High
9904,Low,0.3,0.12,3,0.44,0.64,0.36,P3,Team_A,Low
9905,Medium,0.6,0.67,4,0.86,0.69,0.54,P2,Team_C,Medium
9906,Medium,0.6,0.55,4,0.27,0.46,0.54,P2,Team_C,Medium
9907,Medium,0.6,0.72,2,0.9,0.67,0.63,P2,Team_A,Medium
9908,Medium,0.6,0.39,1,0.35,0.6,0.68,P2,Team_B,Medium
9909,Medium,0.6,0.75,3,0.68,0.6,0.44,P2,Team_A,Medium
9910,High,0.9,0.47,1,0.53,0.75,0.51,P2,Team_C,Medium
9911,Medium,0.6,0.72,1,0.85,0.63,0.9,P2,Team_A,Medium
9912,Low,0.3,0.37,1,0.72,0.2,0.9,P3,Team_A,Low
9913,Medium,0.6,0.47,3,0.67,0.31,0.9,P2,Team_A,Medium
9914,Medium,0.6,0.68,3,0.62,0.79,0.4,P2,Team_A,Medium
9915,Medium,0.6,0.64,2,0.66,0.8,0.74,P2,Team_A,Medium
9916,Low,0.3,0.25,1,0.67,0.6,0.99,P3,Team_C,Low
9917,Low,0.3,0.72,3,0.85,0.55,0.9,P2,Team_B,Medium
9918,Low,0.3,0.32,3,0.7,0.42,0.44,P3,Team_B,Low
9919,Medium,0.6,0.41,2,0.8,0.73,0.7,P2,Team_A,Medium
9920,High,0.9,0.62,4,0.6,0.66,0.71,P1,Team_B,High
9921,Low,0.3,0.53,3,0.89,0.91,0.74,P2,Team_C,Medium
9922,Medium,0.6,0.39,3,0.67,0.29,0.78,P2,Team_C,Medium
9923,Low,0.3,0.17,4,0.89,0.73,0.62,P3,Team_A,Low
9924,Medium,0.6,0.03,3,0.56,0.83,0.62,P2,Team_C,Medium
9925,Low,0.3,0.39,2,0.96,0.84,0.31,P3,Team_A,Low
9926,High,0.9,0.23,3,0.84,0.68,0.71,P2,Team_C,Medium
9927,Medium,0.6,0.06,3,0.73,0.18,0.58,P2,Team_C,Medium
9928,High,0.9,0.71,1,0.56,0.65,0.47,P1,Team_C,High
9929,Medium,0.6,0.15,3,0.74,0.76,0.95,P2,Team_C,Medium
9930,Low,0.3,0.72,2,0.82,0.52,0.49,P2,Team_C,Medium
9931,Low,0.3,0.45,3,0.78,0.46,0.67,P2,Team_C,Medium
9932,High,0.9,0.86,3,0.93,0.55,0.42,P1,Team_A,High
9933,Medium,0.6,0.49,1,0.79,0.43,0.87,P2,Team_B,Medium
9934,Low,0.3,0.61,1,0.87,0.44,0.94,P2,Team_B,Medium
9935,Low,0.3,0.57,4,0.69,0.83,0.91,P2,Team_A,Medium
9936,Medium,0.6,0.71,2,0.81,0.58,0.92,P2,Team_B,Medium
9937,Medium,0.6,0.87,1,0.61,0.52,0.54,P2,Team_B,Medium
9938,Low,0.3,0.24,4,0.83,0.86,0.35,P3,Team_A,Low
9939,High,0.9,0.27,2,0.84,0.59,0.43,P2,Team_A,Medium
9940,Low,0.3,0.38,4,0.7,0.96,0.99,P3,Team_C,Low
9941,High,0.9,0.6,1,0.69,0.5,0.41,P2,Team_B,Medium
9942,Medium,0.6,0.22,2,0.41,0.75,0.99,P2,Team_C,Medium
9943,High,0.9,0.52,2,0.69,0.77,0.71,P2,Team_A,Medium
9944,Low,0.3,0.79,2,0.77,0.81,0.86,P2,Team_A,Medium
9945,Medium,0.6,0.6,3,0.94,0.49,0.31,P2,Team_B,Medium
9946,Medium,0.6,0.53,4,0.41,0.98,0.44,P2,Team_A,Medium
9947,Medium,0.6,0.26,2,0.5,0.86,0.39,P2,Team_B,Medium
9948,High,0.9,0.29,1,0.57,0.92,0.98,P2,Team_C,Medium
9949,Low,0.3,0.61,4,0.66,0.46,0.68,P2,Team_B,Medium
9950,Medium,0.6,0.51,2,0.68,0.61,0.89,P2,Team_A,Medium
9951,Low,0.3,0.46,2,0.52,0.68,0.39,P2,Team_B,Medium
9952,Medium,0.6,0.56,1,0.83,0.48,0.86,P2,Team_C,Medium
9953,High,0.9,0.7,1,0.63,0.87,0.49,P1,Team_C,High
9954,Low,0.3,0.84,2,0.89,0.36,0.4,P2,Team_A,Medium
9955,High,0.9,0.61,4,0.96,0.82,0.63,P1,Team_A,High
9956,High,0.9,0.45,4,0.71,0.65,0.91,P2,Team_A,Medium
9957,Medium,0.6,0.59,3,0.61,0.8,0.69,P2,Team_A,Medium
9958,Medium,0.6,0.34,2,0.85,0.88,0.8,P2,Team_A,Medium
9959,Medium,0.6,0.41,4,0.8,0.58,0.63,P2,Team_C,Medium
9960,High,0.9,0.46,2,0.94,0.61,0.68,P2,Team_C,Medium
9961,Low,0.3,0.46,3,0.66,0.75,0.84,P2,Team_B,Medium
9962,High,0.9,0.36,3,0.95,0.3,0.58,P2,Team_B,Medium
9963,Low,0.3,0.23,1,0.63,0.63,0.47,P3,Team_C,Low
9964,Medium,0.6,0.31,4,0.74,0.8,0.98,P2,Team_B,Medium
9965,Medium,0.6,0.23,1,0.77,0.91,0.51,P2,Team_B,Medium
9966,Medium,0.6,0.14,3,0.43,0.8,0.48,P2,Team_B,Medium
9967,Medium,0.6,0.49,2,0.79,0.45,0.44,P2,Team_A,Medium
9968,High,0.9,0.59,1,0.77,0.46,0.73,P2,Team_C,Medium
9969,High,0.9,0.28,2,0.36,0.36,0.85,P2,Team_B,Medium
9970,Medium,0.6,0.93,2,0.56,0.49,0.96,P2,Team_C,Medium
9971,Low,0.3,0.2,1,0.39,0.69,0.96,P3,Team_C,Low
9972,Medium,0.6,0.55,4,0.79,0.43,0.46,P2,Team_B,Medium
9973,Medium,0.6,0.57,2,0.81,0.6,0.47,P2,Team_C,Medium
9974,High,0.9,0.04,2,0.47,0.77,0.6,P2,Team_C,Medium
9975,Medium,0.6,0.5,2,0.7,0.82,0.45,P2,Team_C,Medium
9976,Low,0.3,0.3,1,0.9,0.89,0.93,P3,Team_B,Low
9977,High,0.9,0.72,4,0.84,0.79,0.67,P1,Team_B,High
9978,High,0.9,0.83,1,0.53,0.65,0.85,P1,Team_B,High
9979,Low,0.3,0.81,4,0.66,0.85,0.57,P2,Team_A,Medium
9980,Low,0.3,0.24,2,0.4,0.76,0.42,P3,Team_B,Low
9981,High,0.9,0.48,2,0.91,0.96,0.88,P2,Team_A,Medium
9982,Medium,0.6,0.73,3,0.72,0.92,0.84,P2,Team_B,Medium
9983,High,0.9,0.15,3,0.9,0.87,0.97,P2,Team_C,Medium
9984,High,0.9,0.18,2,0.87,0.29,0.38,P2,Team_A,Medium
9985,Medium,0.6,0.75,1,0.73,0.89,0.94,P2,Team_C,Medium
9986,Low,0.3,0.86,3,0.97,0.41,0.84,P2,Team_A,Medium
9987,High,0.9,0.68,2,0.69,0.74,0.63,P1,Team_B,High
9988,Low,0.3,0.36,2,0.57,0.34,0.35,P3,Team_B,Low
9989,Low,0.3,0.71,2,0.71,0.54,0.63,P2,Team_C,Medium
9990,Low,0.3,0.18,3,0.63,0.6,0.85,P3,Team_A,Low
9991,Medium,0.6,0.46,4,0.88,0.6,0.36,P2,Team_C,Medium
9992,High,0.9,0.56,3,0.74,0.83,0.82,P2,Team_A,Medium
9993,Low,0.3,0.6,2,0.74,0.57,0.52,P2,Team_A,Medium
9994,Medium,0.6,0.93,4,0.77,0.31,0.3,P2,Team_C,Medium
9995,Low,0.3,0.9,1,0.83,0.61,0.74,P2,Team_C,Medium
9996,Low,0.3,0.84,3,0.83,0.87,0.91,P2,Team_B,Medium
9997,Low,0.3,0.61,3,0.58,0.56,0.3,P2,Team_A,Medium
9998,Low,0.3,0.79,4,0.67,0.39,0.8,P2,Team_A,Medium
9999,High,0.9,0.33,2,0.42,0.71,0.61,P2,Team_A,Medium
10000,Low,0.3,0.16,3,0.84,0.42,0.36,P3,Team_C,Low
10001,Low,0.3,0.58,1,0.68,0.9,0.78,P2,Team_A,Medium
10002,Low,0.3,0.85,1,0.9,0.17,0.69,P2,Team_C,Medium
10003,Low,0.3,0.32,2,0.68,0.74,1.0,P3,Team_A,Low
10004,Low,0.3,0.57,1,0.82,0.91,0.32,P2,Team_A,Medium
10005,Low,0.3,0.74,1,0.9,0.54,0.95,P2,Team_A,Medium
10006,Medium,0.6,0.71,1,0.59,0.49,0.36,P2,Team_A,Medium
10007,High,0.9,0.45,2,0.81,0.54,0.74,P2,Team_A,Medium
10008,Low,0.3,0.72,2,0.72,0.58,0.75,P2,Team_B,Medium
10009,Medium,0.6,0.32,2,0.68,0.53,0.93,P2,Team_C,Medium
10010,Low,0.3,0.61,2,0.83,0.86,0.35,P2,Team_A,Medium
10011,Medium,0.6,0.62,1,0.37,0.46,0.39,P2,Team_A,Medium
10012,Medium,0.6,0.22,2,0.86,0.94,0.87,P2,Team_A,Medium
10013,High,0.9,0.41,3,0.88,0.13,0.6,P2,Team_A,Medium
10014,Low,0.3,0.69,2,0.68,0.67,0.48,P2,Team_A,Medium
10015,High,0.9,0.86,4,0.85,0.58,0.78,P1,Team_B,High
10016,Medium,0.6,0.5,2,0.57,0.91,0.55,P2,Team_B,Medium
10017,Medium,0.6,0.6,1,0.66,0.36,0.58,P2,Team_A,Medium
10018,Low,0.3,0.4,2,0.51,0.11,0.94,P2,Team_C,Medium
10019,Medium,0.6,0.3,1,0.83,0.7,0.96,P2,Team_B,Medium
10020,Low,0.3,0.43,4,0.65,0.49,0.98,P2,Team_C,Medium
10021,Low,0.3,0.35,3,0.72,0.67,0.96,P3,Team_A,Low
10022,Low,0.3,0.89,3,0.88,0.79,0.51,P2,Team_B,Medium
10023,Low,0.3,0.77,4,0.55,0.32,0.9,P2,Team_C,Medium
10024,Medium,0.6,0.56,1,0.94,0.88,0.35,P2,Team_A,Medium
10025,Medium,0.6,0.33,3,0.64,0.79,0.4,P2,Team_B,Medium
10026,High,0.9,0.5,2,0.77,0.88,0.38,P2,Team_A,Medium
10027,Low,0.3,0.23,2,0.85,0.55,0.66,P3,Team_B,Low
10028,Low,0.3,0.26,2,0.72,0.87,0.37,P3,Team_C,Low
10029,Low,0.3,0.73,1,0.85,0.5,0.95,P2,Team_C,Medium
10030,High,0.9,0.73,4,0.88,0.94,0.6,P1,Team_A,High
10031,Low,0.3,0.64,2,0.85,0.78,0.88,P2,Team_B,Medium
10032,High,0.9,0.49,2,0.85,0.66,0.69,P2,Team_C,Medium
10033,High,0.9,0.83,1,0.82,0.84,0.87,P1,Team_C,High
10034,High,0.9,0.3,4,0.65,0.53,0.98,P2,Team_A,Medium
10035,High,0.9,0.27,3,0.8,0.9,0.78,P2,Team_B,Medium
10036,Low,0.3,0.3,3,0.84,0.28,0.96,P3,Team_C,Low
10037,High,0.9,0.42,1,0.45,0.61,0.57,P2,Team_B,Medium
10038,Medium,0.6,0.33,2,0.8,0.86,0.78,P2,Team_A,Medium
10039,Low,0.3,0.52,1,0.52,0.65,0.44,P2,Team_C,Medium
10040,Medium,0.6,0.67,3,0.84,0.99,0.82,P2,Team_C,Medium
10041,Medium,0.6,0.25,1,0.72,0.32,0.78,P2,Team_A,Medium
10042,Medium,0.6,0.61,4,0.79,0.67,0.63,P2,Team_A,Medium
10043,Low,0.3,0.88,4,0.97,0.38,0.52,P2,Team_B,Medium
10044,High,0.9,0.48,2,0.78,0.68,0.63,P2,Team_B,Medium
10045,Low,0.3,0.3,1,0.84,0.94,0.52,P3,Team_A,Low
10046,Medium,0.6,0.78,2,0.51,0.72,0.82,P2,Team_C,Medium
10047,Low,0.3,0.08,3,0.83,0.82,0.44,P3,Team_C,Low
10048,Medium,0.6,0.16,3,0.53,0.68,0.3,P2,Team_C,Medium
10049,Low,0.3,0.56,1,0.81,0.64,0.47,P2,Team_B,Medium
10050,Low,0.3,0.79,3,0.86,0.69,0.59,P2,Team_C,Medium
10051,High,0.9,0.35,1,0.6,0.61,0.49,P2,Team_A,Medium
10052,Low,0.3,0.6,3,0.82,0.57,0.47,P2,Team_B,Medium
10053,High,0.9,0.67,4,0.83,0.57,0.98,P1,Team_A,High
10054,Low,0.3,0.36,2,0.9,0.66,0.93,P3,Team_B,Low
10055,High,0.9,0.29,2,0.93,0.64,0.36,P2,Team_C,Medium
10056,High,0.9,0.19,2,0.85,0.69,0.69,P2,Team_C,Medium
10057,High,0.9,0.6,1,0.41,0.44,0.59,P2,Team_A,Medium
10058,Low,0.3,0.5,3,0.84,0.67,0.65,P2,Team_A,Medium
10059,Low,0.3,0.31,3,0.56,0.71,0.86,P3,Team_A,Low
10060,High,0.9,0.32,3,0.91,0.71,0.65,P2,Team_C,Medium
10061,Low,0.3,0.75,1,0.92,0.47,1.0,P2,Team_B,Medium
10062,Medium,0.6,0.18,4,0.28,0.92,0.81,P2,Team_A,Medium
10063,Low,0.3,0.45,3,0.73,0.82,0.89,P2,Team_B,Medium
10064,High,0.9,0.27,2,0.63,0.31,0.68,P2,Team_C,Medium
10065,High,0.9,0.35,1,0.68,0.54,0.92,P2,Team_C,Medium
10066,Low,0.3,0.64,4,0.87,0.82,0.85,P2,Team_B,Medium
10067,High,0.9,0.85,4,0.58,0.75,0.73,P1,Team_C,High
10068,Medium,0.6,0.84,1,0.86,0.4,0.38,P2,Team_A,Medium
10069,Low,0.3,0.5,3,0.88,0.94,0.35,P2,Team_B,Medium
10070,Low,0.3,0.83,2,0.84,0.49,0.92,P2,Team_B,Medium
10071,Low,0.3,0.85,3,0.73,0.44,0.35,P2,Team_A,Medium
10072,High,0.9,0.6,1,0.78,0.48,0.3,P2,Team_B,Medium
10073,Low,0.3,0.44,3,0.93,0.45,0.77,P2,Team_C,Medium
10074,High,0.9,0.51,4,0.63,0.76,0.39,P2,Team_C,Medium
10075,Low,0.3,0.14,1,0.47,0.72,0.38,P3,Team_C,Low
10076,High,0.9,0.74,1,0.85,0.64,0.53,P1,Team_B,High
10077,High,0.9,0.6,3,0.7,0.87,0.41,P2,Team_A,Medium
10078,Medium,0.6,0.82,4,0.82,0.93,0.75,P2,Team_A,Medium
10079,Low,0.3,0.26,2,0.71,0.48,0.51,P3,Team_C,Low
10080,High,0.9,0.81,3,0.94,0.8,0.35,P1,Team_B,High
10081,Low,0.3,0.6,4,0.74,0.76,0.79,P2,Team_A,Medium
10082,Medium,0.6,0.32,3,0.75,0.5,0.83,P2,Team_A,Medium
10083,Medium,0.6,0.23,1,0.41,0.85,0.74,P2,Team_B,Medium
10084,Medium,0.6,0.92,4,0.64,0.38,0.94,P2,Team_C,Medium
10085,Medium,0.6,0.41,2,0.82,0.71,0.52,P2,Team_C,Medium
10086,High,0.9,0.52,4,0.79,0.46,0.56,P2,Team_A,Medium
10087,Low,0.3,0.49,4,0.43,0.84,0.6,P2,Team_B,Medium
10088,Medium,0.6,0.48,2,0.68,0.82,0.89,P2,Team_A,Medium
10089,Low,0.3,0.56,4,0.78,0.81,0.32,P2,Team_B,Medium
10090,High,0.9,0.54,3,0.74,0.19,0.86,P2,Team_C,Medium
10091,Low,0.3,0.6,2,0.57,0.81,0.61,P2,Team_C,Medium
10092,Medium,0.6,0.69,4,0.94,0.8,0.39,P2,Team_B,Medium
10093,High,0.9,0.38,4,0.83,0.63,0.7,P2,Team_B,Medium
10094,Medium,0.6,0.95,3,0.78,0.55,0.53,P2,Team_A,Medium
10095,Low,0.3,0.74,4,0.69,0.57,0.74,P2,Team_A,Medium
10096,High,0.9,0.54,3,0.38,0.7,0.37,P2,Team_B,Medium
10097,High,0.9,0.48,1,0.58,0.37,0.67,P2,Team_A,Medium
10098,Low,0.3,0.32,3,0.87,0.78,0.34,P3,Team_C,Low
10099,High,0.9,0.34,3,0.64,0.49,0.6,P2,Team_A,Medium
10100,Low,0.3,0.54,3,0.78,0.22,0.7,P2,Team_B,Medium
10101,Low,0.3,0.56,3,0.75,1.0,0.66,P2,Team_B,Medium
10102,Low,0.3,0.95,3,0.6,0.46,0.91,P2,Team_A,Medium
10103,Medium,0.6,0.3,1,0.83,0.2,0.3,P2,Team_C,Medium
10104,Low,0.3,0.32,4,0.43,0.65,0.89,P3,Team_B,Low
10105,Medium,0.6,0.74,2,0.87,0.44,0.5,P2,Team_A,Medium
10106,High,0.9,0.41,4,0.67,0.81,0.37,P2,Team_C,Medium
10107,High,0.9,0.36,4,0.47,0.91,0.38,P2,Team_B,Medium
10108,Low,0.3,0.68,2,0.8,0.38,0.86,P2,Team_B,Medium
10109,Medium,0.6,0.82,2,0.83,0.86,0.59,P2,Team_B,Medium
10110,Medium,0.6,0.42,3,0.51,0.79,0.79,P2,Team_A,Medium
10111,High,0.9,0.37,3,0.93,0.68,0.76,P2,Team_B,Medium
10112,Medium,0.6,0.74,2,0.48,0.63,0.7,P2,Team_A,Medium
10113,High,0.9,0.51,1,0.47,0.77,0.86,P2,Team_A,Medium
10114,Low,0.3,0.52,1,0.63,0.5,0.3,P2,Team_A,Medium
10115,High,0.9,0.74,4,0.69,0.67,0.47,P1,Team_A,High
10116,High,0.9,0.86,2,0.79,0.69,0.98,P1,Team_B,High
10117,High,0.9,0.5,2,0.77,0.76,0.62,P2,Team_C,Medium
10118,Medium,0.6,0.62,3,0.76,0.74,0.4,P2,Team_B,Medium
10119,Low,0.3,0.39,2,0.86,0.92,0.96,P3,Team_C,Low
10120,High,0.9,0.9,1,0.39,0.65,0.88,P1,Team_B,High
10121,Low,0.3,0.74,3,0.85,0.94,0.5,P2,Team_B,Medium
10122,Low,0.3,0.35,2,0.57,0.57,0.61,P3,Team_B,Low
10123,Low,0.3,0.34,2,0.84,0.47,0.71,P3,Team_A,Low
10124,Medium,0.6,0.93,3,0.68,0.7,0.95,P2,Team_B,Medium
10125,High,0.9,0.72,4,0.68,0.54,0.31,P1,Team_C,High
10126,Low,0.3,0.74,2,0.88,0.59,0.9,P2,Team_B,Medium
10127,Low,0.3,0.49,4,0.93,0.21,0.58,P2,Team_A,Medium
10128,High,0.9,0.6,4,0.84,0.63,0.35,P2,Team_C,Medium
10129,Low,0.3,0.04,4,0.81,0.68,0.86,P3,Team_A,Low
10130,Low,0.3,0.12,4,0.93,0.94,0.63,P3,Team_A,Low
10131,Medium,0.6,0.45,3,0.73,0.27,0.35,P2,Team_C,Medium
10132,Medium,0.6,0.34,4,0.49,0.76,0.65,P2,Team_A,Medium
10133,Low,0.3,0.3,3,0.64,0.73,0.63,P3,Team_A,Low
10134,Low,0.3,0.6,1,0.75,0.48,0.63,P2,Team_A,Medium
10135,Low,0.3,0.78,1,0.89,0.72,0.31,P2,Team_C,Medium
10136,Low,0.3,0.57,4,0.79,0.69,0.35,P2,Team_B,Medium
10137,Medium,0.6,0.03,4,0.59,0.67,0.98,P2,Team_A,Medium
10138,Low,0.3,0.85,3,0.74,0.7,0.87,P2,Team_C,Medium
10139,Low,0.3,0.48,4,0.66,0.86,0.49,P2,Team_B,Medium
10140,Low,0.3,0.09,3,0.89,0.34,0.87,P3,Team_C,Low
10141,Low,0.3,0.53,3,0.8,0.89,0.98,P2,Team_B,Medium
10142,Medium,0.6,0.72,1,0.96,0.81,0.78,P2,Team_A,Medium
10143,Medium,0.6,0.15,1,0.79,0.42,0.74,P2,Team_A,Medium
10144,Medium,0.6,0.16,1,0.59,0.88,0.92,P2,Team_A,Medium
10145,Low,0.3,0.58,4,0.56,0.48,0.35,P2,Team_B,Medium
10146,Medium,0.6,0.73,1,0.45,0.85,0.68,P2,Team_C,Medium
10147,Medium,0.6,0.93,1,0.69,0.61,0.42,P2,Team_A,Medium
10148,Medium,0.6,0.65,1,0.61,0.72,0.76,P2,Team_B,Medium
10149,Low,0.3,0.42,3,0.49,0.52,0.61,P2,Team_B,Medium
10150,Low,0.3,0.39,3,0.89,0.85,0.86,P3,Team_A,Low
10151,High,0.9,0.61,1,0.88,0.71,0.55,P1,Team_B,High
10152,Low,0.3,0.51,4,0.83,0.8,0.79,P2,Team_B,Medium
10153,Low,0.3,0.43,2,0.8,0.83,0.33,P2,Team_C,Medium
10154,Low,0.3,0.76,3,0.73,0.91,0.37,P2,Team_C,Medium
10155,Low,0.3,0.42,1,0.92,0.8,0.69,P2,Team_B,Medium
10156,High,0.9,0.12,4,0.63,0.79,0.79,P2,Team_A,Medium
10157,Medium,0.6,0.34,3,0.74,0.49,0.37,P2,Team_B,Medium
10158,Low,0.3,0.56,3,0.51,0.9,0.55,P2,Team_B,Medium
10159,Medium,0.6,0.24,4,0.78,0.49,0.52,P2,Team_A,Medium
10160,Medium,0.6,0.7,3,0.83,0.38,0.3,P2,Team_B,Medium
10161,High,0.9,0.66,3,0.86,0.55,0.84,P1,Team_A,High
10162,High,0.9,0.21,3,0.74,0.89,0.36,P2,Team_B,Medium
10163,High,0.9,0.89,2,0.55,0.62,0.99,P1,Team_C,High
10164,High,0.9,0.44,4,0.85,0.47,0.96,P2,Team_A,Medium
10165,Low,0.3,0.78,3,0.62,0.63,0.36,P2,Team_A,Medium
10166,Low,0.3,0.38,2,0.76,0.64,0.76,P3,Team_A,Low
10167,High,0.9,0.49,4,0.66,0.53,0.93,P2,Team_B,Medium
10168,High,0.9,0.08,1,0.69,0.61,0.78,P2,Team_C,Medium
10169,Medium,0.6,0.61,1,0.81,0.68,0.72,P2,Team_C,Medium
10170,Low,0.3,0.46,2,0.71,0.7,0.64,P2,Team_C,Medium
10171,Medium,0.6,0.31,2,0.54,0.59,0.33,P2,Team_A,Medium
10172,Medium,0.6,0.5,1,0.82,0.76,0.81,P2,Team_C,Medium
10173,High,0.9,0.84,3,0.55,0.69,0.4,P1,Team_C,High
10174,Low,0.3,0.43,2,0.65,0.78,0.56,P2,Team_C,Medium
10175,Medium,0.6,0.23,2,0.9,0.9,0.93,P2,Team_B,Medium
10176,Low,0.3,0.65,1,0.64,0.96,0.7,P2,Team_A,Medium
10177,Medium,0.6,0.63,4,0.7,0.77,0.67,P2,Team_C,Medium
10178,Medium,0.6,0.38,1,0.59,0.66,0.85,P2,Team_B,Medium
10179,High,0.9,0.61,1,0.55,0.64,0.75,P1,Team_B,High
10180,Medium,0.6,0.64,3,0.78,0.43,0.48,P2,Team_B,Medium
10181,Low,0.3,0.65,2,0.81,0.57,0.54,P2,Team_B,Medium
10182,High,0.9,0.62,1,0.72,0.65,0.97,P1,Team_A,High
10183,High,0.9,0.27,2,0.6,0.78,0.71,P2,Team_A,Medium
10184,Medium,0.6,0.5,2,0.79,0.62,0.77,P2,Team_A,Medium
10185,Medium,0.6,0.6,2,0.8,0.84,0.98,P2,Team_C,Medium
10186,Medium,0.6,0.75,4,0.83,0.66,0.55,P2,Team_A,Medium
10187,Low,0.3,0.69,4,0.81,0.88,0.9,P2,Team_B,Medium
10188,Low,0.3,0.83,2,0.76,0.42,0.8,P2,Team_A,Medium
10189,Low,0.3,0.51,2,0.26,0.82,0.7,P2,Team_A,Medium
10190,High,0.9,0.81,3,0.74,0.27,0.76,P1,Team_B,High
10191,High,0.9,0.22,2,0.74,0.76,0.34,P2,Team_A,Medium
10192,Low,0.3,0.81,1,0.66,0.79,0.33,P2,Team_C,Medium
10193,Medium,0.6,0.29,2,0.79,0.57,0.45,P2,Team_C,Medium
10194,Low,0.3,0.46,2,0.92,0.55,0.32,P2,Team_C,Medium
10195,Medium,0.6,0.37,1,0.98,0.38,0.53,P2,Team_C,Medium
10196,High,0.9,0.12,1,0.52,0.81,0.6,P2,Team_A,Medium
10197,Medium,0.6,0.5,2,0.81,0.84,0.46,P2,Team_A,Medium
10198,High,0.9,0.13,3,0.87,0.76,0.59,P2,Team_A,Medium
10199,Low,0.3,0.48,2,0.84,0.69,0.43,P2,Team_C,Medium
10200,High,0.9,0.74,4,0.62,0.81,0.93,P1,Team_A,High
10201,High,0.9,0.36,2,0.83,0.65,0.37,P2,Team_C,Medium
10202,Low,0.3,0.13,3,0.48,0.82,0.67,P3,Team_A,Low
10203,Medium,0.6,0.57,2,0.73,0.59,0.82,P2,Team_A,Medium
10204,High,0.9,0.49,4,0.84,0.62,0.32,P2,Team_B,Medium
10205,Low,0.3,0.25,1,0.98,0.34,0.52,P3,Team_B,Low
10206,Low,0.3,0.1,2,0.23,0.37,0.61,P3,Team_C,Low
10207,Low,0.3,0.63,1,0.74,0.38,0.44,P2,Team_A,Medium
10208,Medium,0.6,0.4,4,0.66,0.79,0.76,P2,Team_A,Medium
10209,Medium,0.6,0.8,4,0.78,0.49,0.33,P2,Team_B,Medium
10210,High,0.9,0.2,2,0.54,0.53,0.66,P2,Team_B,Medium
10211,Low,0.3,0.58,2,0.83,0.38,0.8,P2,Team_B,Medium
10212,High,0.9,0.33,1,0.64,0.74,0.53,P2,Team_A,Medium
10213,Low,0.3,0.38,3,0.67,0.6,0.97,P3,Team_B,Low
10214,Medium,0.6,0.51,3,0.71,0.61,0.65,P2,Team_C,Medium
10215,Medium,0.6,0.88,2,0.94,0.79,0.87,P2,Team_B,Medium
10216,Low,0.3,0.47,1,0.82,0.77,0.69,P2,Team_A,Medium
10217,Medium,0.6,0.27,2,0.9,0.62,0.73,P2,Team_C,Medium
10218,High,0.9,0.85,4,0.74,0.58,0.66,P1,Team_B,High
10219,High,0.9,0.49,1,0.84,0.92,0.95,P2,Team_C,Medium
10220,Medium,0.6,0.57,1,0.65,0.56,0.61,P2,Team_C,Medium
10221,Medium,0.6,0.76,1,0.4,0.28,0.31,P2,Team_B,Medium
10222,Low,0.3,0.47,2,0.73,0.43,0.94,P2,Team_C,Medium
10223,Low,0.3,0.5,1,0.31,0.61,0.69,P2,Team_A,Medium
10224,Low,0.3,0.29,4,0.64,0.72,0.86,P3,Team_B,Low
10225,Medium,0.6,0.36,4,0.48,0.48,0.57,P2,Team_B,Medium
10226,Low,0.3,0.16,2,0.66,0.68,0.72,P3,Team_B,Low
10227,Low,0.3,0.63,2,0.54,0.81,0.72,P2,Team_C,Medium
10228,High,0.9,0.13,2,0.5,0.92,0.74,P2,Team_C,Medium
10229,Low,0.3,0.42,4,0.95,0.77,0.82,P2,Team_C,Medium
10230,Medium,0.6,0.5,3,0.78,0.78,0.56,P2,Team_A,Medium
10231,Low,0.3,0.84,1,0.85,0.76,0.76,P2,Team_C,Medium
10232,Medium,0.6,0.75,3,0.86,0.72,0.42,P2,Team_A,Medium
10233,Low,0.3,0.49,4,0.68,0.62,0.55,P2,Team_A,Medium
10234,Low,0.3,0.82,4,0.84,0.76,0.98,P2,Team_B,Medium
10235,Medium,0.6,0.04,2,0.74,0.94,0.31,P2,Team_A,Medium
10236,Low,0.3,0.52,1,0.84,0.52,0.53,P2,Team_C,Medium
10237,High,0.9,0.67,4,0.55,0.66,0.51,P1,Team_A,High
10238,Low,0.3,0.81,1,0.34,0.83,0.99,P2,Team_B,Medium
10239,Medium,0.6,0.22,2,0.49,0.56,0.64,P2,Team_B,Medium
10240,High,0.9,0.34,2,0.75,0.72,0.69,P2,Team_B,Medium
10241,High,0.9,0.49,1,0.87,0.43,0.56,P2,Team_C,Medium
10242,High,0.9,0.46,3,0.59,0.59,0.81,P2,Team_B,Medium
10243,High,0.9,0.85,3,0.65,0.8,0.84,P1,Team_C,High
10244,Medium,0.6,0.48,4,0.75,0.24,0.89,P2,Team_B,Medium
10245,High,0.9,0.16,2,0.7,0.76,0.64,P2,Team_B,Medium
10246,Medium,0.6,0.43,3,0.5,0.85,0.71,P2,Team_C,Medium
10247,Low,0.3,0.21,1,0.74,0.8,0.41,P3,Team_C,Low
10248,High,0.9,0.54,3,0.81,0.69,0.59,P2,Team_A,Medium
10249,Medium,0.6,0.58,2,0.37,0.67,0.64,P2,Team_A,Medium
10250,High,0.9,0.13,4,0.79,0.94,0.52,P2,Team_B,Medium
10251,Medium,0.6,0.61,2,0.91,0.8,0.73,P2,Team_C,Medium
10252,Low,0.3,0.12,4,0.47,0.72,0.84,P3,Team_B,Low
10253,Low,0.3,0.06,4,0.7,0.67,0.85,P3,Team_A,Low
10254,Low,0.3,0.42,3,0.96,0.79,1.0,P2,Team_A,Medium
10255,High,0.9,0.44,2,0.48,0.71,0.42,P2,Team_C,Medium
10256,Medium,0.6,0.07,3,0.81,0.55,0.99,P2,Team_B,Medium
10257,Medium,0.6,0.61,1,0.95,0.63,0.69,P2,Team_B,Medium
10258,Low,0.3,0.77,2,0.8,0.69,0.32,P2,Team_B,Medium
10259,Medium,0.6,0.43,1,0.46,0.65,0.59,P2,Team_A,Medium
10260,Low,0.3,0.94,1,0.55,0.76,0.67,P2,Team_B,Medium
10261,Medium,0.6,0.74,4,0.83,0.94,0.46,P2,Team_A,Medium
10262,Medium,0.6,0.6,4,0.65,0.71,0.84,P2,Team_A,Medium
10263,High,0.9,0.22,4,0.22,0.72,0.42,P2,Team_B,Medium
10264,Low,0.3,0.72,2,0.58,0.74,0.45,P2,Team_A,Medium
10265,Low,0.3,0.16,3,0.64,0.76,0.43,P3,Team_A,Low
10266,Medium,0.6,0.39,1,0.49,0.24,0.86,P2,Team_A,Medium
10267,High,0.9,0.32,4,0.75,0.86,0.4,P2,Team_B,Medium
10268,Medium,0.6,0.57,3,0.51,0.56,0.38,P2,Team_C,Medium
10269,Medium,0.6,0.47,1,0.95,0.5,0.76,P2,Team_C,Medium
10270,Low,0.3,0.52,1,0.54,0.77,0.65,P2,Team_C,Medium
10271,Low,0.3,0.15,4,0.89,0.68,0.57,P3,Team_A,Low
10272,Low,0.3,0.17,2,0.62,0.58,0.36,P3,Team_B,Low
10273,Medium,0.6,0.81,3,0.65,0.63,0.75,P2,Team_B,Medium
10274,Low,0.3,0.11,3,0.83,0.9,0.57,P3,Team_C,Low
10275,High,0.9,0.36,1,0.66,0.84,0.75,P2,Team_C,Medium
10276,Medium,0.6,0.63,3,0.67,0.59,0.85,P2,Team_B,Medium
10277,Medium,0.6,0.23,2,0.9,0.42,0.74,P2,Team_B,Medium
10278,Low,0.3,0.62,3,0.86,0.62,0.87,P2,Team_C,Medium
10279,High,0.9,0.52,4,0.65,0.62,0.31,P2,Team_B,Medium
10280,High,0.9,0.34,3,0.61,0.45,0.45,P2,Team_C,Medium
10281,Medium,0.6,0.76,2,0.79,0.73,0.43,P2,Team_A,Medium
10282,Medium,0.6,0.39,4,0.74,0.73,0.86,P2,Team_A,Medium
10283,High,0.9,0.28,3,0.85,0.69,0.45,P2,Team_C,Medium
10284,Low,0.3,0.09,1,0.6,0.92,0.49,P3,Team_A,Low
10285,High,0.9,0.5,3,0.74,0.82,0.39,P2,Team_B,Medium
10286,Low,0.3,0.6,3,0.83,0.6,0.99,P2,Team_C,Medium
10287,Medium,0.6,0.72,2,0.65,0.95,0.57,P2,Team_C,Medium
10288,Medium,0.6,0.39,4,0.83,0.67,0.87,P2,Team_B,Medium
10289,Medium,0.6,0.15,4,0.69,0.38,0.89,P2,Team_C,Medium
10290,Medium,0.6,0.76,4,0.39,0.38,0.85,P2,Team_B,Medium
10291,Low,0.3,0.57,2,0.79,0.43,0.39,P2,Team_B,Medium
10292,Low,0.3,0.61,1,0.83,0.42,0.37,P2,Team_C,Medium
10293,High,0.9,0.51,1,0.85,0.4,0.37,P2,Team_A,Medium
10294,Medium,0.6,0.6,3,0.97,0.75,0.38,P2,Team_A,Medium
10295,High,0.9,0.67,3,0.68,0.41,0.39,P1,Team_B,High
10296,Low,0.3,0.08,3,0.74,0.92,0.7,P3,Team_B,Low
10297,High,0.9,0.41,1,0.76,0.67,0.82,P2,Team_A,Medium
10298,Low,0.3,0.25,2,0.62,0.81,0.49,P3,Team_A,Low
10299,Low,0.3,0.17,4,0.83,0.79,0.91,P3,Team_B,Low
10300,Medium,0.6,0.77,2,0.44,0.64,0.93,P2,Team_C,Medium
10301,Low,0.3,0.77,4,0.85,0.92,0.69,P2,Team_C,Medium
10302,Low,0.3,0.11,2,0.8,0.63,0.79,P3,Team_B,Low
10303,Low,0.3,0.53,1,0.86,0.5,0.72,P2,Team_B,Medium
10304,High,0.9,0.32,4,0.73,0.47,0.35,P2,Team_C,Medium
10305,Low,0.3,0.2,2,0.82,0.38,0.51,P3,Team_C,Low
10306,Medium,0.6,0.83,2,0.48,0.58,0.57,P2,Team_A,Medium
10307,Low,0.3,0.71,3,0.66,0.64,0.62,P2,Team_B,Medium
10308,Medium,0.6,0.83,2,0.63,0.58,0.66,P2,Team_B,Medium
10309,Low,0.3,0.67,2,0.46,0.6,0.73,P2,Team_B,Medium
10310,High,0.9,0.49,4,0.84,0.35,0.9,P2,Team_B,Medium
10311,Medium,0.6,0.48,3,0.73,0.72,0.64,P2,Team_A,Medium
10312,Medium,0.6,0.76,2,0.59,0.47,0.93,P2,Team_B,Medium
10313,Medium,0.6,0.42,1,0.61,0.66,0.83,P2,Team_C,Medium
10314,Medium,0.6,0.17,3,0.56,0.71,0.79,P2,Team_C,Medium
10315,Low,0.3,0.06,4,0.88,0.79,0.78,P3,Team_A,Low
10316,High,0.9,0.88,3,0.71,0.52,0.5,P1,Team_A,High
10317,High,0.9,0.39,1,0.91,0.44,0.59,P2,Team_B,Medium
10318,Low,0.3,0.32,1,0.78,0.93,0.85,P3,Team_A,Low
10319,Medium,0.6,0.58,1,0.38,0.41,0.89,P2,Team_A,Medium
10320,Low,0.3,0.01,3,0.8,0.79,0.96,P3,Team_B,Low
10321,High,0.9,0.62,1,0.74,0.84,0.63,P1,Team_B,High
10322,Low,0.3,0.25,1,0.88,0.44,0.45,P3,Team_B,Low
10323,Medium,0.6,0.13,3,0.7,0.84,0.71,P2,Team_C,Medium
10324,Low,0.3,0.32,4,0.73,0.42,0.43,P3,Team_C,Low
10325,High,0.9,0.19,1,0.57,0.79,0.42,P2,Team_C,Medium
10326,High,0.9,0.19,2,0.77,0.63,0.94,P2,Team_B,Medium
10327,Medium,0.6,0.53,3,0.64,0.48,0.85,P2,Team_B,Medium
10328,Medium,0.6,0.36,3,0.82,0.73,0.99,P2,Team_A,Medium
10329,Medium,0.6,0.05,3,0.66,0.38,0.68,P2,Team_B,Medium
10330,High,0.9,0.56,2,0.97,0.9,0.97,P2,Team_B,Medium
10331,Low,0.3,0.67,3,0.85,0.29,0.84,P2,Team_C,Medium
10332,Low,0.3,0.41,1,0.89,0.69,0.9,P2,Team_C,Medium
10333,Medium,0.6,0.8,2,0.33,0.88,0.81,P2,Team_C,Medium
10334,High,0.9,0.52,3,0.79,0.5,0.78,P2,Team_A,Medium
10335,Medium,0.6,0.75,2,0.89,0.84,0.52,P2,Team_C,Medium
10336,High,0.9,0.4,1,0.41,0.78,0.62,P2,Team_B,Medium
10337,High,0.9,0.47,1,0.94,0.66,0.38,P2,Team_A,Medium
10338,Medium,0.6,0.58,2,0.64,0.75,0.46,P2,Team_A,Medium
10339,Low,0.3,0.94,1,0.54,0.86,0.39,P2,Team_B,Medium
10340,Low,0.3,0.8,3,0.63,0.36,0.41,P2,Team_A,Medium
10341,Low,0.3,0.69,2,0.83,0.61,0.74,P2,Team_B,Medium
10342,Low,0.3,0.14,2,0.52,0.57,0.55,P3,Team_B,Low
10343,Low,0.3,0.52,2,0.73,0.87,0.48,P2,Team_C,Medium
10344,Medium,0.6,0.25,3,0.24,0.46,0.37,P2,Team_B,Medium
10345,Medium,0.6,0.51,1,0.89,0.92,0.73,P2,Team_C,Medium
10346,High,0.9,0.59,3,0.31,0.45,0.45,P2,Team_B,Medium
10347,High,0.9,0.18,4,0.96,0.74,0.5,P2,Team_C,Medium
10348,High,0.9,0.27,2,0.45,0.58,0.52,P2,Team_B,Medium
10349,Medium,0.6,0.5,3,0.71,0.58,0.3,P2,Team_A,Medium
10350,Medium,0.6,0.33,4,0.68,0.33,0.45,P2,Team_B,Medium
10351,High,0.9,0.82,4,0.57,0.59,0.35,P1,Team_B,High
10352,Low,0.3,0.65,1,0.76,0.69,0.87,P2,Team_C,Medium
10353,Low,0.3,0.45,1,0.25,0.76,0.81,P2,Team_C,Medium
10354,High,0.9,0.44,4,0.93,0.47,0.38,P2,Team_B,Medium
10355,Low,0.3,0.65,1,0.8,0.82,0.54,P2,Team_C,Medium
10356,High,0.9,0.58,2,0.9,0.88,0.45,P2,Team_B,Medium
10357,High,0.9,0.88,3,0.81,0.85,0.35,P1,Team_C,High
10358,Medium,0.6,0.66,1,0.92,0.61,0.74,P2,Team_B,Medium
10359,High,0.9,0.64,4,0.97,0.4,0.99,P1,Team_A,High
10360,Low,0.3,0.5,4,0.86,0.78,0.36,P2,Team_B,Medium
10361,Medium,0.6,0.3,1,0.76,0.88,0.44,P2,Team_B,Medium
10362,Low,0.3,0.45,1,0.63,0.38,0.6,P2,Team_C,Medium
10363,Low,0.3,0.63,3,0.37,0.4,0.54,P2,Team_B,Medium
10364,Low,0.3,0.11,1,0.75,0.49,0.86,P3,Team_A,Low
10365,High,0.9,0.16,4,0.85,0.67,0.46,P2,Team_B,Medium
10366,Low,0.3,0.61,1,0.73,0.79,0.79,P2,Team_B,Medium
10367,Low,0.3,0.36,2,0.74,0.85,0.32,P3,Team_C,Low
10368,Low,0.3,0.92,2,0.73,0.81,0.66,P2,Team_B,Medium
10369,High,0.9,0.37,1,0.55,0.42,0.65,P2,Team_C,Medium
10370,Low,0.3,0.47,2,0.81,0.93,0.41,P2,Team_C,Medium
10371,Medium,0.6,0.73,2,0.94,0.76,0.93,P2,Team_B,Medium
10372,Medium,0.6,0.54,1,0.83,0.79,0.8,P2,Team_B,Medium
10373,Medium,0.6,0.74,4,0.9,0.87,0.53,P2,Team_B,Medium
10374,Low,0.3,0.16,3,0.87,0.62,0.9,P3,Team_B,Low
10375,Low,0.3,0.38,2,0.44,0.81,0.91,P3,Team_B,Low
10376,High,0.9,0.13,4,0.87,0.93,0.34,P2,Team_B,Medium
10377,Low,0.3,0.41,4,0.76,0.65,0.54,P2,Team_C,Medium
10378,Low,0.3,0.52,2,0.7,0.94,1.0,P2,Team_C,Medium
10379,High,0.9,0.4,4,0.93,0.62,0.88,P2,Team_B,Medium
10380,Medium,0.6,0.9,4,0.78,0.41,0.59,P2,Team_B,Medium
10381,Medium,0.6,0.39,4,0.58,0.44,0.33,P2,Team_A,Medium
10382,Medium,0.6,0.75,2,0.93,0.81,0.7,P2,Team_A,Medium
10383,High,0.9,0.45,1,0.73,0.45,0.7,P2,Team_B,Medium
10384,High,0.9,0.67,1,0.84,0.71,0.31,P1,Team_B,High
10385,High,0.9,0.15,4,0.95,0.6,0.47,P2,Team_C,Medium
10386,Low,0.3,0.67,1,0.58,0.25,0.8,P2,Team_A,Medium
10387,Low,0.3,0.36,4,0.85,0.79,0.87,P3,Team_A,Low
10388,High,0.9,0.44,2,0.98,0.67,0.76,P2,Team_B,Medium
10389,Low,0.3,0.91,2,0.88,0.76,0.4,P2,Team_C,Medium
10390,Low,0.3,0.57,3,0.73,0.74,0.44,P2,Team_A,Medium
10391,Medium,0.6,0.34,2,0.9,0.5,0.52,P2,Team_B,Medium
10392,Low,0.3,0.27,4,0.74,0.46,0.94,P3,Team_A,Low
10393,Medium,0.6,0.57,1,0.21,0.41,0.35,P2,Team_B,Medium
10394,Medium,0.6,0.67,4,0.72,0.81,0.92,P2,Team_C,Medium
10395,Medium,0.6,0.47,3,0.78,0.77,0.64,P2,Team_A,Medium
10396,Low,0.3,0.07,3,0.68,0.87,0.57,P3,Team_B,Low
10397,High,0.9,0.96,2,0.64,0.72,0.52,P1,Team_B,High
10398,High,0.9,0.81,2,0.87,0.86,0.66,P1,Team_C,High
10399,High,0.9,0.39,2,0.5,0.3,0.42,P2,Team_A,Medium
10400,High,0.9,0.16,1,0.33,0.67,0.92,P2,Team_B,Medium
10401,High,0.9,0.65,3,0.93,0.63,0.84,P1,Team_A,High
10402,Medium,0.6,0.01,4,0.75,0.38,0.53,P2,Team_A,Medium
10403,Low,0.3,0.9,4,0.84,0.88,0.54,P2,Team_A,Medium
10404,Medium,0.6,0.31,2,0.41,0.95,0.31,P2,Team_A,Medium
10405,Low,0.3,0.54,3,0.92,0.54,0.63,P2,Team_B,Medium
10406,Low,0.3,0.06,2,0.79,0.74,0.68,P3,Team_A,Low
10407,Medium,0.6,0.5,1,0.68,0.26,0.53,P2,Team_B,Medium
10408,Low,0.3,0.81,4,0.53,0.75,0.62,P2,Team_A,Medium
10409,High,0.9,0.49,1,0.72,0.89,0.32,P2,Team_A,Medium
10410,High,0.9,0.74,3,0.85,0.33,0.65,P1,Team_A,High
10411,Medium,0.6,0.64,1,0.76,0.69,0.33,P2,Team_A,Medium
10412,Medium,0.6,0.75,2,0.79,0.48,0.75,P2,Team_B,Medium
10413,Medium,0.6,0.49,3,0.87,0.76,0.39,P2,Team_A,Medium
10414,Low,0.3,0.73,3,0.27,0.51,0.86,P2,Team_C,Medium
10415,High,0.9,0.75,1,0.44,0.95,0.6,P1,Team_A,High
10416,High,0.9,0.21,4,0.85,0.91,0.59,P2,Team_B,Medium
10417,Medium,0.6,0.52,1,0.75,0.86,0.77,P2,Team_A,Medium
10418,High,0.9,0.51,3,0.91,0.31,0.8,P2,Team_A,Medium
10419,High,0.9,0.45,2,0.86,0.44,0.89,P2,Team_B,Medium
10420,Medium,0.6,0.37,3,0.83,0.74,0.75,P2,Team_A,Medium
10421,Medium,0.6,0.25,4,0.72,0.77,0.55,P2,Team_A,Medium
10422,Medium,0.6,0.44,4,0.84,0.43,0.33,P2,Team_A,Medium
10423,Low,0.3,0.53,4,0.36,0.61,0.36,P2,Team_B,Medium
10424,High,0.9,0.36,4,0.8,0.81,0.32,P2,Team_A,Medium
10425,Low,0.3,0.61,4,0.57,0.81,0.95,P2,Team_C,Medium
10426,Low,0.3,0.8,4,0.36,0.33,0.36,P2,Team_A,Medium
10427,High,0.9,0.12,2,0.56,0.67,0.85,P2,Team_C,Medium
10428,Medium,0.6,0.06,4,0.83,0.47,0.79,P2,Team_A,Medium
10429,Low,0.3,0.57,3,0.9,0.89,0.66,P2,Team_B,Medium
10430,Low,0.3,0.77,1,0.6,0.54,0.95,P2,Team_C,Medium
10431,Low,0.3,0.74,4,0.91,0.78,0.49,P2,Team_B,Medium
10432,High,0.9,0.66,1,0.86,0.74,0.74,P1,Team_A,High
10433,High,0.9,0.11,2,0.51,0.62,0.44,P2,Team_B,Medium
10434,High,0.9,0.39,2,0.43,0.43,0.47,P2,Team_B,Medium
10435,High,0.9,0.42,4,0.97,0.67,0.75,P2,Team_C,Medium
10436,Low,0.3,0.45,4,0.59,0.88,0.5,P2,Team_B,Medium
10437,High,0.9,0.07,4,0.52,0.66,0.95,P2,Team_B,Medium
10438,Low,0.3,0.36,2,0.73,0.22,0.79,P3,Team_C,Low
10439,High,0.9,0.46,4,0.67,0.69,0.49,P2,Team_A,Medium
10440,Low,0.3,0.21,2,0.48,0.51,0.8,P3,Team_C,Low
10441,High,0.9,0.55,1,0.94,0.69,0.79,P2,Team_C,Medium
10442,Low,0.3,0.38,1,0.95,0.39,0.89,P3,Team_C,Low
10443,Medium,0.6,0.59,2,0.93,0.49,0.42,P2,Team_C,Medium
10444,Low,0.3,0.74,3,0.9,0.73,0.83,P2,Team_B,Medium
10445,High,0.9,0.8,4,0.7,0.81,0.34,P1,Team_B,High
10446,High,0.9,0.39,1,0.7,0.85,0.44,P2,Team_B,Medium
10447,Medium,0.6,0.25,4,0.52,0.45,0.88,P2,Team_B,Medium
10448,Medium,0.6,0.9,1,0.7,0.83,0.53,P2,Team_B,Medium
10449,High,0.9,0.52,2,0.39,0.72,1.0,P2,Team_A,Medium
10450,Low,0.3,0.67,1,0.14,0.31,0.52,P2,Team_B,Medium
10451,Medium,0.6,0.26,4,0.93,0.72,0.82,P2,Team_B,Medium
10452,High,0.9,0.36,4,0.77,0.62,0.74,P2,Team_B,Medium
10453,Low,0.3,0.74,2,0.61,0.72,0.32,P2,Team_C,Medium
10454,Medium,0.6,0.71,4,0.6,0.53,0.49,P2,Team_B,Medium
10455,Low,0.3,0.87,2,0.63,0.76,0.49,P2,Team_A,Medium
10456,Low,0.3,0.68,2,0.43,0.84,0.99,P2,Team_B,Medium
10457,High,0.9,0.46,2,0.67,0.8,0.55,P2,Team_A,Medium
10458,High,0.9,0.25,4,0.57,0.44,0.82,P2,Team_A,Medium
10459,Low,0.3,0.29,4,0.54,0.71,0.71,P3,Team_B,Low
10460,Medium,0.6,0.1,2,0.9,0.65,0.8,P2,Team_A,Medium
10461,High,0.9,0.58,3,0.41,0.64,0.97,P2,Team_B,Medium
10462,Low,0.3,0.64,3,0.86,0.67,0.67,P2,Team_B,Medium
10463,Medium,0.6,0.8,2,0.8,0.62,0.58,P2,Team_B,Medium
10464,Low,0.3,0.78,4,0.63,0.79,0.73,P2,Team_C,Medium
10465,Medium,0.6,0.52,2,0.8,0.38,0.55,P2,Team_A,Medium
10466,Medium,0.6,0.2,1,0.94,0.46,0.6,P2,Team_A,Medium
10467,High,0.9,0.69,4,0.77,0.63,0.65,P1,Team_A,High
10468,Medium,0.6,0.96,1,0.85,0.83,0.75,P2,Team_B,Medium
10469,Low,0.3,0.11,1,0.67,0.8,0.99,P3,Team_A,Low
10470,Medium,0.6,0.48,3,0.54,0.58,0.95,P2,Team_C,Medium
10471,Low,0.3,0.75,4,0.73,0.61,0.79,P2,Team_B,Medium
10472,Medium,0.6,0.27,4,0.35,0.54,0.3,P2,Team_A,Medium
10473,Low,0.3,0.25,4,0.63,0.81,0.71,P3,Team_B,Low
10474,Low,0.3,0.63,3,0.73,0.79,0.48,P2,Team_A,Medium
10475,High,0.9,0.38,3,0.88,0.19,0.53,P2,Team_B,Medium
10476,Medium,0.6,0.91,3,0.99,0.74,0.91,P2,Team_B,Medium
10477,Medium,0.6,0.51,4,0.89,0.76,0.5,P2,Team_C,Medium
10478,High,0.9,0.44,4,0.41,0.69,0.83,P2,Team_B,Medium
10479,Medium,0.6,0.72,3,0.73,0.51,0.4,P2,Team_C,Medium
10480,Low,0.3,0.69,3,0.92,0.55,0.85,P2,Team_A,Medium
10481,High,0.9,0.67,1,0.8,0.44,0.76,P1,Team_A,High
10482,High,0.9,0.32,3,0.72,0.63,0.72,P2,Team_A,Medium
10483,Medium,0.6,0.32,2,0.78,0.5,0.39,P2,Team_C,Medium
10484,Low,0.3,0.53,4,0.42,0.59,0.9,P2,Team_B,Medium
10485,Low,0.3,0.41,4,0.84,0.58,0.55,P2,Team_A,Medium
10486,Low,0.3,0.5,2,0.94,0.81,0.89,P2,Team_B,Medium
10487,Low,0.3,0.34,4,0.34,0.33,0.97,P3,Team_C,Low
10488,Low,0.3,0.67,3,0.88,0.6,0.47,P2,Team_B,Medium
10489,High,0.9,0.28,4,0.89,0.2,0.68,P2,Team_C,Medium
10490,Medium,0.6,0.26,1,0.7,0.79,0.95,P2,Team_A,Medium
10491,Low,0.3,0.77,1,0.82,0.46,1.0,P2,Team_A,Medium
10492,Low,0.3,0.95,2,0.83,0.63,0.59,P2,Team_A,Medium
10493,Low,0.3,0.66,4,0.78,0.87,0.52,P2,Team_C,Medium
10494,Low,0.3,0.23,1,0.52,0.67,1.0,P3,Team_B,Low
10495,High,0.9,0.2,3,0.64,0.69,0.36,P2,Team_A,Medium
10496,High,0.9,0.81,1,0.95,0.82,0.84,P1,Team_B,High
10497,Low,0.3,0.34,4,0.75,0.82,0.82,P3,Team_B,Low
10498,High,0.9,0.42,3,0.94,0.42,0.99,P2,Team_C,Medium
10499,Medium,0.6,0.42,1,0.66,0.47,0.65,P2,Team_C,Medium
10500,Low,0.3,0.18,4,0.7,0.53,0.47,P3,Team_A,Low
10501,Medium,0.6,0.53,1,0.42,0.83,0.9,P2,Team_B,Medium
10502,Low,0.3,0.32,2,0.75,0.62,0.6,P3,Team_C,Low
10503,Medium,0.6,0.57,1,0.65,0.98,0.54,P2,Team_A,Medium
10504,Medium,0.6,0.39,1,0.73,0.36,0.33,P2,Team_B,Medium
10505,High,0.9,0.1,2,0.87,0.81,0.75,P2,Team_B,Medium
10506,High,0.9,0.29,3,0.68,0.53,0.77,P2,Team_A,Medium
10507,High,0.9,0.92,4,0.91,0.6,0.98,P1,Team_B,High
10508,Medium,0.6,0.35,1,0.54,0.53,0.83,P2,Team_C,Medium
10509,Low,0.3,0.28,3,0.73,0.69,0.56,P3,Team_C,Low
10510,High,0.9,0.84,2,0.91,0.76,0.31,P1,Team_B,High
10511,Medium,0.6,0.41,4,0.63,0.63,0.33,P2,Team_A,Medium
10512,Low,0.3,0.12,1,0.84,0.75,0.87,P3,Team_B,Low
10513,High,0.9,0.41,2,0.81,0.56,0.59,P2,Team_A,Medium
10514,Low,0.3,0.54,3,0.82,0.78,0.37,P2,Team_A,Medium
10515,Low,0.3,0.19,4,0.4,0.6,0.55,P3,Team_C,Low
10516,Low,0.3,0.31,3,0.72,0.89,0.82,P3,Team_C,Low
10517,Low,0.3,0.74,2,0.74,0.64,0.39,P2,Team_C,Medium
10518,Medium,0.6,0.59,2,0.66,0.97,0.51,P2,Team_A,Medium
10519,High,0.9,0.53,2,0.62,0.56,0.35,P2,Team_C,Medium
10520,Medium,0.6,0.64,4,0.52,0.68,0.35,P2,Team_C,Medium
10521,Low,0.3,0.58,2,0.9,0.84,0.52,P2,Team_B,Medium
10522,High,0.9,0.29,2,0.6,0.74,0.43,P2,Team_C,Medium
10523,Medium,0.6,0.7,3,0.86,0.37,0.45,P2,Team_B,Medium
10524,High,0.9,0.61,1,0.61,0.43,0.73,P1,Team_A,High
10525,Medium,0.6,0.23,4,0.67,0.59,0.43,P2,Team_C,Medium
10526,Low,0.3,0.7,2,0.66,0.82,0.8,P2,Team_C,Medium
10527,Medium,0.6,0.3,4,0.73,0.81,0.66,P2,Team_B,Medium
10528,Medium,0.6,0.39,1,0.66,0.79,0.88,P2,Team_C,Medium
10529,Low,0.3,0.52,2,0.79,0.76,0.47,P2,Team_B,Medium
10530,High,0.9,0.33,2,0.75,0.61,0.31,P2,Team_A,Medium
10531,High,0.9,0.81,1,0.76,0.59,0.92,P1,Team_A,High
10532,Medium,0.6,0.81,3,0.4,0.87,0.65,P2,Team_A,Medium
10533,Low,0.3,0.47,4,0.84,0.64,0.51,P2,Team_B,Medium
10534,High,0.9,0.24,2,0.87,0.84,0.37,P2,Team_C,Medium
10535,Medium,0.6,0.77,2,0.38,0.92,0.52,P2,Team_A,Medium
10536,Low,0.3,0.77,2,0.86,0.32,0.86,P2,Team_B,Medium
10537,Medium,0.6,0.44,3,0.63,0.64,0.49,P2,Team_A,Medium
10538,Low,0.3,0.68,2,0.79,0.96,0.44,P2,Team_B,Medium
10539,Low,0.3,0.57,1,0.64,0.31,0.73,P2,Team_A,Medium
10540,High,0.9,0.61,1,0.72,0.55,0.64,P1,Team_C,High
10541,High,0.9,0.4,4,0.49,0.73,0.91,P2,Team_A,Medium
10542,Medium,0.6,0.43,3,0.65,0.45,0.41,P2,Team_C,Medium
10543,Medium,0.6,0.52,3,0.6,0.41,0.51,P2,Team_A,Medium
10544,High,0.9,0.69,1,0.9,0.32,0.52,P1,Team_B,High
10545,Medium,0.6,0.28,4,0.76,0.82,0.6,P2,Team_C,Medium
10546,Low,0.3,0.23,3,0.53,0.56,0.55,P3,Team_A,Low
10547,High,0.9,0.77,1,0.82,0.76,0.68,P1,Team_C,High
10548,Medium,0.6,0.14,1,0.63,0.61,0.79,P2,Team_B,Medium
10549,High,0.9,0.64,1,0.55,0.83,0.31,P1,Team_A,High
10550,Low,0.3,0.53,1,0.94,0.7,0.56,P2,Team_C,Medium
10551,Medium,0.6,0.39,3,0.69,0.19,0.93,P2,Team_A,Medium
10552,Medium,0.6,0.26,1,0.76,0.74,0.49,P2,Team_A,Medium
10553,Medium,0.6,0.47,2,0.9,0.72,0.62,P2,Team_C,Medium
10554,Low,0.3,0.82,2,0.93,0.49,0.69,P2,Team_C,Medium
10555,Medium,0.6,0.25,2,0.65,0.53,0.47,P2,Team_C,Medium
10556,Low,0.3,0.86,2,0.72,0.91,0.68,P2,Team_C,Medium
10557,Medium,0.6,0.48,3,0.63,0.66,0.5,P2,Team_A,Medium
10558,Low,0.3,0.66,4,0.7,0.63,0.44,P2,Team_C,Medium
10559,Low,0.3,0.13,3,0.91,0.59,0.4,P3,Team_A,Low
10560,Low,0.3,0.32,2,0.74,0.88,0.92,P3,Team_A,Low
10561,Low,0.3,0.41,2,0.92,0.73,0.38,P2,Team_B,Medium
10562,Low,0.3,0.77,3,0.83,0.64,0.97,P2,Team_A,Medium
10563,Medium,0.6,0.19,4,0.73,0.87,0.66,P2,Team_B,Medium
10564,High,0.9,0.49,1,0.71,0.56,0.54,P2,Team_A,Medium
10565,Medium,0.6,0.9,1,0.66,0.67,0.37,P2,Team_B,Medium
10566,Medium,0.6,0.26,1,0.48,0.43,0.92,P2,Team_C,Medium
10567,Low,0.3,0.77,2,0.87,0.42,0.48,P2,Team_A,Medium
10568,Medium,0.6,0.33,2,0.77,0.67,0.7,P2,Team_C,Medium
10569,High,0.9,0.87,4,0.3,0.79,0.62,P1,Team_A,High
10570,Low,0.3,0.37,2,0.75,0.56,0.46,P3,Team_B,Low
10571,Medium,0.6,0.35,3,0.77,0.53,0.73,P2,Team_C,Medium
10572,Low,0.3,0.73,4,0.93,0.73,0.47,P2,Team_B,Medium
10573,Low,0.3,0.17,2,0.94,0.81,0.38,P3,Team_B,Low
10574,High,0.9,0.53,4,0.84,0.55,0.84,P2,Team_B,Medium
10575,Medium,0.6,0.53,2,0.31,0.51,0.9,P2,Team_C,Medium
10576,Low,0.3,0.21,2,0.73,0.9,0.34,P3,Team_A,Low
10577,Low,0.3,0.81,3,0.6,0.62,0.66,P2,Team_B,Medium
10578,Medium,0.6,0.86,2,0.85,0.55,0.71,P2,Team_C,Medium
10579,High,0.9,0.56,3,0.69,0.6,0.98,P2,Team_A,Medium
10580,Medium,0.6,0.86,4,0.81,0.87,0.8,P2,Team_A,Medium
10581,Low,0.3,0.35,1,0.87,0.54,0.36,P3,Team_A,Low
10582,High,0.9,0.71,1,0.76,0.67,0.73,P1,Team_A,High
10583,Medium,0.6,0.32,4,0.91,0.81,0.47,P2,Team_B,Medium
10584,Medium,0.6,0.15,3,0.86,0.39,0.92,P2,Team_A,Medium
10585,Low,0.3,0.44,3,0.74,0.88,0.73,P2,Team_B,Medium
10586,Low,0.3,0.21,2,0.95,0.95,0.83,P3,Team_B,Low
10587,Low,0.3,0.38,2,0.79,0.83,0.51,P3,Team_A,Low
10588,Low,0.3,0.16,4,0.69,0.86,0.52,P3,Team_B,Low
10589,Low,0.3,0.47,1,0.58,0.52,0.72,P2,Team_A,Medium
10590,Low,0.3,0.12,3,0.78,0.72,0.6,P3,Team_B,Low
10591,High,0.9,0.93,4,0.92,0.52,0.92,P1,Team_A,High
10592,Low,0.3,0.67,3,0.88,0.78,0.33,P2,Team_C,Medium
10593,Low,0.3,0.48,3,0.77,0.76,0.49,P2,Team_B,Medium
10594,Low,0.3,0.64,4,0.86,0.44,0.68,P2,Team_A,Medium
10595,Low,0.3,0.49,4,0.3,0.8,0.5,P2,Team_A,Medium
10596,Low,0.3,0.44,1,0.92,0.89,0.5,P2,Team_A,Medium
10597,Medium,0.6,0.63,4,0.33,0.4,0.61,P2,Team_C,Medium
10598,Low,0.3,0.39,1,0.87,0.55,0.58,P3,Team_B,Low
10599,Medium,0.6,0.64,4,0.6,0.56,0.38,P2,Team_C,Medium
10600,Medium,0.6,0.75,1,0.67,0.47,0.68,P2,Team_C,Medium
10601,Low,0.3,0.68,1,0.62,0.62,0.92,P2,Team_A,Medium
10602,High,0.9,0.32,1,0.93,0.9,0.97,P2,Team_C,Medium
10603,Medium,0.6,0.66,2,0.79,0.78,0.47,P2,Team_B,Medium
10604,Medium,0.6,0.53,2,0.94,0.56,0.92,P2,Team_C,Medium
10605,Low,0.3,0.6,1,0.79,0.61,0.71,P2,Team_B,Medium
10606,Medium,0.6,0.38,2,0.55,0.52,0.77,P2,Team_B,Medium
10607,Medium,0.6,0.47,2,0.57,0.65,0.5,P2,Team_C,Medium
10608,Low,0.3,0.28,4,0.99,0.61,0.4,P3,Team_C,Low
10609,High,0.9,0.95,4,0.54,0.44,0.84,P1,Team_C,High
10610,High,0.9,0.93,3,0.47,0.33,0.86,P1,Team_A,High
10611,Medium,0.6,0.26,2,0.63,0.51,0.79,P2,Team_B,Medium
10612,Medium,0.6,0.59,3,0.8,0.34,0.4,P2,Team_A,Medium
10613,Low,0.3,0.16,1,0.96,0.61,0.78,P3,Team_C,Low
10614,Low,0.3,0.28,3,0.49,0.93,0.71,P3,Team_B,Low
10615,Medium,0.6,0.53,2,0.43,0.82,0.63,P2,Team_C,Medium
10616,Medium,0.6,0.64,4,0.47,0.57,0.92,P2,Team_C,Medium
10617,Low,0.3,0.53,3,0.9,0.85,0.62,P2,Team_A,Medium
10618,Medium,0.6,0.5,4,0.83,0.65,0.41,P2,Team_A,Medium
10619,High,0.9,0.79,2,0.43,0.91,0.59,P1,Team_C,High
10620,High,0.9,0.49,2,0.62,0.65,0.72,P2,Team_A,Medium
10621,Medium,0.6,0.36,1,0.62,0.66,0.66,P2,Team_A,Medium
10622,Low,0.3,0.68,2,0.96,0.7,0.64,P2,Team_C,Medium
10623,Low,0.3,0.41,4,0.75,0.75,0.78,P2,Team_C,Medium
10624,Medium,0.6,0.24,1,0.73,0.83,0.66,P2,Team_B,Medium
10625,Low,0.3,0.78,2,0.6,0.77,0.98,P2,Team_C,Medium
10626,Medium,0.6,0.15,1,0.91,0.73,0.9,P2,Team_A,Medium
10627,Low,0.3,0.76,2,0.27,0.72,0.44,P2,Team_A,Medium
10628,Medium,0.6,0.2,2,0.94,0.23,0.51,P2,Team_B,Medium
10629,Medium,0.6,0.27,1,0.82,0.76,0.72,P2,Team_B,Medium
10630,Low,0.3,0.44,1,0.89,0.65,0.59,P2,Team_A,Medium
10631,Medium,0.6,0.7,2,0.68,0.73,0.83,P2,Team_A,Medium
10632,Medium,0.6,0.44,3,0.85,0.87,0.78,P2,Team_A,Medium
10633,High,0.9,0.61,2,0.8,0.75,0.51,P1,Team_C,High
10634,Low,0.3,0.55,3,0.68,0.5,0.41,P2,Team_B,Medium
10635,Medium,0.6,0.74,4,0.83,0.69,0.47,P2,Team_A,Medium
10636,High,0.9,0.64,1,0.94,0.74,0.66,P1,Team_C,High
10637,Medium,0.6,0.11,2,0.87,0.52,0.79,P2,Team_C,Medium
10638,Low,0.3,0.59,2,0.56,0.84,0.48,P2,Team_A,Medium
10639,Medium,0.6,0.24,4,0.9,0.51,0.66,P2,Team_C,Medium
10640,Medium,0.6,0.49,2,0.65,0.44,0.67,P2,Team_C,Medium
10641,High,0.9,0.51,1,0.48,0.84,0.51,P2,Team_B,Medium
10642,Low,0.3,0.57,2,0.82,0.65,0.69,P2,Team_A,Medium
10643,High,0.9,0.71,1,0.72,0.58,0.96,P1,Team_B,High
10644,Medium,0.6,0.9,1,0.84,0.87,0.79,P2,Team_C,Medium
10645,Low,0.3,0.91,4,0.91,0.58,0.51,P2,Team_B,Medium
10646,Low,0.3,0.79,2,0.55,0.94,0.38,P2,Team_A,Medium
10647,Medium,0.6,0.61,4,0.72,0.58,0.91,P2,Team_C,Medium
10648,Medium,0.6,0.71,4,0.83,0.2,0.71,P2,Team_A,Medium
10649,Low,0.3,0.33,1,0.78,0.58,0.68,P3,Team_A,Low
10650,Medium,0.6,0.72,3,0.88,0.54,1.0,P2,Team_C,Medium
10651,Low,0.3,0.85,4,0.94,0.5,0.62,P2,Team_C,Medium
10652,Low,0.3,0.17,2,0.87,0.71,0.53,P3,Team_B,Low
10653,Medium,0.6,0.38,3,0.65,0.47,0.66,P2,Team_B,Medium
10654,Low,0.3,0.46,1,0.65,0.7,0.4,P2,Team_A,Medium
10655,Medium,0.6,0.77,1,0.71,0.58,0.45,P2,Team_A,Medium
10656,Low,0.3,0.39,4,0.44,0.82,0.38,P3,Team_B,Low
10657,High,0.9,0.68,4,0.78,0.59,0.48,P1,Team_C,High
10658,Medium,0.6,0.89,2,0.68,0.45,0.55,P2,Team_A,Medium
10659,Low,0.3,0.37,4,0.82,0.52,0.73,P3,Team_C,Low
10660,Low,0.3,0.39,2,0.43,0.8,0.75,P3,Team_B,Low
10661,High,0.9,0.18,4,0.84,0.39,0.56,P2,Team_A,Medium
10662,Medium,0.6,0.73,3,0.81,0.58,0.65,P2,Team_A,Medium
10663,Low,0.3,0.63,1,0.76,0.76,0.49,P2,Team_A,Medium
10664,Medium,0.6,0.52,4,0.86,0.91,0.85,P2,Team_C,Medium
10665,Low,0.3,0.87,3,0.54,0.89,0.95,P2,Team_C,Medium
10666,High,0.9,0.26,1,0.6,0.61,0.87,P2,Team_C,Medium
10667,Medium,0.6,0.43,4,0.71,0.67,0.96,P2,Team_A,Medium
10668,High,0.9,0.91,2,0.41,0.72,0.33,P1,Team_A,High
10669,Medium,0.6,0.21,2,0.9,0.95,0.87,P2,Team_A,Medium
10670,High,0.9,0.28,1,0.62,0.7,0.99,P2,Team_C,Medium
10671,High,0.9,0.72,2,0.66,0.61,0.86,P1,Team_C,High
10672,Low,0.3,0.58,1,0.61,0.79,0.35,P2,Team_C,Medium
10673,Medium,0.6,0.49,3,0.61,0.66,0.89,P2,Team_A,Medium
10674,Medium,0.6,0.41,1,0.62,0.28,0.92,P2,Team_C,Medium
10675,Low,0.3,0.72,1,0.78,0.68,0.46,P2,Team_A,Medium
10676,Low,0.3,0.69,3,0.62,0.75,0.61,P2,Team_B,Medium
10677,Medium,0.6,0.52,4,0.92,0.85,0.48,P2,Team_B,Medium
10678,Medium,0.6,0.5,1,0.61,0.73,0.38,P2,Team_B,Medium
10679,Low,0.3,0.81,3,0.59,0.67,0.3,P2,Team_C,Medium
10680,Low,0.3,0.72,3,0.83,0.61,0.99,P2,Team_C,Medium
10681,Medium,0.6,0.44,2,0.77,0.88,0.87,P2,Team_B,Medium
10682,Medium,0.6,0.68,3,0.76,0.71,0.51,P2,Team_C,Medium
10683,Low,0.3,0.14,3,0.72,0.8,0.33,P3,Team_A,Low
10684,Low,0.3,0.16,1,0.78,0.48,0.47,P3,Team_C,Low
10685,Medium,0.6,0.57,1,0.85,0.78,0.73,P2,Team_C,Medium
10686,Low,0.3,0.39,4,0.69,0.9,0.52,P3,Team_A,Low
10687,Low,0.3,0.62,4,0.84,0.9,0.99,P2,Team_B,Medium
10688,Medium,0.6,0.72,2,0.43,0.99,0.4,P2,Team_B,Medium
10689,High,0.9,0.64,1,0.54,0.68,0.63,P1,Team_B,High
10690,Low,0.3,0.4,4,0.44,0.59,0.32,P2,Team_B,Medium
10691,Medium,0.6,0.52,2,0.72,0.85,0.96,P2,Team_C,Medium
10692,Medium,0.6,0.78,4,0.81,0.56,0.75,P2,Team_C,Medium
10693,High,0.9,0.15,4,0.53,0.67,0.68,P2,Team_A,Medium
10694,Low,0.3,0.8,3,0.79,0.87,0.97,P2,Team_A,Medium
10695,High,0.9,0.34,3,0.43,0.88,0.45,P2,Team_B,Medium
10696,Medium,0.6,0.33,3,0.83,0.76,0.46,P2,Team_A,Medium
10697,Low,0.3,0.2,4,0.82,0.84,0.9,P3,Team_B,Low
10698,Medium,0.6,0.67,4,0.7,0.61,0.63,P2,Team_B,Medium
10699,High,0.9,0.71,3,0.77,0.53,0.5,P1,Team_B,High
10700,Medium,0.6,0.55,3,0.59,0.59,0.43,P2,Team_A,Medium
10701,High,0.9,0.25,2,0.7,0.64,0.94,P2,Team_A,Medium
10702,High,0.9,0.39,3,0.63,0.57,0.77,P2,Team_C,Medium
10703,Low,0.3,0.28,4,0.77,0.79,0.67,P3,Team_A,Low
10704,Medium,0.6,0.3,4,0.92,0.54,0.52,P2,Team_A,Medium
10705,Low,0.3,0.43,2,0.44,0.29,0.34,P2,Team_B,Medium
10706,High,0.9,0.66,4,0.77,0.8,0.9,P1,Team_A,High
10707,Low,0.3,0.59,1,0.7,0.56,0.55,P2,Team_A,Medium
10708,High,0.9,0.16,2,0.79,0.6,0.46,P2,Team_A,Medium
10709,High,0.9,0.64,2,0.6,0.96,0.58,P1,Team_B,High
10710,Medium,0.6,0.98,1,0.8,0.49,0.58,P2,Team_C,Medium
10711,Low,0.3,0.37,4,0.46,0.81,0.88,P3,Team_C,Low
10712,Medium,0.6,0.64,1,0.88,0.73,0.67,P2,Team_B,Medium
10713,Medium,0.6,0.67,1,0.72,0.84,0.65,P2,Team_A,Medium
10714,Medium,0.6,0.09,4,0.57,0.68,0.58,P2,Team_B,Medium
10715,Medium,0.6,0.79,2,0.68,0.29,0.71,P2,Team_B,Medium
10716,Low,0.3,0.72,4,0.75,0.93,0.54,P2,Team_C,Medium
10717,High,0.9,0.44,2,0.76,0.43,0.98,P2,Team_B,Medium
10718,High,0.9,0.87,4,0.84,0.44,0.49,P1,Team_C,High
10719,High,0.9,0.7,4,0.78,0.38,0.85,P1,Team_C,High
10720,Low,0.3,0.28,3,0.54,0.48,0.82,P3,Team_B,Low
10721,Low,0.3,0.77,4,0.94,0.84,0.74,P2,Team_A,Medium
10722,High,0.9,0.27,4,0.92,0.44,0.33,P2,Team_A,Medium
10723,Low,0.3,0.15,4,0.65,0.53,0.63,P3,Team_A,Low
10724,Low,0.3,0.47,4,0.92,0.94,0.7,P2,Team_A,Medium
10725,High,0.9,0.5,3,0.62,0.88,0.62,P2,Team_B,Medium
10726,Medium,0.6,0.66,3,0.88,0.82,0.46,P2,Team_B,Medium
10727,Medium,0.6,0.12,1,0.55,0.79,0.88,P2,Team_A,Medium
10728,Medium,0.6,0.26,3,0.56,0.92,0.98,P2,Team_A,Medium
10729,Low,0.3,0.5,3,0.98,0.56,0.45,P2,Team_A,Medium
10730,Low,0.3,0.49,1,0.51,0.95,0.38,P2,Team_A,Medium
10731,Low,0.3,0.23,2,0.96,0.94,0.35,P3,Team_B,Low
10732,Medium,0.6,0.27,3,0.98,0.69,0.99,P2,Team_A,Medium
10733,High,0.9,0.72,3,0.84,0.45,0.9,P1,Team_A,High
10734,High,0.9,0.39,1,0.81,0.67,0.86,P2,Team_A,Medium
10735,Low,0.3,0.6,1,0.87,0.71,0.81,P2,Team_C,Medium
10736,Low,0.3,0.43,4,0.87,0.73,0.92,P2,Team_B,Medium
10737,Medium,0.6,0.29,2,0.83,0.31,0.44,P2,Team_B,Medium
10738,Medium,0.6,0.39,3,0.53,0.95,0.9,P2,Team_C,Medium
10739,High,0.9,0.17,1,0.77,0.42,0.75,P2,Team_A,Medium
10740,Medium,0.6,0.57,2,0.77,0.85,0.68,P2,Team_B,Medium
10741,High,0.9,0.8,2,0.64,0.54,0.7,P1,Team_A,High
10742,Medium,0.6,0.25,1,0.83,0.9,0.49,P2,Team_B,Medium
10743,High,0.9,0.23,4,0.4,0.5,0.46,P2,Team_A,Medium
10744,Medium,0.6,0.52,1,0.45,0.67,0.93,P2,Team_B,Medium
10745,Low,0.3,0.29,1,0.8,0.78,0.56,P3,Team_A,Low
10746,Low,0.3,0.68,4,0.71,0.34,0.96,P2,Team_B,Medium
10747,Medium,0.6,0.88,4,0.91,0.35,0.94,P2,Team_A,Medium
10748,Medium,0.6,0.52,3,0.77,0.71,0.74,P2,Team_A,Medium
10749,High,0.9,0.31,4,0.58,0.77,0.97,P2,Team_B,Medium
10750,High,0.9,0.38,2,0.85,0.46,0.75,P2,Team_B,Medium
10751,High,0.9,0.22,4,0.88,0.71,0.31,P2,Team_C,Medium
10752,Low,0.3,0.92,3,0.58,0.46,0.33,P2,Team_A,Medium
10753,High,0.9,0.73,1,0.71,0.89,0.46,P1,Team_A,High
10754,Low,0.3,0.76,4,0.86,0.33,0.7,P2,Team_B,Medium
10755,Medium,0.6,0.6,2,0.66,0.82,0.55,P2,Team_B,Medium
10756,Medium,0.6,0.49,2,0.61,0.74,0.32,P2,Team_A,Medium
10757,Low,0.3,0.64,2,0.69,0.78,0.89,P2,Team_A,Medium
10758,Medium,0.6,0.6,3,0.5,0.78,0.97,P2,Team_A,Medium
10759,Medium,0.6,0.08,4,0.61,0.32,0.92,P2,Team_B,Medium
10760,High,0.9,0.6,4,0.55,0.51,0.95,P2,Team_C,Medium
10761,Medium,0.6,0.49,4,0.55,0.68,0.62,P2,Team_B,Medium
10762,Medium,0.6,0.95,2,0.5,0.3,0.58,P2,Team_A,Medium
10763,Low,0.3,0.2,2,0.77,0.57,0.76,P3,Team_B,Low
10764,Medium,0.6,0.59,2,0.76,0.47,0.37,P2,Team_B,Medium
10765,Low,0.3,0.74,2,0.92,0.65,0.81,P2,Team_C,Medium
10766,Low,0.3,0.77,1,0.81,0.41,0.31,P2,Team_B,Medium
10767,Medium,0.6,0.1,4,0.36,0.71,0.5,P2,Team_B,Medium
10768,Low,0.3,0.74,1,0.61,0.7,0.58,P2,Team_A,Medium
10769,Medium,0.6,0.7,1,0.86,0.89,0.58,P2,Team_A,Medium
10770,Medium,0.6,0.23,3,0.79,0.88,0.56,P2,Team_B,Medium
10771,Low,0.3,0.83,2,0.53,0.54,0.88,P2,Team_B,Medium
10772,Medium,0.6,0.84,2,0.65,0.77,0.46,P2,Team_B,Medium
10773,Low,0.3,0.37,1,0.8,0.12,0.75,P3,Team_C,Low
10774,High,0.9,0.22,4,0.92,0.69,0.93,P2,Team_B,Medium
10775,Low,0.3,0.85,1,0.75,0.87,0.33,P2,Team_A,Medium
10776,Low,0.3,0.17,3,0.54,0.71,0.43,P3,Team_B,Low
10777,Low,0.3,0.52,1,0.53,0.71,0.62,P2,Team_B,Medium
10778,Medium,0.6,0.96,2,0.69,0.89,0.76,P2,Team_C,Medium
10779,High,0.9,0.32,4,0.64,0.54,0.41,P2,Team_B,Medium
10780,Medium,0.6,0.47,3,0.79,0.59,0.33,P2,Team_B,Medium
10781,Low,0.3,0.92,1,0.83,0.66,0.49,P2,Team_C,Medium
10782,Low,0.3,0.32,4,0.86,0.89,0.45,P3,Team_B,Low
10783,High,0.9,0.34,4,0.8,0.6,0.84,P2,Team_A,Medium
10784,Low,0.3,0.47,1,0.85,0.67,0.69,P2,Team_C,Medium
10785,High,0.9,0.53,1,0.64,0.84,0.93,P2,Team_A,Medium
10786,Medium,0.6,0.24,2,0.82,0.51,0.68,P2,Team_C,Medium
10787,Medium,0.6,0.68,2,0.63,0.48,0.68,P2,Team_A,Medium
10788,Low,0.3,0.44,2,0.96,0.57,0.48,P2,Team_A,Medium
10789,Low,0.3,0.44,2,0.34,0.73,0.73,P2,Team_B,Medium
10790,Medium,0.6,0.73,3,0.86,0.56,0.45,P2,Team_C,Medium
10791,Low,0.3,0.21,2,0.45,0.62,0.93,P3,Team_B,Low
10792,Low,0.3,0.27,3,0.72,0.89,0.73,P3,Team_C,Low
10793,Medium,0.6,0.84,2,0.67,0.57,0.76,P2,Team_A,Medium
10794,Medium,0.6,0.42,4,0.78,0.94,0.72,P2,Team_A,Medium
10795,High,0.9,0.73,1,0.69,0.69,0.78,P1,Team_B,High
10796,Medium,0.6,0.21,3,0.81,0.85,0.41,P2,Team_B,Medium
10797,Medium,0.6,0.4,1,0.94,0.5,0.4,P2,Team_A,Medium
10798,High,0.9,0.84,4,0.26,0.64,0.31,P1,Team_B,High
10799,Medium,0.6,0.46,1,0.57,0.6,0.51,P2,Team_C,Medium
10800,High,0.9,0.87,1,0.89,0.57,0.9,P1,Team_B,High
10801,High,0.9,0.76,3,0.51,0.38,0.51,P1,Team_A,High
10802,High,0.9,0.63,3,0.74,0.65,0.64,P1,Team_B,High
10803,Medium,0.6,0.71,3,0.86,0.56,0.97,P2,Team_B,Medium
10804,High,0.9,0.9,3,0.46,0.52,0.31,P1,Team_B,High
10805,Medium,0.6,0.32,4,0.7,0.64,1.0,P2,Team_C,Medium
10806,Medium,0.6,0.66,1,0.71,0.58,0.95,P2,Team_B,Medium
10807,Medium,0.6,0.75,2,0.93,0.9,1.0,P2,Team_B,Medium
10808,High,0.9,0.69,1,0.9,0.8,0.72,P1,Team_C,High
10809,High,0.9,0.22,3,0.91,0.57,0.86,P2,Team_A,Medium
10810,Medium,0.6,0.46,3,0.44,0.68,0.82,P2,Team_A,Medium
10811,High,0.9,0.7,2,0.65,0.89,0.91,P1,Team_B,High
10812,Medium,0.6,0.4,1,0.65,0.55,0.43,P2,Team_C,Medium
10813,Low,0.3,0.46,3,0.72,0.85,0.43,P2,Team_B,Medium
10814,Low,0.3,0.83,4,0.84,0.69,0.97,P2,Team_C,Medium
10815,High,0.9,0.53,3,0.96,0.81,0.9,P2,Team_C,Medium
10816,Low,0.3,0.64,2,0.8,0.8,0.43,P2,Team_A,Medium
10817,High,0.9,0.94,2,0.78,0.75,0.58,P1,Team_B,High
10818,Low,0.3,0.7,4,0.84,0.92,0.81,P2,Team_A,Medium
10819,Low,0.3,0.55,4,0.85,0.52,0.4,P2,Team_B,Medium
10820,Medium,0.6,0.41,1,0.55,0.61,0.69,P2,Team_A,Medium
10821,Low,0.3,0.28,1,0.72,0.89,0.47,P3,Team_B,Low
10822,Low,0.3,0.73,1,0.9,0.97,0.62,P2,Team_A,Medium
10823,Low,0.3,0.2,2,0.63,0.53,0.93,P3,Team_B,Low
10824,High,0.9,0.28,4,0.77,0.75,0.35,P2,Team_C,Medium
10825,Medium,0.6,0.39,3,0.69,0.73,0.81,P2,Team_C,Medium
10826,Low,0.3,0.33,1,0.52,0.37,0.8,P3,Team_A,Low
10827,High,0.9,0.6,4,0.82,0.49,0.38,P2,Team_B,Medium
10828,High,0.9,0.71,2,0.56,0.69,0.96,P1,Team_B,High
10829,Low,0.3,0.52,3,0.83,0.59,0.6,P2,Team_C,Medium
10830,Medium,0.6,0.16,2,0.74,0.79,0.69,P2,Team_B,Medium
10831,Medium,0.6,0.57,1,0.74,0.65,0.36,P2,Team_A,Medium
10832,Low,0.3,0.48,3,0.65,0.59,0.76,P2,Team_C,Medium
10833,Medium,0.6,0.52,1,0.46,0.78,0.99,P2,Team_A,Medium
10834,High,0.9,0.69,3,0.76,0.39,0.64,P1,Team_C,High
10835,Low,0.3,0.24,4,0.91,0.92,0.5,P3,Team_A,Low
10836,Medium,0.6,0.95,3,0.68,0.33,0.81,P2,Team_B,Medium
10837,High,0.9,0.76,1,0.78,0.76,0.74,P1,Team_B,High
10838,Medium,0.6,0.74,2,0.36,0.67,0.61,P2,Team_A,Medium
10839,High,0.9,0.66,3,0.94,0.74,0.53,P1,Team_C,High
10840,Low,0.3,0.1,1,0.87,0.84,0.71,P3,Team_B,Low
10841,High,0.9,0.66,1,0.2,0.65,0.49,P1,Team_C,High
10842,High,0.9,0.64,2,0.9,0.69,0.61,P1,Team_A,High
10843,High,0.9,0.52,2,0.82,0.46,0.51,P2,Team_A,Medium
10844,Medium,0.6,0.22,1,0.67,0.8,0.59,P2,Team_A,Medium
10845,Medium,0.6,0.18,4,0.74,0.73,0.8,P2,Team_B,Medium
10846,Low,0.3,0.63,4,0.68,0.88,0.62,P2,Team_B,Medium
10847,Low,0.3,0.59,4,0.9,0.72,0.5,P2,Team_B,Medium
10848,Medium,0.6,0.4,4,0.36,0.51,0.84,P2,Team_A,Medium
10849,High,0.9,0.2,3,0.91,0.94,0.95,P2,Team_C,Medium
10850,Low,0.3,0.59,3,0.32,0.45,0.78,P2,Team_C,Medium
10851,Low,0.3,0.45,2,0.76,0.57,0.9,P2,Team_B,Medium
10852,High,0.9,0.47,3,0.96,0.31,0.88,P2,Team_A,Medium
10853,Low,0.3,0.37,3,0.77,0.37,0.59,P3,Team_B,Low
10854,Low,0.3,0.63,2,0.73,0.86,0.92,P2,Team_A,Medium
10855,Low,0.3,0.89,4,0.79,0.59,0.65,P2,Team_B,Medium
10856,High,0.9,0.3,1,0.9,0.67,0.45,P2,Team_B,Medium
10857,Medium,0.6,0.14,2,0.81,0.35,0.52,P2,Team_A,Medium
10858,Medium,0.6,0.43,3,0.87,0.89,0.74,P2,Team_A,Medium
10859,High,0.9,0.36,3,0.71,0.76,0.77,P2,Team_A,Medium
10860,Low,0.3,0.32,3,0.96,0.7,0.36,P3,Team_C,Low
10861,Medium,0.6,0.68,3,0.84,0.9,0.49,P2,Team_A,Medium
10862,Medium,0.6,0.27,4,0.99,0.57,0.51,P2,Team_C,Medium
10863,High,0.9,0.6,1,0.61,0.82,0.68,P2,Team_C,Medium
10864,Medium,0.6,0.67,2,0.66,0.69,0.88,P2,Team_A,Medium
10865,Medium,0.6,0.01,4,0.74,0.7,0.9,P2,Team_A,Medium
10866,Low,0.3,0.32,1,0.84,0.53,0.78,P3,Team_B,Low
10867,Medium,0.6,0.35,4,0.79,0.55,0.39,P2,Team_B,Medium
10868,Medium,0.6,0.54,3,0.77,0.86,0.73,P2,Team_A,Medium
10869,Medium,0.6,0.44,4,0.76,0.65,0.76,P2,Team_A,Medium
10870,Low,0.3,0.83,2,0.63,0.75,0.82,P2,Team_C,Medium
10871,Low,0.3,0.46,4,0.73,0.79,0.39,P2,Team_B,Medium
10872,Medium,0.6,0.2,4,0.26,0.63,0.8,P2,Team_B,Medium
10873,High,0.9,0.67,3,0.89,0.97,0.99,P1,Team_A,High
10874,Medium,0.6,0.11,4,0.61,0.41,0.9,P2,Team_A,Medium
10875,Medium,0.6,0.21,2,0.86,0.88,0.41,P2,Team_B,Medium
10876,High,0.9,0.32,1,0.81,0.83,0.42,P2,Team_B,Medium
10877,High,0.9,0.28,1,0.72,0.71,0.76,P2,Team_C,Medium
10878,Low,0.3,0.41,3,0.91,0.89,0.62,P2,Team_C,Medium
10879,Low,0.3,0.43,2,0.59,0.82,0.9,P2,Team_A,Medium
10880,Medium,0.6,0.64,1,0.83,0.94,0.64,P2,Team_A,Medium
10881,High,0.9,0.43,4,0.81,0.61,0.64,P2,Team_B,Medium
10882,Low,0.3,0.28,2,0.59,0.46,0.61,P3,Team_A,Low
10883,High,0.9,0.39,4,0.9,0.78,0.96,P2,Team_C,Medium
10884,Low,0.3,0.2,2,0.7,0.66,0.54,P3,Team_B,Low
10885,Low,0.3,0.28,1,0.96,0.81,0.73,P3,Team_C,Low
10886,Low,0.3,0.79,3,0.88,0.92,0.35,P2,Team_B,Medium
10887,Low,0.3,0.99,2,0.75,0.92,0.34,P2,Team_B,Medium
10888,Low,0.3,0.2,2,0.78,0.52,0.93,P3,Team_A,Low
10889,High,0.9,0.8,1,0.81,0.82,0.33,P1,Team_A,High
10890,Medium,0.6,0.34,3,0.85,0.77,0.35,P2,Team_B,Medium
10891,High,0.9,0.79,4,0.83,0.66,0.52,P1,Team_B,High
10892,Medium,0.6,0.46,2,0.68,0.62,0.42,P2,Team_A,Medium
10893,Medium,0.6,0.66,3,0.39,0.71,0.55,P2,Team_B,Medium
10894,Medium,0.6,0.29,1,0.68,0.6,0.61,P2,Team_B,Medium
10895,Low,0.3,0.76,4,0.91,0.64,0.64,P2,Team_C,Medium
10896,Low,0.3,0.46,3,0.75,0.32,0.68,P2,Team_B,Medium
10897,Low,0.3,0.91,4,0.48,0.68,0.43,P2,Team_A,Medium
10898,Low,0.3,0.4,4,0.6,0.8,0.7,P2,Team_B,Medium
10899,High,0.9,0.42,4,0.66,0.35,0.7,P2,Team_C,Medium
10900,Medium,0.6,0.26,4,0.73,0.64,0.9,P2,Team_A,Medium
10901,Medium,0.6,0.81,4,0.95,0.8,0.34,P2,Team_B,Medium
10902,Low,0.3,0.53,2,0.6,0.78,0.89,P2,Team_B,Medium
10903,Low,0.3,0.73,4,0.64,0.76,0.49,P2,Team_B,Medium
10904,High,0.9,0.41,1,0.8,0.67,0.97,P2,Team_B,Medium
10905,Low,0.3,0.18,2,0.56,0.71,0.54,P3,Team_C,Low
10906,Medium,0.6,0.19,3,0.82,0.57,0.52,P2,Team_C,Medium
10907,Low,0.3,0.26,3,0.48,0.55,0.84,P3,Team_B,Low
10908,Medium,0.6,0.71,4,0.52,0.69,0.76,P2,Team_A,Medium
10909,Low,0.3,0.97,4,0.98,0.81,0.66,P2,Team_A,Medium
10910,High,0.9,0.24,1,0.57,0.89,0.76,P2,Team_C,Medium
10911,High,0.9,0.39,3,0.66,0.63,0.31,P2,Team_B,Medium
10912,Medium,0.6,0.27,2,0.57,0.59,0.51,P2,Team_C,Medium
10913,Low,0.3,0.36,1,0.89,0.53,0.87,P3,Team_B,Low
10914,Low,0.3,0.42,3,0.66,0.58,0.84,P2,Team_B,Medium
10915,Low,0.3,0.15,2,0.69,0.71,0.9,P3,Team_A,Low
10916,High,0.9,0.16,1,0.53,0.66,0.98,P2,Team_A,Medium
10917,High,0.9,0.67,4,0.95,0.77,0.53,P1,Team_C,High
10918,Low,0.3,0.49,1,0.55,0.59,0.49,P2,Team_A,Medium
10919,Low,0.3,0.82,3,0.69,0.85,0.99,P2,Team_C,Medium
10920,Medium,0.6,0.36,2,0.73,0.91,0.5,P2,Team_B,Medium
10921,Medium,0.6,0.27,4,0.87,0.85,0.49,P2,Team_A,Medium
10922,High,0.9,0.37,3,0.52,0.65,0.61,P2,Team_B,Medium
10923,Medium,0.6,0.29,1,0.86,0.93,0.62,P2,Team_B,Medium
10924,High,0.9,0.94,4,0.58,0.62,0.84,P1,Team_B,High
10925,High,0.9,0.65,1,0.71,0.66,0.45,P1,Team_B,High
10926,Medium,0.6,0.69,1,0.69,0.91,0.34,P2,Team_C,Medium
10927,Low,0.3,0.63,2,0.63,0.95,0.8,P2,Team_C,Medium
10928,Medium,0.6,0.18,1,0.76,0.74,0.68,P2,Team_B,Medium
10929,Low,0.3,0.56,3,0.61,0.85,0.58,P2,Team_B,Medium
10930,High,0.9,0.94,3,1.0,0.73,0.84,P1,Team_B,High
10931,High,0.9,0.7,3,0.55,0.76,0.92,P1,Team_C,High
10932,Low,0.3,0.27,1,0.84,0.52,0.62,P3,Team_A,Low
10933,Low,0.3,0.32,4,0.4,0.53,0.81,P3,Team_C,Low
10934,Low,0.3,0.42,3,0.62,0.67,0.65,P2,Team_A,Medium
10935,Medium,0.6,0.79,1,0.69,0.72,0.37,P2,Team_B,Medium
10936,High,0.9,0.49,3,0.76,0.4,0.76,P2,Team_A,Medium
10937,Low,0.3,0.66,4,0.84,0.93,0.69,P2,Team_A,Medium
10938,Low,0.3,0.62,2,0.44,0.35,0.9,P2,Team_C,Medium
10939,Low,0.3,0.62,1,0.77,0.37,0.43,P2,Team_C,Medium
10940,High,0.9,0.51,1,0.78,0.73,0.71,P2,Team_C,Medium
10941,High,0.9,0.01,4,0.98,0.73,0.82,P2,Team_A,Medium
10942,Low,0.3,0.72,1,0.7,0.89,0.75,P2,Team_B,Medium
10943,Medium,0.6,0.61,3,0.97,0.72,0.44,P2,Team_B,Medium
10944,Low,0.3,0.55,1,0.89,0.49,0.46,P2,Team_C,Medium
10945,Low,0.3,0.69,2,0.75,0.81,0.65,P2,Team_C,Medium
10946,Medium,0.6,0.97,3,0.82,0.65,0.48,P2,Team_C,Medium
10947,Medium,0.6,0.77,4,0.73,0.54,0.98,P2,Team_C,Medium
10948,Low,0.3,0.04,4,0.79,0.84,0.8,P3,Team_B,Low
10949,Medium,0.6,0.49,3,0.49,0.81,0.97,P2,Team_A,Medium
10950,Low,0.3,0.61,3,0.87,0.89,0.35,P2,Team_C,Medium
10951,Low,0.3,0.65,2,0.84,0.79,0.45,P2,Team_B,Medium
10952,Low,0.3,0.27,1,0.84,0.78,0.65,P3,Team_A,Low
10953,Medium,0.6,0.49,3,0.65,0.79,0.94,P2,Team_B,Medium
10954,High,0.9,0.37,4,0.93,0.73,0.36,P2,Team_A,Medium
10955,High,0.9,0.39,1,0.49,0.43,0.47,P2,Team_C,Medium
10956,Medium,0.6,0.21,3,0.7,0.59,0.54,P2,Team_A,Medium
10957,Medium,0.6,0.31,4,0.87,0.36,0.71,P2,Team_B,Medium
10958,Low,0.3,0.34,1,0.78,0.6,0.55,P3,Team_A,Low
10959,Low,0.3,0.35,3,0.82,0.65,0.88,P3,Team_C,Low
10960,Medium,0.6,0.17,2,0.77,0.5,0.77,P2,Team_C,Medium
10961,Medium,0.6,0.29,4,0.78,0.79,0.51,P2,Team_B,Medium
10962,Low,0.3,0.7,3,0.82,0.83,0.83,P2,Team_B,Medium
10963,High,0.9,0.46,1,0.83,0.6,0.55,P2,Team_C,Medium
10964,High,0.9,0.72,2,0.9,0.43,0.43,P1,Team_A,High
10965,Medium,0.6,0.55,4,0.78,0.87,0.4,P2,Team_C,Medium
10966,Low,0.3,0.91,3,0.65,0.76,0.56,P2,Team_A,Medium
10967,High,0.9,0.84,2,0.81,0.54,1.0,P1,Team_B,High
10968,Medium,0.6,0.23,4,0.72,0.84,0.3,P2,Team_A,Medium
10969,Medium,0.6,0.43,1,0.6,0.68,0.52,P2,Team_A,Medium
10970,Medium,0.6,0.34,1,0.67,0.54,0.59,P2,Team_C,Medium
10971,Medium,0.6,0.19,2,0.84,0.35,0.7,P2,Team_A,Medium
10972,Medium,0.6,0.23,3,0.85,0.45,0.62,P2,Team_B,Medium
10973,Low,0.3,0.12,4,0.72,0.63,0.74,P3,Team_C,Low
10974,Medium,0.6,0.35,2,0.34,0.54,0.7,P2,Team_A,Medium
10975,Medium,0.6,0.46,3,0.74,0.79,0.33,P2,Team_C,Medium
10976,Low,0.3,0.51,1,0.63,0.89,0.41,P2,Team_B,Medium
10977,Low,0.3,0.55,4,0.7,0.8,0.8,P2,Team_A,Medium
10978,High,0.9,0.21,4,0.65,0.78,0.71,P2,Team_A,Medium
10979,High,0.9,0.9,3,0.46,0.64,0.75,P1,Team_C,High
10980,Medium,0.6,0.22,2,0.46,0.44,0.52,P2,Team_C,Medium
10981,High,0.9,0.67,1,0.69,0.56,0.7,P1,Team_B,High
10982,Low,0.3,0.4,1,0.92,0.58,0.6,P2,Team_C,Medium
10983,Low,0.3,0.18,1,0.9,0.6,0.3,P3,Team_C,Low
10984,Medium,0.6,0.08,3,0.81,0.7,0.81,P2,Team_C,Medium
10985,Low,0.3,0.78,2,0.51,0.6,0.73,P2,Team_B,Medium
10986,Medium,0.6,0.45,3,0.83,0.49,0.66,P2,Team_C,Medium
10987,Medium,0.6,0.41,4,0.59,0.68,0.48,P2,Team_C,Medium
10988,High,0.9,0.57,1,0.93,0.71,0.35,P2,Team_C,Medium
10989,Low,0.3,0.54,1,0.59,0.38,0.41,P2,Team_A,Medium
10990,High,0.9,0.67,1,0.23,0.79,0.61,P1,Team_B,High
10991,Low,0.3,0.77,3,0.56,0.39,0.6,P2,Team_A,Medium
10992,Medium,0.6,0.52,2,0.93,0.67,1.0,P2,Team_C,Medium
10993,High,0.9,0.82,1,0.69,0.19,0.75,P1,Team_A,High
10994,High,0.9,0.29,3,0.76,0.42,0.41,P2,Team_B,Medium
10995,Low,0.3,0.45,4,0.7,0.6,0.85,P2,Team_B,Medium
10996,High,0.9,0.35,3,0.95,0.72,0.73,P2,Team_A,Medium
10997,Low,0.3,0.36,3,0.78,0.74,0.96,P3,Team_B,Low
10998,High,0.9,0.51,4,0.8,0.88,0.6,P2,Team_C,Medium
10999,Low,0.3,0.91,1,0.51,0.63,0.7,P2,Team_A,Medium
11000,Medium,0.6,0.51,3,0.88,0.55,0.31,P2,Team_B,Medium
11001,High,0.9,0.82,4,0.56,0.49,0.92,P1,Team_C,High
11002,Medium,0.6,0.76,4,0.63,0.61,0.7,P2,Team_A,Medium
11003,Low,0.3,0.27,2,0.79,0.34,0.61,P3,Team_B,Low
11004,Low,0.3,0.41,3,0.8,0.59,0.94,P2,Team_A,Medium
11005,High,0.9,0.56,1,0.88,0.72,0.83,P2,Team_B,Medium
11006,Medium,0.6,0.37,2,0.61,0.56,0.64,P2,Team_B,Medium
11007,Low,0.3,0.54,4,0.82,0.78,0.74,P2,Team_C,Medium
11008,Low,0.3,0.18,2,0.94,0.59,0.9,P3,Team_A,Low
11009,Medium,0.6,0.09,4,0.54,0.76,0.8,P2,Team_C,Medium
11010,Medium,0.6,0.48,4,0.41,0.73,0.59,P2,Team_B,Medium
11011,High,0.9,0.61,3,0.79,0.64,0.95,P1,Team_A,High
11012,High,0.9,0.31,4,0.6,0.86,0.74,P2,Team_B,Medium
11013,High,0.9,0.22,2,0.73,0.82,0.74,P2,Team_B,Medium
11014,High,0.9,0.83,4,0.82,0.72,0.44,P1,Team_A,High
11015,Medium,0.6,0.41,1,0.72,0.68,0.67,P2,Team_B,Medium
11016,Medium,0.6,0.75,1,0.69,0.46,0.66,P2,Team_A,Medium
11017,Low,0.3,0.58,4,0.65,0.56,0.54,P2,Team_B,Medium
11018,Low,0.3,0.34,3,0.47,0.95,0.44,P3,Team_C,Low
11019,Medium,0.6,0.27,4,0.39,0.45,0.55,P2,Team_B,Medium
11020,Low,0.3,0.66,1,0.61,0.69,0.32,P2,Team_B,Medium
11021,Medium,0.6,0.58,2,0.67,0.99,0.61,P2,Team_A,Medium
11022,Low,0.3,0.98,2,0.63,0.82,0.92,P2,Team_B,Medium
11023,Medium,0.6,0.41,4,0.9,0.85,0.46,P2,Team_A,Medium
11024,Low,0.3,0.49,4,0.6,0.51,0.86,P2,Team_C,Medium
11025,Medium,0.6,0.58,3,0.73,0.72,0.85,P2,Team_A,Medium
11026,Medium,0.6,0.32,2,0.51,0.96,0.53,P2,Team_C,Medium
11027,Low,0.3,0.49,2,0.53,0.45,0.41,P2,Team_C,Medium
11028,High,0.9,0.04,4,0.63,0.84,0.59,P2,Team_A,Medium
11029,Medium,0.6,0.42,1,0.74,0.92,0.97,P2,Team_A,Medium
11030,Medium,0.6,0.72,1,0.72,0.32,0.74,P2,Team_A,Medium
11031,Low,0.3,0.8,3,0.88,0.41,0.93,P2,Team_C,Medium
11032,High,0.9,0.56,3,0.87,0.8,0.82,P2,Team_B,Medium
11033,Medium,0.6,0.34,4,0.75,0.82,0.44,P2,Team_C,Medium
11034,Low,0.3,0.8,2,0.77,0.65,0.86,P2,Team_A,Medium
11035,Medium,0.6,0.77,3,0.78,0.63,0.58,P2,Team_B,Medium
11036,Low,0.3,0.7,1,0.75,0.8,0.35,P2,Team_C,Medium
11037,High,0.9,0.2,4,0.94,0.56,0.57,P2,Team_B,Medium
11038,Low,0.3,0.65,2,0.81,0.92,0.57,P2,Team_B,Medium
11039,Medium,0.6,0.65,1,0.77,0.83,0.5,P2,Team_A,Medium
11040,Low,0.3,0.25,4,0.91,0.79,0.74,P3,Team_B,Low
11041,Low,0.3,0.7,3,0.4,0.4,0.35,P2,Team_B,Medium
11042,Low,0.3,0.42,2,0.73,0.78,0.98,P2,Team_B,Medium
11043,Low,0.3,0.54,1,0.84,0.78,0.89,P2,Team_B,Medium
11044,Medium,0.6,0.36,4,0.92,0.86,0.69,P2,Team_B,Medium
11045,Medium,0.6,0.61,3,0.6,0.25,0.75,P2,Team_A,Medium
11046,High,0.9,0.29,4,0.81,0.64,0.79,P2,Team_B,Medium
11047,Low,0.3,0.43,2,0.52,0.38,0.57,P2,Team_A,Medium
11048,Medium,0.6,0.3,4,0.83,0.84,0.94,P2,Team_B,Medium
11049,Medium,0.6,0.21,4,0.5,0.51,0.92,P2,Team_C,Medium
11050,High,0.9,0.66,3,0.92,0.47,0.62,P1,Team_B,High
11051,Low,0.3,0.16,3,0.54,0.66,0.69,P3,Team_A,Low
11052,Medium,0.6,0.31,4,0.65,0.65,0.83,P2,Team_C,Medium
11053,Medium,0.6,0.18,4,0.78,0.9,0.71,P2,Team_A,Medium
11054,Low,0.3,0.44,1,0.92,0.84,0.55,P2,Team_B,Medium
11055,Low,0.3,0.7,4,0.88,0.92,0.72,P2,Team_B,Medium
11056,High,0.9,0.41,3,0.81,0.66,0.59,P2,Team_A,Medium
11057,High,0.9,0.81,2,0.82,0.81,0.68,P1,Team_A,High
11058,Low,0.3,0.35,2,0.74,0.74,0.42,P3,Team_A,Low
11059,Low,0.3,0.46,4,0.55,0.8,0.47,P2,Team_B,Medium
11060,Low,0.3,0.75,1,0.87,0.74,0.32,P2,Team_C,Medium
11061,Low,0.3,0.73,2,0.72,0.7,0.8,P2,Team_A,Medium
11062,Low,0.3,0.16,4,0.77,0.73,0.33,P3,Team_C,Low
11063,High,0.9,0.64,3,0.17,0.15,0.81,P1,Team_B,High
11064,High,0.9,0.9,4,0.65,0.85,0.6,P1,Team_B,High
11065,Low,0.3,0.13,3,0.66,0.83,0.33,P3,Team_B,Low
11066,Medium,0.6,0.66,4,0.86,0.6,0.62,P2,Team_C,Medium
11067,Low,0.3,0.77,2,0.84,0.51,0.72,P2,Team_C,Medium
11068,Medium,0.6,0.24,2,0.72,0.89,0.95,P2,Team_A,Medium
11069,High,0.9,0.24,3,0.75,0.73,0.95,P2,Team_A,Medium
11070,High,0.9,0.73,4,0.76,0.53,0.42,P1,Team_C,High
11071,Low,0.3,0.52,2,0.42,0.6,0.45,P2,Team_B,Medium
11072,Medium,0.6,0.6,1,0.25,0.8,0.58,P2,Team_C,Medium
11073,Medium,0.6,0.8,1,0.78,0.59,0.67,P2,Team_C,Medium
11074,Low,0.3,0.61,4,0.7,0.71,0.4,P2,Team_A,Medium
11075,Medium,0.6,0.06,2,0.88,0.68,0.4,P2,Team_A,Medium
11076,Low,0.3,0.3,2,0.56,0.82,0.93,P3,Team_B,Low
11077,Low,0.3,0.42,2,0.66,0.75,0.63,P2,Team_A,Medium
11078,High,0.9,0.54,1,0.64,0.66,0.96,P2,Team_B,Medium
11079,Low,0.3,0.41,1,0.47,0.92,0.64,P2,Team_B,Medium
11080,Low,0.3,0.81,4,0.79,0.32,0.83,P2,Team_C,Medium
11081,Low,0.3,0.48,2,0.73,0.38,0.52,P2,Team_B,Medium
11082,High,0.9,0.11,2,0.34,0.7,0.74,P2,Team_A,Medium
11083,Medium,0.6,0.58,2,0.76,0.84,0.62,P2,Team_C,Medium
11084,Low,0.3,0.41,1,0.88,0.91,0.5,P2,Team_A,Medium
11085,Medium,0.6,0.31,1,0.84,0.79,0.67,P2,Team_C,Medium
11086,Medium,0.6,0.36,3,0.78,0.45,0.36,P2,Team_C,Medium
11087,Low,0.3,0.6,4,0.74,0.62,0.82,P2,Team_A,Medium
11088,High,0.9,0.63,3,0.79,0.67,0.32,P1,Team_B,High
11089,Low,0.3,0.32,2,0.87,0.4,0.8,P3,Team_C,Low
11090,Low,0.3,0.77,1,0.87,0.57,0.42,P2,Team_B,Medium
11091,Medium,0.6,0.51,1,0.73,0.61,0.3,P2,Team_C,Medium
11092,Low,0.3,0.88,3,0.28,0.56,0.65,P2,Team_C,Medium
11093,Medium,0.6,0.71,4,0.9,0.57,0.93,P2,Team_C,Medium
11094,Low,0.3,0.52,2,0.85,0.4,0.93,P2,Team_B,Medium
11095,Low,0.3,0.19,1,0.69,0.58,0.71,P3,Team_C,Low
11096,Medium,0.6,0.45,4,0.68,0.41,0.49,P2,Team_A,Medium
11097,Medium,0.6,0.69,2,0.85,0.9,0.87,P2,Team_B,Medium
11098,Medium,0.6,0.75,3,0.88,0.55,0.44,P2,Team_B,Medium
11099,Medium,0.6,0.52,4,0.91,0.78,0.43,P2,Team_A,Medium
11100,Medium,0.6,0.75,4,0.85,0.82,0.83,P2,Team_A,Medium
11101,Medium,0.6,0.53,4,0.93,0.95,0.72,P2,Team_C,Medium
11102,High,0.9,0.81,1,0.71,0.58,0.55,P1,Team_A,High
11103,Medium,0.6,0.07,4,0.95,0.7,0.74,P2,Team_C,Medium
11104,Low,0.3,0.54,4,0.79,0.88,0.62,P2,Team_C,Medium
11105,Low,0.3,0.47,2,0.72,0.62,0.89,P2,Team_C,Medium
11106,Low,0.3,0.13,4,0.6,0.61,0.71,P3,Team_A,Low
11107,High,0.9,0.55,4,0.8,0.49,0.53,P2,Team_C,Medium
11108,Low,0.3,0.3,4,0.81,0.89,0.79,P3,Team_A,Low
11109,High,0.9,0.27,4,0.69,0.73,0.51,P2,Team_C,Medium
11110,Low,0.3,0.82,4,0.6,0.97,0.7,P2,Team_A,Medium
11111,Medium,0.6,0.48,4,0.89,0.63,0.66,P2,Team_A,Medium
11112,Low,0.3,0.89,3,0.8,0.64,0.5,P2,Team_A,Medium
11113,Low,0.3,0.37,2,0.72,0.67,0.35,P3,Team_B,Low
11114,Medium,0.6,0.8,3,0.95,0.47,0.76,P2,Team_B,Medium
11115,Low,0.3,0.74,2,0.95,0.55,0.95,P2,Team_A,Medium
11116,High,0.9,0.34,2,0.86,0.85,0.58,P2,Team_A,Medium
11117,High,0.9,0.75,4,0.76,0.95,0.73,P1,Team_C,High
11118,Medium,0.6,0.18,1,0.75,0.93,0.9,P2,Team_C,Medium
11119,Medium,0.6,0.31,2,0.72,0.7,0.92,P2,Team_A,Medium
11120,Low,0.3,0.25,2,0.88,0.57,0.46,P3,Team_A,Low
11121,High,0.9,0.77,3,0.86,0.41,0.79,P1,Team_B,High
11122,Low,0.3,0.55,1,0.58,0.85,0.34,P2,Team_B,Medium
11123,Medium,0.6,0.52,2,0.9,0.58,0.84,P2,Team_C,Medium
11124,Low,0.3,0.76,4,0.77,0.61,0.67,P2,Team_A,Medium
11125,Low,0.3,0.18,1,0.83,0.87,0.62,P3,Team_C,Low
11126,High,0.9,0.65,4,0.58,0.76,0.51,P1,Team_B,High
11127,Medium,0.6,0.33,1,0.44,0.58,0.84,P2,Team_A,Medium
11128,High,0.9,0.79,3,0.67,0.61,0.36,P1,Team_B,High
11129,Low,0.3,0.24,3,0.5,0.66,0.41,P3,Team_A,Low
11130,Low,0.3,0.71,3,0.94,0.87,0.51,P2,Team_B,Medium
11131,Medium,0.6,0.33,3,0.81,0.86,0.8,P2,Team_A,Medium
11132,Medium,0.6,0.41,1,0.96,0.38,0.3,P2,Team_C,Medium
11133,Low,0.3,0.8,3,0.62,0.7,0.81,P2,Team_C,Medium
11134,Medium,0.6,0.65,3,0.71,0.47,0.52,P2,Team_C,Medium
11135,Medium,0.6,0.14,4,0.63,0.75,0.87,P2,Team_C,Medium
11136,Low,0.3,0.45,1,0.32,0.56,0.84,P2,Team_B,Medium
11137,Medium,0.6,0.74,3,0.93,0.89,0.7,P2,Team_B,Medium
11138,Low,0.3,0.61,1,0.6,0.66,0.95,P2,Team_B,Medium
11139,Medium,0.6,0.63,4,0.91,0.22,0.35,P2,Team_C,Medium
11140,Low,0.3,0.22,3,0.58,0.28,0.31,P3,Team_B,Low
11141,Medium,0.6,0.6,1,0.66,0.63,0.84,P2,Team_C,Medium
11142,Low,0.3,0.59,4,0.86,0.62,0.67,P2,Team_C,Medium
11143,High,0.9,0.5,3,0.69,0.38,0.41,P2,Team_A,Medium
11144,High,0.9,0.28,3,0.51,0.47,0.76,P2,Team_A,Medium
11145,Medium,0.6,0.49,4,0.75,0.92,0.46,P2,Team_B,Medium
11146,Low,0.3,0.67,1,0.35,0.71,0.68,P2,Team_C,Medium
11147,Medium,0.6,0.5,3,0.81,0.71,0.62,P2,Team_C,Medium
11148,High,0.9,0.43,2,0.8,0.55,0.85,P2,Team_B,Medium
11149,High,0.9,0.67,3,0.54,0.55,0.59,P1,Team_A,High
11150,Medium,0.6,0.49,2,0.93,0.9,0.4,P2,Team_C,Medium
11151,Low,0.3,0.65,3,0.58,0.75,0.53,P2,Team_B,Medium
11152,Low,0.3,0.14,4,0.65,0.71,0.94,P3,Team_A,Low
11153,Medium,0.6,0.25,1,0.91,0.62,0.96,P2,Team_C,Medium
11154,Low,0.3,0.55,2,0.87,0.79,0.93,P2,Team_A,Medium
11155,High,0.9,0.66,3,0.71,0.69,0.55,P1,Team_B,High
11156,High,0.9,0.47,3,0.53,0.26,0.43,P2,Team_B,Medium
11157,Medium,0.6,0.59,3,0.97,0.42,0.5,P2,Team_C,Medium
11158,Medium,0.6,0.57,2,0.8,0.66,0.88,P2,Team_A,Medium
11159,Low,0.3,0.77,3,0.7,0.84,0.45,P2,Team_A,Medium
11160,Medium,0.6,0.34,3,0.37,0.87,0.5,P2,Team_B,Medium
11161,Low,0.3,0.39,1,0.74,0.56,0.9,P3,Team_B,Low
11162,Medium,0.6,0.37,1,0.46,0.85,0.91,P2,Team_A,Medium
11163,Medium,0.6,0.57,2,0.33,0.86,0.76,P2,Team_A,Medium
11164,High,0.9,0.6,3,0.39,0.68,0.71,P2,Team_C,Medium
11165,High,0.9,0.59,3,0.89,0.48,0.83,P2,Team_C,Medium
11166,Low,0.3,0.82,1,0.86,0.61,0.57,P2,Team_C,Medium
11167,Medium,0.6,0.31,1,0.68,0.86,0.37,P2,Team_C,Medium
11168,Medium,0.6,0.17,4,0.56,0.44,0.9,P2,Team_B,Medium
11169,Low,0.3,0.11,1,0.54,0.17,0.39,P3,Team_C,Low
11170,Low,0.3,0.5,2,0.89,0.49,0.55,P2,Team_C,Medium
11171,High,0.9,0.6,4,0.56,0.76,0.49,P2,Team_B,Medium
11172,Medium,0.6,0.63,4,0.67,0.92,0.82,P2,Team_C,Medium
11173,High,0.9,0.16,1,0.91,0.81,0.59,P2,Team_A,Medium
11174,Low,0.3,0.84,2,0.51,0.98,0.8,P2,Team_B,Medium
11175,High,0.9,0.28,4,0.68,0.52,0.35,P2,Team_A,Medium
11176,High,0.9,0.62,4,0.52,0.94,0.76,P1,Team_C,High
11177,High,0.9,0.66,3,0.87,0.63,0.6,P1,Team_B,High
11178,Medium,0.6,0.53,3,0.78,0.32,0.49,P2,Team_C,Medium
11179,Medium,0.6,0.12,3,0.75,0.78,0.87,P2,Team_B,Medium
11180,High,0.9,0.91,4,0.77,0.27,0.54,P1,Team_B,High
11181,Low,0.3,0.73,3,0.6,0.52,0.38,P2,Team_C,Medium
11182,Medium,0.6,0.29,3,0.69,0.28,0.64,P2,Team_A,Medium
11183,Low,0.3,0.54,1,0.62,0.93,0.86,P2,Team_A,Medium
11184,Low,0.3,0.17,4,0.75,0.6,0.6,P3,Team_A,Low
11185,Low,0.3,0.56,3,0.79,0.65,0.91,P2,Team_A,Medium
11186,Low,0.3,0.5,4,0.72,0.84,0.49,P2,Team_A,Medium
11187,High,0.9,0.3,4,0.94,0.41,0.58,P2,Team_A,Medium
11188,Low,0.3,0.41,4,0.86,0.78,0.95,P2,Team_A,Medium
11189,High,0.9,0.73,4,0.61,0.65,1.0,P1,Team_A,High
11190,Medium,0.6,0.53,1,0.79,0.29,0.44,P2,Team_A,Medium
11191,Medium,0.6,0.39,4,0.61,0.9,0.67,P2,Team_A,Medium
11192,High,0.9,0.97,3,0.76,0.83,0.72,P1,Team_A,High
11193,Low,0.3,0.54,1,0.75,0.92,0.46,P2,Team_B,Medium
11194,Medium,0.6,0.82,4,0.47,0.72,0.6,P2,Team_C,Medium
11195,Low,0.3,0.58,1,0.7,0.82,0.68,P2,Team_C,Medium
11196,Medium,0.6,0.35,4,0.49,0.31,0.8,P2,Team_A,Medium
11197,Medium,0.6,0.66,1,0.6,0.97,0.88,P2,Team_B,Medium
11198,Low,0.3,0.41,3,0.74,0.59,0.54,P2,Team_A,Medium
11199,High,0.9,0.3,3,0.57,0.66,0.58,P2,Team_A,Medium
11200,Low,0.3,0.41,2,0.47,0.58,0.95,P2,Team_A,Medium
11201,High,0.9,0.68,3,0.85,0.63,0.72,P1,Team_C,High
11202,Low,0.3,0.49,2,0.9,0.84,0.55,P2,Team_B,Medium
11203,Medium,0.6,0.14,2,0.87,0.44,0.4,P2,Team_B,Medium
11204,Low,0.3,0.74,3,0.61,0.87,0.32,P2,Team_C,Medium
11205,Low,0.3,0.36,3,0.65,0.91,0.46,P3,Team_A,Low
11206,Medium,0.6,0.17,4,0.54,0.52,0.64,P2,Team_C,Medium
11207,Low,0.3,0.53,4,0.92,0.61,0.56,P2,Team_B,Medium
11208,Low,0.3,0.57,4,0.76,0.66,0.48,P2,Team_B,Medium
11209,Low,0.3,0.16,4,0.68,0.53,0.82,P3,Team_A,Low
11210,High,0.9,0.56,1,0.83,0.68,0.47,P2,Team_B,Medium
11211,Low,0.3,0.29,4,0.73,0.84,0.58,P3,Team_A,Low
11212,High,0.9,0.59,3,0.76,0.5,0.79,P2,Team_A,Medium
11213,Low,0.3,0.34,4,0.8,0.63,0.65,P3,Team_C,Low
11214,Low,0.3,0.49,3,0.65,0.67,0.59,P2,Team_C,Medium
11215,Medium,0.6,0.71,1,0.46,0.38,0.35,P2,Team_A,Medium
11216,Low,0.3,0.53,1,0.9,0.34,0.37,P2,Team_C,Medium
11217,Low,0.3,0.79,1,0.8,0.84,0.83,P2,Team_C,Medium
11218,Low,0.3,0.15,2,0.89,0.72,0.95,P3,Team_B,Low
11219,Medium,0.6,0.56,1,0.89,0.7,0.49,P2,Team_B,Medium
11220,High,0.9,0.36,2,0.73,0.74,0.58,P2,Team_C,Medium
11221,Medium,0.6,0.27,4,0.81,0.84,0.42,P2,Team_A,Medium
11222,Medium,0.6,0.69,2,0.86,0.55,0.78,P2,Team_A,Medium
11223,Low,0.3,0.75,2,0.7,0.93,0.45,P2,Team_B,Medium
11224,Medium,0.6,0.78,3,0.63,0.35,0.98,P2,Team_B,Medium
11225,Low,0.3,0.44,1,0.44,0.91,0.87,P2,Team_A,Medium
11226,High,0.9,0.85,2,0.61,0.58,0.79,P1,Team_B,High
11227,Medium,0.6,0.31,4,0.74,0.77,0.51,P2,Team_A,Medium
11228,High,0.9,0.07,1,0.8,0.76,0.94,P2,Team_C,Medium
11229,High,0.9,0.53,3,0.72,0.54,0.38,P2,Team_B,Medium
11230,Medium,0.6,0.33,2,0.36,0.6,0.87,P2,Team_A,Medium
11231,Low,0.3,0.59,2,0.79,0.55,0.85,P2,Team_B,Medium
11232,Medium,0.6,0.9,1,0.99,0.37,0.71,P2,Team_C,Medium
11233,Low,0.3,0.41,1,0.47,0.51,0.32,P2,Team_B,Medium
11234,High,0.9,0.26,4,0.86,0.79,0.41,P2,Team_A,Medium
11235,Low,0.3,0.4,2,0.68,0.98,0.64,P2,Team_C,Medium
11236,Medium,0.6,0.59,1,0.72,0.88,0.81,P2,Team_B,Medium
11237,Medium,0.6,0.33,2,0.73,0.68,0.71,P2,Team_C,Medium
11238,Low,0.3,0.8,3,0.79,0.53,0.91,P2,Team_A,Medium
11239,Medium,0.6,0.52,2,0.77,0.91,0.63,P2,Team_C,Medium
11240,Medium,0.6,0.34,4,0.62,0.54,0.92,P2,Team_B,Medium
11241,Low,0.3,0.82,3,0.65,0.72,0.96,P2,Team_B,Medium
11242,Low,0.3,0.33,2,0.82,0.69,0.64,P3,Team_C,Low
11243,Low,0.3,0.18,3,0.98,0.47,0.62,P3,Team_A,Low
11244,Medium,0.6,0.51,3,0.63,0.28,0.57,P2,Team_B,Medium
11245,Low,0.3,0.27,2,0.9,0.76,0.31,P3,Team_A,Low
11246,Low,0.3,0.55,3,0.77,0.82,0.74,P2,Team_B,Medium
11247,Medium,0.6,0.69,4,0.63,0.64,0.77,P2,Team_C,Medium
11248,Medium,0.6,0.64,2,0.34,0.48,0.84,P2,Team_B,Medium
11249,Low,0.3,0.44,3,0.56,0.74,1.0,P2,Team_A,Medium
11250,Medium,0.6,0.35,1,0.63,0.75,0.45,P2,Team_B,Medium
11251,Low,0.3,0.39,3,0.7,0.61,0.52,P3,Team_A,Low
11252,Low,0.3,0.72,3,0.7,0.73,0.63,P2,Team_A,Medium
11253,High,0.9,0.5,4,0.33,0.32,0.88,P2,Team_C,Medium
11254,Low,0.3,0.77,3,0.82,0.66,0.57,P2,Team_A,Medium
11255,Medium,0.6,0.43,4,0.64,0.77,0.6,P2,Team_A,Medium
11256,High,0.9,0.4,3,0.34,0.48,0.51,P2,Team_B,Medium
11257,Low,0.3,0.32,3,0.97,0.83,0.34,P3,Team_C,Low
11258,Low,0.3,0.28,4,0.74,0.84,0.73,P3,Team_A,Low
11259,Medium,0.6,0.75,4,0.49,0.91,0.5,P2,Team_C,Medium
11260,Medium,0.6,0.35,1,0.78,0.7,0.8,P2,Team_A,Medium
11261,Medium,0.6,0.34,4,0.85,0.75,0.62,P2,Team_A,Medium
11262,Low,0.3,0.8,2,0.81,0.64,0.4,P2,Team_C,Medium
11263,High,0.9,0.97,1,0.62,0.88,0.36,P1,Team_C,High
11264,Medium,0.6,0.48,3,0.54,0.69,0.34,P2,Team_A,Medium
11265,Low,0.3,0.46,1,0.7,0.55,0.42,P2,Team_B,Medium
11266,Medium,0.6,0.21,2,0.81,0.9,0.46,P2,Team_A,Medium
11267,Medium,0.6,0.06,2,0.86,0.89,0.93,P2,Team_A,Medium
11268,Medium,0.6,0.1,1,0.57,0.77,0.98,P2,Team_C,Medium
11269,Medium,0.6,0.78,3,0.64,0.72,0.46,P2,Team_B,Medium
11270,Low,0.3,0.77,3,0.93,0.44,0.88,P2,Team_C,Medium
11271,Medium,0.6,0.43,3,0.68,0.65,0.41,P2,Team_A,Medium
11272,Medium,0.6,0.2,4,0.49,0.79,0.54,P2,Team_C,Medium
11273,High,0.9,0.24,3,0.84,0.48,0.35,P2,Team_C,Medium
11274,Low,0.3,0.33,4,0.82,0.92,0.33,P3,Team_C,Low
11275,Low,0.3,0.45,4,0.24,0.55,0.89,P2,Team_B,Medium
11276,Medium,0.6,0.23,1,0.94,0.9,0.74,P2,Team_A,Medium
11277,Medium,0.6,0.33,2,0.86,0.47,0.88,P2,Team_A,Medium
11278,Medium,0.6,0.27,1,0.69,0.48,0.58,P2,Team_C,Medium
11279,Low,0.3,0.64,3,0.47,0.58,0.64,P2,Team_B,Medium
11280,Low,0.3,0.62,3,0.93,0.71,0.69,P2,Team_B,Medium
11281,High,0.9,0.38,1,0.53,0.29,0.94,P2,Team_A,Medium
11282,High,0.9,0.19,1,0.91,0.74,0.71,P2,Team_B,Medium
11283,Medium,0.6,0.75,2,0.83,0.8,0.67,P2,Team_C,Medium
11284,High,0.9,0.19,3,0.87,0.81,0.8,P2,Team_A,Medium
11285,Low,0.3,0.33,4,0.87,0.65,0.93,P3,Team_A,Low
11286,Low,0.3,0.49,4,0.65,0.76,0.57,P2,Team_A,Medium
11287,Medium,0.6,0.12,1,0.46,0.44,0.55,P2,Team_C,Medium
11288,Low,0.3,0.78,2,0.88,0.55,0.56,P2,Team_A,Medium
11289,High,0.9,0.16,4,0.92,0.71,0.43,P2,Team_C,Medium
11290,Medium,0.6,0.74,4,0.61,0.49,0.47,P2,Team_A,Medium
11291,Medium,0.6,0.86,3,0.9,0.71,0.8,P2,Team_A,Medium
11292,Low,0.3,0.84,2,0.99,0.7,0.63,P2,Team_B,Medium
11293,High,0.9,0.39,4,0.73,0.45,0.75,P2,Team_B,Medium
11294,High,0.9,0.46,3,0.83,0.22,0.83,P2,Team_C,Medium
11295,Medium,0.6,0.44,2,0.61,0.59,0.62,P2,Team_C,Medium
11296,High,0.9,0.06,1,0.59,0.84,0.83,P2,Team_A,Medium
11297,Medium,0.6,0.55,3,0.74,0.6,0.55,P2,Team_C,Medium
11298,High,0.9,0.52,1,0.67,0.89,0.57,P2,Team_B,Medium
11299,Medium,0.6,0.38,1,0.66,0.84,0.75,P2,Team_C,Medium
11300,Low,0.3,0.48,2,0.66,0.77,0.45,P2,Team_B,Medium
11301,Low,0.3,0.52,4,0.79,0.69,0.59,P2,Team_C,Medium
11302,High,0.9,0.17,1,0.67,0.26,0.69,P2,Team_A,Medium
11303,Medium,0.6,0.11,4,0.58,0.43,0.82,P2,Team_A,Medium
11304,Low,0.3,0.73,4,0.92,0.63,0.41,P2,Team_A,Medium
11305,High,0.9,0.43,2,0.85,0.78,0.95,P2,Team_A,Medium
11306,High,0.9,0.51,3,0.89,0.39,0.41,P2,Team_A,Medium
11307,Low,0.3,0.55,3,0.8,0.82,0.69,P2,Team_C,Medium
11308,Low,0.3,0.47,1,0.8,0.81,0.55,P2,Team_A,Medium
11309,Low,0.3,0.87,4,0.62,0.94,0.38,P2,Team_A,Medium
11310,Medium,0.6,0.18,4,0.76,0.87,0.89,P2,Team_B,Medium
11311,High,0.9,0.7,3,0.92,0.57,0.44,P1,Team_B,High
11312,Medium,0.6,0.62,4,0.8,0.74,0.73,P2,Team_C,Medium
11313,Medium,0.6,0.74,3,0.9,0.6,0.5,P2,Team_A,Medium
11314,Medium,0.6,0.87,2,0.78,0.38,0.55,P2,Team_C,Medium
11315,High,0.9,0.56,4,0.64,0.46,0.39,P2,Team_C,Medium
11316,Medium,0.6,0.49,4,0.55,0.74,0.45,P2,Team_A,Medium
11317,Low,0.3,0.65,3,0.46,0.96,0.88,P2,Team_A,Medium
11318,Medium,0.6,0.66,3,0.87,0.79,0.89,P2,Team_B,Medium
11319,Medium,0.6,0.73,4,0.8,0.97,0.43,P2,Team_A,Medium
11320,High,0.9,0.61,4,0.72,0.73,0.74,P1,Team_A,High
11321,Low,0.3,0.3,4,0.79,0.57,0.81,P3,Team_C,Low
11322,High,0.9,0.74,4,0.74,0.83,0.33,P1,Team_A,High
11323,Low,0.3,0.69,4,0.91,0.71,0.86,P2,Team_B,Medium
11324,Low,0.3,0.63,4,0.89,0.82,0.91,P2,Team_C,Medium
11325,Low,0.3,0.9,2,0.83,0.58,1.0,P2,Team_C,Medium
11326,High,0.9,0.3,2,0.76,0.89,0.4,P2,Team_C,Medium
11327,Medium,0.6,0.29,4,0.42,0.58,0.39,P2,Team_A,Medium
11328,Low,0.3,0.26,1,0.73,0.71,0.8,P3,Team_B,Low
11329,High,0.9,0.17,1,0.81,0.64,0.35,P2,Team_A,Medium
11330,Low,0.3,0.4,1,0.76,0.66,0.63,P2,Team_A,Medium
11331,Medium,0.6,0.68,3,0.79,0.83,0.95,P2,Team_C,Medium
11332,Low,0.3,0.06,1,0.79,0.65,0.63,P3,Team_C,Low
11333,Low,0.3,0.69,3,0.57,0.68,0.86,P2,Team_C,Medium
11334,Medium,0.6,0.51,3,0.85,0.67,0.72,P2,Team_B,Medium
11335,Medium,0.6,0.28,1,0.94,0.75,0.99,P2,Team_A,Medium
11336,Low,0.3,0.15,4,0.71,0.57,0.62,P3,Team_A,Low
11337,High,0.9,0.54,2,0.79,0.87,0.34,P2,Team_A,Medium
11338,High,0.9,0.22,2,0.61,0.41,0.48,P2,Team_B,Medium
11339,High,0.9,0.35,4,0.71,0.62,0.6,P2,Team_A,Medium
11340,High,0.9,0.25,2,0.76,0.41,0.92,P2,Team_B,Medium
11341,Medium,0.6,0.89,2,0.82,0.6,0.33,P2,Team_A,Medium
11342,High,0.9,0.64,4,0.75,0.91,0.66,P1,Team_C,High
11343,Low,0.3,0.21,4,0.85,0.79,0.74,P3,Team_C,Low
11344,High,0.9,0.5,4,0.4,0.7,0.75,P2,Team_A,Medium
11345,Low,0.3,0.3,1,0.56,0.66,0.46,P3,Team_B,Low
11346,High,0.9,0.3,4,0.71,0.97,0.9,P2,Team_C,Medium
11347,High,0.9,0.68,1,0.93,0.78,0.95,P1,Team_B,High
11348,High,0.9,0.24,3,0.82,0.76,0.56,P2,Team_C,Medium
11349,High,0.9,0.42,2,0.86,0.76,0.53,P2,Team_C,Medium
11350,Low,0.3,0.29,4,0.45,0.19,0.5,P3,Team_B,Low
11351,Low,0.3,0.53,4,0.86,0.61,0.77,P2,Team_B,Medium
11352,Medium,0.6,0.15,1,0.64,0.45,0.88,P2,Team_A,Medium
11353,Medium,0.6,0.95,3,0.8,0.72,0.83,P2,Team_A,Medium
11354,Low,0.3,0.55,2,0.91,0.57,0.63,P2,Team_A,Medium
11355,Medium,0.6,0.68,3,0.77,0.38,0.49,P2,Team_C,Medium
11356,High,0.9,0.59,2,0.81,0.86,0.5,P2,Team_A,Medium
11357,Medium,0.6,0.46,4,0.89,0.76,0.86,P2,Team_B,Medium
11358,Medium,0.6,0.27,2,0.81,0.75,0.69,P2,Team_A,Medium
11359,Low,0.3,0.47,4,0.84,0.76,0.96,P2,Team_A,Medium
11360,High,0.9,0.44,1,0.88,0.57,0.42,P2,Team_C,Medium
11361,Medium,0.6,0.3,1,0.9,0.32,0.38,P2,Team_B,Medium
11362,Low,0.3,0.2,3,0.49,0.7,0.94,P3,Team_A,Low
11363,Medium,0.6,0.49,3,0.62,0.76,0.5,P2,Team_A,Medium
11364,Medium,0.6,0.53,1,0.83,0.81,0.55,P2,Team_C,Medium
11365,Medium,0.6,0.63,3,0.79,0.63,0.89,P2,Team_B,Medium
11366,Low,0.3,0.79,3,0.68,0.31,0.7,P2,Team_C,Medium
11367,Medium,0.6,0.14,1,0.62,0.59,0.87,P2,Team_A,Medium
11368,Low,0.3,0.44,1,0.7,0.77,0.51,P2,Team_C,Medium
11369,High,0.9,0.1,4,0.9,0.7,0.63,P2,Team_A,Medium
11370,Medium,0.6,0.37,1,0.92,0.73,0.69,P2,Team_C,Medium
11371,Medium,0.6,0.48,4,0.43,0.64,0.55,P2,Team_B,Medium
11372,Low,0.3,0.2,2,0.75,0.51,0.89,P3,Team_C,Low
11373,High,0.9,0.39,2,0.85,0.86,0.54,P2,Team_C,Medium
11374,High,0.9,0.82,2,0.61,0.64,0.98,P1,Team_A,High
11375,Medium,0.6,0.77,2,0.91,0.49,0.31,P2,Team_B,Medium
11376,High,0.9,0.26,3,0.9,0.59,0.83,P2,Team_C,Medium
11377,High,0.9,0.3,2,0.43,0.46,0.47,P2,Team_B,Medium
11378,Low,0.3,0.97,1,0.41,0.8,0.72,P2,Team_A,Medium
11379,Medium,0.6,0.61,2,0.81,0.87,0.32,P2,Team_C,Medium
11380,High,0.9,0.57,2,0.76,0.51,0.56,P2,Team_B,Medium
11381,Low,0.3,0.56,4,0.13,0.47,0.77,P2,Team_A,Medium
11382,Low,0.3,0.54,2,0.63,0.83,0.33,P2,Team_A,Medium
11383,High,0.9,0.64,3,0.64,0.68,0.94,P1,Team_C,High
11384,Medium,0.6,0.4,4,0.86,0.63,0.68,P2,Team_B,Medium
11385,Low,0.3,0.29,4,0.76,0.84,0.98,P3,Team_C,Low
11386,Low,0.3,0.47,3,0.66,0.53,0.84,P2,Team_A,Medium
11387,Low,0.3,0.71,4,0.78,0.54,0.92,P2,Team_B,Medium
11388,Medium,0.6,0.53,1,0.78,0.16,0.84,P2,Team_C,Medium
11389,High,0.9,0.73,4,0.87,0.83,0.68,P1,Team_B,High
11390,Low,0.3,0.36,4,0.81,0.53,0.36,P3,Team_A,Low
11391,High,0.9,0.83,4,0.64,0.83,0.97,P1,Team_B,High
11392,High,0.9,0.66,2,0.71,0.9,0.65,P1,Team_C,High
11393,Medium,0.6,0.33,2,0.6,0.48,0.9,P2,Team_C,Medium
11394,Low,0.3,0.34,4,0.49,0.85,0.6,P3,Team_C,Low
11395,Low,0.3,0.24,3,0.5,0.36,0.44,P3,Team_B,Low
11396,Low,0.3,0.22,3,0.76,0.24,0.35,P3,Team_C,Low
11397,High,0.9,0.46,2,0.47,0.68,0.84,P2,Team_C,Medium
11398,Low,0.3,0.66,2,0.79,0.95,0.67,P2,Team_B,Medium
11399,Low,0.3,0.57,3,0.75,0.56,0.52,P2,Team_A,Medium
11400,Low,0.3,0.34,2,0.94,0.71,0.44,P3,Team_B,Low
11401,Medium,0.6,0.42,4,0.5,0.52,0.57,P2,Team_C,Medium
11402,Medium,0.6,0.81,1,0.75,0.82,0.53,P2,Team_A,Medium
11403,Low,0.3,0.67,3,0.9,0.73,0.59,P2,Team_B,Medium
11404,Low,0.3,0.65,1,0.66,0.71,0.7,P2,Team_B,Medium
11405,Low,0.3,0.21,2,0.67,0.93,0.79,P3,Team_C,Low
11406,Low,0.3,0.57,3,0.78,0.41,0.87,P2,Team_A,Medium
11407,High,0.9,0.49,1,0.87,0.87,0.51,P2,Team_A,Medium
11408,Low,0.3,0.26,3,0.71,0.7,0.48,P3,Team_A,Low
11409,Low,0.3,0.46,4,0.55,0.61,0.59,P2,Team_A,Medium
11410,Low,0.3,0.9,4,0.93,0.35,0.65,P2,Team_A,Medium
11411,Low,0.3,0.56,2,0.76,0.46,0.83,P2,Team_C,Medium
11412,Low,0.3,0.36,1,0.62,0.75,0.96,P3,Team_C,Low
11413,Low,0.3,0.76,3,0.76,0.92,0.46,P2,Team_A,Medium
11414,Low,0.3,0.71,1,0.84,0.69,0.98,P2,Team_C,Medium
11415,Low,0.3,0.2,4,0.86,0.72,0.8,P3,Team_A,Low
11416,Low,0.3,0.26,4,0.72,0.8,0.39,P3,Team_A,Low
11417,Medium,0.6,0.94,3,0.69,0.49,0.51,P2,Team_A,Medium
11418,High,0.9,0.51,4,0.87,0.84,0.53,P2,Team_C,Medium
11419,Low,0.3,0.67,2,0.59,0.81,0.91,P2,Team_C,Medium
11420,High,0.9,0.69,3,0.71,0.85,0.54,P1,Team_A,High
11421,Medium,0.6,0.3,2,0.66,0.75,0.38,P2,Team_B,Medium
11422,Medium,0.6,0.39,4,0.52,0.79,0.73,P2,Team_B,Medium
11423,Medium,0.6,0.37,1,0.9,0.7,0.62,P2,Team_C,Medium
11424,Low,0.3,0.27,4,0.35,0.93,0.77,P3,Team_A,Low
11425,Low,0.3,0.97,2,0.51,0.61,0.85,P2,Team_C,Medium
11426,High,0.9,0.79,3,0.66,0.84,0.73,P1,Team_A,High
11427,High,0.9,0.68,3,0.68,0.39,0.31,P1,Team_B,High
11428,High,0.9,0.56,1,0.75,0.31,0.44,P2,Team_C,Medium
11429,Low,0.3,0.78,1,0.75,0.71,0.76,P2,Team_B,Medium
11430,Medium,0.6,0.49,1,0.84,0.67,0.74,P2,Team_C,Medium
11431,High,0.9,0.58,4,0.61,0.53,0.43,P2,Team_C,Medium
11432,High,0.9,0.79,4,0.75,0.87,0.32,P1,Team_C,High
11433,High,0.9,0.47,4,0.72,0.67,0.57,P2,Team_B,Medium
11434,Low,0.3,0.32,1,0.61,0.76,0.58,P3,Team_A,Low
11435,Medium,0.6,0.09,3,0.82,0.87,0.52,P2,Team_C,Medium
11436,Low,0.3,0.82,4,0.85,0.67,0.37,P2,Team_B,Medium
11437,Low,0.3,0.46,1,0.78,0.82,0.79,P2,Team_A,Medium
11438,High,0.9,0.38,3,0.45,0.41,0.69,P2,Team_B,Medium
11439,Medium,0.6,0.4,2,0.89,0.41,0.37,P2,Team_A,Medium
11440,High,0.9,0.81,3,0.91,0.8,0.67,P1,Team_A,High
11441,High,0.9,0.24,4,0.81,0.62,0.45,P2,Team_A,Medium
11442,Medium,0.6,0.51,2,0.83,0.8,0.98,P2,Team_A,Medium
11443,Low,0.3,0.32,4,0.72,0.87,0.9,P3,Team_B,Low
11444,Low,0.3,0.65,4,0.66,0.6,0.36,P2,Team_A,Medium
11445,Low,0.3,0.81,3,0.88,0.86,0.77,P2,Team_C,Medium
11446,Low,0.3,0.16,1,0.71,0.87,0.63,P3,Team_B,Low
11447,Low,0.3,0.41,3,0.66,0.7,0.37,P2,Team_C,Medium
11448,High,0.9,0.54,1,0.49,0.94,0.82,P2,Team_C,Medium
11449,High,0.9,0.46,4,0.79,0.61,0.81,P2,Team_C,Medium
11450,Medium,0.6,0.6,1,0.79,0.48,0.37,P2,Team_B,Medium
11451,Low,0.3,0.59,1,0.95,0.3,0.33,P2,Team_C,Medium
11452,High,0.9,0.76,4,0.64,0.56,0.5,P1,Team_A,High
11453,High,0.9,0.45,3,0.52,0.73,0.95,P2,Team_B,Medium
11454,High,0.9,0.26,4,0.4,0.72,0.78,P2,Team_B,Medium
11455,High,0.9,0.41,3,0.75,0.76,0.92,P2,Team_C,Medium
11456,Medium,0.6,0.44,1,0.67,0.9,0.53,P2,Team_A,Medium
11457,Low,0.3,0.42,2,0.51,0.27,0.31,P2,Team_A,Medium
11458,Medium,0.6,0.32,1,0.79,0.56,0.7,P2,Team_A,Medium
11459,Low,0.3,0.85,1,0.72,0.67,0.46,P2,Team_A,Medium
11460,Medium,0.6,0.72,2,0.5,0.58,0.45,P2,Team_A,Medium
11461,Low,0.3,0.62,2,0.72,0.7,0.51,P2,Team_A,Medium
11462,Low,0.3,0.45,3,0.77,0.41,0.46,P2,Team_B,Medium
11463,High,0.9,0.19,4,0.57,0.68,0.81,P2,Team_A,Medium
11464,High,0.9,0.64,4,0.57,0.66,0.61,P1,Team_A,High
11465,High,0.9,0.85,1,0.64,0.31,0.51,P1,Team_A,High
11466,Low,0.3,0.15,2,0.67,0.66,0.49,P3,Team_B,Low
11467,Medium,0.6,0.9,1,0.72,0.69,0.5,P2,Team_C,Medium
11468,Low,0.3,0.24,2,0.74,0.82,0.84,P3,Team_A,Low
11469,Medium,0.6,0.59,3,0.47,0.37,0.65,P2,Team_C,Medium
11470,Low,0.3,0.45,3,0.62,0.87,0.74,P2,Team_B,Medium
11471,Medium,0.6,0.12,2,0.66,0.89,0.71,P2,Team_C,Medium
11472,Low,0.3,0.7,4,0.78,0.73,0.82,P2,Team_A,Medium
11473,High,0.9,0.75,3,0.8,0.9,0.37,P1,Team_B,High
11474,Medium,0.6,0.88,4,0.48,0.77,0.92,P2,Team_C,Medium
11475,Medium,0.6,0.75,2,0.78,0.4,0.84,P2,Team_B,Medium
11476,Low,0.3,0.29,1,0.92,0.79,0.55,P3,Team_A,Low
11477,Low,0.3,0.76,2,0.79,0.49,0.6,P2,Team_C,Medium
11478,Low,0.3,0.7,2,0.27,0.43,0.94,P2,Team_A,Medium
11479,High,0.9,0.76,3,0.69,0.77,0.89,P1,Team_C,High
11480,Medium,0.6,0.95,2,0.84,0.86,0.45,P2,Team_A,Medium
11481,Low,0.3,0.45,3,0.53,0.54,0.86,P2,Team_A,Medium
11482,Low,0.3,0.37,1,0.75,0.81,0.52,P3,Team_B,Low
11483,High,0.9,0.45,4,0.67,0.85,0.94,P2,Team_A,Medium
11484,High,0.9,0.58,4,0.9,0.72,0.62,P2,Team_C,Medium
11485,Medium,0.6,0.92,2,0.87,0.76,0.87,P2,Team_C,Medium
11486,Medium,0.6,0.53,1,0.58,0.8,0.81,P2,Team_C,Medium
11487,Medium,0.6,0.49,1,0.62,0.85,0.95,P2,Team_B,Medium
11488,Low,0.3,0.8,4,0.64,0.76,0.79,P2,Team_B,Medium
11489,Medium,0.6,0.28,4,0.82,0.43,0.44,P2,Team_B,Medium
11490,Medium,0.6,0.6,2,0.7,0.85,0.79,P2,Team_A,Medium
11491,Low,0.3,0.58,2,0.91,0.3,0.42,P2,Team_C,Medium
11492,Medium,0.6,0.37,1,0.73,0.55,0.71,P2,Team_C,Medium
11493,Medium,0.6,0.37,3,0.64,0.61,0.85,P2,Team_B,Medium
11494,High,0.9,0.37,1,0.83,0.55,0.4,P2,Team_C,Medium
11495,Low,0.3,0.73,3,0.78,0.89,0.8,P2,Team_A,Medium
11496,Medium,0.6,0.8,2,0.47,0.28,0.5,P2,Team_C,Medium
11497,Low,0.3,0.35,3,0.85,0.73,0.95,P3,Team_A,Low
11498,Low,0.3,0.34,3,0.71,0.81,0.74,P3,Team_B,Low
11499,Medium,0.6,0.18,2,0.74,0.19,0.36,P2,Team_A,Medium
11500,Low,0.3,0.45,2,0.8,0.71,0.81,P2,Team_C,Medium
11501,High,0.9,0.84,4,0.92,0.32,0.5,P1,Team_C,High
11502,Medium,0.6,0.42,1,0.63,0.67,0.51,P2,Team_A,Medium
11503,High,0.9,0.67,4,0.65,0.67,0.76,P1,Team_B,High
11504,Low,0.3,0.65,2,0.53,0.7,0.96,P2,Team_C,Medium
11505,Medium,0.6,0.41,4,0.68,0.7,0.57,P2,Team_C,Medium
11506,Medium,0.6,0.77,2,0.66,0.9,0.92,P2,Team_B,Medium
11507,Medium,0.6,0.89,3,0.75,0.66,0.95,P2,Team_A,Medium
11508,High,0.9,0.12,1,0.99,0.41,0.56,P2,Team_C,Medium
11509,Medium,0.6,0.72,4,0.52,0.53,0.3,P2,Team_C,Medium
11510,Low,0.3,0.91,2,0.86,0.47,0.68,P2,Team_B,Medium
11511,High,0.9,0.72,2,0.6,0.69,0.98,P1,Team_B,High
11512,Low,0.3,0.23,3,0.64,0.27,0.66,P3,Team_C,Low
11513,Medium,0.6,0.42,1,0.8,0.92,0.4,P2,Team_A,Medium
11514,High,0.9,0.11,4,0.62,0.64,0.72,P2,Team_B,Medium
11515,Medium,0.6,0.53,4,0.92,0.8,0.86,P2,Team_A,Medium
11516,Low,0.3,0.44,4,0.76,0.83,0.53,P2,Team_A,Medium
11517,Low,0.3,0.57,1,0.82,0.73,0.46,P2,Team_C,Medium
11518,Low,0.3,0.55,3,0.98,0.45,0.5,P2,Team_B,Medium
11519,Low,0.3,0.35,1,0.75,0.77,0.93,P3,Team_C,Low
11520,Medium,0.6,0.15,2,0.58,0.61,0.64,P2,Team_A,Medium
11521,Medium,0.6,0.52,4,0.76,0.7,0.81,P2,Team_B,Medium
11522,Low,0.3,0.54,2,0.69,0.97,0.65,P2,Team_B,Medium
11523,Medium,0.6,0.3,3,0.58,0.81,0.9,P2,Team_A,Medium
11524,Low,0.3,0.6,4,0.46,0.86,0.68,P2,Team_B,Medium
11525,Low,0.3,0.18,4,0.81,0.88,0.79,P3,Team_A,Low
11526,High,0.9,0.28,3,0.79,0.94,0.43,P2,Team_C,Medium
11527,Medium,0.6,0.53,4,0.81,0.8,0.35,P2,Team_C,Medium
11528,High,0.9,0.49,2,0.74,0.52,0.66,P2,Team_B,Medium
11529,Low,0.3,0.41,2,0.8,0.45,0.7,P2,Team_C,Medium
11530,Medium,0.6,0.03,3,0.73,0.46,0.86,P2,Team_A,Medium
11531,High,0.9,0.4,4,0.82,0.93,0.44,P2,Team_C,Medium
11532,High,0.9,0.69,2,0.65,0.37,0.91,P1,Team_B,High
11533,High,0.9,0.51,4,0.89,0.87,0.92,P2,Team_A,Medium
11534,Medium,0.6,0.91,1,0.63,0.62,0.39,P2,Team_C,Medium
11535,Low,0.3,0.23,4,0.5,0.58,0.34,P3,Team_C,Low
11536,Medium,0.6,0.6,4,0.4,0.77,0.93,P2,Team_A,Medium
11537,Low,0.3,0.45,4,0.65,0.79,0.91,P2,Team_C,Medium
11538,Medium,0.6,0.92,2,0.84,0.35,0.48,P2,Team_C,Medium
11539,Medium,0.6,0.2,4,0.58,0.46,0.72,P2,Team_A,Medium
11540,Low,0.3,0.78,4,0.74,0.67,0.96,P2,Team_C,Medium
11541,Low,0.3,0.49,2,0.81,0.12,0.53,P2,Team_A,Medium
11542,Low,0.3,0.8,4,0.63,0.78,0.98,P2,Team_B,Medium
11543,Low,0.3,0.32,4,0.84,0.65,0.65,P3,Team_B,Low
11544,Medium,0.6,0.57,3,0.85,0.52,0.65,P2,Team_A,Medium
11545,High,0.9,0.65,1,0.82,0.78,0.8,P1,Team_C,High
11546,Low,0.3,0.73,2,0.91,0.55,0.87,P2,Team_B,Medium
11547,High,0.9,0.87,2,0.55,0.4,0.67,P1,Team_C,High
11548,High,0.9,0.39,2,0.85,0.14,0.81,P2,Team_B,Medium
11549,High,0.9,0.14,4,0.89,0.73,0.87,P2,Team_A,Medium
11550,Low,0.3,0.29,3,0.59,0.69,0.76,P3,Team_B,Low
11551,Low,0.3,0.27,4,0.68,0.9,1.0,P3,Team_A,Low
11552,Low,0.3,0.45,3,0.72,0.55,0.37,P2,Team_B,Medium
11553,High,0.9,0.59,1,0.32,0.67,0.57,P2,Team_C,Medium
11554,Low,0.3,0.92,2,0.73,0.76,0.38,P2,Team_C,Medium
11555,Medium,0.6,0.72,3,0.78,0.53,0.55,P2,Team_A,Medium
11556,Medium,0.6,0.6,1,0.92,0.85,0.59,P2,Team_A,Medium
11557,Medium,0.6,0.77,1,0.53,0.82,0.69,P2,Team_C,Medium
11558,High,0.9,0.29,4,0.75,0.2,0.81,P2,Team_B,Medium
11559,Medium,0.6,0.56,4,0.67,0.71,0.32,P2,Team_C,Medium
11560,Medium,0.6,0.36,1,0.67,0.9,0.92,P2,Team_B,Medium
11561,Low,0.3,0.54,4,0.57,0.76,0.77,P2,Team_C,Medium
11562,High,0.9,0.84,1,0.85,0.72,0.87,P1,Team_A,High
11563,Low,0.3,0.6,3,0.44,0.7,0.45,P2,Team_C,Medium
11564,Low,0.3,0.5,2,0.52,0.62,0.87,P2,Team_C,Medium
11565,Low,0.3,0.85,2,0.95,0.5,0.42,P2,Team_C,Medium
11566,Low,0.3,0.29,1,0.84,0.81,0.9,P3,Team_A,Low
11567,Low,0.3,0.23,1,0.65,0.42,0.66,P3,Team_C,Low
11568,Medium,0.6,0.62,2,0.74,0.91,0.39,P2,Team_B,Medium
11569,Low,0.3,0.11,2,0.98,0.71,0.51,P3,Team_B,Low
11570,Medium,0.6,0.37,1,0.49,0.88,0.67,P2,Team_C,Medium
11571,Low,0.3,0.45,2,0.32,0.9,0.56,P2,Team_C,Medium
11572,High,0.9,0.17,4,0.69,0.77,0.82,P2,Team_A,Medium
11573,Low,0.3,0.79,1,0.93,0.6,0.37,P2,Team_C,Medium
11574,Low,0.3,0.38,3,0.66,0.79,0.39,P3,Team_B,Low
11575,High,0.9,0.66,3,0.86,0.34,0.72,P1,Team_C,High
11576,High,0.9,0.76,1,0.75,0.93,0.84,P1,Team_C,High
11577,Medium,0.6,0.67,4,0.5,0.79,0.32,P2,Team_C,Medium
11578,Low,0.3,0.23,4,0.69,0.79,0.53,P3,Team_B,Low
11579,Low,0.3,0.27,2,0.54,0.79,0.61,P3,Team_C,Low
11580,High,0.9,0.72,4,0.84,0.75,0.75,P1,Team_A,High
11581,Low,0.3,0.69,1,0.58,0.91,0.96,P2,Team_A,Medium
11582,Low,0.3,0.79,2,0.9,0.56,0.52,P2,Team_C,Medium
11583,Low,0.3,0.29,3,0.68,0.94,0.56,P3,Team_B,Low
11584,Low,0.3,0.05,3,0.93,0.85,0.81,P3,Team_C,Low
11585,High,0.9,0.81,1,0.83,0.39,0.81,P1,Team_B,High
11586,Low,0.3,0.23,2,0.58,0.5,0.51,P3,Team_B,Low
11587,Low,0.3,0.5,2,0.46,0.8,0.34,P2,Team_B,Medium
11588,Low,0.3,0.95,4,0.63,0.75,0.72,P2,Team_A,Medium
11589,High,0.9,0.77,1,0.5,0.54,0.75,P1,Team_B,High
11590,Low,0.3,0.65,3,0.62,0.47,0.73,P2,Team_B,Medium
11591,Medium,0.6,0.51,2,0.53,0.67,0.52,P2,Team_A,Medium
11592,High,0.9,0.43,3,0.73,0.7,0.41,P2,Team_B,Medium
11593,Medium,0.6,0.87,2,0.67,0.63,0.74,P2,Team_C,Medium
11594,Medium,0.6,0.32,3,0.82,0.86,0.56,P2,Team_C,Medium
11595,Low,0.3,0.7,3,0.83,0.56,1.0,P2,Team_C,Medium
11596,Low,0.3,0.4,1,0.95,0.91,0.86,P2,Team_C,Medium
11597,High,0.9,0.37,1,0.96,0.35,0.78,P2,Team_C,Medium
11598,Medium,0.6,0.33,2,0.8,0.56,0.84,P2,Team_A,Medium
11599,Medium,0.6,0.52,1,0.8,0.94,0.37,P2,Team_B,Medium
11600,Low,0.3,0.23,2,0.85,0.38,0.65,P3,Team_A,Low
11601,Low,0.3,0.29,3,0.6,0.57,0.97,P3,Team_B,Low
11602,Low,0.3,0.82,4,0.78,0.74,1.0,P2,Team_A,Medium
11603,Low,0.3,0.39,4,0.65,0.93,0.35,P3,Team_C,Low
11604,High,0.9,0.07,2,0.66,0.46,0.61,P2,Team_A,Medium
11605,Medium,0.6,0.85,3,0.95,0.44,0.39,P2,Team_C,Medium
11606,High,0.9,0.31,1,0.71,0.61,0.68,P2,Team_A,Medium
11607,High,0.9,0.27,4,0.92,0.81,0.69,P2,Team_C,Medium
11608,Low,0.3,0.13,2,0.59,0.66,0.68,P3,Team_B,Low
11609,Medium,0.6,0.39,3,0.89,0.95,0.44,P2,Team_B,Medium
11610,Low,0.3,0.2,2,0.93,0.35,1.0,P3,Team_A,Low
11611,High,0.9,0.69,1,0.68,0.51,0.55,P1,Team_B,High
11612,High,0.9,0.84,3,0.66,0.89,0.99,P1,Team_A,High
11613,Medium,0.6,0.23,2,0.92,0.49,0.38,P2,Team_B,Medium
11614,Medium,0.6,0.18,2,0.55,0.78,0.85,P2,Team_C,Medium
11615,Low,0.3,0.6,3,0.88,0.82,0.86,P2,Team_B,Medium
11616,Low,0.3,0.56,1,0.63,0.85,0.77,P2,Team_B,Medium
11617,High,0.9,0.36,3,0.51,0.91,0.32,P2,Team_C,Medium
11618,Medium,0.6,0.25,1,0.74,0.47,0.81,P2,Team_B,Medium
11619,Low,0.3,0.37,2,0.56,0.74,0.95,P3,Team_B,Low
11620,Low,0.3,0.27,3,0.85,0.45,0.36,P3,Team_A,Low
11621,Medium,0.6,0.74,2,0.78,0.64,0.89,P2,Team_C,Medium
11622,Medium,0.6,0.7,1,0.81,0.67,0.43,P2,Team_C,Medium
11623,High,0.9,0.51,4,0.68,0.77,0.95,P2,Team_C,Medium
11624,High,0.9,0.57,2,0.66,0.89,0.39,P2,Team_B,Medium
11625,Medium,0.6,0.21,3,0.93,0.4,0.72,P2,Team_A,Medium
11626,Medium,0.6,0.14,2,0.51,0.37,0.63,P2,Team_B,Medium
11627,Medium,0.6,0.54,2,0.79,0.51,0.69,P2,Team_C,Medium
11628,High,0.9,0.63,1,0.85,0.51,0.31,P1,Team_A,High
11629,Low,0.3,0.37,2,0.72,0.75,0.94,P3,Team_C,Low
11630,Low,0.3,0.37,3,0.9,0.61,0.83,P3,Team_C,Low
11631,High,0.9,0.21,2,0.66,0.85,0.88,P2,Team_C,Medium
11632,Medium,0.6,0.37,3,0.82,0.72,0.53,P2,Team_C,Medium
11633,Low,0.3,0.39,2,0.41,0.54,0.75,P3,Team_A,Low
11634,Medium,0.6,0.13,1,0.69,0.62,0.47,P2,Team_C,Medium
11635,High,0.9,0.29,3,0.64,0.92,0.82,P2,Team_A,Medium
11636,High,0.9,0.39,1,0.8,0.81,0.95,P2,Team_C,Medium
11637,Medium,0.6,0.65,2,0.62,0.96,0.47,P2,Team_C,Medium
11638,Low,0.3,0.74,1,0.71,0.87,0.63,P2,Team_B,Medium
11639,Low,0.3,0.49,3,0.44,0.77,0.58,P2,Team_B,Medium
11640,Low,0.3,0.23,3,0.7,0.7,0.39,P3,Team_A,Low
11641,Low,0.3,0.88,4,0.84,0.69,0.74,P2,Team_A,Medium
11642,High,0.9,0.36,3,0.82,0.4,0.93,P2,Team_A,Medium
11643,High,0.9,0.53,1,0.74,0.49,0.91,P2,Team_A,Medium
11644,Low,0.3,0.3,1,0.4,0.47,0.56,P3,Team_C,Low
11645,High,0.9,0.93,4,0.85,0.81,0.94,P1,Team_C,High
11646,Low,0.3,0.69,3,0.67,0.28,0.73,P2,Team_B,Medium
11647,Low,0.3,0.65,3,0.72,0.48,0.77,P2,Team_A,Medium
11648,High,0.9,0.82,4,0.86,0.51,0.67,P1,Team_B,High
11649,High,0.9,0.6,4,0.62,0.57,0.85,P2,Team_A,Medium
11650,High,0.9,0.41,1,0.6,0.77,0.37,P2,Team_C,Medium
11651,High,0.9,0.66,1,0.91,0.72,0.33,P1,Team_C,High
11652,Low,0.3,0.64,1,0.69,0.9,0.81,P2,Team_B,Medium
11653,Low,0.3,0.14,4,0.8,0.52,0.53,P3,Team_B,Low
11654,Medium,0.6,0.45,1,0.97,0.72,0.83,P2,Team_C,Medium
11655,Low,0.3,0.55,3,0.92,0.86,0.92,P2,Team_B,Medium
11656,High,0.9,0.43,4,0.65,0.95,0.44,P2,Team_C,Medium
11657,Low,0.3,0.88,3,0.73,0.74,0.63,P2,Team_C,Medium
11658,Low,0.3,0.95,4,0.86,0.67,0.49,P2,Team_C,Medium
11659,Low,0.3,0.19,4,0.72,0.88,0.67,P3,Team_A,Low
11660,Low,0.3,0.62,3,0.9,0.73,0.52,P2,Team_C,Medium
11661,Low,0.3,0.59,4,0.75,0.93,0.75,P2,Team_C,Medium
11662,High,0.9,0.52,4,0.62,0.55,0.59,P2,Team_B,Medium
11663,High,0.9,0.43,4,0.93,0.73,0.86,P2,Team_A,Medium
11664,Medium,0.6,0.96,4,0.94,0.69,0.67,P2,Team_C,Medium
11665,High,0.9,0.83,3,0.67,0.67,0.99,P1,Team_B,High
11666,Low,0.3,0.69,4,0.64,0.5,0.65,P2,Team_C,Medium
11667,Low,0.3,0.87,3,0.82,0.7,0.51,P2,Team_B,Medium
11668,Medium,0.6,0.35,2,0.74,0.49,0.47,P2,Team_B,Medium
11669,Low,0.3,0.68,4,0.66,0.75,0.47,P2,Team_B,Medium
11670,Low,0.3,0.75,4,0.82,0.43,0.74,P2,Team_B,Medium
11671,Medium,0.6,0.5,1,0.9,0.89,0.52,P2,Team_C,Medium
11672,High,0.9,0.07,4,0.74,0.78,0.87,P2,Team_A,Medium
11673,Medium,0.6,0.3,4,0.88,0.72,0.53,P2,Team_B,Medium
11674,Low,0.3,0.45,3,0.95,0.84,0.76,P2,Team_A,Medium
11675,Low,0.3,0.4,1,0.74,0.37,0.84,P2,Team_C,Medium
11676,Low,0.3,0.33,1,0.83,0.91,0.46,P3,Team_B,Low
11677,Medium,0.6,0.92,2,0.89,0.58,0.45,P2,Team_C,Medium
11678,Medium,0.6,0.41,3,0.76,0.77,0.8,P2,Team_A,Medium
11679,Low,0.3,0.75,4,0.92,0.72,0.77,P2,Team_B,Medium
11680,High,0.9,0.43,4,0.91,0.29,0.82,P2,Team_C,Medium
11681,Low,0.3,0.23,1,0.46,0.66,0.89,P3,Team_B,Low
11682,Medium,0.6,0.49,3,0.5,0.67,0.38,P2,Team_B,Medium
11683,High,0.9,0.85,4,0.82,0.58,0.69,P1,Team_B,High
11684,Low,0.3,0.04,1,0.65,0.77,0.48,P3,Team_B,Low
11685,Medium,0.6,0.43,4,0.88,0.68,0.65,P2,Team_C,Medium
11686,Medium,0.6,0.71,4,0.61,0.57,0.93,P2,Team_A,Medium
11687,Low,0.3,0.57,4,0.66,0.88,0.89,P2,Team_C,Medium
11688,Low,0.3,0.27,1,0.74,0.6,0.75,P3,Team_B,Low
11689,Medium,0.6,0.7,3,0.79,0.8,0.62,P2,Team_A,Medium
11690,Low,0.3,0.43,2,0.99,0.62,0.79,P2,Team_B,Medium
11691,High,0.9,0.72,2,0.13,0.66,0.46,P1,Team_B,High
11692,Low,0.3,0.28,1,0.31,0.78,0.41,P3,Team_C,Low
11693,Low,0.3,0.19,1,0.51,0.79,0.73,P3,Team_C,Low
11694,High,0.9,0.81,3,0.84,0.48,0.91,P1,Team_B,High
11695,Medium,0.6,0.32,4,0.76,0.85,0.74,P2,Team_C,Medium
11696,Medium,0.6,0.43,2,0.23,0.6,0.92,P2,Team_C,Medium
11697,Low,0.3,0.82,1,0.83,0.96,0.54,P2,Team_C,Medium
11698,Low,0.3,0.59,2,0.58,0.91,0.61,P2,Team_B,Medium
11699,High,0.9,0.47,3,0.68,0.65,0.62,P2,Team_A,Medium
11700,Low,0.3,0.4,2,0.82,0.49,0.95,P2,Team_B,Medium
11701,Low,0.3,0.38,3,0.62,0.94,0.98,P3,Team_B,Low
11702,Low,0.3,0.7,4,0.58,0.85,0.43,P2,Team_A,Medium
11703,Medium,0.6,0.76,3,0.74,0.84,0.57,P2,Team_A,Medium
11704,Low,0.3,0.23,1,0.79,0.4,0.67,P3,Team_A,Low
11705,High,0.9,0.35,2,0.65,0.62,0.63,P2,Team_C,Medium
11706,Medium,0.6,0.5,1,0.51,0.48,0.6,P2,Team_C,Medium
11707,Low,0.3,0.4,3,0.58,0.79,0.43,P2,Team_C,Medium
11708,Low,0.3,0.29,2,0.75,0.77,0.66,P3,Team_A,Low
11709,Low,0.3,0.27,4,0.83,0.74,0.95,P3,Team_C,Low
11710,Medium,0.6,0.58,1,0.38,0.86,0.82,P2,Team_B,Medium
11711,Low,0.3,0.47,4,0.76,0.41,0.4,P2,Team_B,Medium
11712,Medium,0.6,0.79,2,0.55,0.89,0.5,P2,Team_B,Medium
11713,Medium,0.6,0.16,3,0.53,0.72,0.39,P2,Team_B,Medium
11714,High,0.9,0.42,1,0.91,0.79,0.35,P2,Team_A,Medium
11715,High,0.9,0.34,1,0.73,0.81,0.61,P2,Team_B,Medium
11716,Low,0.3,0.57,2,0.69,0.56,0.83,P2,Team_C,Medium
11717,High,0.9,0.16,4,0.92,0.67,0.68,P2,Team_C,Medium
11718,Low,0.3,0.29,2,0.75,0.28,0.59,P3,Team_A,Low
11719,Medium,0.6,0.45,4,0.43,0.71,0.95,P2,Team_B,Medium
11720,High,0.9,0.39,1,0.61,0.6,0.79,P2,Team_C,Medium
11721,Medium,0.6,0.21,2,0.69,0.77,0.82,P2,Team_C,Medium
11722,High,0.9,0.06,1,0.61,0.88,0.95,P2,Team_A,Medium
11723,Medium,0.6,0.68,2,0.75,0.39,0.7,P2,Team_B,Medium
11724,High,0.9,0.22,2,0.83,0.43,0.83,P2,Team_A,Medium
11725,Low,0.3,0.44,1,0.87,0.62,0.38,P2,Team_C,Medium
11726,Low,0.3,0.32,3,0.86,0.47,0.7,P3,Team_A,Low
11727,Medium,0.6,0.79,4,0.69,0.61,0.55,P2,Team_B,Medium
11728,Low,0.3,0.63,4,0.59,0.74,0.66,P2,Team_A,Medium
11729,Low,0.3,0.32,4,0.76,0.41,0.49,P3,Team_C,Low
11730,Medium,0.6,0.2,3,0.84,0.29,0.92,P2,Team_B,Medium
11731,High,0.9,0.59,1,0.5,0.81,0.58,P2,Team_A,Medium
11732,High,0.9,0.94,2,0.98,0.66,0.88,P1,Team_C,High
11733,Medium,0.6,0.76,1,0.78,0.95,0.7,P2,Team_C,Medium
11734,Low,0.3,0.62,4,0.28,0.26,0.5,P2,Team_B,Medium
11735,Medium,0.6,0.48,3,0.84,0.79,0.49,P2,Team_C,Medium
11736,High,0.9,0.66,2,0.84,0.92,0.84,P1,Team_B,High
11737,Medium,0.6,0.09,4,0.66,0.64,0.63,P2,Team_C,Medium
11738,Low,0.3,0.6,1,0.51,0.75,0.32,P2,Team_B,Medium
11739,Low,0.3,0.15,1,0.79,0.59,0.73,P3,Team_A,Low
11740,High,0.9,0.48,1,0.95,0.69,0.44,P2,Team_C,Medium
11741,Medium,0.6,0.5,4,0.67,0.74,0.36,P2,Team_A,Medium
11742,Medium,0.6,0.53,3,0.63,0.83,0.75,P2,Team_C,Medium
11743,Low,0.3,0.19,4,0.82,0.6,0.96,P3,Team_C,Low
11744,High,0.9,0.16,1,0.55,0.45,0.5,P2,Team_A,Medium
11745,Low,0.3,0.66,1,0.69,0.67,0.57,P2,Team_B,Medium
11746,Medium,0.6,0.94,3,0.46,0.55,0.31,P2,Team_A,Medium
11747,High,0.9,0.17,4,0.69,0.85,0.8,P2,Team_B,Medium
11748,Medium,0.6,0.6,1,0.9,0.4,0.91,P2,Team_B,Medium
11749,Low,0.3,0.4,3,0.47,0.86,0.39,P2,Team_C,Medium
11750,High,0.9,0.3,3,0.62,0.62,0.84,P2,Team_A,Medium
11751,High,0.9,0.52,2,0.74,0.72,0.89,P2,Team_C,Medium
11752,Low,0.3,0.64,2,0.49,0.74,0.34,P2,Team_C,Medium
11753,Medium,0.6,0.53,3,0.21,0.37,0.4,P2,Team_C,Medium
11754,High,0.9,0.85,4,0.73,0.68,0.68,P1,Team_A,High
11755,High,0.9,0.64,1,0.67,0.41,0.93,P1,Team_C,High
11756,Low,0.3,0.6,4,0.63,0.61,0.34,P2,Team_A,Medium
11757,Low,0.3,0.18,3,0.76,0.89,0.32,P3,Team_B,Low
11758,Low,0.3,0.39,1,0.75,0.45,0.3,P3,Team_A,Low
11759,Medium,0.6,0.63,3,0.91,0.76,0.72,P2,Team_C,Medium
11760,High,0.9,0.49,3,0.83,0.65,0.74,P2,Team_A,Medium
11761,High,0.9,0.75,1,0.91,0.53,0.63,P1,Team_A,High
11762,Medium,0.6,0.45,1,0.55,0.84,0.45,P2,Team_B,Medium
11763,Low,0.3,0.07,2,0.35,0.66,0.43,P3,Team_C,Low
11764,High,0.9,0.51,1,0.96,0.46,0.45,P2,Team_C,Medium
11765,Low,0.3,0.4,4,0.94,0.35,0.45,P2,Team_C,Medium
11766,High,0.9,0.58,3,0.99,0.78,0.72,P2,Team_A,Medium
11767,Medium,0.6,0.24,4,0.4,0.46,0.81,P2,Team_C,Medium
11768,High,0.9,0.26,4,0.86,0.55,0.6,P2,Team_B,Medium
11769,Low,0.3,0.91,1,0.9,0.92,0.72,P2,Team_A,Medium
11770,Low,0.3,0.31,1,0.24,0.58,0.42,P3,Team_A,Low
11771,Low,0.3,0.26,1,0.57,0.78,0.86,P3,Team_C,Low
11772,High,0.9,0.32,3,0.79,0.56,0.66,P2,Team_C,Medium
11773,Low,0.3,0.26,1,0.87,0.87,0.96,P3,Team_B,Low
11774,Low,0.3,0.22,1,0.52,0.86,0.88,P3,Team_C,Low
11775,Medium,0.6,0.4,2,0.59,0.8,0.86,P2,Team_B,Medium
11776,High,0.9,0.33,2,0.62,0.56,0.34,P2,Team_A,Medium
11777,High,0.9,0.21,4,0.81,0.6,0.97,P2,Team_B,Medium
11778,Low,0.3,0.26,2,0.49,0.49,0.5,P3,Team_A,Low
11779,Medium,0.6,0.75,4,0.6,0.44,0.88,P2,Team_B,Medium
11780,High,0.9,0.56,4,0.85,0.57,0.74,P2,Team_C,Medium
11781,Medium,0.6,0.58,3,0.83,0.64,0.9,P2,Team_A,Medium
11782,Low,0.3,0.72,1,0.64,0.76,0.31,P2,Team_A,Medium
11783,Low,0.3,0.32,1,0.85,0.48,0.73,P3,Team_C,Low
11784,Medium,0.6,0.36,4,0.7,0.85,0.94,P2,Team_B,Medium
11785,Medium,0.6,0.24,3,0.69,0.79,0.51,P2,Team_B,Medium
11786,Medium,0.6,0.43,4,0.78,0.76,0.84,P2,Team_B,Medium
11787,Low,0.3,0.49,2,0.65,0.7,0.43,P2,Team_B,Medium
11788,Low,0.3,0.68,1,0.86,0.72,0.77,P2,Team_A,Medium
11789,High,0.9,0.18,4,0.85,0.64,0.92,P2,Team_A,Medium
11790,Low,0.3,0.68,3,0.58,0.81,0.55,P2,Team_A,Medium
11791,Low,0.3,0.32,1,0.5,1.0,0.49,P3,Team_B,Low
11792,Low,0.3,0.77,1,0.77,0.77,0.54,P2,Team_B,Medium
11793,Low,0.3,0.36,4,0.57,0.78,0.94,P3,Team_A,Low
11794,Low,0.3,0.95,1,0.5,0.45,0.3,P2,Team_B,Medium
11795,Low,0.3,0.48,1,0.91,0.85,0.83,P2,Team_C,Medium
11796,Medium,0.6,0.22,4,0.66,0.69,0.63,P2,Team_A,Medium
11797,High,0.9,0.57,3,0.93,0.25,0.57,P2,Team_C,Medium
11798,Medium,0.6,0.4,4,0.74,0.63,0.39,P2,Team_B,Medium
11799,High,0.9,0.1,2,0.64,0.52,0.4,P2,Team_B,Medium
11800,Low,0.3,0.48,4,0.58,0.53,0.47,P2,Team_A,Medium
11801,High,0.9,0.59,2,0.58,0.68,0.51,P2,Team_C,Medium
11802,Low,0.3,0.78,2,0.78,0.66,0.77,P2,Team_C,Medium
11803,High,0.9,0.6,4,0.9,0.55,0.68,P2,Team_A,Medium
11804,Medium,0.6,0.28,4,0.59,0.68,0.57,P2,Team_C,Medium
11805,Medium,0.6,0.36,4,0.69,0.54,0.62,P2,Team_B,Medium
11806,Low,0.3,0.51,3,0.67,0.6,0.45,P2,Team_C,Medium
11807,High,0.9,0.54,4,0.82,0.85,0.5,P2,Team_A,Medium
11808,Low,0.3,0.6,3,0.55,0.55,0.84,P2,Team_B,Medium
11809,Low,0.3,0.71,1,0.92,0.91,0.84,P2,Team_C,Medium
11810,High,0.9,0.21,3,0.96,0.48,0.62,P2,Team_A,Medium
11811,Low,0.3,0.28,3,0.68,0.37,0.76,P3,Team_C,Low
11812,Low,0.3,0.86,4,0.83,0.29,0.73,P2,Team_C,Medium
11813,Low,0.3,0.37,2,0.84,0.63,0.52,P3,Team_C,Low
11814,High,0.9,0.76,1,0.52,0.82,0.66,P1,Team_A,High
11815,Low,0.3,0.45,4,0.58,0.7,0.52,P2,Team_A,Medium
11816,Low,0.3,0.31,3,0.93,0.82,0.35,P3,Team_B,Low
11817,Low,0.3,0.82,1,0.39,0.46,0.79,P2,Team_A,Medium
11818,Low,0.3,0.57,4,0.64,0.43,0.95,P2,Team_B,Medium
11819,Medium,0.6,0.53,3,0.6,0.45,0.82,P2,Team_A,Medium
11820,Low,0.3,0.33,1,0.86,0.87,0.78,P3,Team_C,Low
11821,Medium,0.6,0.74,3,0.85,0.61,0.8,P2,Team_C,Medium
11822,Low,0.3,0.38,2,0.53,0.59,0.42,P3,Team_C,Low
11823,Low,0.3,0.54,2,0.74,0.5,0.94,P2,Team_B,Medium
11824,High,0.9,0.8,2,0.92,0.58,0.61,P1,Team_B,High
11825,Low,0.3,0.29,2,0.71,0.89,0.65,P3,Team_B,Low
11826,Medium,0.6,0.73,2,0.93,0.99,0.36,P2,Team_A,Medium
11827,Medium,0.6,0.7,3,0.91,0.91,0.71,P2,Team_C,Medium
11828,Low,0.3,0.2,1,0.56,0.56,0.76,P3,Team_C,Low
11829,Medium,0.6,0.52,3,0.92,0.85,0.65,P2,Team_B,Medium
11830,Medium,0.6,0.29,2,0.7,0.86,0.74,P2,Team_C,Medium
11831,Low,0.3,0.36,1,0.35,0.63,0.93,P3,Team_B,Low
11832,Medium,0.6,0.88,4,0.8,0.8,1.0,P2,Team_B,Medium
11833,Medium,0.6,0.13,3,0.69,0.6,0.73,P2,Team_C,Medium
11834,Low,0.3,0.54,1,0.58,0.73,0.81,P2,Team_B,Medium
11835,Medium,0.6,0.43,4,0.76,0.77,0.55,P2,Team_B,Medium
11836,Low,0.3,0.85,4,0.74,0.82,0.34,P2,Team_C,Medium
11837,Low,0.3,0.38,4,0.84,0.91,0.32,P3,Team_C,Low
11838,Medium,0.6,0.25,3,0.58,0.54,0.82,P2,Team_A,Medium
11839,Low,0.3,0.81,4,0.65,0.66,0.52,P2,Team_A,Medium
11840,Medium,0.6,0.21,3,0.44,0.74,0.49,P2,Team_A,Medium
11841,Medium,0.6,0.13,1,0.63,0.7,0.59,P2,Team_C,Medium
11842,High,0.9,0.7,2,0.83,0.71,0.73,P1,Team_C,High
11843,Medium,0.6,0.23,1,0.86,0.56,0.8,P2,Team_A,Medium
11844,Medium,0.6,0.85,1,0.83,0.68,0.31,P2,Team_A,Medium
11845,Low,0.3,0.46,1,0.75,0.21,0.33,P2,Team_A,Medium
11846,High,0.9,0.43,2,0.91,0.63,0.85,P2,Team_C,Medium
11847,Medium,0.6,0.46,1,0.43,0.62,0.94,P2,Team_C,Medium
11848,Low,0.3,0.34,1,0.95,0.74,0.87,P3,Team_A,Low
11849,Low,0.3,0.89,2,0.91,0.82,0.66,P2,Team_C,Medium
11850,Low,0.3,0.29,2,0.98,0.36,0.36,P3,Team_B,Low
11851,Low,0.3,0.41,1,0.97,0.82,0.84,P2,Team_A,Medium
11852,Low,0.3,0.84,4,0.53,0.3,0.8,P2,Team_C,Medium
11853,High,0.9,0.14,4,0.38,0.91,0.91,P2,Team_C,Medium
11854,Low,0.3,0.51,1,0.71,0.31,0.72,P2,Team_A,Medium
11855,High,0.9,0.83,4,0.79,0.79,0.93,P1,Team_C,High
11856,Low,0.3,0.41,2,0.89,0.45,0.5,P2,Team_A,Medium
11857,Low,0.3,0.56,2,0.93,0.92,0.71,P2,Team_B,Medium
11858,High,0.9,0.71,3,0.89,0.6,0.41,P1,Team_C,High
11859,Medium,0.6,0.76,4,0.65,0.9,0.74,P2,Team_C,Medium
11860,Low,0.3,0.47,3,0.66,0.8,0.48,P2,Team_A,Medium
11861,Low,0.3,0.78,2,0.26,0.73,0.45,P2,Team_B,Medium
11862,High,0.9,0.87,4,0.88,0.65,0.47,P1,Team_C,High
11863,Medium,0.6,0.43,1,0.85,0.81,0.99,P2,Team_A,Medium
11864,High,0.9,0.37,4,0.65,0.67,0.59,P2,Team_B,Medium
11865,Medium,0.6,0.51,4,0.62,0.62,0.82,P2,Team_A,Medium
11866,Medium,0.6,0.3,1,0.63,0.34,0.91,P2,Team_A,Medium
11867,High,0.9,0.16,2,0.6,0.52,0.85,P2,Team_C,Medium
11868,Low,0.3,0.68,1,0.66,0.65,0.85,P2,Team_A,Medium
11869,Low,0.3,0.49,4,0.74,0.95,0.88,P2,Team_C,Medium
11870,High,0.9,0.54,3,0.38,0.63,0.46,P2,Team_B,Medium
11871,Low,0.3,0.61,1,0.49,0.54,0.37,P2,Team_B,Medium
11872,Medium,0.6,0.23,3,0.63,0.76,0.85,P2,Team_A,Medium
11873,Low,0.3,0.16,1,0.87,0.78,0.91,P3,Team_B,Low
11874,High,0.9,0.69,4,0.7,0.34,0.95,P1,Team_A,High
11875,Medium,0.6,0.68,4,0.21,0.46,0.44,P2,Team_C,Medium
11876,Medium,0.6,0.37,3,0.91,0.91,0.46,P2,Team_C,Medium
11877,Low,0.3,0.24,4,0.62,0.75,0.4,P3,Team_B,Low
11878,High,0.9,0.66,2,0.6,0.78,0.59,P1,Team_B,High
11879,High,0.9,0.19,1,0.85,0.27,0.97,P2,Team_B,Medium
11880,Low,0.3,0.56,4,0.79,0.74,0.41,P2,Team_A,Medium
11881,Medium,0.6,0.37,2,0.59,0.77,0.31,P2,Team_C,Medium
11882,Low,0.3,0.34,2,0.6,0.39,0.45,P3,Team_A,Low
11883,High,0.9,0.77,3,0.52,0.75,0.51,P1,Team_C,High
11884,High,0.9,0.17,4,0.84,0.46,0.7,P2,Team_A,Medium
11885,Low,0.3,0.87,2,0.73,0.48,0.36,P2,Team_C,Medium
11886,Medium,0.6,0.75,3,0.87,0.76,0.95,P2,Team_B,Medium
11887,High,0.9,0.52,1,0.53,0.44,0.57,P2,Team_C,Medium
11888,Low,0.3,0.57,2,0.75,0.84,0.9,P2,Team_C,Medium
11889,Low,0.3,0.34,4,0.67,0.85,0.6,P3,Team_B,Low
11890,Low,0.3,0.88,3,0.66,0.47,0.59,P2,Team_B,Medium
11891,Medium,0.6,0.47,2,0.78,0.54,0.78,P2,Team_B,Medium
11892,Low,0.3,0.12,4,0.73,0.59,0.45,P3,Team_B,Low
11893,Low,0.3,0.41,4,0.91,0.84,0.57,P2,Team_B,Medium
11894,High,0.9,0.94,1,0.87,0.36,0.74,P1,Team_C,High
11895,Low,0.3,0.21,2,0.71,0.71,0.53,P3,Team_B,Low
11896,Low,0.3,0.94,1,0.55,0.79,0.64,P2,Team_C,Medium
11897,Low,0.3,0.71,4,0.43,0.58,0.58,P2,Team_A,Medium
11898,Low,0.3,0.73,2,0.85,0.49,0.95,P2,Team_C,Medium
11899,Low,0.3,0.47,1,0.91,0.61,0.55,P2,Team_B,Medium
11900,Low,0.3,0.19,2,0.81,0.84,0.57,P3,Team_A,Low
11901,Low,0.3,0.06,2,0.7,0.77,0.99,P3,Team_A,Low
11902,High,0.9,0.83,4,0.83,0.84,0.58,P1,Team_A,High
11903,Low,0.3,0.81,2,0.76,0.87,0.91,P2,Team_A,Medium
11904,High,0.9,0.27,3,0.9,0.59,0.52,P2,Team_B,Medium
11905,Low,0.3,0.53,3,0.58,0.79,0.47,P2,Team_A,Medium
11906,Low,0.3,0.48,2,0.81,0.54,0.95,P2,Team_C,Medium
11907,High,0.9,0.54,2,0.68,0.82,0.51,P2,Team_A,Medium
11908,Medium,0.6,0.47,1,0.95,0.46,0.57,P2,Team_A,Medium
11909,Low,0.3,0.69,1,0.66,0.92,0.54,P2,Team_C,Medium
11910,Medium,0.6,0.53,4,0.79,0.86,0.71,P2,Team_A,Medium
11911,High,0.9,0.58,1,0.78,0.44,0.35,P2,Team_B,Medium
11912,Medium,0.6,0.73,3,0.89,0.66,0.87,P2,Team_C,Medium
11913,Medium,0.6,0.65,4,0.62,0.63,0.64,P2,Team_C,Medium
11914,Medium,0.6,0.67,1,0.67,0.66,0.61,P2,Team_B,Medium
11915,High,0.9,0.74,4,0.64,0.6,0.51,P1,Team_B,High
11916,Medium,0.6,0.97,3,0.79,0.83,0.37,P2,Team_B,Medium
11917,Medium,0.6,0.52,2,0.7,0.46,0.48,P2,Team_C,Medium
11918,Medium,0.6,0.15,3,0.89,0.88,0.34,P2,Team_A,Medium
11919,High,0.9,0.7,3,0.86,0.88,0.44,P1,Team_C,High
11920,Low,0.3,0.13,2,0.78,0.67,0.59,P3,Team_A,Low
11921,Medium,0.6,0.83,4,0.77,0.85,0.38,P2,Team_A,Medium
11922,Low,0.3,0.58,4,0.61,0.89,0.48,P2,Team_B,Medium
11923,Medium,0.6,0.39,1,0.78,0.97,0.63,P2,Team_B,Medium
11924,Low,0.3,0.31,1,0.86,0.28,0.38,P3,Team_C,Low
11925,Medium,0.6,0.52,2,0.83,0.44,0.82,P2,Team_A,Medium
11926,Low,0.3,0.44,4,0.77,0.35,0.74,P2,Team_C,Medium
11927,Low,0.3,0.44,4,0.81,0.42,0.83,P2,Team_A,Medium
11928,Low,0.3,0.17,3,0.55,0.62,0.45,P3,Team_C,Low
11929,Medium,0.6,0.62,2,0.9,0.49,0.35,P2,Team_B,Medium
11930,Low,0.3,0.64,3,0.75,0.7,0.77,P2,Team_A,Medium
11931,Medium,0.6,0.79,2,0.67,0.97,0.79,P2,Team_C,Medium
11932,Low,0.3,0.59,2,0.82,0.75,0.77,P2,Team_C,Medium
11933,High,0.9,0.93,1,0.73,0.35,0.41,P1,Team_C,High
11934,High,0.9,0.74,4,0.85,0.62,0.88,P1,Team_B,High
11935,Medium,0.6,0.96,4,0.75,0.65,0.6,P2,Team_A,Medium
11936,Medium,0.6,0.85,4,0.96,0.88,0.96,P2,Team_B,Medium
11937,High,0.9,0.71,2,0.78,0.71,0.39,P1,Team_C,High
11938,Low,0.3,0.8,1,0.76,0.55,0.9,P2,Team_B,Medium
11939,Low,0.3,0.88,3,0.66,0.31,0.85,P2,Team_A,Medium
11940,Medium,0.6,0.82,4,0.83,0.68,0.53,P2,Team_C,Medium
11941,Medium,0.6,0.19,4,0.73,0.79,0.38,P2,Team_A,Medium
11942,High,0.9,0.46,1,0.61,0.88,0.46,P2,Team_C,Medium
11943,Medium,0.6,0.78,3,0.8,0.42,0.86,P2,Team_A,Medium
11944,Medium,0.6,0.44,3,0.85,0.77,0.93,P2,Team_A,Medium
11945,Medium,0.6,0.58,1,0.81,0.39,0.6,P2,Team_C,Medium
11946,High,0.9,0.46,3,0.8,0.64,0.58,P2,Team_B,Medium
11947,Low,0.3,0.53,2,0.89,0.77,0.93,P2,Team_A,Medium
11948,Low,0.3,0.53,3,0.71,0.88,0.62,P2,Team_C,Medium
11949,Low,0.3,0.53,4,0.84,0.51,0.79,P2,Team_B,Medium
11950,Medium,0.6,0.21,3,0.86,0.84,0.55,P2,Team_C,Medium
11951,Medium,0.6,0.56,4,0.87,0.86,0.7,P2,Team_A,Medium
11952,Low,0.3,0.34,4,0.79,0.77,0.65,P3,Team_C,Low
11953,Medium,0.6,0.29,3,0.78,0.67,0.55,P2,Team_A,Medium
11954,Medium,0.6,0.79,3,0.82,0.78,0.4,P2,Team_A,Medium
11955,Low,0.3,0.75,3,0.49,0.88,0.9,P2,Team_B,Medium
11956,Medium,0.6,0.36,4,0.7,0.81,0.76,P2,Team_C,Medium
11957,Low,0.3,0.37,4,0.63,0.63,0.68,P3,Team_B,Low
11958,Low,0.3,0.36,3,0.95,0.39,0.62,P3,Team_C,Low
11959,Medium,0.6,0.89,3,0.5,0.48,0.92,P2,Team_C,Medium
11960,Medium,0.6,0.69,3,0.81,0.46,0.6,P2,Team_C,Medium
11961,Low,0.3,0.56,3,0.91,0.21,0.88,P2,Team_B,Medium
11962,Low,0.3,0.77,3,0.88,0.67,0.58,P2,Team_B,Medium
11963,Low,0.3,0.69,3,0.94,0.91,0.84,P2,Team_B,Medium
11964,Low,0.3,0.18,1,0.55,0.46,0.55,P3,Team_C,Low
11965,Low,0.3,0.13,3,0.76,0.8,0.76,P3,Team_C,Low
11966,Medium,0.6,0.32,3,0.67,0.77,0.81,P2,Team_C,Medium
11967,Low,0.3,0.06,1,0.84,0.67,0.81,P3,Team_C,Low
11968,High,0.9,0.41,3,0.55,0.64,1.0,P2,Team_B,Medium
11969,Low,0.3,0.6,2,0.74,0.5,0.83,P2,Team_A,Medium
11970,Medium,0.6,0.28,4,0.66,0.9,0.72,P2,Team_B,Medium
11971,Low,0.3,0.3,2,0.78,0.71,0.98,P3,Team_C,Low
11972,High,0.9,0.67,1,0.63,0.87,0.71,P1,Team_C,High
11973,High,0.9,0.99,2,0.86,0.59,0.34,P1,Team_A,High
11974,Medium,0.6,0.08,4,0.72,0.96,0.4,P2,Team_B,Medium
11975,Low,0.3,0.49,1,0.57,0.82,0.68,P2,Team_A,Medium
11976,Medium,0.6,0.32,1,0.9,0.59,0.84,P2,Team_A,Medium
11977,Medium,0.6,0.51,1,0.92,0.66,0.93,P2,Team_B,Medium
11978,Low,0.3,0.2,2,0.63,0.51,0.99,P3,Team_A,Low
11979,Medium,0.6,0.65,4,0.76,0.75,0.9,P2,Team_B,Medium
11980,High,0.9,0.12,2,0.72,0.79,0.4,P2,Team_A,Medium
11981,High,0.9,0.32,3,0.82,0.35,0.87,P2,Team_C,Medium
11982,Low,0.3,0.23,1,0.84,0.89,0.54,P3,Team_B,Low
11983,Low,0.3,0.77,4,0.82,0.72,0.46,P2,Team_A,Medium
11984,High,0.9,0.2,1,0.87,0.62,0.78,P2,Team_C,Medium
11985,Low,0.3,0.58,1,0.72,0.79,0.84,P2,Team_A,Medium
11986,Low,0.3,0.32,1,0.49,0.68,0.32,P3,Team_B,Low
11987,High,0.9,0.26,4,0.92,0.53,0.72,P2,Team_B,Medium
11988,Low,0.3,0.61,2,0.77,0.83,0.44,P2,Team_B,Medium
11989,High,0.9,0.86,4,0.86,0.65,0.75,P1,Team_C,High
11990,Low,0.3,0.14,3,0.69,0.65,0.4,P3,Team_A,Low
11991,Low,0.3,0.84,2,0.49,0.56,0.63,P2,Team_B,Medium
11992,Low,0.3,0.63,4,0.83,0.79,0.82,P2,Team_B,Medium
11993,Medium,0.6,0.47,4,0.92,0.68,0.3,P2,Team_A,Medium
11994,Low,0.3,0.4,2,0.71,0.73,0.66,P2,Team_C,Medium
11995,Medium,0.6,0.35,1,0.37,0.74,0.78,P2,Team_A,Medium
11996,Low,0.3,0.94,4,0.47,0.55,0.95,P2,Team_B,Medium
11997,Low,0.3,0.53,4,0.85,0.8,0.7,P2,Team_A,Medium
11998,High,0.9,0.35,1,0.53,0.76,0.53,P2,Team_B,Medium
11999,Medium,0.6,0.26,2,0.92,0.61,0.66,P2,Team_C,Medium
12000,High,0.9,0.17,2,0.46,0.65,0.72,P2,Team_A,Medium
