incident_id,severity_label,severity_score,area_load,available_teams,team_skill_match,historical_team_performance,citizen_trust_score,priority_level,assigned_team,suggested_resources,predicted_priority
1,Low,0.3,0.22,4,0.72,0.69,0.73,P3,Team_B,Low,P3
2,Medium,0.6,0.21,4,0.86,0.8,0.31,P2,Team_A,Medium,P2
3,High,0.9,0.24,3,0.6,0.6,0.45,P2,Team_B,Medium,P2
4,Low,0.3,0.28,3,0.89,0.68,0.86,P3,Team_A,Low,P3
5,Low,0.3,0.34,3,0.7,0.64,0.53,P3,Team_C,Low,P3
6,Low,0.3,0.83,1,0.78,0.75,0.38,P2,Team_A,Medium,P2
7,Low,0.3,0.33,1,0.9,0.74,0.87,P3,Team_A,Low,P3
8,Low,0.3,0.22,4,0.72,0.68,0.59,P3,Team_A,Low,P3
9,Medium,0.6,0.48,4,0.41,0.92,0.33,P2,Team_A,Medium,P2
10,High,0.9,0.43,2,0.89,0.69,0.56,P2,Team_B,Medium,P2
11,Medium,0.6,0.3,2,0.74,0.69,0.96,P2,Team_C,Medium,P2
12,High,0.9,0.61,2,0.5,0.54,0.5,P1,Team_C,High,P1
13,Medium,0.6,0.48,3,0.67,0.9,0.61,P2,Team_A,Medium,P2
14,Low,0.3,0.41,4,0.79,0.93,0.99,P2,Team_C,Medium,P2
15,High,0.9,0.62,4,0.84,0.84,0.82,P1,Team_A,High,P1
16,High,0.9,0.54,3,0.98,0.55,0.48,P2,Team_B,Medium,P2
17,High,0.9,0.15,1,0.95,0.73,0.32,P2,Team_B,Medium,P2
18,Low,0.3,0.48,1,0.75,0.96,0.49,P2,Team_A,Medium,P2
19,Medium,0.6,0.65,4,0.59,0.8,0.32,P2,Team_A,Medium,P2
20,Low,0.3,0.2,3,0.49,0.42,0.47,P3,Team_C,Low,P3
21,High,0.9,0.71,4,0.9,0.36,0.78,P1,Team_C,High,P1
22,High,0.9,0.44,3,0.97,0.81,0.89,P2,Team_B,Medium,P2
23,Low,0.3,0.85,3,0.68,0.84,0.59,P2,Team_B,Medium,P2
24,Low,0.3,0.63,3,0.69,0.8,0.57,P2,Team_A,Medium,P2
25,High,0.9,0.57,3,0.65,0.43,0.38,P2,Team_A,Medium,P2
26,Medium,0.6,0.65,3,0.74,0.56,0.4,P2,Team_A,Medium,P2
27,Low,0.3,0.76,4,0.92,0.41,0.48,P2,Team_B,Medium,P2
28,Medium,0.6,0.72,2,0.98,0.84,0.53,P2,Team_B,Medium,P2
29,High,0.9,0.41,3,0.73,0.75,0.97,P2,Team_B,Medium,P2
30,Medium,0.6,0.12,2,0.81,0.64,0.72,P2,Team_A,Medium,P2
31,Low,0.3,0.95,2,0.77,0.87,0.89,P2,Team_A,Medium,P2
32,Low,0.3,0.28,3,0.59,0.62,0.73,P3,Team_C,Low,P3
33,Low,0.3,0.25,4,0.32,0.72,0.99,P3,Team_B,Low,P3
34,Medium,0.6,0.76,2,0.82,0.69,0.84,P2,Team_A,Medium,P2
35,High,0.9,0.1,3,0.19,0.47,0.91,P2,Team_C,Medium,P2
36,Medium,0.6,0.51,4,0.73,0.8,0.53,P2,Team_B,Medium,P2
37,High,0.9,0.32,1,0.86,0.67,0.8,P2,Team_B,Medium,P2
38,Low,0.3,0.81,3,0.89,0.89,0.67,P2,Team_A,Medium,P2
39,High,0.9,0.62,3,0.78,0.23,0.73,P1,Team_C,High,P1
40,Low,0.3,0.48,2,0.97,0.74,0.64,P2,Team_B,Medium,P2
41,Medium,0.6,0.39,4,0.53,0.67,0.95,P2,Team_A,Medium,P2
42,Medium,0.6,0.55,4,0.9,0.91,0.9,P2,Team_B,Medium,P2
43,Low,0.3,0.52,4,0.72,0.55,0.94,P2,Team_A,Medium,P2
44,High,0.9,0.76,3,0.5,0.84,0.46,P1,Team_C,High,P1
45,Low,0.3,0.43,3,0.57,0.68,0.8,P2,Team_A,Medium,P2
46,High,0.9,0.76,4,0.39,0.86,0.7,P1,Team_B,High,P1
47,Low,0.3,0.37,4,0.65,0.89,0.94,P3,Team_A,Low,P3
48,High,0.9,0.26,2,0.78,0.47,0.73,P2,Team_C,Medium,P2
49,Low,0.3,0.77,3,0.84,0.77,0.94,P2,Team_B,Medium,P2
50,Low,0.3,0.23,1,0.82,0.91,0.52,P3,Team_B,Low,P3
51,Medium,0.6,0.55,1,0.71,0.47,0.65,P2,Team_C,Medium,P2
52,Low,0.3,0.93,4,0.7,0.78,0.54,P2,Team_A,Medium,P2
53,Low,0.3,0.25,2,0.93,0.45,0.91,P3,Team_A,Low,P3
54,Medium,0.6,0.68,2,0.66,0.67,0.99,P2,Team_C,Medium,P2
55,High,0.9,0.24,2,0.91,0.5,0.87,P2,Team_A,Medium,P2
56,Low,0.3,0.42,2,0.88,0.59,0.89,P2,Team_A,Medium,P2
57,Low,0.3,0.84,2,0.79,0.72,0.97,P2,Team_B,Medium,P2
58,Medium,0.6,0.64,1,0.81,0.67,0.62,P2,Team_C,Medium,P2
59,High,0.9,0.6,3,0.72,0.6,0.75,P2,Team_A,Medium,P2
60,High,0.9,0.67,4,0.62,0.63,0.96,P1,Team_B,High,P1
61,Medium,0.6,0.26,2,0.44,0.45,0.52,P2,Team_A,Medium,P2
62,Medium,0.6,0.29,4,0.77,0.5,0.64,P2,Team_A,Medium,P2
63,Medium,0.6,0.53,4,0.78,0.82,0.31,P2,Team_B,Medium,P2
64,Low,0.3,0.55,1,0.74,0.25,0.99,P2,Team_C,Medium,P2
65,Medium,0.6,0.27,3,0.79,0.39,0.41,P2,Team_C,Medium,P2
66,Low,0.3,0.13,2,0.95,0.51,0.5,P3,Team_C,Low,P3
67,Low,0.3,0.45,4,0.82,0.92,0.92,P2,Team_C,Medium,P2
68,High,0.9,0.46,1,0.67,0.64,0.41,P2,Team_B,Medium,P2
69,High,0.9,0.45,1,0.6,0.63,0.6,P2,Team_B,Medium,P2
70,Low,0.3,0.57,4,0.85,0.32,0.57,P2,Team_A,Medium,P2
71,Low,0.3,0.89,2,0.89,0.51,0.89,P2,Team_C,Medium,P2
72,Medium,0.6,0.14,4,0.74,0.4,0.81,P2,Team_B,Medium,P2
73,Low,0.3,0.56,4,0.57,0.86,0.86,P2,Team_A,Medium,P2
74,High,0.9,0.52,4,0.66,0.44,0.35,P2,Team_B,Medium,P2
75,Medium,0.6,0.11,2,0.69,0.84,0.45,P2,Team_A,Medium,P2
76,Medium,0.6,0.31,4,0.79,0.7,0.97,P2,Team_A,Medium,P2
77,Medium,0.6,0.64,2,0.76,0.47,0.64,P2,Team_C,Medium,P2
78,Medium,0.6,0.39,1,0.91,0.69,0.41,P2,Team_B,Medium,P2
79,Medium,0.6,0.48,1,0.65,0.59,0.81,P2,Team_B,Medium,P2
80,High,0.9,0.06,2,0.78,0.83,0.89,P2,Team_A,Medium,P2
81,Low,0.3,0.54,2,0.31,0.81,0.76,P2,Team_C,Medium,P2
82,Low,0.3,0.59,3,0.68,0.78,0.61,P2,Team_B,Medium,P2
83,Low,0.3,0.51,3,0.36,0.73,0.49,P2,Team_B,Medium,P2
84,Low,0.3,0.54,1,0.68,0.24,0.66,P2,Team_B,Medium,P2
85,Low,0.3,0.71,3,0.63,0.67,0.91,P2,Team_A,Medium,P2
86,Low,0.3,0.62,4,0.72,0.96,1.0,P2,Team_A,Medium,P2
87,High,0.9,0.56,2,0.64,0.73,0.75,P2,Team_A,Medium,P2
88,Low,0.3,0.41,1,0.95,0.78,0.65,P2,Team_A,Medium,P2
89,High,0.9,0.36,4,0.93,0.46,0.66,P2,Team_A,Medium,P2
90,Low,0.3,0.43,3,0.77,0.4,0.95,P2,Team_C,Medium,P2
91,Medium,0.6,0.88,2,0.78,0.68,0.48,P2,Team_B,Medium,P2
92,High,0.9,0.54,3,0.33,0.8,0.84,P2,Team_A,Medium,P2
93,Low,0.3,0.18,2,0.77,0.65,0.67,P3,Team_B,Low,P3
94,Low,0.3,0.28,2,0.81,0.22,0.54,P3,Team_B,Low,P3
95,Low,0.3,0.78,4,0.95,0.92,0.77,P2,Team_C,Medium,P2
96,Medium,0.6,0.55,2,0.71,0.83,0.42,P2,Team_C,Medium,P2
97,High,0.9,0.72,4,0.33,0.79,0.68,P1,Team_A,High,P1
98,Medium,0.6,0.53,1,0.7,0.72,0.96,P2,Team_A,Medium,P2
99,Medium,0.6,0.26,2,0.61,0.71,0.91,P2,Team_B,Medium,P2
100,Low,0.3,0.7,3,0.41,0.63,0.64,P2,Team_B,Medium,P2
101,High,0.9,0.25,1,0.71,0.61,0.52,P2,Team_B,Medium,P2
102,High,0.9,0.71,2,0.56,0.61,0.79,P1,Team_A,High,P1
103,Medium,0.6,0.23,1,0.75,0.94,0.39,P2,Team_C,Medium,P2
104,Medium,0.6,0.66,1,0.79,0.85,0.43,P2,Team_A,Medium,P2
105,Low,0.3,0.39,3,0.52,0.54,0.73,P3,Team_A,Low,P3
106,Medium,0.6,0.51,1,0.78,0.67,0.62,P2,Team_A,Medium,P2
107,Medium,0.6,0.66,1,0.69,0.71,0.66,P2,Team_B,Medium,P2
108,Medium,0.6,0.7,4,0.89,0.69,0.75,P2,Team_B,Medium,P2
109,Medium,0.6,0.32,2,0.62,0.51,0.46,P2,Team_A,Medium,P2
110,Low,0.3,0.04,4,0.76,0.85,0.94,P3,Team_B,Low,P3
111,Medium,0.6,0.32,4,0.76,0.69,0.45,P2,Team_C,Medium,P2
112,Low,0.3,0.72,3,0.96,0.71,0.31,P2,Team_A,Medium,P2
113,Medium,0.6,0.33,2,0.92,0.82,0.3,P2,Team_B,Medium,P2
114,High,0.9,0.5,3,0.84,0.87,0.57,P2,Team_A,Medium,P2
115,Low,0.3,0.5,3,0.9,0.61,0.86,P2,Team_C,Medium,P2
116,Low,0.3,0.89,4,0.66,0.57,0.36,P2,Team_A,Medium,P2
117,Medium,0.6,0.43,4,0.89,0.91,0.79,P2,Team_B,Medium,P2
118,High,0.9,0.62,1,0.71,0.6,0.85,P1,Team_B,High,P1
119,Low,0.3,0.47,1,0.76,0.6,0.61,P2,Team_A,Medium,P2
120,Low,0.3,0.57,3,0.89,0.7,0.34,P2,Team_B,Medium,P2
121,Medium,0.6,0.19,1,0.42,0.72,0.68,P2,Team_C,Medium,P2
122,Medium,0.6,0.31,1,0.88,0.49,0.85,P2,Team_B,Medium,P2
123,High,0.9,0.38,3,0.59,0.47,0.69,P2,Team_B,Medium,P2
124,Medium,0.6,0.3,2,0.63,0.87,0.67,P2,Team_A,Medium,P2
125,Medium,0.6,0.6,4,0.2,0.26,0.65,P2,Team_A,Medium,P2
126,Low,0.3,0.83,2,0.63,0.74,0.77,P2,Team_A,Medium,P2
127,Low,0.3,0.26,4,0.74,0.77,0.8,P3,Team_A,Low,P3
128,Medium,0.6,0.27,3,0.59,0.78,0.82,P2,Team_B,Medium,P2
129,Medium,0.6,0.46,3,0.58,0.77,0.42,P2,Team_A,Medium,P2
130,High,0.9,0.87,2,0.71,0.69,0.34,P1,Team_C,High,P1
131,Low,0.3,0.43,4,0.7,0.85,0.6,P2,Team_B,Medium,P2
132,High,0.9,0.7,2,0.74,0.74,0.61,P1,Team_B,High,P1
133,Low,0.3,0.52,4,0.95,0.54,0.36,P2,Team_A,Medium,P2
134,High,0.9,0.78,1,0.66,0.61,0.7,P1,Team_A,High,P1
135,Medium,0.6,0.28,2,0.69,0.92,0.64,P2,Team_B,Medium,P2
136,Low,0.3,0.84,2,0.76,0.95,0.5,P2,Team_A,Medium,P2
137,Medium,0.6,0.6,2,0.71,0.84,0.7,P2,Team_C,Medium,P2
138,Medium,0.6,0.56,4,0.66,0.9,0.9,P2,Team_B,Medium,P2
139,Low,0.3,0.6,3,0.62,0.52,0.59,P2,Team_A,Medium,P2
140,Medium,0.6,0.93,2,0.9,0.61,0.36,P2,Team_C,Medium,P2
141,Low,0.3,0.74,1,0.82,0.82,0.46,P2,Team_C,Medium,P2
142,Medium,0.6,0.66,4,0.96,0.62,0.92,P2,Team_A,Medium,P2
143,High,0.9,0.93,3,0.83,0.26,0.62,P1,Team_A,High,P1
144,Low,0.3,0.41,4,0.75,0.64,0.39,P2,Team_B,Medium,P2
145,Low,0.3,0.44,4,0.63,0.98,0.89,P2,Team_C,Medium,P2
146,Low,0.3,0.46,4,0.85,0.78,0.81,P2,Team_B,Medium,P2
147,Medium,0.6,0.61,4,0.67,0.63,0.33,P2,Team_B,Medium,P2
148,High,0.9,0.62,4,0.64,0.94,0.61,P1,Team_C,High,P1
149,Medium,0.6,0.26,4,0.68,0.89,0.52,P2,Team_C,Medium,P2
150,Medium,0.6,0.55,4,0.44,0.55,0.86,P2,Team_C,Medium,P2
151,High,0.9,0.42,1,0.87,0.63,0.79,P2,Team_C,Medium,P2
152,Low,0.3,0.62,2,0.35,0.71,0.89,P2,Team_B,Medium,P2
153,Low,0.3,0.9,3,0.79,0.44,0.45,P2,Team_A,Medium,P2
154,Medium,0.6,0.72,3,0.58,0.98,0.51,P2,Team_C,Medium,P2
155,Medium,0.6,0.7,3,0.84,0.7,0.72,P2,Team_A,Medium,P2
156,Low,0.3,0.56,1,0.69,0.73,0.96,P2,Team_C,Medium,P2
157,Low,0.3,0.97,4,0.79,0.73,0.96,P2,Team_A,Medium,P2
158,Low,0.3,0.51,4,0.76,0.82,0.59,P2,Team_B,Medium,P2
159,Low,0.3,0.38,1,0.74,0.61,0.71,P3,Team_A,Low,P3
160,Low,0.3,0.82,2,0.72,0.59,0.81,P2,Team_A,Medium,P2
161,High,0.9,0.7,3,0.9,0.74,0.54,P1,Team_C,High,P1
162,Medium,0.6,0.13,3,0.37,0.78,0.8,P2,Team_A,Medium,P2
163,Low,0.3,0.45,2,0.94,0.77,0.73,P2,Team_A,Medium,P2
164,Medium,0.6,0.34,4,0.76,0.46,0.78,P2,Team_B,Medium,P2
165,Low,0.3,0.71,1,0.66,0.73,0.9,P2,Team_A,Medium,P2
166,Low,0.3,0.29,4,0.79,0.89,0.45,P3,Team_B,Low,P3
167,High,0.9,0.71,3,0.8,0.65,0.62,P1,Team_A,High,P1
168,Low,0.3,0.67,2,0.48,0.89,0.47,P2,Team_A,Medium,P2
169,Medium,0.6,0.28,3,0.64,0.55,0.61,P2,Team_B,Medium,P2
170,Low,0.3,0.24,4,0.53,0.41,0.69,P3,Team_A,Low,P3
171,Medium,0.6,0.2,3,0.53,0.54,0.51,P2,Team_C,Medium,P2
172,Low,0.3,0.1,1,0.87,0.68,0.91,P3,Team_C,Low,P3
173,Low,0.3,0.6,1,0.66,0.76,0.81,P2,Team_B,Medium,P2
174,Medium,0.6,0.11,2,0.92,0.8,0.83,P2,Team_A,Medium,P2
175,Medium,0.6,0.66,4,0.85,0.32,0.37,P2,Team_A,Medium,P2
176,Medium,0.6,0.27,2,0.68,0.85,0.53,P2,Team_A,Medium,P2
177,High,0.9,0.52,1,0.96,0.59,0.89,P2,Team_C,Medium,P2
178,Low,0.3,0.55,3,0.65,0.67,0.52,P2,Team_B,Medium,P2
179,Medium,0.6,0.25,4,0.72,0.6,0.6,P2,Team_B,Medium,P2
180,Medium,0.6,0.64,2,0.72,0.66,0.59,P2,Team_B,Medium,P2
181,Medium,0.6,0.55,2,0.85,0.61,0.44,P2,Team_A,Medium,P2
182,Medium,0.6,0.32,3,0.7,0.66,0.98,P2,Team_C,Medium,P2
183,Medium,0.6,0.84,3,0.78,0.69,0.79,P2,Team_A,Medium,P2
184,Low,0.3,0.09,3,0.65,0.6,0.6,P3,Team_C,Low,P3
185,High,0.9,0.31,1,0.74,0.79,0.47,P2,Team_C,Medium,P2
186,Medium,0.6,0.16,4,0.84,0.83,0.48,P2,Team_C,Medium,P2
187,Medium,0.6,0.6,1,0.78,0.81,0.4,P2,Team_C,Medium,P2
188,Low,0.3,0.78,4,0.68,0.18,0.59,P2,Team_B,Medium,P2
189,Low,0.3,0.19,4,0.78,0.8,0.88,P3,Team_B,Low,P3
190,High,0.9,0.76,3,0.47,0.6,0.92,P1,Team_C,High,P1
191,Medium,0.6,0.58,4,0.6,0.86,0.37,P2,Team_B,Medium,P2
192,Medium,0.6,0.84,4,0.69,0.84,0.44,P2,Team_B,Medium,P2
193,Medium,0.6,0.67,1,0.88,0.72,0.84,P2,Team_C,Medium,P2
194,Medium,0.6,0.13,4,0.55,0.59,0.39,P2,Team_B,Medium,P2
195,High,0.9,0.42,3,0.44,0.81,0.89,P2,Team_A,Medium,P2
196,High,0.9,0.43,1,0.88,0.63,0.81,P2,Team_B,Medium,P2
197,Low,0.3,0.22,1,0.6,0.69,0.83,P3,Team_C,Low,P3
198,Medium,0.6,0.84,3,0.8,0.59,0.74,P2,Team_B,Medium,P2
199,Low,0.3,0.72,1,0.88,0.68,0.76,P2,Team_A,Medium,P2
200,Low,0.3,0.71,1,0.75,0.72,0.99,P2,Team_B,Medium,P2
201,Medium,0.6,0.68,2,0.58,0.71,0.61,P2,Team_A,Medium,P2
202,High,0.9,0.15,4,0.45,0.96,0.97,P2,Team_C,Medium,P2
203,Low,0.3,0.91,3,0.9,0.96,0.35,P2,Team_A,Medium,P2
204,High,0.9,0.31,3,0.96,0.96,0.9,P2,Team_B,Medium,P2
205,Medium,0.6,0.22,3,0.76,0.69,0.87,P2,Team_A,Medium,P2
206,Low,0.3,0.13,2,0.71,0.46,0.92,P3,Team_B,Low,P3
207,Medium,0.6,0.6,4,0.84,0.9,0.72,P2,Team_A,Medium,P2
208,High,0.9,0.41,1,0.64,0.73,0.98,P2,Team_A,Medium,P2
209,Medium,0.6,0.32,3,0.54,0.51,0.83,P2,Team_C,Medium,P2
210,High,0.9,0.67,3,0.83,0.66,0.49,P1,Team_B,High,P1
211,Medium,0.6,0.91,2,0.5,0.72,0.58,P2,Team_C,Medium,P2
212,Low,0.3,0.84,3,0.89,0.75,0.69,P2,Team_B,Medium,P2
213,High,0.9,0.72,4,0.77,0.84,0.95,P1,Team_A,High,P1
214,Medium,0.6,0.87,4,0.64,0.95,0.48,P2,Team_B,Medium,P2
215,Low,0.3,0.46,2,0.41,0.71,0.56,P2,Team_A,Medium,P2
216,Low,0.3,0.84,2,0.69,0.63,0.83,P2,Team_C,Medium,P2
217,Medium,0.6,0.2,1,0.48,0.58,0.9,P2,Team_A,Medium,P2
218,High,0.9,0.22,2,0.69,0.8,0.69,P2,Team_A,Medium,P2
219,Medium,0.6,0.35,4,0.67,0.8,0.75,P2,Team_C,Medium,P2
220,Medium,0.6,0.13,3,0.43,0.89,0.6,P2,Team_C,Medium,P2
221,Low,0.3,0.42,2,0.7,0.53,0.8,P2,Team_C,Medium,P2
222,Low,0.3,0.4,2,0.44,0.43,0.8,P2,Team_C,Medium,P2
223,High,0.9,0.86,2,0.66,0.88,0.96,P1,Team_B,High,P1
224,Medium,0.6,0.28,1,0.78,0.81,0.96,P2,Team_C,Medium,P2
225,Low,0.3,0.42,3,0.84,0.43,0.7,P2,Team_C,Medium,P2
226,Medium,0.6,0.75,2,0.68,0.35,0.48,P2,Team_C,Medium,P2
227,Medium,0.6,0.47,4,0.88,0.82,0.45,P2,Team_C,Medium,P2
228,Low,0.3,0.66,4,0.69,0.41,0.98,P2,Team_A,Medium,P2
229,High,0.9,0.32,3,0.68,0.19,0.73,P2,Team_A,Medium,P2
230,High,0.9,0.39,4,0.65,0.77,0.42,P2,Team_A,Medium,P2
231,Medium,0.6,0.58,3,0.8,0.62,0.67,P2,Team_A,Medium,P2
232,High,0.9,0.79,2,0.81,0.61,0.66,P1,Team_A,High,P1
233,High,0.9,0.61,3,0.9,0.86,0.32,P1,Team_C,High,P1
234,Medium,0.6,0.21,1,0.83,0.71,0.93,P2,Team_A,Medium,P2
235,Medium,0.6,0.77,4,0.79,0.79,0.34,P2,Team_C,Medium,P2
236,Medium,0.6,0.21,4,0.78,0.39,0.68,P2,Team_A,Medium,P2
237,High,0.9,0.28,1,0.82,0.93,0.81,P2,Team_C,Medium,P2
238,Low,0.3,0.22,3,0.62,0.6,0.71,P3,Team_C,Low,P3
239,Medium,0.6,0.81,4,0.72,0.66,0.37,P2,Team_A,Medium,P2
240,Low,0.3,0.17,2,0.8,0.81,0.75,P3,Team_C,Low,P3
241,Medium,0.6,0.09,1,0.87,0.68,0.67,P2,Team_C,Medium,P2
242,Medium,0.6,0.21,3,0.83,0.48,0.72,P2,Team_B,Medium,P2
243,Medium,0.6,0.22,4,0.66,0.91,0.79,P2,Team_C,Medium,P2
244,Medium,0.6,0.89,4,0.79,0.83,0.64,P2,Team_B,Medium,P2
245,Medium,0.6,0.38,2,0.81,0.67,0.52,P2,Team_A,Medium,P2
246,Medium,0.6,0.43,3,0.63,0.73,0.39,P2,Team_B,Medium,P2
247,Low,0.3,0.43,4,0.82,0.96,0.87,P2,Team_A,Medium,P2
248,High,0.9,0.24,2,0.89,0.62,0.92,P2,Team_C,Medium,P2
249,High,0.9,0.46,2,0.76,0.52,0.86,P2,Team_C,Medium,P2
250,Medium,0.6,0.4,2,0.96,0.92,0.51,P2,Team_A,Medium,P2
251,Medium,0.6,0.72,2,0.79,0.96,0.98,P2,Team_C,Medium,P2
252,Low,0.3,0.54,1,0.42,0.4,0.48,P2,Team_C,Medium,P2
253,Low,0.3,0.07,1,0.59,0.51,0.92,P3,Team_C,Low,P3
254,Low,0.3,0.5,4,0.75,0.58,0.39,P2,Team_A,Medium,P2
255,Medium,0.6,0.6,3,0.78,0.49,0.94,P2,Team_B,Medium,P2
256,Low,0.3,0.36,1,0.57,0.89,0.49,P3,Team_C,Low,P3
257,Medium,0.6,0.68,3,0.59,0.78,0.61,P2,Team_C,Medium,P2
258,Low,0.3,0.5,1,0.81,0.73,0.45,P2,Team_C,Medium,P2
259,Medium,0.6,0.05,4,0.72,0.67,0.89,P2,Team_C,Medium,P2
260,Medium,0.6,0.65,4,0.94,0.7,0.32,P2,Team_C,Medium,P2
261,Medium,0.6,0.46,2,0.92,0.67,0.39,P2,Team_B,Medium,P2
262,Low,0.3,0.53,2,0.93,0.88,0.71,P2,Team_B,Medium,P2
263,High,0.9,0.58,1,0.64,0.48,0.46,P2,Team_A,Medium,P2
264,Medium,0.6,0.46,4,0.49,0.6,0.68,P2,Team_A,Medium,P2
265,Medium,0.6,0.55,1,0.46,0.34,0.41,P2,Team_A,Medium,P2
266,Low,0.3,0.21,4,0.67,0.42,0.39,P3,Team_A,Low,P3
267,High,0.9,0.86,1,0.64,0.74,0.69,P1,Team_A,High,P1
268,Low,0.3,0.77,2,0.77,0.73,0.43,P2,Team_B,Medium,P2
269,Low,0.3,0.76,1,0.63,0.91,0.58,P2,Team_A,Medium,P2
270,Medium,0.6,0.6,1,0.49,0.68,0.33,P2,Team_B,Medium,P2
271,Low,0.3,0.84,3,0.56,0.59,0.58,P2,Team_A,Medium,P2
272,Low,0.3,0.38,3,0.33,0.85,0.85,P3,Team_A,Low,P3
273,Low,0.3,0.72,3,0.68,0.84,0.94,P2,Team_B,Medium,P2
274,High,0.9,0.57,2,0.55,0.81,0.46,P2,Team_C,Medium,P2
275,High,0.9,0.34,1,0.66,0.47,0.45,P2,Team_C,Medium,P2
276,Low,0.3,0.38,4,0.85,0.67,0.73,P3,Team_B,Low,P3
277,High,0.9,0.32,4,0.61,0.74,0.48,P2,Team_B,Medium,P2
278,Low,0.3,0.36,1,0.75,0.59,0.59,P3,Team_B,Low,P3
279,Low,0.3,0.84,2,0.84,0.81,0.56,P2,Team_A,Medium,P2
280,Low,0.3,0.75,2,0.89,0.77,0.8,P2,Team_B,Medium,P2
281,Low,0.3,0.51,1,0.54,0.76,0.33,P2,Team_C,Medium,P2
282,Medium,0.6,0.68,2,0.85,0.71,0.31,P2,Team_C,Medium,P2
283,Low,0.3,0.64,3,0.81,0.33,0.54,P2,Team_B,Medium,P2
284,Low,0.3,0.87,2,0.84,0.27,0.61,P2,Team_B,Medium,P2
285,Low,0.3,0.5,3,0.45,0.31,0.59,P2,Team_A,Medium,P2
286,Low,0.3,0.5,3,0.78,0.44,0.79,P2,Team_B,Medium,P2
287,High,0.9,0.59,2,0.54,0.72,0.95,P2,Team_A,Medium,P2
288,Low,0.3,0.85,2,0.96,0.6,0.71,P2,Team_C,Medium,P2
289,High,0.9,0.79,3,0.64,0.9,0.73,P1,Team_C,High,P1
290,Low,0.3,0.9,4,0.76,0.61,0.69,P2,Team_A,Medium,P2
291,High,0.9,0.62,2,0.47,0.71,0.82,P1,Team_B,High,P1
292,Medium,0.6,0.16,2,0.96,0.6,0.99,P2,Team_A,Medium,P2
293,Medium,0.6,0.72,1,0.49,0.35,0.82,P2,Team_C,Medium,P2
294,Low,0.3,0.28,3,0.86,0.48,0.39,P3,Team_B,Low,P3
295,Low,0.3,0.83,2,0.43,0.81,0.75,P2,Team_B,Medium,P2
296,Medium,0.6,0.86,4,0.71,0.7,0.42,P2,Team_C,Medium,P2
297,High,0.9,0.65,4,0.48,0.7,0.34,P1,Team_B,High,P1
298,Low,0.3,0.65,2,0.66,0.46,0.43,P2,Team_C,Medium,P2
299,Medium,0.6,0.63,4,0.46,0.33,0.49,P2,Team_A,Medium,P2
300,Low,0.3,0.38,2,0.81,0.61,0.64,P3,Team_B,Low,P3
301,Medium,0.6,0.56,1,0.74,0.88,0.34,P2,Team_B,Medium,P2
302,Low,0.3,0.42,3,0.75,0.84,0.56,P2,Team_B,Medium,P2
303,Medium,0.6,0.36,1,0.94,0.42,0.34,P2,Team_B,Medium,P2
304,High,0.9,0.33,2,0.63,0.46,0.31,P2,Team_C,Medium,P2
305,High,0.9,0.25,4,0.9,0.79,0.77,P2,Team_C,Medium,P2
306,Low,0.3,0.73,2,0.61,0.66,0.57,P2,Team_A,Medium,P2
307,Low,0.3,0.63,1,0.99,0.93,0.95,P2,Team_C,Medium,P2
308,Low,0.3,0.47,3,0.91,0.73,0.76,P2,Team_B,Medium,P2
309,High,0.9,0.93,2,0.88,0.74,0.86,P1,Team_A,High,P1
310,Low,0.3,0.13,2,0.78,0.77,0.86,P3,Team_C,Low,P3
311,Medium,0.6,0.41,1,0.66,0.6,0.34,P2,Team_A,Medium,P2
312,Medium,0.6,0.7,2,0.81,0.7,0.54,P2,Team_B,Medium,P2
313,Medium,0.6,0.45,3,0.83,0.56,0.6,P2,Team_C,Medium,P2
314,Low,0.3,0.27,3,0.59,0.76,0.5,P3,Team_A,Low,P3
315,Low,0.3,0.78,1,0.7,0.86,0.38,P2,Team_B,Medium,P2
316,Low,0.3,0.5,3,0.69,0.61,0.32,P2,Team_B,Medium,P2
317,Medium,0.6,0.47,4,0.53,0.63,0.9,P2,Team_C,Medium,P2
318,Low,0.3,0.55,4,0.28,0.6,0.4,P2,Team_B,Medium,P2
319,Low,0.3,0.21,2,0.63,0.87,0.98,P3,Team_C,Low,P3
320,Medium,0.6,0.75,4,0.97,0.76,0.64,P2,Team_A,Medium,P2
321,Medium,0.6,0.72,1,0.92,0.81,0.82,P2,Team_B,Medium,P2
322,Low,0.3,0.56,3,0.95,0.71,0.79,P2,Team_C,Medium,P2
323,Medium,0.6,0.29,4,0.78,0.68,0.52,P2,Team_C,Medium,P2
324,Medium,0.6,0.48,3,0.53,0.9,0.41,P2,Team_B,Medium,P2
325,Medium,0.6,0.84,3,0.91,0.76,0.39,P2,Team_A,Medium,P2
326,Low,0.3,0.96,2,0.62,0.59,0.7,P2,Team_A,Medium,P2
327,Medium,0.6,0.39,2,0.5,0.84,0.77,P2,Team_C,Medium,P2
328,High,0.9,0.31,2,0.74,0.61,0.38,P2,Team_A,Medium,P2
329,High,0.9,0.41,4,0.79,0.69,0.35,P2,Team_C,Medium,P2
330,Medium,0.6,0.33,1,0.59,0.61,0.6,P2,Team_B,Medium,P2
331,High,0.9,0.11,2,0.75,0.67,0.37,P2,Team_A,Medium,P2
332,Low,0.3,0.43,2,0.91,0.93,0.94,P2,Team_C,Medium,P2
333,Low,0.3,0.26,1,0.63,0.72,0.71,P3,Team_A,Low,P3
334,Low,0.3,0.64,1,0.66,0.62,0.5,P2,Team_B,Medium,P2
335,Low,0.3,0.57,4,0.81,0.71,0.97,P2,Team_A,Medium,P2
336,Low,0.3,0.42,3,0.55,0.82,0.4,P2,Team_A,Medium,P2
337,Low,0.3,0.38,2,0.85,0.49,0.93,P3,Team_A,Low,P3
338,High,0.9,0.75,1,0.91,0.81,0.4,P1,Team_B,High,P1
339,Medium,0.6,0.28,4,0.66,0.34,0.33,P2,Team_A,Medium,P2
340,Medium,0.6,0.76,2,0.49,0.65,0.6,P2,Team_C,Medium,P2
341,Low,0.3,0.65,1,0.79,0.74,0.48,P2,Team_B,Medium,P2
342,Low,0.3,0.8,4,0.65,0.44,0.36,P2,Team_B,Medium,P2
343,High,0.9,0.42,4,0.76,0.5,0.93,P2,Team_C,Medium,P2
344,High,0.9,0.03,2,0.76,0.48,0.39,P2,Team_B,Medium,P2
345,Medium,0.6,0.18,3,0.86,0.81,0.49,P2,Team_B,Medium,P2
346,Low,0.3,0.5,1,0.32,0.76,0.6,P2,Team_C,Medium,P2
347,Medium,0.6,0.28,3,0.68,0.82,0.72,P2,Team_C,Medium,P2
348,High,0.9,0.62,2,0.47,0.81,0.72,P1,Team_A,High,P1
349,Medium,0.6,0.77,2,0.64,0.92,0.34,P2,Team_B,Medium,P2
350,High,0.9,0.53,3,0.86,0.89,0.84,P2,Team_C,Medium,P2
351,Low,0.3,0.62,4,0.4,0.75,0.46,P2,Team_C,Medium,P2
352,Low,0.3,0.53,2,0.85,0.79,0.52,P2,Team_A,Medium,P2
353,Medium,0.6,0.51,4,0.72,0.74,0.4,P2,Team_C,Medium,P2
354,Medium,0.6,0.49,3,0.65,0.58,0.84,P2,Team_B,Medium,P2
355,Medium,0.6,0.84,4,0.74,0.55,0.44,P2,Team_B,Medium,P2
356,High,0.9,0.18,1,0.81,0.73,0.55,P2,Team_B,Medium,P2
357,Medium,0.6,0.74,2,0.56,0.71,0.37,P2,Team_A,Medium,P2
358,Low,0.3,0.86,1,0.7,0.76,0.53,P2,Team_A,Medium,P2
359,Medium,0.6,0.52,1,0.9,0.63,0.69,P2,Team_C,Medium,P2
360,Medium,0.6,0.77,4,0.72,0.94,0.96,P2,Team_A,Medium,P2
361,Medium,0.6,0.55,2,0.92,0.9,0.39,P2,Team_C,Medium,P2
362,High,0.9,0.51,2,0.86,0.72,0.89,P2,Team_A,Medium,P2
363,High,0.9,0.64,1,0.72,0.5,0.89,P1,Team_C,High,P1
364,Medium,0.6,0.76,2,0.89,0.88,1.0,P2,Team_B,Medium,P2
365,Medium,0.6,0.86,1,0.69,0.22,0.42,P2,Team_A,Medium,P2
366,Low,0.3,0.78,2,0.89,0.68,0.85,P2,Team_C,Medium,P2
367,Low,0.3,0.32,4,0.9,0.74,0.55,P3,Team_A,Low,P3
368,Low,0.3,0.17,1,0.9,0.87,0.85,P3,Team_A,Low,P3
369,Medium,0.6,0.81,4,0.88,0.55,0.65,P2,Team_C,Medium,P2
370,Medium,0.6,0.26,3,0.91,0.53,0.43,P2,Team_B,Medium,P2
371,High,0.9,0.51,1,0.37,0.44,0.68,P2,Team_A,Medium,P2
372,Medium,0.6,0.86,1,0.89,0.53,0.56,P2,Team_B,Medium,P2
373,High,0.9,0.11,2,0.56,0.85,0.44,P2,Team_A,Medium,P2
374,Medium,0.6,0.67,1,0.92,0.25,0.99,P2,Team_B,Medium,P2
375,Medium,0.6,0.43,4,0.6,0.59,0.91,P2,Team_A,Medium,P2
376,High,0.9,0.7,2,0.65,0.6,0.68,P1,Team_C,High,P1
377,Medium,0.6,0.65,4,0.88,0.47,0.96,P2,Team_B,Medium,P2
378,High,0.9,0.63,3,0.7,0.4,0.74,P1,Team_A,High,P1
379,High,0.9,0.81,2,0.52,0.66,0.59,P1,Team_A,High,P1
380,High,0.9,0.66,1,0.66,0.64,0.54,P1,Team_B,High,P1
381,Low,0.3,0.24,4,0.44,0.93,0.81,P3,Team_C,Low,P3
382,Low,0.3,0.87,2,0.8,0.24,0.49,P2,Team_B,Medium,P2
383,High,0.9,0.75,3,0.52,0.78,0.68,P1,Team_A,High,P1
384,Medium,0.6,0.09,4,0.79,0.54,0.45,P2,Team_A,Medium,P2
385,Low,0.3,0.46,2,0.75,0.35,0.54,P2,Team_A,Medium,P2
386,Low,0.3,0.52,4,0.75,0.56,0.77,P2,Team_A,Medium,P2
387,High,0.9,0.74,4,0.74,0.6,0.98,P1,Team_A,High,P1
388,High,0.9,0.86,3,0.89,0.43,0.5,P1,Team_A,High,P1
389,Low,0.3,0.59,1,0.84,0.89,0.42,P2,Team_A,Medium,P2
390,Low,0.3,0.54,4,0.86,0.2,0.5,P2,Team_A,Medium,P2
391,High,0.9,0.17,2,0.82,0.52,0.45,P2,Team_A,Medium,P2
392,Medium,0.6,0.61,2,0.65,0.54,0.51,P2,Team_B,Medium,P2
393,Medium,0.6,0.2,3,0.78,0.81,0.48,P2,Team_B,Medium,P2
394,Medium,0.6,0.35,3,0.73,0.82,0.59,P2,Team_B,Medium,P2
395,Low,0.3,0.61,3,0.42,0.71,0.58,P2,Team_A,Medium,P2
396,Low,0.3,0.59,3,0.73,0.81,0.31,P2,Team_A,Medium,P2
397,Medium,0.6,0.76,4,0.66,0.56,0.73,P2,Team_B,Medium,P2
398,Low,0.3,0.62,2,0.9,0.77,0.45,P2,Team_B,Medium,P2
399,High,0.9,0.09,1,0.42,0.74,0.31,P2,Team_B,Medium,P2
400,Low,0.3,0.58,3,0.68,0.54,0.6,P2,Team_C,Medium,P2
401,High,0.9,0.53,3,0.67,0.35,0.73,P2,Team_B,Medium,P2
402,Low,0.3,0.55,1,0.81,0.25,0.86,P2,Team_A,Medium,P2
403,Medium,0.6,0.73,4,0.62,0.88,0.85,P2,Team_A,Medium,P2
404,Medium,0.6,0.89,2,0.43,0.63,0.87,P2,Team_B,Medium,P2
405,High,0.9,0.68,4,0.9,0.73,0.41,P1,Team_C,High,P1
406,Low,0.3,0.39,2,0.61,0.33,0.94,P3,Team_C,Low,P3
407,Low,0.3,0.64,2,0.83,0.83,0.63,P2,Team_B,Medium,P2
408,Low,0.3,0.15,3,0.67,0.63,0.64,P3,Team_C,Low,P3
409,High,0.9,0.65,3,0.31,0.62,0.93,P1,Team_A,High,P1
410,Low,0.3,0.65,4,0.95,0.8,0.33,P2,Team_A,Medium,P2
411,Low,0.3,0.14,3,0.97,0.5,0.77,P3,Team_C,Low,P3
412,Medium,0.6,0.45,4,0.63,0.61,0.5,P2,Team_B,Medium,P2
413,High,0.9,0.55,3,0.63,0.44,0.5,P2,Team_A,Medium,P2
414,Medium,0.6,0.64,2,0.4,0.52,0.54,P2,Team_C,Medium,P2
415,Low,0.3,0.19,1,0.71,0.71,0.89,P3,Team_C,Low,P3
416,Low,0.3,0.62,2,0.71,0.66,0.35,P2,Team_B,Medium,P2
417,Medium,0.6,0.5,3,0.65,0.54,0.41,P2,Team_B,Medium,P2
418,Low,0.3,0.6,3,0.68,0.66,0.93,P2,Team_B,Medium,P2
419,Medium,0.6,0.55,3,0.53,0.8,0.35,P2,Team_B,Medium,P2
420,High,0.9,0.12,4,0.42,0.9,0.36,P2,Team_A,Medium,P2
421,Low,0.3,0.47,2,0.84,0.47,0.45,P2,Team_C,Medium,P2
422,Medium,0.6,0.35,1,0.83,0.66,0.84,P2,Team_B,Medium,P2
423,Low,0.3,0.73,2,0.65,0.78,0.92,P2,Team_B,Medium,P2
424,Medium,0.6,0.47,2,0.72,0.78,0.91,P2,Team_A,Medium,P2
425,Medium,0.6,0.71,1,0.54,0.6,0.58,P2,Team_A,Medium,P2
426,Low,0.3,0.44,3,0.83,0.6,0.87,P2,Team_C,Medium,P2
427,Medium,0.6,0.44,2,0.81,0.8,0.93,P2,Team_C,Medium,P2
428,Low,0.3,0.67,1,0.62,0.57,0.9,P2,Team_B,Medium,P2
429,Low,0.3,0.54,4,0.78,0.7,0.85,P2,Team_C,Medium,P2
430,Medium,0.6,0.1,4,0.59,0.82,0.8,P2,Team_A,Medium,P2
431,High,0.9,0.59,3,0.87,0.49,0.32,P2,Team_B,Medium,P2
432,High,0.9,0.45,2,0.5,0.69,0.97,P2,Team_B,Medium,P2
433,Low,0.3,0.62,2,0.86,0.79,0.64,P2,Team_A,Medium,P2
434,Low,0.3,0.87,2,0.75,0.78,0.58,P2,Team_C,Medium,P2
435,Low,0.3,0.47,2,0.87,0.51,0.6,P2,Team_C,Medium,P2
436,Low,0.3,0.24,1,0.85,0.85,0.57,P3,Team_B,Low,P3
437,Medium,0.6,0.08,4,0.95,0.82,0.48,P2,Team_C,Medium,P2
438,Low,0.3,0.17,1,0.79,0.62,0.82,P3,Team_C,Low,P3
439,Low,0.3,0.47,4,0.96,0.82,0.48,P2,Team_A,Medium,P2
440,Low,0.3,0.82,4,0.71,0.94,0.52,P2,Team_C,Medium,P2
441,High,0.9,0.52,3,0.71,0.66,0.39,P2,Team_C,Medium,P2
442,High,0.9,0.24,1,0.99,0.95,0.48,P2,Team_A,Medium,P2
443,High,0.9,0.59,3,0.6,0.97,0.77,P2,Team_B,Medium,P2
444,Medium,0.6,0.64,1,0.68,0.72,0.7,P2,Team_B,Medium,P2
445,Low,0.3,0.18,3,0.71,0.37,0.89,P3,Team_A,Low,P3
446,Medium,0.6,0.25,1,0.98,0.95,0.75,P2,Team_C,Medium,P2
447,Low,0.3,0.74,4,0.72,0.6,0.99,P2,Team_B,Medium,P2
448,High,0.9,0.2,3,0.63,0.27,0.67,P2,Team_B,Medium,P2
449,High,0.9,0.57,1,0.78,0.89,0.79,P2,Team_C,Medium,P2
450,Low,0.3,0.72,3,0.3,0.68,0.81,P2,Team_C,Medium,P2
451,Medium,0.6,0.8,1,0.69,0.32,0.63,P2,Team_A,Medium,P2
452,Low,0.3,0.71,3,0.93,0.61,0.67,P2,Team_B,Medium,P2
453,High,0.9,0.41,3,0.79,0.64,0.38,P2,Team_A,Medium,P2
454,Low,0.3,0.33,1,0.71,0.5,0.89,P3,Team_A,Low,P3
455,Medium,0.6,0.37,4,0.88,0.76,0.49,P2,Team_C,Medium,P2
456,Low,0.3,0.42,2,0.47,0.93,0.59,P2,Team_B,Medium,P2
457,High,0.9,0.82,3,0.72,0.47,0.56,P1,Team_B,High,P1
458,Medium,0.6,0.56,4,0.88,0.89,0.43,P2,Team_C,Medium,P2
459,Low,0.3,0.58,2,0.89,0.63,0.39,P2,Team_A,Medium,P2
460,High,0.9,0.34,1,0.92,0.6,0.56,P2,Team_A,Medium,P2
461,Medium,0.6,0.88,1,0.88,0.64,0.96,P2,Team_B,Medium,P2
462,Low,0.3,0.31,1,0.9,0.74,0.39,P3,Team_A,Low,P3
463,Medium,0.6,0.65,2,0.85,0.56,0.59,P2,Team_B,Medium,P2
464,Medium,0.6,0.73,4,0.66,0.93,0.91,P2,Team_B,Medium,P2
465,Low,0.3,0.3,4,0.54,0.91,0.65,P3,Team_B,Low,P3
466,Medium,0.6,0.88,3,0.39,0.79,0.32,P2,Team_A,Medium,P2
467,Low,0.3,0.61,2,0.68,0.76,0.45,P2,Team_C,Medium,P2
468,High,0.9,0.9,3,0.93,0.8,0.33,P1,Team_C,High,P1
469,Low,0.3,0.23,3,0.89,0.52,0.36,P3,Team_C,Low,P3
470,Low,0.3,0.61,4,0.56,0.81,0.55,P2,Team_C,Medium,P2
471,Medium,0.6,0.36,1,0.66,0.68,0.93,P2,Team_C,Medium,P2
472,High,0.9,0.29,3,0.88,0.55,0.75,P2,Team_B,Medium,P2
473,Low,0.3,0.51,1,0.89,0.8,0.85,P2,Team_C,Medium,P2
474,Low,0.3,0.15,3,0.71,0.45,0.95,P3,Team_A,Low,P3
475,Medium,0.6,0.75,1,0.65,0.7,0.65,P2,Team_C,Medium,P2
476,Low,0.3,0.57,4,0.49,0.77,0.37,P2,Team_B,Medium,P2
477,Low,0.3,0.58,2,0.8,0.72,0.54,P2,Team_A,Medium,P2
478,Medium,0.6,0.85,3,0.7,0.55,0.53,P2,Team_A,Medium,P2
479,Low,0.3,0.79,3,0.73,0.64,0.47,P2,Team_A,Medium,P2
480,Medium,0.6,0.55,4,0.89,0.64,0.94,P2,Team_B,Medium,P2
481,Low,0.3,0.75,4,0.51,0.54,0.78,P2,Team_C,Medium,P2
482,Medium,0.6,0.34,1,0.85,0.7,0.59,P2,Team_A,Medium,P2
483,Medium,0.6,0.62,4,0.48,0.71,0.65,P2,Team_B,Medium,P2
484,Low,0.3,0.78,3,0.74,0.66,0.76,P2,Team_B,Medium,P2
485,Medium,0.6,0.88,3,0.58,0.46,0.31,P2,Team_B,Medium,P2
486,Low,0.3,0.38,4,0.77,0.81,0.96,P3,Team_A,Low,P3
487,Low,0.3,0.5,4,0.43,0.75,0.71,P2,Team_C,Medium,P2
488,Low,0.3,0.27,1,0.72,0.93,0.78,P3,Team_C,Low,P3
489,Low,0.3,0.61,4,0.53,0.78,0.63,P2,Team_C,Medium,P2
490,High,0.9,0.92,2,0.62,0.87,0.32,P1,Team_C,High,P1
491,Low,0.3,0.63,1,0.58,0.83,0.97,P2,Team_B,Medium,P2
492,Low,0.3,0.49,3,0.65,0.61,0.95,P2,Team_C,Medium,P2
493,High,0.9,0.57,2,0.59,0.65,0.38,P2,Team_B,Medium,P2
494,Medium,0.6,0.55,4,0.54,0.36,0.64,P2,Team_A,Medium,P2
495,Low,0.3,0.44,1,0.53,0.59,0.61,P2,Team_C,Medium,P2
496,Low,0.3,0.25,2,0.8,0.75,0.88,P3,Team_C,Low,P3
497,Medium,0.6,0.3,3,0.57,0.68,0.52,P2,Team_C,Medium,P2
498,Medium,0.6,0.02,1,0.81,0.83,0.94,P2,Team_B,Medium,P2
499,Low,0.3,0.11,3,0.7,0.25,0.35,P3,Team_C,Low,P3
500,Low,0.3,0.59,2,0.86,0.36,0.94,P2,Team_C,Medium,P2
501,Medium,0.6,0.66,3,0.69,0.94,0.32,P2,Team_A,Medium,P2
502,High,0.9,0.46,3,0.76,0.63,0.43,P2,Team_A,Medium,P2
503,Low,0.3,0.63,4,0.66,0.73,0.78,P2,Team_B,Medium,P2
504,Low,0.3,0.6,2,0.84,0.98,0.41,P2,Team_B,Medium,P2
505,High,0.9,0.29,3,0.65,0.75,0.53,P2,Team_A,Medium,P2
506,Low,0.3,0.58,4,0.99,0.63,0.75,P2,Team_A,Medium,P2
507,Low,0.3,0.47,3,0.64,0.51,0.93,P2,Team_C,Medium,P2
508,Low,0.3,0.38,2,0.54,0.87,0.62,P3,Team_C,Low,P3
509,Low,0.3,0.51,4,0.74,0.52,0.76,P2,Team_B,Medium,P2
510,Medium,0.6,0.53,2,0.47,0.79,0.46,P2,Team_B,Medium,P2
511,High,0.9,0.78,2,0.5,0.49,0.98,P1,Team_C,High,P1
512,High,0.9,0.25,3,0.91,0.4,0.59,P2,Team_A,Medium,P2
513,Low,0.3,0.27,1,0.81,0.74,0.95,P3,Team_B,Low,P3
514,Medium,0.6,0.24,4,0.93,0.88,0.58,P2,Team_C,Medium,P2
515,Low,0.3,0.32,4,0.94,0.63,0.51,P3,Team_B,Low,P3
516,Medium,0.6,0.43,4,0.95,0.69,0.45,P2,Team_A,Medium,P2
517,High,0.9,0.86,4,0.81,0.66,0.74,P1,Team_A,High,P1
518,Low,0.3,0.38,4,0.77,0.58,0.41,P3,Team_B,Low,P3
519,Medium,0.6,0.64,3,0.8,0.84,0.45,P2,Team_B,Medium,P2
520,Low,0.3,0.8,4,0.79,0.76,0.33,P2,Team_C,Medium,P2
521,Medium,0.6,0.4,3,0.94,0.83,0.93,P2,Team_A,Medium,P2
522,Medium,0.6,0.09,4,0.61,0.92,0.89,P2,Team_B,Medium,P2
523,Low,0.3,0.23,3,0.54,0.25,0.36,P3,Team_B,Low,P3
524,Low,0.3,0.68,4,0.86,0.75,0.71,P2,Team_B,Medium,P2
525,High,0.9,0.4,2,0.67,0.54,0.64,P2,Team_B,Medium,P2
526,High,0.9,0.92,3,0.72,0.33,0.55,P1,Team_C,High,P1
527,Medium,0.6,0.48,3,0.81,0.21,0.87,P2,Team_B,Medium,P2
528,Low,0.3,0.62,2,0.71,0.57,0.94,P2,Team_C,Medium,P2
529,Low,0.3,0.95,4,0.76,0.58,0.66,P2,Team_A,Medium,P2
530,Medium,0.6,0.41,2,0.55,0.6,0.73,P2,Team_B,Medium,P2
531,High,0.9,0.62,4,0.85,0.65,0.7,P1,Team_B,High,P1
532,High,0.9,0.52,2,0.51,0.89,0.84,P2,Team_A,Medium,P2
533,Medium,0.6,0.33,1,0.31,0.59,0.48,P2,Team_A,Medium,P2
534,Medium,0.6,0.33,2,0.65,0.67,0.37,P2,Team_A,Medium,P2
535,Low,0.3,0.73,1,0.29,0.9,0.84,P2,Team_B,Medium,P2
536,High,0.9,0.58,3,0.62,0.43,0.5,P2,Team_B,Medium,P2
537,Low,0.3,0.27,1,0.62,0.8,0.64,P3,Team_A,Low,P3
538,Medium,0.6,0.39,2,0.87,0.94,0.82,P2,Team_C,Medium,P2
539,High,0.9,0.59,1,0.45,0.67,0.44,P2,Team_C,Medium,P2
540,Medium,0.6,0.48,1,0.77,0.61,0.66,P2,Team_A,Medium,P2
541,Medium,0.6,0.72,3,0.59,0.5,0.67,P2,Team_C,Medium,P2
542,Low,0.3,0.61,3,0.58,0.75,0.8,P2,Team_A,Medium,P2
543,Low,0.3,0.27,1,0.51,0.58,0.42,P3,Team_B,Low,P3
544,Medium,0.6,0.68,1,0.91,0.93,0.47,P2,Team_B,Medium,P2
545,High,0.9,0.59,1,0.95,0.9,0.74,P2,Team_C,Medium,P2
546,Medium,0.6,0.59,1,0.68,0.65,0.87,P2,Team_C,Medium,P2
547,Medium,0.6,0.66,4,0.55,0.27,0.65,P2,Team_B,Medium,P2
548,High,0.9,0.33,4,0.72,0.79,0.57,P2,Team_A,Medium,P2
549,Low,0.3,0.76,4,0.53,0.51,0.94,P2,Team_A,Medium,P2
550,Medium,0.6,0.7,3,0.63,0.47,0.53,P2,Team_A,Medium,P2
551,Low,0.3,0.49,2,0.81,0.75,1.0,P2,Team_A,Medium,P2
552,Medium,0.6,0.45,4,0.8,0.36,0.91,P2,Team_B,Medium,P2
553,Medium,0.6,0.69,2,0.45,0.73,0.56,P2,Team_A,Medium,P2
554,Medium,0.6,0.25,3,0.91,0.91,0.87,P2,Team_C,Medium,P2
555,Low,0.3,0.82,1,0.46,0.57,0.38,P2,Team_B,Medium,P2
556,Low,0.3,0.48,3,0.55,0.92,0.65,P2,Team_C,Medium,P2
557,High,0.9,0.66,2,0.78,0.42,0.67,P1,Team_C,High,P1
558,High,0.9,0.09,1,0.83,0.64,0.52,P2,Team_A,Medium,P2
559,Medium,0.6,0.74,1,0.66,0.62,0.45,P2,Team_B,Medium,P2
560,Medium,0.6,0.33,2,0.72,0.67,0.42,P2,Team_B,Medium,P2
561,Medium,0.6,0.2,4,0.5,0.82,0.61,P2,Team_A,Medium,P2
562,Low,0.3,0.47,2,0.97,0.25,0.88,P2,Team_B,Medium,P2
563,Medium,0.6,0.75,1,0.7,0.63,0.93,P2,Team_C,Medium,P2
564,Low,0.3,0.17,4,0.57,0.66,0.66,P3,Team_B,Low,P3
565,High,0.9,0.44,2,0.42,0.57,0.43,P2,Team_B,Medium,P2
566,Medium,0.6,0.45,3,0.69,0.83,0.74,P2,Team_C,Medium,P2
567,Medium,0.6,0.56,4,0.81,0.64,0.65,P2,Team_A,Medium,P2
568,High,0.9,0.14,2,0.77,0.61,0.57,P2,Team_B,Medium,P2
569,Medium,0.6,0.54,4,0.58,0.54,0.85,P2,Team_B,Medium,P2
570,Medium,0.6,0.79,2,0.46,0.71,0.44,P2,Team_B,Medium,P2
571,High,0.9,0.1,2,0.66,0.87,0.82,P2,Team_C,Medium,P2
572,Medium,0.6,0.68,2,0.86,0.81,0.77,P2,Team_C,Medium,P2
573,Medium,0.6,0.56,2,0.56,0.81,0.55,P2,Team_B,Medium,P2
574,Low,0.3,0.07,3,0.7,0.74,0.66,P3,Team_B,Low,P3
575,Low,0.3,0.95,1,0.64,0.51,0.82,P2,Team_C,Medium,P2
576,Medium,0.6,0.08,3,0.93,0.68,0.64,P2,Team_A,Medium,P2
577,Low,0.3,0.57,1,0.51,0.84,0.39,P2,Team_C,Medium,P2
578,Medium,0.6,0.47,3,0.94,0.68,0.76,P2,Team_B,Medium,P2
579,Medium,0.6,0.11,2,0.78,0.74,0.96,P2,Team_B,Medium,P2
580,Low,0.3,0.21,2,0.88,0.7,0.56,P3,Team_A,Low,P3
581,Medium,0.6,0.39,3,0.77,0.85,0.53,P2,Team_C,Medium,P2
582,High,0.9,0.28,4,0.65,0.65,0.91,P2,Team_C,Medium,P2
583,Medium,0.6,0.13,2,0.56,0.55,0.31,P2,Team_C,Medium,P2
584,High,0.9,0.36,3,0.48,0.67,0.3,P2,Team_C,Medium,P2
585,High,0.9,0.72,1,0.85,0.51,0.79,P1,Team_A,High,P1
586,Medium,0.6,0.47,2,0.5,0.9,0.7,P2,Team_C,Medium,P2
587,High,0.9,0.79,3,0.82,0.62,0.8,P1,Team_A,High,P1
588,Low,0.3,0.47,4,0.79,0.24,0.45,P2,Team_C,Medium,P2
589,High,0.9,0.91,1,0.63,0.67,0.91,P1,Team_A,High,P1
590,Medium,0.6,0.65,2,0.99,0.7,0.83,P2,Team_A,Medium,P2
591,High,0.9,0.52,1,0.62,0.55,0.97,P2,Team_C,Medium,P2
592,Low,0.3,0.63,2,0.39,0.45,0.87,P2,Team_A,Medium,P2
593,High,0.9,0.29,1,0.71,0.57,0.79,P2,Team_A,Medium,P2
594,High,0.9,0.91,2,0.79,0.6,0.79,P1,Team_A,High,P1
595,High,0.9,0.52,4,0.76,0.87,1.0,P2,Team_A,Medium,P2
596,Low,0.3,0.68,3,0.77,0.36,0.54,P2,Team_B,Medium,P2
597,High,0.9,0.09,1,0.75,0.64,0.99,P2,Team_B,Medium,P2
598,Medium,0.6,0.45,1,0.92,0.71,0.76,P2,Team_C,Medium,P2
599,Low,0.3,0.73,2,0.83,0.3,0.64,P2,Team_C,Medium,P2
600,Low,0.3,0.09,3,0.46,0.6,0.4,P3,Team_B,Low,P3
601,High,0.9,0.78,4,0.82,0.71,0.56,P1,Team_B,High,P1
602,High,0.9,0.43,3,0.77,0.8,0.88,P2,Team_A,Medium,P2
603,Medium,0.6,0.24,4,0.55,0.69,0.9,P2,Team_C,Medium,P2
604,High,0.9,0.08,3,0.74,0.86,0.66,P2,Team_B,Medium,P2
605,High,0.9,0.4,3,0.66,0.76,0.75,P2,Team_C,Medium,P2
606,Low,0.3,0.45,3,0.85,0.84,0.91,P2,Team_A,Medium,P2
607,Medium,0.6,0.45,4,0.54,0.82,0.31,P2,Team_C,Medium,P2
608,Medium,0.6,0.83,3,0.77,0.63,0.95,P2,Team_A,Medium,P2
609,Low,0.3,0.29,4,0.47,0.73,0.73,P3,Team_C,Low,P3
610,High,0.9,0.41,2,0.75,0.7,0.8,P2,Team_B,Medium,P2
611,Low,0.3,0.68,1,0.43,0.71,0.86,P2,Team_C,Medium,P2
612,Low,0.3,0.24,4,0.82,0.88,0.6,P3,Team_A,Low,P3
613,Medium,0.6,0.2,2,0.53,0.27,0.4,P2,Team_A,Medium,P2
614,Low,0.3,0.27,2,0.66,0.57,0.67,P3,Team_A,Low,P3
615,Medium,0.6,0.36,2,0.86,0.4,0.54,P2,Team_B,Medium,P2
616,High,0.9,0.2,3,0.91,0.62,0.93,P2,Team_C,Medium,P2
617,High,0.9,0.59,3,0.81,0.43,0.64,P2,Team_A,Medium,P2
618,High,0.9,0.07,2,0.95,0.65,0.96,P2,Team_A,Medium,P2
619,Medium,0.6,0.64,2,0.86,0.89,0.51,P2,Team_C,Medium,P2
620,Low,0.3,0.15,4,0.93,0.61,0.49,P3,Team_C,Low,P3
621,Low,0.3,0.19,3,0.83,0.68,0.6,P3,Team_A,Low,P3
622,Medium,0.6,0.65,3,0.82,0.43,0.53,P2,Team_C,Medium,P2
623,Medium,0.6,0.36,3,0.85,0.49,0.86,P2,Team_A,Medium,P2
624,Medium,0.6,0.89,3,0.88,0.82,0.69,P2,Team_C,Medium,P2
625,Medium,0.6,0.21,2,0.67,0.49,0.71,P2,Team_C,Medium,P2
626,High,0.9,0.64,3,0.67,0.77,0.65,P1,Team_C,High,P1
627,Low,0.3,0.28,3,0.82,0.28,0.96,P3,Team_B,Low,P3
628,Low,0.3,0.55,4,0.86,0.76,0.9,P2,Team_B,Medium,P2
629,High,0.9,0.52,1,0.61,0.51,0.75,P2,Team_A,Medium,P2
630,High,0.9,0.3,4,0.51,0.78,0.32,P2,Team_B,Medium,P2
631,High,0.9,0.71,3,0.49,0.56,0.7,P1,Team_C,High,P1
632,Low,0.3,0.84,4,0.81,0.75,0.83,P2,Team_C,Medium,P2
633,Low,0.3,0.95,2,0.75,0.22,0.68,P2,Team_B,Medium,P2
634,Medium,0.6,0.45,4,0.57,0.56,0.44,P2,Team_C,Medium,P2
635,Low,0.3,0.52,3,0.71,0.61,0.99,P2,Team_B,Medium,P2
636,Low,0.3,0.72,4,0.87,0.56,0.71,P2,Team_C,Medium,P2
637,Low,0.3,0.36,1,0.75,0.41,0.79,P3,Team_B,Low,P3
638,Low,0.3,0.27,4,0.69,0.84,0.44,P3,Team_B,Low,P3
639,Medium,0.6,0.67,4,0.71,0.76,0.43,P2,Team_B,Medium,P2
640,Medium,0.6,0.2,1,0.97,0.34,0.3,P2,Team_C,Medium,P2
641,High,0.9,0.73,1,0.69,0.35,0.87,P1,Team_C,High,P1
642,Medium,0.6,0.8,1,0.82,0.74,0.72,P2,Team_A,Medium,P2
643,Low,0.3,0.36,4,0.67,0.6,0.79,P3,Team_B,Low,P3
644,Medium,0.6,0.37,3,0.84,0.62,0.63,P2,Team_B,Medium,P2
645,Medium,0.6,0.3,4,0.78,0.31,0.5,P2,Team_C,Medium,P2
646,Low,0.3,0.27,4,0.71,0.45,0.74,P3,Team_A,Low,P3
647,High,0.9,0.5,3,0.7,0.83,0.87,P2,Team_B,Medium,P2
648,Low,0.3,0.77,4,0.75,0.75,0.59,P2,Team_C,Medium,P2
649,Medium,0.6,0.31,4,0.78,0.31,0.31,P2,Team_A,Medium,P2
650,Medium,0.6,0.27,3,0.87,0.67,0.54,P2,Team_C,Medium,P2
651,High,0.9,0.67,2,0.54,0.48,0.9,P1,Team_B,High,P1
652,Low,0.3,0.53,4,0.9,0.76,0.82,P2,Team_B,Medium,P2
653,High,0.9,0.21,1,0.42,0.38,0.78,P2,Team_C,Medium,P2
654,Medium,0.6,0.29,3,0.62,0.46,0.91,P2,Team_B,Medium,P2
655,Medium,0.6,0.44,4,0.79,0.73,0.79,P2,Team_C,Medium,P2
656,Low,0.3,0.82,2,0.68,0.59,0.56,P2,Team_A,Medium,P2
657,Low,0.3,0.66,1,0.62,0.65,0.8,P2,Team_C,Medium,P2
658,Low,0.3,0.77,3,0.96,0.72,0.59,P2,Team_A,Medium,P2
659,Medium,0.6,0.41,2,0.3,0.79,0.52,P2,Team_B,Medium,P2
660,High,0.9,0.39,2,0.53,0.28,0.6,P2,Team_A,Medium,P2
661,High,0.9,0.64,1,0.87,0.69,0.9,P1,Team_B,High,P1
662,High,0.9,0.37,2,0.87,0.44,0.32,P2,Team_C,Medium,P2
663,Low,0.3,0.74,1,0.85,0.35,0.35,P2,Team_C,Medium,P2
664,Low,0.3,0.45,2,0.32,0.8,0.7,P2,Team_B,Medium,P2
665,Medium,0.6,0.14,4,0.71,0.77,0.66,P2,Team_A,Medium,P2
666,High,0.9,0.53,4,0.69,0.89,0.61,P2,Team_A,Medium,P2
667,Medium,0.6,0.7,2,0.74,0.54,0.43,P2,Team_C,Medium,P2
668,Medium,0.6,0.97,2,0.72,0.43,0.9,P2,Team_A,Medium,P2
669,High,0.9,0.46,1,0.77,0.77,0.81,P2,Team_C,Medium,P2
670,Low,0.3,0.89,1,0.86,0.74,0.83,P2,Team_B,Medium,P2
671,Low,0.3,0.56,2,0.65,0.3,0.33,P2,Team_C,Medium,P2
672,Medium,0.6,0.74,4,0.43,0.63,0.51,P2,Team_B,Medium,P2
673,Low,0.3,0.46,3,0.66,0.92,0.32,P2,Team_C,Medium,P2
674,Low,0.3,0.55,2,0.73,0.6,0.55,P2,Team_A,Medium,P2
675,Low,0.3,0.73,2,0.78,0.67,0.6,P2,Team_C,Medium,P2
676,Low,0.3,0.7,4,0.49,0.4,0.6,P2,Team_A,Medium,P2
677,Low,0.3,0.43,3,0.73,0.74,0.78,P2,Team_A,Medium,P2
678,Medium,0.6,0.72,4,0.62,0.49,0.88,P2,Team_A,Medium,P2
679,Medium,0.6,0.63,1,0.89,0.58,0.78,P2,Team_A,Medium,P2
680,Medium,0.6,0.81,1,0.76,0.76,0.69,P2,Team_C,Medium,P2
681,High,0.9,0.45,4,0.95,0.64,0.4,P2,Team_C,Medium,P2
682,Low,0.3,0.1,3,0.93,0.6,0.46,P3,Team_A,Low,P3
683,High,0.9,0.34,3,0.7,0.87,0.96,P2,Team_C,Medium,P2
684,High,0.9,0.37,3,0.61,0.82,0.33,P2,Team_B,Medium,P2
685,High,0.9,0.56,3,0.58,0.5,0.89,P2,Team_C,Medium,P2
686,High,0.9,0.7,2,0.5,0.68,0.62,P1,Team_B,High,P1
687,Medium,0.6,0.22,4,0.61,0.96,0.6,P2,Team_C,Medium,P2
688,Low,0.3,0.6,2,0.85,0.96,0.65,P2,Team_B,Medium,P2
689,High,0.9,0.39,3,0.55,0.82,0.41,P2,Team_B,Medium,P2
690,Low,0.3,0.11,2,0.74,0.68,0.55,P3,Team_B,Low,P3
691,High,0.9,0.48,4,0.59,0.92,0.5,P2,Team_C,Medium,P2
692,Low,0.3,0.44,1,0.89,0.87,0.55,P2,Team_B,Medium,P2
693,Medium,0.6,0.39,1,0.85,0.65,0.88,P2,Team_C,Medium,P2
694,Low,0.3,0.61,3,0.53,0.42,0.34,P2,Team_A,Medium,P2
695,Low,0.3,0.8,4,0.69,0.56,0.75,P2,Team_B,Medium,P2
696,Low,0.3,0.46,2,0.66,0.4,0.91,P2,Team_C,Medium,P2
697,Low,0.3,0.68,3,0.52,0.88,0.8,P2,Team_B,Medium,P2
698,Medium,0.6,0.53,4,0.84,0.23,0.7,P2,Team_C,Medium,P2
699,Medium,0.6,0.32,4,0.89,0.57,0.77,P2,Team_B,Medium,P2
700,Low,0.3,0.16,4,0.96,0.85,0.46,P3,Team_B,Low,P3
701,Medium,0.6,0.22,1,0.76,0.41,0.95,P2,Team_B,Medium,P2
702,Medium,0.6,0.39,2,0.82,0.56,0.84,P2,Team_B,Medium,P2
703,Low,0.3,0.71,1,0.83,0.52,0.85,P2,Team_A,Medium,P2
704,High,0.9,0.54,3,0.85,0.68,0.3,P2,Team_C,Medium,P2
705,Low,0.3,0.39,4,0.46,0.62,0.98,P3,Team_A,Low,P3
706,Low,0.3,0.61,3,0.72,0.82,0.37,P2,Team_B,Medium,P2
707,Low,0.3,0.58,1,0.65,0.46,0.94,P2,Team_C,Medium,P2
708,Low,0.3,0.25,1,0.88,0.68,0.79,P3,Team_C,Low,P3
709,High,0.9,0.41,3,0.95,0.71,0.6,P2,Team_B,Medium,P2
710,Medium,0.6,0.34,4,0.87,0.66,0.89,P2,Team_B,Medium,P2
711,Low,0.3,0.3,2,0.66,0.55,0.95,P3,Team_B,Low,P3
712,High,0.9,0.33,3,0.92,0.95,0.56,P2,Team_B,Medium,P2
713,Low,0.3,0.08,3,0.75,0.72,0.85,P3,Team_B,Low,P3
714,Medium,0.6,0.63,1,0.87,0.42,0.46,P2,Team_C,Medium,P2
715,Medium,0.6,0.62,4,0.84,0.56,0.61,P2,Team_A,Medium,P2
716,High,0.9,0.67,2,0.94,0.77,0.9,P1,Team_A,High,P1
717,Low,0.3,0.55,4,0.84,0.6,0.97,P2,Team_B,Medium,P2
718,Medium,0.6,0.69,2,0.72,0.72,0.71,P2,Team_C,Medium,P2
719,Medium,0.6,0.29,4,0.85,0.86,0.62,P2,Team_B,Medium,P2
720,Low,0.3,0.58,1,0.84,0.89,0.66,P2,Team_C,Medium,P2
721,Low,0.3,0.37,4,0.86,0.87,0.54,P3,Team_A,Low,P3
722,Medium,0.6,0.42,4,0.68,0.65,0.93,P2,Team_A,Medium,P2
723,Low,0.3,0.89,4,0.69,0.6,0.91,P2,Team_C,Medium,P2
724,High,0.9,0.55,2,0.48,0.95,0.63,P2,Team_A,Medium,P2
725,Medium,0.6,0.94,1,0.89,0.35,0.83,P2,Team_B,Medium,P2
726,High,0.9,0.84,4,0.79,0.54,0.86,P1,Team_B,High,P1
727,Low,0.3,0.41,1,0.51,0.55,0.7,P2,Team_B,Medium,P2
728,Low,0.3,0.61,1,0.76,0.57,0.45,P2,Team_B,Medium,P2
729,High,0.9,0.57,1,0.93,0.8,0.96,P2,Team_B,Medium,P2
730,Low,0.3,0.59,1,0.76,0.75,0.62,P2,Team_C,Medium,P2
731,High,0.9,0.77,2,0.62,0.73,0.59,P1,Team_B,High,P1
732,High,0.9,0.59,1,0.8,0.64,0.97,P2,Team_C,Medium,P2
733,Low,0.3,0.64,2,0.87,0.47,0.84,P2,Team_C,Medium,P2
734,Low,0.3,0.74,3,0.57,0.81,0.69,P2,Team_A,Medium,P2
735,Low,0.3,0.47,3,0.68,0.88,0.46,P2,Team_A,Medium,P2
736,Medium,0.6,0.49,3,0.56,0.51,0.98,P2,Team_A,Medium,P2
737,High,0.9,0.48,4,0.4,0.47,0.97,P2,Team_C,Medium,P2
738,Low,0.3,0.84,4,0.72,0.53,0.31,P2,Team_A,Medium,P2
739,High,0.9,0.57,2,0.63,0.79,0.4,P2,Team_C,Medium,P2
740,Medium,0.6,0.55,4,0.72,0.9,0.62,P2,Team_C,Medium,P2
741,Low,0.3,0.13,2,0.68,0.7,0.52,P3,Team_A,Low,P3
742,Medium,0.6,0.77,1,0.76,0.64,0.94,P2,Team_C,Medium,P2
743,High,0.9,0.64,1,0.77,0.8,0.36,P1,Team_A,High,P1
744,Medium,0.6,0.77,1,0.37,0.58,0.67,P2,Team_C,Medium,P2
745,Medium,0.6,0.13,3,0.69,0.75,0.98,P2,Team_A,Medium,P2
746,Medium,0.6,0.65,1,0.85,0.54,0.48,P2,Team_B,Medium,P2
747,High,0.9,0.49,1,0.78,0.79,0.63,P2,Team_C,Medium,P2
748,Medium,0.6,0.64,1,0.88,0.59,0.67,P2,Team_A,Medium,P2
749,Low,0.3,0.45,4,0.89,0.79,0.53,P2,Team_A,Medium,P2
750,Low,0.3,0.6,4,0.79,0.93,0.79,P2,Team_B,Medium,P2
751,Low,0.3,0.51,3,0.52,0.67,0.67,P2,Team_B,Medium,P2
752,Low,0.3,0.72,1,0.69,0.51,0.46,P2,Team_C,Medium,P2
753,Medium,0.6,0.3,4,0.76,0.77,0.4,P2,Team_B,Medium,P2
754,Low,0.3,0.34,2,0.85,0.71,0.39,P3,Team_A,Low,P3
755,High,0.9,0.65,1,0.68,0.52,0.53,P1,Team_C,High,P1
756,Low,0.3,0.82,3,0.81,0.41,0.31,P2,Team_C,Medium,P2
757,Low,0.3,0.5,1,0.67,0.89,0.6,P2,Team_C,Medium,P2
758,Medium,0.6,0.4,3,0.77,0.86,0.4,P2,Team_B,Medium,P2
759,High,0.9,0.54,3,0.4,0.3,0.49,P2,Team_C,Medium,P2
760,Medium,0.6,0.96,1,0.6,0.84,0.37,P2,Team_A,Medium,P2
761,Medium,0.6,0.47,4,0.58,0.84,0.38,P2,Team_C,Medium,P2
762,High,0.9,0.68,4,0.6,0.54,0.61,P1,Team_A,High,P1
763,High,0.9,0.74,3,0.84,0.83,0.45,P1,Team_B,High,P1
764,High,0.9,0.83,3,0.74,0.59,0.68,P1,Team_B,High,P1
765,Low,0.3,0.68,1,0.81,0.58,0.98,P2,Team_C,Medium,P2
766,Low,0.3,0.68,1,0.81,0.79,0.77,P2,Team_A,Medium,P2
767,Medium,0.6,0.72,3,0.96,0.58,0.6,P2,Team_B,Medium,P2
768,Medium,0.6,0.76,4,0.55,0.95,0.93,P2,Team_A,Medium,P2
769,Medium,0.6,0.55,1,0.91,0.92,0.81,P2,Team_C,Medium,P2
770,Low,0.3,0.75,3,0.74,0.71,0.35,P2,Team_C,Medium,P2
771,High,0.9,0.67,3,0.89,0.92,0.87,P1,Team_B,High,P1
772,Low,0.3,0.5,1,0.76,0.64,0.59,P2,Team_A,Medium,P2
773,Medium,0.6,0.3,4,0.46,0.7,0.81,P2,Team_C,Medium,P2
774,High,0.9,0.11,2,0.8,0.85,0.79,P2,Team_C,Medium,P2
775,Low,0.3,0.68,4,0.52,0.39,0.9,P2,Team_B,Medium,P2
776,Medium,0.6,0.41,2,0.91,0.47,0.37,P2,Team_B,Medium,P2
777,Medium,0.6,0.34,2,0.79,0.81,0.8,P2,Team_B,Medium,P2
778,High,0.9,0.51,2,0.63,0.45,0.69,P2,Team_A,Medium,P2
779,Low,0.3,0.58,1,0.76,0.69,0.38,P2,Team_B,Medium,P2
780,Medium,0.6,0.08,3,0.65,0.33,0.37,P2,Team_A,Medium,P2
781,High,0.9,0.43,1,0.9,0.94,0.37,P2,Team_B,Medium,P2
782,Medium,0.6,0.4,1,0.83,0.76,0.54,P2,Team_A,Medium,P2
783,Low,0.3,0.29,3,0.65,0.6,0.95,P3,Team_B,Low,P3
784,Medium,0.6,0.5,4,0.77,0.54,0.38,P2,Team_C,Medium,P2
785,High,0.9,0.23,2,0.7,0.89,0.61,P2,Team_C,Medium,P2
786,Low,0.3,0.54,4,0.66,0.9,0.99,P2,Team_B,Medium,P2
787,Low,0.3,0.39,3,0.65,0.82,0.85,P3,Team_A,Low,P3
788,High,0.9,0.3,2,0.65,0.84,0.75,P2,Team_B,Medium,P2
789,Medium,0.6,0.38,2,0.7,0.57,0.6,P2,Team_A,Medium,P2
790,Medium,0.6,0.37,1,0.62,0.91,0.78,P2,Team_C,Medium,P2
791,Medium,0.6,0.29,1,0.64,0.34,0.77,P2,Team_B,Medium,P2
792,Low,0.3,0.41,4,0.87,0.56,0.3,P2,Team_A,Medium,P2
793,Medium,0.6,0.58,2,0.68,0.82,0.52,P2,Team_B,Medium,P2
794,Medium,0.6,0.77,1,0.62,0.89,0.73,P2,Team_C,Medium,P2
795,Medium,0.6,0.58,3,0.83,0.66,0.97,P2,Team_B,Medium,P2
796,Medium,0.6,0.48,3,0.74,0.88,0.5,P2,Team_A,Medium,P2
797,Medium,0.6,0.47,2,0.21,0.53,0.7,P2,Team_B,Medium,P2
798,High,0.9,0.16,2,0.8,0.38,0.46,P2,Team_B,Medium,P2
799,Medium,0.6,0.49,4,0.39,0.73,0.78,P2,Team_B,Medium,P2
800,Medium,0.6,0.37,3,0.41,0.9,0.41,P2,Team_B,Medium,P2
801,Medium,0.6,0.56,2,0.79,0.79,0.48,P2,Team_C,Medium,P2
802,High,0.9,0.53,4,0.63,0.64,0.56,P2,Team_C,Medium,P2
803,Low,0.3,0.44,4,0.8,0.79,0.58,P2,Team_A,Medium,P2
804,Medium,0.6,0.57,1,0.27,0.76,0.32,P2,Team_C,Medium,P2
805,Low,0.3,0.5,2,0.73,0.85,0.96,P2,Team_A,Medium,P2
806,Low,0.3,0.69,2,0.91,0.82,0.6,P2,Team_A,Medium,P2
807,Medium,0.6,0.63,2,0.86,0.72,0.83,P2,Team_B,Medium,P2
808,Low,0.3,0.81,3,0.58,0.57,0.47,P2,Team_B,Medium,P2
809,Low,0.3,0.24,2,0.79,0.51,0.93,P3,Team_A,Low,P3
810,Low,0.3,0.71,2,0.78,0.75,0.51,P2,Team_B,Medium,P2
811,Low,0.3,0.53,2,0.27,0.85,0.91,P2,Team_C,Medium,P2
812,Medium,0.6,0.3,1,0.8,0.76,0.45,P2,Team_B,Medium,P2
813,High,0.9,0.28,4,0.78,0.47,0.41,P2,Team_B,Medium,P2
814,Medium,0.6,0.32,3,0.71,0.73,0.7,P2,Team_B,Medium,P2
815,Low,0.3,0.69,1,0.51,0.49,0.84,P2,Team_A,Medium,P2
816,High,0.9,0.36,2,0.82,0.65,0.34,P2,Team_C,Medium,P2
817,Low,0.3,0.6,2,0.9,0.77,0.51,P2,Team_C,Medium,P2
818,Medium,0.6,0.63,1,0.46,0.52,0.98,P2,Team_A,Medium,P2
819,Medium,0.6,0.83,3,0.82,0.46,0.99,P2,Team_B,Medium,P2
820,Low,0.3,0.31,4,0.58,0.73,0.66,P3,Team_C,Low,P3
821,Low,0.3,0.51,1,0.7,0.96,0.67,P2,Team_A,Medium,P2
822,Low,0.3,0.07,4,0.89,0.51,0.31,P3,Team_B,Low,P3
823,High,0.9,0.27,1,0.8,0.81,0.67,P2,Team_A,Medium,P2
824,Low,0.3,0.33,3,0.83,0.78,0.59,P3,Team_A,Low,P3
825,Low,0.3,0.07,2,0.84,0.77,0.96,P3,Team_A,Low,P3
826,Low,0.3,0.56,3,0.81,0.82,0.82,P2,Team_A,Medium,P2
827,Medium,0.6,0.38,4,0.27,0.64,0.54,P2,Team_C,Medium,P2
828,High,0.9,0.28,3,0.67,0.51,0.89,P2,Team_B,Medium,P2
829,Medium,0.6,0.4,1,0.55,0.88,0.76,P2,Team_C,Medium,P2
830,Low,0.3,0.48,3,0.81,0.91,0.31,P2,Team_C,Medium,P2
831,Medium,0.6,0.39,1,0.79,0.52,0.74,P2,Team_C,Medium,P2
832,High,0.9,0.72,1,0.93,0.49,0.99,P1,Team_B,High,P1
833,Low,0.3,0.32,2,0.71,0.47,0.4,P3,Team_C,Low,P3
834,Low,0.3,0.65,1,0.77,0.74,0.98,P2,Team_B,Medium,P2
835,Medium,0.6,0.57,2,0.87,0.93,0.64,P2,Team_A,Medium,P2
836,Low,0.3,0.11,1,0.61,0.81,0.65,P3,Team_B,Low,P3
837,Low,0.3,0.37,2,0.49,0.52,0.66,P3,Team_B,Low,P3
838,Medium,0.6,0.85,3,0.76,0.6,0.77,P2,Team_A,Medium,P2
839,Low,0.3,0.63,3,0.82,0.59,0.62,P2,Team_C,Medium,P2
840,Medium,0.6,0.75,2,0.9,0.68,0.4,P2,Team_B,Medium,P2
841,High,0.9,0.42,3,0.71,0.84,0.79,P2,Team_C,Medium,P2
842,Medium,0.6,0.1,2,0.93,0.91,0.71,P2,Team_B,Medium,P2
843,High,0.9,0.53,2,0.78,0.51,0.94,P2,Team_B,Medium,P2
844,High,0.9,0.51,3,0.81,0.85,0.57,P2,Team_A,Medium,P2
845,Low,0.3,0.13,4,0.81,0.55,0.68,P3,Team_C,Low,P3
846,High,0.9,0.17,3,0.63,0.48,0.6,P2,Team_B,Medium,P2
847,Medium,0.6,0.45,1,0.66,0.78,0.56,P2,Team_B,Medium,P2
848,High,0.9,0.55,1,0.85,0.68,0.97,P2,Team_C,Medium,P2
849,Medium,0.6,0.26,3,0.9,0.92,0.37,P2,Team_A,Medium,P2
850,Low,0.3,0.51,1,0.59,0.67,0.67,P2,Team_B,Medium,P2
851,Low,0.3,0.66,2,0.97,0.7,0.56,P2,Team_B,Medium,P2
852,High,0.9,0.62,1,0.75,0.71,0.73,P1,Team_B,High,P1
853,Medium,0.6,0.42,4,0.91,0.86,0.65,P2,Team_B,Medium,P2
854,Low,0.3,0.71,2,0.56,0.88,0.86,P2,Team_C,Medium,P2
855,Medium,0.6,0.4,4,0.81,0.51,0.72,P2,Team_B,Medium,P2
856,Low,0.3,0.42,4,0.8,0.75,0.9,P2,Team_B,Medium,P2
857,Medium,0.6,0.69,4,0.76,0.8,0.45,P2,Team_C,Medium,P2
858,Medium,0.6,0.87,4,0.88,0.62,0.55,P2,Team_C,Medium,P2
859,High,0.9,0.73,4,0.68,0.58,0.91,P1,Team_B,High,P1
860,Medium,0.6,0.98,3,0.99,0.83,0.47,P2,Team_A,Medium,P2
861,Low,0.3,0.43,3,0.73,0.74,0.83,P2,Team_C,Medium,P2
862,High,0.9,0.05,4,0.83,0.66,0.96,P2,Team_A,Medium,P2
863,High,0.9,0.3,2,0.51,0.54,0.77,P2,Team_C,Medium,P2
864,High,0.9,0.6,3,0.9,0.73,0.89,P2,Team_A,Medium,P2
865,Low,0.3,0.37,1,0.32,0.35,0.85,P3,Team_C,Low,P3
866,Medium,0.6,0.87,2,0.67,0.71,0.92,P2,Team_B,Medium,P2
867,Medium,0.6,0.56,4,0.54,0.6,0.67,P2,Team_B,Medium,P2
868,Medium,0.6,0.65,4,0.84,0.81,0.67,P2,Team_B,Medium,P2
869,Medium,0.6,0.6,2,0.76,0.65,0.51,P2,Team_A,Medium,P2
870,Low,0.3,0.39,2,0.48,0.75,0.69,P3,Team_A,Low,P3
871,Medium,0.6,0.52,4,0.84,0.61,0.95,P2,Team_A,Medium,P2
872,Low,0.3,0.23,4,0.83,0.59,0.69,P3,Team_C,Low,P3
873,High,0.9,0.06,3,0.87,0.75,0.95,P2,Team_C,Medium,P2
874,Medium,0.6,0.69,1,0.56,0.41,0.9,P2,Team_B,Medium,P2
875,High,0.9,0.09,4,0.52,0.5,0.45,P2,Team_A,Medium,P2
876,Low,0.3,0.7,2,0.77,0.77,0.77,P2,Team_B,Medium,P2
877,Medium,0.6,0.16,4,0.9,0.66,0.45,P2,Team_B,Medium,P2
878,Medium,0.6,0.43,2,0.45,0.76,0.92,P2,Team_C,Medium,P2
879,Low,0.3,0.85,1,0.75,0.63,0.65,P2,Team_A,Medium,P2
880,Medium,0.6,0.37,2,0.73,0.66,0.32,P2,Team_A,Medium,P2
881,Medium,0.6,0.82,4,0.72,0.7,0.65,P2,Team_B,Medium,P2
882,Medium,0.6,0.45,1,0.9,0.63,0.76,P2,Team_B,Medium,P2
883,Low,0.3,0.11,2,0.82,0.77,0.66,P3,Team_B,Low,P3
884,High,0.9,0.37,2,0.78,0.74,0.76,P2,Team_B,Medium,P2
885,High,0.9,0.26,3,0.74,0.26,0.6,P2,Team_A,Medium,P2
886,Low,0.3,0.64,2,0.48,0.6,0.9,P2,Team_A,Medium,P2
887,Medium,0.6,0.2,2,0.76,0.93,0.68,P2,Team_C,Medium,P2
888,Medium,0.6,0.49,1,0.96,0.6,0.94,P2,Team_B,Medium,P2
889,Low,0.3,0.53,1,0.59,0.69,0.79,P2,Team_A,Medium,P2
890,Low,0.3,0.09,2,0.95,0.59,0.63,P3,Team_A,Low,P3
891,High,0.9,0.78,3,0.48,0.73,0.41,P1,Team_A,High,P1
892,Low,0.3,0.35,4,0.73,0.77,0.42,P3,Team_A,Low,P3
893,Medium,0.6,0.58,2,0.73,0.68,0.64,P2,Team_C,Medium,P2
894,High,0.9,0.43,3,0.71,0.53,0.4,P2,Team_B,Medium,P2
895,Low,0.3,0.75,2,0.5,0.94,0.75,P2,Team_C,Medium,P2
896,Low,0.3,0.58,2,0.88,0.59,0.99,P2,Team_A,Medium,P2
897,High,0.9,0.62,3,0.75,0.6,0.47,P1,Team_A,High,P1
898,Medium,0.6,0.14,1,0.74,0.76,0.82,P2,Team_C,Medium,P2
899,High,0.9,0.78,1,0.86,0.31,0.69,P1,Team_C,High,P1
900,Low,0.3,0.08,3,0.92,0.56,0.86,P3,Team_A,Low,P3
901,Low,0.3,0.27,1,0.84,0.72,0.96,P3,Team_C,Low,P3
902,High,0.9,0.59,4,0.91,0.83,0.61,P2,Team_A,Medium,P2
903,High,0.9,0.78,3,0.84,0.47,0.95,P1,Team_C,High,P1
904,Low,0.3,0.4,4,0.27,0.89,0.3,P2,Team_C,Medium,P2
905,High,0.9,0.45,2,0.37,0.99,0.92,P2,Team_C,Medium,P2
906,High,0.9,0.89,2,0.89,0.88,0.35,P1,Team_A,High,P1
907,Low,0.3,0.47,3,0.46,0.63,0.75,P2,Team_A,Medium,P2
908,Low,0.3,0.37,3,0.37,0.82,0.58,P3,Team_C,Low,P3
909,Low,0.3,0.66,2,0.89,0.78,0.92,P2,Team_A,Medium,P2
910,Medium,0.6,0.72,1,0.93,0.74,0.89,P2,Team_A,Medium,P2
911,High,0.9,0.32,3,0.79,0.59,0.88,P2,Team_A,Medium,P2
912,Low,0.3,0.69,1,0.49,0.71,0.52,P2,Team_C,Medium,P2
913,Low,0.3,0.3,4,0.73,0.35,0.8,P3,Team_B,Low,P3
914,Low,0.3,0.18,1,0.53,0.76,0.72,P3,Team_C,Low,P3
915,Low,0.3,0.64,4,0.91,0.71,0.79,P2,Team_A,Medium,P2
916,Low,0.3,0.92,1,0.6,0.77,0.43,P2,Team_B,Medium,P2
917,Low,0.3,0.37,3,0.93,0.19,0.59,P3,Team_C,Low,P3
918,Medium,0.6,0.69,3,0.68,0.97,0.84,P2,Team_A,Medium,P2
919,Medium,0.6,0.11,3,0.86,0.62,0.36,P2,Team_A,Medium,P2
920,Medium,0.6,0.5,3,0.8,0.6,0.32,P2,Team_B,Medium,P2
921,Medium,0.6,0.43,4,0.56,0.79,0.95,P2,Team_B,Medium,P2
922,Low,0.3,0.5,3,0.76,0.71,0.58,P2,Team_A,Medium,P2
923,Medium,0.6,0.01,4,0.62,0.76,0.82,P2,Team_B,Medium,P2
924,Medium,0.6,0.43,2,0.87,0.65,0.55,P2,Team_B,Medium,P2
925,High,0.9,0.02,1,0.85,0.46,0.92,P2,Team_A,Medium,P2
926,Medium,0.6,0.58,4,0.93,0.43,0.7,P2,Team_A,Medium,P2
927,High,0.9,0.49,4,0.62,0.96,0.8,P2,Team_A,Medium,P2
928,Medium,0.6,0.32,3,0.62,0.63,0.44,P2,Team_C,Medium,P2
929,Low,0.3,0.3,4,0.66,0.95,0.72,P3,Team_B,Low,P3
930,Medium,0.6,0.94,1,0.62,0.7,0.46,P2,Team_C,Medium,P2
931,Low,0.3,0.15,2,0.64,0.72,0.58,P3,Team_B,Low,P3
932,High,0.9,0.71,2,0.65,0.46,0.89,P1,Team_C,High,P1
933,Low,0.3,0.54,3,0.81,0.76,0.79,P2,Team_B,Medium,P2
934,Low,0.3,0.29,3,0.89,0.66,0.38,P3,Team_B,Low,P3
935,Low,0.3,0.69,4,0.81,0.61,0.73,P2,Team_B,Medium,P2
936,High,0.9,0.58,2,0.72,0.35,0.81,P2,Team_C,Medium,P2
937,Medium,0.6,0.2,3,0.66,0.74,0.78,P2,Team_C,Medium,P2
938,Medium,0.6,0.57,4,0.41,0.53,0.65,P2,Team_B,Medium,P2
939,Low,0.3,0.23,4,0.55,0.77,0.94,P3,Team_B,Low,P3
940,Low,0.3,0.23,2,0.95,0.65,0.65,P3,Team_B,Low,P3
941,Low,0.3,0.63,2,0.86,0.86,0.99,P2,Team_B,Medium,P2
942,Low,0.3,0.49,2,0.79,0.71,0.32,P2,Team_C,Medium,P2
943,Medium,0.6,0.49,4,0.98,0.94,0.48,P2,Team_B,Medium,P2
944,Low,0.3,0.54,4,0.71,0.76,0.36,P2,Team_B,Medium,P2
945,Low,0.3,0.17,4,0.98,0.7,0.66,P3,Team_C,Low,P3
946,High,0.9,0.55,1,0.76,0.69,0.58,P2,Team_B,Medium,P2
947,High,0.9,0.7,1,0.68,0.56,0.57,P1,Team_A,High,P1
948,Medium,0.6,0.37,1,0.4,0.67,0.82,P2,Team_C,Medium,P2
949,Low,0.3,0.55,2,0.66,0.84,0.95,P2,Team_C,Medium,P2
950,Low,0.3,0.53,1,0.77,0.74,0.78,P2,Team_C,Medium,P2
951,High,0.9,0.74,4,0.87,0.57,0.47,P1,Team_A,High,P1
952,High,0.9,0.35,2,0.49,0.95,0.9,P2,Team_A,Medium,P2
953,Low,0.3,0.54,3,0.38,0.98,0.95,P2,Team_A,Medium,P2
954,Low,0.3,0.05,4,0.75,0.88,0.5,P3,Team_A,Low,P3
955,Low,0.3,0.61,2,0.66,0.88,0.43,P2,Team_A,Medium,P2
956,Low,0.3,0.06,3,0.55,0.57,0.86,P3,Team_A,Low,P3
957,Low,0.3,0.46,3,0.26,0.51,0.52,P2,Team_B,Medium,P2
958,Medium,0.6,0.34,1,0.75,0.8,0.49,P2,Team_B,Medium,P2
959,Medium,0.6,0.8,2,0.76,0.57,0.8,P2,Team_B,Medium,P2
960,High,0.9,0.41,4,0.47,0.86,0.51,P2,Team_A,Medium,P2
961,High,0.9,0.47,1,0.78,0.36,0.72,P2,Team_C,Medium,P2
962,Medium,0.6,0.75,3,0.87,0.67,0.85,P2,Team_A,Medium,P2
963,Medium,0.6,0.14,3,0.71,0.82,0.65,P2,Team_B,Medium,P2
964,Low,0.3,0.41,2,0.6,0.71,0.81,P2,Team_B,Medium,P2
965,Low,0.3,0.3,4,0.87,0.39,0.75,P3,Team_B,Low,P3
966,Low,0.3,0.74,3,0.73,0.89,0.83,P2,Team_A,Medium,P2
967,High,0.9,0.43,2,0.78,0.79,0.76,P2,Team_B,Medium,P2
968,Low,0.3,0.4,1,0.73,0.49,0.66,P2,Team_B,Medium,P2
969,Medium,0.6,0.5,2,0.43,0.73,0.97,P2,Team_B,Medium,P2
970,Medium,0.6,0.7,2,0.81,0.68,0.98,P2,Team_C,Medium,P2
971,High,0.9,0.81,4,0.49,0.23,0.8,P1,Team_A,High,P1
972,Medium,0.6,0.31,4,0.38,0.86,0.88,P2,Team_B,Medium,P2
973,Low,0.3,0.76,4,0.51,0.59,0.35,P2,Team_A,Medium,P2
974,Medium,0.6,0.69,3,0.88,0.76,0.56,P2,Team_C,Medium,P2
975,Medium,0.6,0.82,4,0.87,0.57,0.92,P2,Team_B,Medium,P2
976,Medium,0.6,0.26,3,0.34,0.5,0.91,P2,Team_B,Medium,P2
977,Low,0.3,0.14,4,0.72,0.27,0.97,P3,Team_C,Low,P3
978,Low,0.3,0.6,2,0.34,0.75,0.76,P2,Team_B,Medium,P2
979,Medium,0.6,0.32,3,0.69,0.94,0.74,P2,Team_C,Medium,P2
980,High,0.9,0.27,2,0.73,0.69,0.79,P2,Team_C,Medium,P2
981,Low,0.3,0.84,3,0.86,0.91,0.74,P2,Team_A,Medium,P2
982,Low,0.3,0.52,1,0.92,0.28,0.33,P2,Team_A,Medium,P2
983,Medium,0.6,0.25,2,0.88,0.52,0.97,P2,Team_B,Medium,P2
984,High,0.9,0.58,3,0.9,0.56,0.92,P2,Team_A,Medium,P2
985,Low,0.3,0.63,2,0.4,0.68,0.67,P2,Team_B,Medium,P2
986,Medium,0.6,0.46,1,0.72,0.75,0.88,P2,Team_C,Medium,P2
987,High,0.9,0.37,3,0.55,0.87,0.76,P2,Team_A,Medium,P2
988,Low,0.3,0.31,4,0.9,0.29,0.65,P3,Team_B,Low,P3
989,High,0.9,0.42,4,0.54,0.45,0.56,P2,Team_A,Medium,P2
990,High,0.9,0.85,1,0.81,0.68,0.67,P1,Team_B,High,P1
991,Low,0.3,0.3,3,0.48,0.39,0.61,P3,Team_B,Low,P3
992,High,0.9,0.83,2,0.7,0.75,0.79,P1,Team_B,High,P1
993,Medium,0.6,0.84,3,0.57,0.59,0.5,P2,Team_C,Medium,P2
994,Low,0.3,0.36,4,0.95,0.89,0.88,P3,Team_A,Low,P3
995,Low,0.3,0.45,4,0.41,0.7,0.39,P2,Team_B,Medium,P2
996,Low,0.3,0.63,3,0.64,0.79,0.93,P2,Team_B,Medium,P2
997,Medium,0.6,0.55,2,0.78,0.7,0.38,P2,Team_A,Medium,P2
998,High,0.9,0.81,2,0.84,0.79,0.7,P1,Team_C,High,P1
999,High,0.9,0.75,4,0.75,0.76,0.76,P1,Team_B,High,P1
1000,Low,0.3,0.85,2,0.95,0.74,0.71,P2,Team_A,Medium,P2
1001,Low,0.3,0.42,4,0.82,0.65,0.86,P2,Team_C,Medium,P2
1002,Medium,0.6,0.18,3,0.76,0.88,0.56,P2,Team_B,Medium,P2
1003,Low,0.3,0.33,2,0.6,0.64,0.8,P3,Team_C,Low,P3
1004,Low,0.3,0.3,1,0.77,0.6,0.82,P3,Team_C,Low,P3
1005,High,0.9,0.79,3,0.75,0.5,0.5,P1,Team_B,High,P1
1006,Medium,0.6,0.66,1,0.76,0.52,0.92,P2,Team_B,Medium,P2
1007,Low,0.3,0.56,2,0.74,0.76,0.37,P2,Team_C,Medium,P2
1008,Medium,0.6,0.52,2,0.87,0.89,0.88,P2,Team_A,Medium,P2
1009,Medium,0.6,0.21,1,0.9,0.77,0.95,P2,Team_A,Medium,P2
1010,Medium,0.6,0.83,2,0.5,0.89,0.73,P2,Team_A,Medium,P2
1011,High,0.9,0.48,1,0.37,0.38,0.48,P2,Team_A,Medium,P2
1012,High,0.9,0.54,2,0.43,0.72,0.73,P2,Team_B,Medium,P2
1013,Medium,0.6,0.24,3,0.67,0.47,0.38,P2,Team_A,Medium,P2
1014,Low,0.3,0.27,3,0.48,0.53,0.69,P3,Team_A,Low,P3
1015,Low,0.3,0.65,3,0.88,0.7,0.53,P2,Team_B,Medium,P2
1016,Low,0.3,0.25,2,0.78,0.49,0.3,P3,Team_B,Low,P3
1017,Medium,0.6,0.58,1,0.36,0.86,0.44,P2,Team_A,Medium,P2
1018,Low,0.3,0.5,2,0.62,0.36,0.67,P2,Team_B,Medium,P2
1019,Medium,0.6,0.31,1,0.63,0.27,0.95,P2,Team_B,Medium,P2
1020,Low,0.3,0.32,2,0.86,0.65,0.58,P3,Team_C,Low,P3
1021,Medium,0.6,0.14,3,0.87,0.89,0.7,P2,Team_C,Medium,P2
1022,Low,0.3,0.83,3,0.9,0.78,0.6,P2,Team_C,Medium,P2
1023,High,0.9,0.06,4,0.63,0.84,0.65,P2,Team_C,Medium,P2
1024,Medium,0.6,0.56,2,0.82,0.67,0.6,P2,Team_A,Medium,P2
1025,Medium,0.6,0.37,2,0.95,0.7,0.73,P2,Team_C,Medium,P2
1026,Medium,0.6,0.27,3,0.46,0.54,0.44,P2,Team_B,Medium,P2
1027,Medium,0.6,0.53,1,0.73,0.3,0.38,P2,Team_B,Medium,P2
1028,Low,0.3,0.02,2,0.77,0.41,0.86,P3,Team_A,Low,P3
1029,Medium,0.6,0.49,3,0.62,0.77,0.34,P2,Team_A,Medium,P2
1030,Medium,0.6,0.8,4,0.44,0.53,0.61,P2,Team_B,Medium,P2
1031,Medium,0.6,0.42,2,0.43,0.48,0.46,P2,Team_A,Medium,P2
1032,Low,0.3,0.82,4,0.73,0.62,0.58,P2,Team_C,Medium,P2
1033,Medium,0.6,0.39,4,0.78,0.35,0.41,P2,Team_A,Medium,P2
1034,Medium,0.6,0.31,1,0.82,0.58,0.6,P2,Team_B,Medium,P2
1035,Low,0.3,0.58,3,0.75,0.87,0.4,P2,Team_A,Medium,P2
1036,High,0.9,0.77,2,0.95,0.77,0.94,P1,Team_B,High,P1
1037,Low,0.3,0.47,4,0.69,0.75,0.72,P2,Team_B,Medium,P2
1038,Low,0.3,0.55,3,0.58,0.78,0.4,P2,Team_A,Medium,P2
1039,High,0.9,0.45,2,0.71,0.8,0.38,P2,Team_B,Medium,P2
1040,Low,0.3,0.45,4,0.74,0.55,0.76,P2,Team_A,Medium,P2
1041,High,0.9,0.56,1,0.86,0.42,0.81,P2,Team_B,Medium,P2
1042,Medium,0.6,0.47,4,0.88,0.62,0.89,P2,Team_B,Medium,P2
1043,High,0.9,0.75,1,0.7,0.63,0.56,P1,Team_A,High,P1
1044,Medium,0.6,0.29,2,0.8,0.52,0.74,P2,Team_A,Medium,P2
1045,Low,0.3,0.89,4,0.71,0.48,0.37,P2,Team_B,Medium,P2
1046,Low,0.3,0.24,1,0.89,0.78,0.67,P3,Team_A,Low,P3
1047,High,0.9,0.35,4,0.49,0.75,0.79,P2,Team_C,Medium,P2
1048,Medium,0.6,0.57,2,0.72,0.64,0.66,P2,Team_B,Medium,P2
1049,Low,0.3,0.38,1,0.86,0.82,0.47,P3,Team_B,Low,P3
1050,Low,0.3,0.64,1,0.9,0.45,0.6,P2,Team_B,Medium,P2
1051,Medium,0.6,0.66,2,0.75,0.81,0.7,P2,Team_B,Medium,P2
1052,Low,0.3,0.06,3,0.9,0.46,0.84,P3,Team_C,Low,P3
1053,High,0.9,0.46,4,0.9,0.66,0.38,P2,Team_C,Medium,P2
1054,Low,0.3,0.81,4,0.74,0.3,0.96,P2,Team_B,Medium,P2
1055,Low,0.3,0.81,1,0.79,0.71,0.63,P2,Team_B,Medium,P2
1056,High,0.9,0.72,2,0.88,0.59,0.62,P1,Team_A,High,P1
1057,Medium,0.6,0.24,3,0.92,0.65,0.46,P2,Team_B,Medium,P2
1058,Medium,0.6,0.64,3,0.79,0.79,0.58,P2,Team_B,Medium,P2
1059,High,0.9,0.67,1,0.8,0.71,0.84,P1,Team_C,High,P1
1060,High,0.9,0.25,1,0.78,0.5,0.92,P2,Team_B,Medium,P2
1061,Medium,0.6,0.9,2,0.53,0.58,0.66,P2,Team_C,Medium,P2
1062,Low,0.3,0.21,1,0.63,0.83,0.85,P3,Team_A,Low,P3
1063,High,0.9,0.64,2,0.96,0.96,0.83,P1,Team_A,High,P1
1064,High,0.9,0.51,4,0.97,0.63,0.4,P2,Team_C,Medium,P2
1065,Low,0.3,0.83,3,0.86,0.42,0.82,P2,Team_B,Medium,P2
1066,Low,0.3,0.47,1,0.71,0.51,0.88,P2,Team_A,Medium,P2
1067,Low,0.3,0.69,1,0.92,0.63,0.91,P2,Team_B,Medium,P2
1068,High,0.9,0.68,3,0.78,0.61,0.66,P1,Team_A,High,P1
1069,Medium,0.6,0.59,4,0.59,0.74,0.32,P2,Team_B,Medium,P2
1070,High,0.9,0.77,4,0.76,0.56,0.77,P1,Team_C,High,P1
1071,High,0.9,0.73,1,0.81,0.92,0.78,P1,Team_B,High,P1
1072,Low,0.3,0.73,1,0.78,0.48,0.97,P2,Team_A,Medium,P2
1073,Low,0.3,0.73,1,0.79,0.71,0.33,P2,Team_B,Medium,P2
1074,Low,0.3,0.15,1,0.45,0.72,0.73,P3,Team_A,Low,P3
1075,Medium,0.6,0.25,1,0.62,0.26,0.8,P2,Team_B,Medium,P2
1076,Low,0.3,0.34,2,0.47,0.5,0.87,P3,Team_A,Low,P3
1077,Medium,0.6,0.47,1,0.68,0.61,0.83,P2,Team_C,Medium,P2
1078,Low,0.3,0.34,3,0.53,0.73,0.87,P3,Team_A,Low,P3
1079,Low,0.3,0.84,4,0.41,0.88,0.88,P2,Team_A,Medium,P2
1080,Low,0.3,0.87,4,0.79,0.45,0.42,P2,Team_A,Medium,P2
1081,Low,0.3,0.69,2,0.82,0.8,0.77,P2,Team_C,Medium,P2
1082,Low,0.3,0.41,3,0.96,0.36,0.66,P2,Team_C,Medium,P2
1083,High,0.9,0.54,3,0.76,0.79,0.9,P2,Team_C,Medium,P2
1084,Medium,0.6,0.77,1,0.86,0.27,0.43,P2,Team_C,Medium,P2
1085,Low,0.3,0.36,1,0.8,0.59,0.85,P3,Team_A,Low,P3
1086,Low,0.3,0.43,4,0.77,0.76,0.45,P2,Team_C,Medium,P2
1087,Low,0.3,0.33,1,0.73,0.87,0.84,P3,Team_A,Low,P3
1088,Medium,0.6,0.24,1,0.86,0.68,0.89,P2,Team_A,Medium,P2
1089,Medium,0.6,0.31,4,0.77,0.48,0.65,P2,Team_B,Medium,P2
1090,Low,0.3,0.4,3,0.37,0.74,0.9,P2,Team_C,Medium,P2
1091,Low,0.3,0.73,4,0.76,0.69,0.72,P2,Team_C,Medium,P2
1092,High,0.9,0.76,1,0.6,0.89,0.6,P1,Team_C,High,P1
1093,Low,0.3,0.83,3,0.81,0.59,0.43,P2,Team_C,Medium,P2
1094,Medium,0.6,0.34,4,0.68,0.61,0.66,P2,Team_C,Medium,P2
1095,Medium,0.6,0.44,3,0.59,0.64,0.43,P2,Team_A,Medium,P2
1096,Low,0.3,0.7,4,0.7,0.32,0.68,P2,Team_B,Medium,P2
1097,Low,0.3,0.23,2,0.63,0.87,0.53,P3,Team_C,Low,P3
1098,High,0.9,0.28,4,0.8,0.48,0.5,P2,Team_B,Medium,P2
1099,High,0.9,0.24,1,0.79,0.57,0.55,P2,Team_A,Medium,P2
1100,High,0.9,0.13,1,0.69,0.82,0.92,P2,Team_C,Medium,P2
1101,Low,0.3,0.6,1,0.39,0.85,0.34,P2,Team_C,Medium,P2
1102,Low,0.3,0.44,4,0.66,0.58,0.5,P2,Team_C,Medium,P2
1103,Low,0.3,0.44,1,0.41,0.92,0.81,P2,Team_C,Medium,P2
1104,High,0.9,0.18,3,0.66,0.7,0.8,P2,Team_B,Medium,P2
1105,Low,0.3,0.57,2,0.85,0.96,0.4,P2,Team_A,Medium,P2
1106,High,0.9,0.32,1,0.75,0.65,0.68,P2,Team_B,Medium,P2
1107,High,0.9,0.43,3,0.89,0.81,0.93,P2,Team_C,Medium,P2
1108,Low,0.3,0.29,4,0.84,0.87,0.9,P3,Team_A,Low,P3
1109,Low,0.3,0.38,2,0.8,0.7,0.83,P3,Team_B,Low,P3
1110,High,0.9,0.34,1,0.75,0.57,0.92,P2,Team_C,Medium,P2
1111,Low,0.3,0.59,4,0.86,0.67,0.46,P2,Team_C,Medium,P2
1112,Low,0.3,0.39,2,0.84,0.91,0.85,P3,Team_A,Low,P3
1113,High,0.9,0.27,2,0.6,0.59,0.99,P2,Team_B,Medium,P2
1114,High,0.9,0.7,2,0.75,0.8,0.48,P1,Team_B,High,P1
1115,Medium,0.6,0.17,4,0.85,0.73,0.49,P2,Team_C,Medium,P2
1116,Low,0.3,0.16,2,0.76,0.53,0.58,P3,Team_C,Low,P3
1117,Low,0.3,0.77,3,0.76,0.85,0.41,P2,Team_C,Medium,P2
1118,Low,0.3,0.4,2,0.86,0.65,0.36,P2,Team_A,Medium,P2
1119,High,0.9,0.45,2,0.72,0.68,0.34,P2,Team_B,Medium,P2
1120,Medium,0.6,0.1,3,0.72,0.45,0.96,P2,Team_C,Medium,P2
1121,High,0.9,0.15,2,0.66,0.82,0.93,P2,Team_C,Medium,P2
1122,Medium,0.6,0.83,1,0.73,0.87,0.89,P2,Team_C,Medium,P2
1123,Medium,0.6,0.32,4,0.67,0.53,0.66,P2,Team_A,Medium,P2
1124,Medium,0.6,0.24,3,0.72,0.66,0.99,P2,Team_C,Medium,P2
1125,Low,0.3,0.14,4,0.46,0.65,0.76,P3,Team_A,Low,P3
1126,Low,0.3,0.33,4,0.8,0.61,0.83,P3,Team_A,Low,P3
1127,Low,0.3,0.79,2,0.9,0.57,0.77,P2,Team_A,Medium,P2
1128,Medium,0.6,0.14,4,0.63,0.49,0.8,P2,Team_A,Medium,P2
1129,High,0.9,0.71,4,0.86,0.57,0.35,P1,Team_B,High,P1
1130,Low,0.3,0.47,4,0.89,0.24,0.38,P2,Team_A,Medium,P2
1131,Medium,0.6,0.47,2,0.72,0.58,0.49,P2,Team_C,Medium,P2
1132,Low,0.3,0.57,4,0.83,0.42,0.52,P2,Team_B,Medium,P2
1133,Low,0.3,0.25,2,0.62,0.79,0.51,P3,Team_C,Low,P3
1134,Medium,0.6,0.62,3,0.89,0.78,0.99,P2,Team_B,Medium,P2
1135,High,0.9,0.45,2,0.9,0.43,0.69,P2,Team_B,Medium,P2
1136,Low,0.3,0.16,1,0.61,0.79,0.34,P3,Team_B,Low,P3
1137,Medium,0.6,0.2,1,0.79,0.75,0.69,P2,Team_B,Medium,P2
1138,Low,0.3,0.83,3,0.7,0.83,0.8,P2,Team_B,Medium,P2
1139,Medium,0.6,0.5,1,0.56,0.63,0.45,P2,Team_B,Medium,P2
1140,Medium,0.6,0.33,2,0.48,0.53,0.89,P2,Team_B,Medium,P2
1141,High,0.9,0.13,1,0.84,0.81,0.69,P2,Team_A,Medium,P2
1142,Low,0.3,0.25,4,0.71,0.95,0.5,P3,Team_B,Low,P3
1143,Low,0.3,0.65,4,0.76,0.67,0.41,P2,Team_C,Medium,P2
1144,Medium,0.6,0.43,1,0.9,0.75,0.54,P2,Team_B,Medium,P2
1145,Medium,0.6,0.35,1,0.78,0.74,0.66,P2,Team_B,Medium,P2
1146,Medium,0.6,0.7,2,0.64,0.7,0.88,P2,Team_A,Medium,P2
1147,Low,0.3,0.5,2,0.95,0.58,0.87,P2,Team_C,Medium,P2
1148,Low,0.3,0.18,4,0.69,0.51,0.82,P3,Team_B,Low,P3
1149,Medium,0.6,0.03,1,0.73,0.28,0.75,P2,Team_A,Medium,P2
1150,Medium,0.6,0.22,2,0.6,0.59,0.4,P2,Team_B,Medium,P2
1151,High,0.9,0.51,3,0.94,0.64,0.66,P2,Team_A,Medium,P2
1152,Medium,0.6,0.1,4,0.56,0.26,0.47,P2,Team_A,Medium,P2
1153,High,0.9,0.16,4,0.57,0.54,0.35,P2,Team_B,Medium,P2
1154,Low,0.3,0.38,2,0.84,0.58,0.6,P3,Team_B,Low,P3
1155,High,0.9,0.65,2,0.87,0.82,0.8,P1,Team_B,High,P1
1156,Medium,0.6,0.41,4,0.84,0.62,0.84,P2,Team_C,Medium,P2
1157,High,0.9,0.7,3,0.85,0.76,0.46,P1,Team_C,High,P1
1158,High,0.9,0.35,3,0.49,0.84,0.64,P2,Team_C,Medium,P2
1159,Low,0.3,0.4,4,0.9,0.71,0.43,P2,Team_B,Medium,P2
1160,Medium,0.6,0.58,4,0.67,0.65,0.96,P2,Team_A,Medium,P2
1161,Low,0.3,0.08,4,0.53,0.56,0.46,P3,Team_A,Low,P3
1162,Medium,0.6,0.6,4,0.76,0.76,0.55,P2,Team_A,Medium,P2
1163,Low,0.3,0.8,1,0.74,0.59,0.79,P2,Team_C,Medium,P2
1164,Low,0.3,0.78,3,0.84,0.56,0.39,P2,Team_B,Medium,P2
1165,Low,0.3,0.61,3,0.34,0.48,0.37,P2,Team_B,Medium,P2
1166,Low,0.3,0.15,3,0.83,0.4,0.72,P3,Team_B,Low,P3
1167,Medium,0.6,0.59,1,0.93,0.7,0.58,P2,Team_A,Medium,P2
1168,Medium,0.6,0.09,4,0.99,0.53,0.63,P2,Team_A,Medium,P2
1169,Medium,0.6,0.69,3,0.87,0.66,0.65,P2,Team_B,Medium,P2
1170,Medium,0.6,0.84,3,0.94,0.55,0.42,P2,Team_C,Medium,P2
1171,Medium,0.6,0.96,1,0.96,0.9,0.62,P2,Team_C,Medium,P2
1172,Low,0.3,0.22,3,0.79,0.7,0.32,P3,Team_C,Low,P3
1173,Low,0.3,0.47,3,0.84,0.75,0.78,P2,Team_B,Medium,P2
1174,Medium,0.6,0.4,2,0.58,0.76,0.74,P2,Team_C,Medium,P2
1175,High,0.9,0.38,1,0.68,0.78,0.44,P2,Team_B,Medium,P2
1176,High,0.9,0.36,3,0.79,0.91,0.74,P2,Team_C,Medium,P2
1177,Low,0.3,0.1,3,0.5,0.86,0.33,P3,Team_C,Low,P3
1178,Low,0.3,0.49,1,0.77,0.97,0.43,P2,Team_B,Medium,P2
1179,Medium,0.6,0.46,1,1.0,0.91,0.94,P2,Team_A,Medium,P2
1180,Medium,0.6,0.67,3,0.58,0.6,0.5,P2,Team_B,Medium,P2
1181,High,0.9,0.15,4,0.51,0.68,0.72,P2,Team_A,Medium,P2
1182,High,0.9,0.05,3,0.95,0.91,0.72,P2,Team_A,Medium,P2
1183,High,0.9,0.31,4,0.48,0.6,0.78,P2,Team_A,Medium,P2
1184,High,0.9,0.45,3,0.82,0.76,0.66,P2,Team_C,Medium,P2
1185,High,0.9,0.78,3,0.77,0.67,0.54,P1,Team_B,High,P1
1186,Medium,0.6,0.6,2,0.8,0.95,0.33,P2,Team_A,Medium,P2
1187,High,0.9,0.64,2,0.77,0.67,0.93,P1,Team_A,High,P1
1188,High,0.9,0.38,4,0.56,0.71,0.92,P2,Team_B,Medium,P2
1189,Medium,0.6,0.59,1,0.62,0.53,0.31,P2,Team_A,Medium,P2
1190,Medium,0.6,0.05,4,0.79,0.54,0.72,P2,Team_B,Medium,P2
1191,High,0.9,0.5,3,0.49,0.76,0.55,P2,Team_A,Medium,P2
1192,High,0.9,0.64,3,0.76,0.81,0.66,P1,Team_A,High,P1
1193,High,0.9,0.38,2,0.78,0.76,0.62,P2,Team_A,Medium,P2
1194,Medium,0.6,0.48,1,0.36,0.82,0.32,P2,Team_C,Medium,P2
1195,High,0.9,0.77,4,0.77,0.67,0.86,P1,Team_B,High,P1
1196,High,0.9,0.36,3,0.59,0.44,0.47,P2,Team_C,Medium,P2
1197,Medium,0.6,0.22,4,0.62,0.56,0.99,P2,Team_A,Medium,P2
1198,Low,0.3,0.48,3,0.63,0.71,0.41,P2,Team_C,Medium,P2
1199,Medium,0.6,0.73,4,0.9,0.81,0.72,P2,Team_B,Medium,P2
1200,High,0.9,0.63,1,0.97,0.59,0.4,P1,Team_C,High,P1
1201,Low,0.3,0.74,1,0.87,0.53,0.89,P2,Team_A,Medium,P2
1202,High,0.9,0.64,3,0.63,0.72,0.73,P1,Team_C,High,P1
1203,Low,0.3,0.83,1,0.4,0.65,0.73,P2,Team_A,Medium,P2
1204,Medium,0.6,0.68,4,0.76,0.64,0.3,P2,Team_A,Medium,P2
1205,High,0.9,0.61,2,0.67,0.82,0.91,P1,Team_C,High,P1
1206,High,0.9,0.34,2,0.74,0.26,0.34,P2,Team_B,Medium,P2
1207,High,0.9,0.36,1,0.54,0.3,0.35,P2,Team_B,Medium,P2
1208,High,0.9,0.61,4,0.65,0.54,0.79,P1,Team_C,High,P1
1209,Low,0.3,0.33,3,0.69,0.59,0.68,P3,Team_C,Low,P3
1210,Medium,0.6,0.65,1,0.67,0.83,0.43,P2,Team_B,Medium,P2
1211,Medium,0.6,0.69,3,0.79,0.94,0.92,P2,Team_A,Medium,P2
1212,High,0.9,0.58,1,0.61,0.72,0.52,P2,Team_C,Medium,P2
1213,Low,0.3,0.43,4,0.67,0.62,0.76,P2,Team_A,Medium,P2
1214,Medium,0.6,0.7,3,0.83,0.1,0.82,P2,Team_A,Medium,P2
1215,Low,0.3,0.12,3,0.68,0.36,0.55,P3,Team_B,Low,P3
1216,Low,0.3,0.64,2,0.62,0.75,0.32,P2,Team_C,Medium,P2
1217,Medium,0.6,0.14,2,0.88,0.79,0.78,P2,Team_A,Medium,P2
1218,Medium,0.6,0.76,3,0.77,0.38,0.46,P2,Team_B,Medium,P2
1219,Medium,0.6,0.73,1,0.57,0.85,0.58,P2,Team_A,Medium,P2
1220,Medium,0.6,0.66,2,0.39,0.76,0.65,P2,Team_B,Medium,P2
1221,High,0.9,0.35,2,0.36,0.69,0.72,P2,Team_C,Medium,P2
1222,Low,0.3,0.57,1,0.6,0.52,0.56,P2,Team_B,Medium,P2
1223,Medium,0.6,0.73,3,0.66,0.59,0.67,P2,Team_A,Medium,P2
1224,Low,0.3,0.27,3,0.56,0.59,0.77,P3,Team_C,Low,P3
1225,Low,0.3,0.66,4,0.61,0.66,0.41,P2,Team_C,Medium,P2
1226,Low,0.3,0.48,4,0.51,0.45,0.64,P2,Team_C,Medium,P2
1227,High,0.9,0.64,3,0.92,0.8,0.49,P1,Team_C,High,P1
1228,Medium,0.6,0.91,3,0.74,0.56,0.89,P2,Team_A,Medium,P2
1229,High,0.9,0.43,4,0.71,0.74,0.57,P2,Team_B,Medium,P2
1230,Low,0.3,0.57,3,0.83,0.66,0.71,P2,Team_B,Medium,P2
1231,Low,0.3,0.36,3,0.85,0.66,0.78,P3,Team_B,Low,P3
1232,High,0.9,0.15,4,0.75,0.97,0.37,P2,Team_A,Medium,P2
1233,Medium,0.6,0.66,2,0.57,0.83,0.63,P2,Team_B,Medium,P2
1234,High,0.9,0.38,1,0.71,0.43,0.94,P2,Team_B,Medium,P2
1235,Medium,0.6,0.51,4,0.71,0.71,0.61,P2,Team_A,Medium,P2
1236,Medium,0.6,0.45,1,0.61,0.86,0.48,P2,Team_A,Medium,P2
1237,Low,0.3,0.51,4,0.55,0.67,0.87,P2,Team_B,Medium,P2
1238,High,0.9,0.43,3,0.65,0.47,0.8,P2,Team_C,Medium,P2
1239,High,0.9,0.5,3,0.68,0.65,0.74,P2,Team_B,Medium,P2
1240,High,0.9,0.25,3,0.68,0.87,0.43,P2,Team_A,Medium,P2
1241,Medium,0.6,0.61,2,0.7,0.6,0.8,P2,Team_C,Medium,P2
1242,High,0.9,0.68,4,0.93,0.5,0.35,P1,Team_B,High,P1
1243,Medium,0.6,0.3,2,0.58,0.71,0.84,P2,Team_C,Medium,P2
1244,High,0.9,0.06,2,0.66,0.35,0.46,P2,Team_A,Medium,P2
1245,High,0.9,0.66,3,0.86,0.79,0.91,P1,Team_C,High,P1
1246,High,0.9,0.48,3,0.57,0.76,0.48,P2,Team_A,Medium,P2
1247,Medium,0.6,0.28,4,0.37,0.36,0.37,P2,Team_A,Medium,P2
1248,Low,0.3,0.53,3,0.82,0.58,0.45,P2,Team_B,Medium,P2
1249,Medium,0.6,0.66,2,0.35,0.29,0.31,P2,Team_C,Medium,P2
1250,Low,0.3,0.44,4,0.6,0.96,0.49,P2,Team_C,Medium,P2
1251,Low,0.3,0.66,3,0.58,0.69,0.78,P2,Team_A,Medium,P2
1252,Medium,0.6,0.79,4,0.88,0.73,0.74,P2,Team_A,Medium,P2
1253,Low,0.3,0.31,4,0.7,0.67,0.52,P3,Team_A,Low,P3
1254,Medium,0.6,0.56,3,0.81,0.53,0.91,P2,Team_C,Medium,P2
1255,Medium,0.6,0.54,2,0.48,0.91,0.95,P2,Team_B,Medium,P2
1256,Low,0.3,0.61,2,0.91,0.88,0.84,P2,Team_B,Medium,P2
1257,High,0.9,0.69,2,0.76,0.72,0.3,P1,Team_A,High,P1
1258,Medium,0.6,0.38,4,0.57,0.57,0.43,P2,Team_B,Medium,P2
1259,Low,0.3,0.59,2,0.78,0.66,0.82,P2,Team_C,Medium,P2
1260,Low,0.3,0.81,1,0.83,0.5,0.87,P2,Team_C,Medium,P2
1261,Low,0.3,0.04,3,0.52,0.75,0.39,P3,Team_B,Low,P3
1262,High,0.9,0.14,1,0.54,0.57,0.76,P2,Team_B,Medium,P2
1263,Low,0.3,0.46,2,0.92,0.92,0.96,P2,Team_A,Medium,P2
1264,Medium,0.6,0.6,3,0.95,0.96,0.84,P2,Team_A,Medium,P2
1265,Low,0.3,0.51,3,0.79,0.79,0.69,P2,Team_A,Medium,P2
1266,Low,0.3,0.54,1,0.65,0.65,0.81,P2,Team_A,Medium,P2
1267,High,0.9,0.61,3,0.69,0.42,0.64,P1,Team_C,High,P1
1268,Low,0.3,0.49,2,0.93,0.76,0.35,P2,Team_A,Medium,P2
1269,High,0.9,0.36,2,0.54,0.5,0.8,P2,Team_C,Medium,P2
1270,High,0.9,0.76,1,0.85,0.79,0.65,P1,Team_C,High,P1
1271,High,0.9,0.46,2,0.74,0.83,0.97,P2,Team_A,Medium,P2
1272,Low,0.3,0.69,1,0.72,0.5,0.77,P2,Team_B,Medium,P2
1273,High,0.9,0.59,2,0.59,0.85,0.9,P2,Team_C,Medium,P2
1274,Medium,0.6,0.51,4,0.67,0.4,0.94,P2,Team_A,Medium,P2
1275,High,0.9,0.92,1,0.97,0.68,0.57,P1,Team_B,High,P1
1276,Low,0.3,0.33,4,0.95,0.56,0.58,P3,Team_A,Low,P3
1277,Medium,0.6,0.9,4,0.82,0.67,0.93,P2,Team_B,Medium,P2
1278,Medium,0.6,0.75,2,0.84,0.91,0.31,P2,Team_C,Medium,P2
1279,High,0.9,0.86,1,0.89,0.6,0.81,P1,Team_B,High,P1
1280,Medium,0.6,0.45,2,0.92,0.8,0.75,P2,Team_A,Medium,P2
1281,Low,0.3,0.76,3,0.84,0.53,0.55,P2,Team_C,Medium,P2
1282,Medium,0.6,0.49,1,0.54,0.58,0.43,P2,Team_A,Medium,P2
1283,Low,0.3,0.88,2,0.9,0.21,0.39,P2,Team_C,Medium,P2
1284,Low,0.3,0.53,4,0.85,0.88,0.65,P2,Team_C,Medium,P2
1285,High,0.9,0.67,1,0.6,0.7,0.68,P1,Team_C,High,P1
1286,Low,0.3,0.62,3,0.77,0.72,0.7,P2,Team_A,Medium,P2
1287,Low,0.3,0.09,1,0.72,0.95,0.45,P3,Team_B,Low,P3
1288,Low,0.3,0.72,2,0.99,0.73,0.91,P2,Team_B,Medium,P2
1289,Medium,0.6,0.53,3,0.4,0.73,0.75,P2,Team_A,Medium,P2
1290,Low,0.3,0.69,4,0.43,0.82,0.31,P2,Team_B,Medium,P2
1291,High,0.9,0.78,3,0.79,0.48,0.73,P1,Team_B,High,P1
1292,Medium,0.6,0.52,1,0.7,0.72,0.5,P2,Team_A,Medium,P2
1293,High,0.9,0.9,1,0.62,0.71,0.63,P1,Team_C,High,P1
1294,Medium,0.6,0.19,2,0.75,0.66,0.67,P2,Team_A,Medium,P2
1295,Medium,0.6,0.54,3,0.81,0.55,0.3,P2,Team_A,Medium,P2
1296,Medium,0.6,0.65,4,0.76,0.58,0.57,P2,Team_A,Medium,P2
1297,Medium,0.6,0.52,4,0.7,0.82,0.94,P2,Team_A,Medium,P2
1298,Medium,0.6,0.61,1,0.81,0.78,0.59,P2,Team_A,Medium,P2
1299,High,0.9,0.21,4,0.9,0.86,0.74,P2,Team_A,Medium,P2
1300,High,0.9,0.17,4,0.32,0.92,0.82,P2,Team_C,Medium,P2
1301,Low,0.3,0.83,3,0.78,0.23,0.93,P2,Team_B,Medium,P2
1302,Medium,0.6,0.39,4,0.65,0.76,0.3,P2,Team_B,Medium,P2
1303,Medium,0.6,0.6,2,0.52,0.79,0.71,P2,Team_A,Medium,P2
1304,Medium,0.6,0.52,3,0.97,0.35,0.41,P2,Team_C,Medium,P2
1305,High,0.9,0.8,2,0.8,0.52,0.42,P1,Team_B,High,P1
1306,Low,0.3,0.51,1,0.96,0.77,0.74,P2,Team_B,Medium,P2
1307,High,0.9,0.27,3,0.87,0.88,0.9,P2,Team_B,Medium,P2
1308,Low,0.3,0.7,3,0.63,0.7,0.94,P2,Team_B,Medium,P2
1309,High,0.9,0.54,2,0.61,0.72,0.49,P2,Team_B,Medium,P2
1310,Low,0.3,0.31,2,0.67,0.35,0.71,P3,Team_C,Low,P3
1311,Low,0.3,0.63,3,0.59,0.68,0.42,P2,Team_A,Medium,P2
1312,Medium,0.6,0.73,4,0.92,0.86,0.89,P2,Team_B,Medium,P2
1313,High,0.9,0.65,2,0.64,0.61,0.59,P1,Team_A,High,P1
1314,Low,0.3,0.36,2,0.86,0.48,0.5,P3,Team_A,Low,P3
1315,Medium,0.6,0.92,4,0.63,0.66,0.49,P2,Team_A,Medium,P2
1316,Medium,0.6,0.54,2,0.76,0.78,0.89,P2,Team_C,Medium,P2
1317,High,0.9,0.25,4,0.88,0.56,0.7,P2,Team_B,Medium,P2
1318,Low,0.3,0.6,2,0.81,0.85,0.65,P2,Team_A,Medium,P2
1319,Medium,0.6,0.27,1,0.47,0.87,0.32,P2,Team_A,Medium,P2
1320,Medium,0.6,0.59,3,0.41,0.43,0.65,P2,Team_A,Medium,P2
1321,High,0.9,0.87,1,0.56,0.37,0.61,P1,Team_B,High,P1
1322,Low,0.3,0.87,1,0.79,0.34,0.92,P2,Team_B,Medium,P2
1323,High,0.9,0.51,3,0.82,0.56,0.43,P2,Team_B,Medium,P2
1324,Low,0.3,0.62,1,0.6,0.65,0.68,P2,Team_C,Medium,P2
1325,Medium,0.6,0.52,2,0.82,0.73,0.75,P2,Team_C,Medium,P2
1326,Medium,0.6,0.31,2,0.4,0.76,0.44,P2,Team_B,Medium,P2
1327,Low,0.3,0.39,1,0.69,0.41,0.92,P3,Team_B,Low,P3
1328,High,0.9,0.35,3,0.89,0.34,0.46,P2,Team_C,Medium,P2
1329,High,0.9,0.63,2,0.58,0.83,0.74,P1,Team_B,High,P1
1330,High,0.9,0.44,2,0.74,0.61,0.48,P2,Team_B,Medium,P2
1331,High,0.9,0.91,4,0.44,0.89,0.83,P1,Team_C,High,P1
1332,Low,0.3,0.23,3,0.77,0.75,0.99,P3,Team_C,Low,P3
1333,Medium,0.6,0.85,3,0.87,0.58,0.6,P2,Team_A,Medium,P2
1334,Low,0.3,0.8,2,0.58,0.76,0.38,P2,Team_B,Medium,P2
1335,High,0.9,0.65,3,0.58,0.83,0.6,P1,Team_C,High,P1
1336,Medium,0.6,0.12,2,0.55,0.68,0.99,P2,Team_C,Medium,P2
1337,Medium,0.6,0.17,2,0.54,0.48,0.58,P2,Team_A,Medium,P2
1338,Low,0.3,0.79,3,0.42,0.89,0.66,P2,Team_C,Medium,P2
1339,Low,0.3,0.14,3,0.72,0.42,0.7,P3,Team_B,Low,P3
1340,High,0.9,0.3,3,0.74,0.54,0.7,P2,Team_A,Medium,P2
1341,Low,0.3,0.32,4,0.44,0.83,0.59,P3,Team_B,Low,P3
1342,Low,0.3,0.42,4,0.55,0.63,0.86,P2,Team_C,Medium,P2
1343,Medium,0.6,0.5,1,0.92,0.83,0.4,P2,Team_C,Medium,P2
1344,Medium,0.6,0.2,3,0.76,0.84,0.92,P2,Team_A,Medium,P2
1345,Low,0.3,0.75,3,0.74,0.58,0.68,P2,Team_A,Medium,P2
1346,High,0.9,0.59,1,0.87,0.74,0.48,P2,Team_B,Medium,P2
1347,Medium,0.6,0.18,4,0.62,0.73,0.7,P2,Team_C,Medium,P2
1348,Medium,0.6,0.12,1,0.76,0.51,0.63,P2,Team_B,Medium,P2
1349,Low,0.3,0.38,1,0.53,0.67,0.37,P3,Team_A,Low,P3
1350,Low,0.3,0.31,2,0.58,0.27,0.54,P3,Team_A,Low,P3
1351,Low,0.3,0.71,3,0.63,0.85,0.88,P2,Team_C,Medium,P2
1352,Medium,0.6,0.39,2,0.62,0.62,0.81,P2,Team_C,Medium,P2
1353,High,0.9,0.64,2,0.87,0.74,0.98,P1,Team_A,High,P1
1354,High,0.9,0.31,2,0.65,0.72,0.39,P2,Team_B,Medium,P2
1355,High,0.9,0.38,4,0.57,0.44,0.58,P2,Team_C,Medium,P2
1356,High,0.9,0.59,4,0.65,0.55,0.54,P2,Team_B,Medium,P2
1357,Low,0.3,0.71,3,0.87,0.85,0.44,P2,Team_B,Medium,P2
1358,High,0.9,0.73,4,0.54,0.7,0.68,P1,Team_B,High,P1
1359,High,0.9,0.8,1,0.73,0.75,0.94,P1,Team_B,High,P1
1360,High,0.9,0.86,2,0.6,0.64,0.5,P1,Team_C,High,P1
1361,Medium,0.6,0.35,2,0.61,0.87,0.3,P2,Team_B,Medium,P2
1362,Low,0.3,0.44,1,0.86,0.93,0.88,P2,Team_A,Medium,P2
1363,Medium,0.6,0.65,4,0.73,0.91,0.91,P2,Team_A,Medium,P2
1364,Low,0.3,0.76,3,0.58,0.7,0.89,P2,Team_A,Medium,P2
1365,Medium,0.6,0.62,4,0.49,0.61,0.49,P2,Team_C,Medium,P2
1366,Medium,0.6,0.18,4,0.59,0.74,0.34,P2,Team_C,Medium,P2
1367,Medium,0.6,0.2,2,0.75,0.65,0.93,P2,Team_C,Medium,P2
1368,Low,0.3,0.51,3,0.67,0.61,0.76,P2,Team_A,Medium,P2
1369,Low,0.3,0.58,1,0.88,0.43,0.8,P2,Team_A,Medium,P2
1370,Medium,0.6,0.59,3,0.87,0.54,0.53,P2,Team_A,Medium,P2
1371,Low,0.3,0.61,2,0.71,0.92,0.34,P2,Team_A,Medium,P2
1372,Medium,0.6,0.41,2,0.79,0.54,0.47,P2,Team_B,Medium,P2
1373,Low,0.3,0.12,3,0.92,0.89,0.72,P3,Team_C,Low,P3
1374,Low,0.3,0.23,3,0.69,0.72,0.51,P3,Team_A,Low,P3
1375,Low,0.3,0.69,3,0.96,0.62,0.69,P2,Team_A,Medium,P2
1376,Low,0.3,0.75,1,0.75,0.89,0.82,P2,Team_B,Medium,P2
1377,High,0.9,0.87,3,0.81,0.95,0.86,P1,Team_A,High,P1
1378,Medium,0.6,0.84,3,0.89,0.58,0.64,P2,Team_B,Medium,P2
1379,Low,0.3,0.28,4,0.8,0.66,0.66,P3,Team_B,Low,P3
1380,Medium,0.6,0.65,3,0.51,0.74,0.49,P2,Team_C,Medium,P2
1381,Low,0.3,0.15,2,0.88,0.72,0.75,P3,Team_B,Low,P3
1382,High,0.9,0.18,4,0.87,0.8,0.41,P2,Team_A,Medium,P2
1383,Medium,0.6,0.3,1,0.6,0.66,0.53,P2,Team_C,Medium,P2
1384,High,0.9,0.88,3,0.61,0.8,0.76,P1,Team_B,High,P1
1385,High,0.9,0.62,1,0.87,0.4,0.87,P1,Team_C,High,P1
1386,Medium,0.6,0.33,3,0.63,0.51,0.68,P2,Team_C,Medium,P2
1387,Low,0.3,0.45,1,0.62,0.53,0.52,P2,Team_B,Medium,P2
1388,Medium,0.6,0.66,3,0.66,0.89,0.87,P2,Team_A,Medium,P2
1389,Medium,0.6,0.28,2,0.68,0.65,0.64,P2,Team_B,Medium,P2
1390,Low,0.3,0.94,1,0.73,0.94,0.75,P2,Team_B,Medium,P2
1391,Medium,0.6,0.23,3,0.79,0.41,0.44,P2,Team_C,Medium,P2
1392,Medium,0.6,0.6,3,0.53,0.72,0.84,P2,Team_B,Medium,P2
1393,Medium,0.6,0.46,3,0.97,0.66,0.62,P2,Team_C,Medium,P2
1394,High,0.9,0.64,1,0.48,0.82,0.51,P1,Team_B,High,P1
1395,High,0.9,0.1,4,0.44,0.87,0.8,P2,Team_C,Medium,P2
1396,Low,0.3,0.88,3,0.61,0.65,0.62,P2,Team_A,Medium,P2
1397,Medium,0.6,0.65,2,0.94,0.78,0.99,P2,Team_B,Medium,P2
1398,Medium,0.6,0.4,4,0.33,0.66,0.67,P2,Team_C,Medium,P2
1399,Low,0.3,0.21,3,0.81,0.62,0.66,P3,Team_A,Low,P3
1400,Medium,0.6,0.21,1,0.94,0.73,0.56,P2,Team_A,Medium,P2
1401,Medium,0.6,0.49,1,0.58,0.72,0.64,P2,Team_C,Medium,P2
1402,High,0.9,0.3,4,0.53,0.96,0.55,P2,Team_C,Medium,P2
1403,Low,0.3,0.37,3,0.49,0.77,0.43,P3,Team_A,Low,P3
1404,Medium,0.6,0.14,4,0.82,0.74,0.57,P2,Team_A,Medium,P2
1405,Low,0.3,0.78,1,0.48,0.97,0.89,P2,Team_C,Medium,P2
1406,High,0.9,0.41,4,0.57,0.47,0.61,P2,Team_B,Medium,P2
1407,High,0.9,0.64,2,0.57,0.9,0.86,P1,Team_A,High,P1
1408,Low,0.3,0.21,2,0.48,0.77,0.51,P3,Team_A,Low,P3
1409,Low,0.3,0.58,2,0.79,0.58,0.53,P2,Team_B,Medium,P2
1410,Low,0.3,0.48,4,0.55,0.89,0.36,P2,Team_C,Medium,P2
1411,Medium,0.6,0.45,4,0.47,0.33,0.91,P2,Team_A,Medium,P2
1412,High,0.9,0.62,2,0.71,0.65,0.95,P1,Team_A,High,P1
1413,Medium,0.6,0.61,2,0.88,0.2,0.47,P2,Team_C,Medium,P2
1414,Medium,0.6,0.19,1,0.84,0.63,0.59,P2,Team_B,Medium,P2
1415,Low,0.3,0.39,3,0.66,0.8,0.65,P3,Team_A,Low,P3
1416,Medium,0.6,0.81,4,0.91,0.74,0.89,P2,Team_B,Medium,P2
1417,Medium,0.6,0.07,2,0.92,0.81,0.61,P2,Team_A,Medium,P2
1418,Medium,0.6,0.58,2,0.93,0.6,0.94,P2,Team_B,Medium,P2
1419,Medium,0.6,0.96,3,0.86,0.81,0.59,P2,Team_B,Medium,P2
1420,Medium,0.6,0.6,4,0.56,0.76,0.64,P2,Team_A,Medium,P2
1421,Low,0.3,0.63,3,0.93,0.76,0.96,P2,Team_A,Medium,P2
1422,High,0.9,0.35,2,0.74,0.64,0.98,P2,Team_B,Medium,P2
1423,Low,0.3,0.31,2,0.91,0.75,0.38,P3,Team_A,Low,P3
1424,Medium,0.6,0.37,1,0.75,0.75,0.33,P2,Team_B,Medium,P2
1425,Medium,0.6,0.6,3,0.88,0.89,0.69,P2,Team_C,Medium,P2
1426,High,0.9,0.3,1,0.9,0.74,0.7,P2,Team_C,Medium,P2
1427,Medium,0.6,0.37,3,0.92,0.84,0.37,P2,Team_A,Medium,P2
1428,Low,0.3,0.58,1,0.58,0.66,0.46,P2,Team_C,Medium,P2
1429,High,0.9,0.33,3,0.6,0.68,0.81,P2,Team_B,Medium,P2
1430,High,0.9,0.86,4,0.77,0.72,0.31,P1,Team_A,High,P1
1431,Low,0.3,0.37,2,0.92,0.77,0.92,P3,Team_B,Low,P3
1432,Low,0.3,0.31,1,0.81,0.45,0.95,P3,Team_C,Low,P3
1433,Medium,0.6,0.71,4,0.68,0.71,0.32,P2,Team_C,Medium,P2
1434,High,0.9,0.45,1,0.77,0.54,0.62,P2,Team_A,Medium,P2
1435,Medium,0.6,0.33,4,0.82,0.27,0.41,P2,Team_B,Medium,P2
1436,Medium,0.6,0.83,3,0.51,0.35,0.56,P2,Team_C,Medium,P2
1437,Medium,0.6,0.68,2,0.82,0.95,0.49,P2,Team_A,Medium,P2
1438,Medium,0.6,0.78,2,0.58,0.49,0.45,P2,Team_A,Medium,P2
1439,Medium,0.6,0.87,4,0.71,0.27,0.49,P2,Team_B,Medium,P2
1440,Low,0.3,0.47,4,0.72,0.51,0.8,P2,Team_C,Medium,P2
1441,High,0.9,0.46,1,0.96,0.81,0.84,P2,Team_C,Medium,P2
1442,High,0.9,0.27,3,0.87,0.88,0.43,P2,Team_B,Medium,P2
1443,Medium,0.6,0.83,3,0.75,0.92,0.94,P2,Team_B,Medium,P2
1444,High,0.9,0.29,2,0.68,0.75,0.9,P2,Team_B,Medium,P2
1445,Medium,0.6,0.1,2,0.66,0.18,0.9,P2,Team_A,Medium,P2
1446,Medium,0.6,0.54,2,0.48,0.39,0.97,P2,Team_B,Medium,P2
1447,Low,0.3,0.51,3,0.71,0.9,0.64,P2,Team_A,Medium,P2
1448,High,0.9,0.37,4,0.69,0.93,0.97,P2,Team_A,Medium,P2
1449,High,0.9,0.2,2,0.78,0.38,0.55,P2,Team_B,Medium,P2
1450,Medium,0.6,0.4,3,0.49,0.57,0.33,P2,Team_A,Medium,P2
1451,High,0.9,0.41,3,0.92,0.71,0.73,P2,Team_C,Medium,P2
1452,Low,0.3,0.62,2,0.55,0.61,0.68,P2,Team_A,Medium,P2
1453,Medium,0.6,0.46,1,0.91,0.89,0.63,P2,Team_A,Medium,P2
1454,Low,0.3,0.26,2,0.65,0.88,0.31,P3,Team_A,Low,P3
1455,Low,0.3,0.61,1,0.51,0.76,0.55,P2,Team_A,Medium,P2
1456,Medium,0.6,0.41,2,0.73,0.71,0.61,P2,Team_A,Medium,P2
1457,Medium,0.6,0.21,2,0.99,0.41,0.48,P2,Team_B,Medium,P2
1458,High,0.9,0.24,3,0.95,0.5,0.87,P2,Team_B,Medium,P2
1459,High,0.9,0.61,4,0.9,0.43,0.49,P1,Team_A,High,P1
1460,High,0.9,0.36,2,0.75,0.61,0.89,P2,Team_B,Medium,P2
1461,Low,0.3,0.02,1,0.75,0.61,0.97,P3,Team_C,Low,P3
1462,Medium,0.6,0.85,1,0.76,0.82,0.8,P2,Team_A,Medium,P2
1463,High,0.9,0.45,2,0.77,0.66,0.68,P2,Team_A,Medium,P2
1464,High,0.9,0.64,2,0.87,0.72,0.8,P1,Team_A,High,P1
1465,High,0.9,0.6,1,0.54,0.24,0.9,P2,Team_B,Medium,P2
1466,Low,0.3,0.31,3,0.43,0.63,0.32,P3,Team_B,Low,P3
1467,Low,0.3,0.37,2,0.56,0.79,0.55,P3,Team_A,Low,P3
1468,Low,0.3,0.32,1,0.81,0.88,0.7,P3,Team_C,Low,P3
1469,Low,0.3,0.41,4,0.73,0.84,0.44,P2,Team_C,Medium,P2
1470,Low,0.3,0.7,4,0.63,0.82,0.38,P2,Team_B,Medium,P2
1471,Medium,0.6,0.48,2,0.82,0.57,0.99,P2,Team_B,Medium,P2
1472,Low,0.3,0.58,4,0.95,0.83,0.87,P2,Team_B,Medium,P2
1473,High,0.9,0.18,4,0.7,0.69,0.86,P2,Team_C,Medium,P2
1474,Low,0.3,0.6,1,0.74,0.95,0.62,P2,Team_A,Medium,P2
1475,Medium,0.6,0.29,4,0.36,0.7,0.73,P2,Team_A,Medium,P2
1476,High,0.9,0.7,1,0.89,0.72,0.71,P1,Team_A,High,P1
1477,Low,0.3,0.52,1,0.91,0.91,0.95,P2,Team_B,Medium,P2
1478,Medium,0.6,0.64,4,0.61,0.77,0.66,P2,Team_B,Medium,P2
1479,Medium,0.6,0.63,4,0.81,0.76,0.5,P2,Team_A,Medium,P2
1480,Medium,0.6,0.66,1,0.68,0.64,0.67,P2,Team_A,Medium,P2
1481,Low,0.3,0.67,4,0.51,0.51,0.45,P2,Team_B,Medium,P2
1482,Medium,0.6,0.74,4,0.68,0.82,0.74,P2,Team_B,Medium,P2
1483,Medium,0.6,0.35,3,0.75,0.52,0.59,P2,Team_B,Medium,P2
1484,Low,0.3,0.25,4,0.79,0.85,0.3,P3,Team_A,Low,P3
1485,High,0.9,0.88,3,0.64,0.74,0.78,P1,Team_A,High,P1
1486,High,0.9,0.47,3,0.77,0.86,0.85,P2,Team_C,Medium,P2
1487,Low,0.3,0.74,1,0.88,0.65,0.45,P2,Team_B,Medium,P2
1488,High,0.9,0.42,1,0.64,0.62,0.51,P2,Team_A,Medium,P2
1489,Low,0.3,0.03,4,0.58,0.63,0.88,P3,Team_C,Low,P3
1490,Medium,0.6,0.1,1,0.82,0.77,0.97,P2,Team_C,Medium,P2
1491,Low,0.3,0.44,2,0.51,0.68,0.7,P2,Team_C,Medium,P2
1492,Low,0.3,0.72,4,0.45,0.82,0.98,P2,Team_A,Medium,P2
1493,Low,0.3,0.46,4,0.53,0.49,0.69,P2,Team_C,Medium,P2
1494,High,0.9,0.76,1,0.88,0.76,0.85,P1,Team_C,High,P1
1495,Low,0.3,0.36,1,0.67,0.49,0.61,P3,Team_C,Low,P3
1496,Medium,0.6,0.58,3,0.74,0.5,0.96,P2,Team_A,Medium,P2
1497,Medium,0.6,0.61,1,0.74,0.85,0.99,P2,Team_B,Medium,P2
1498,Medium,0.6,0.36,4,0.69,0.51,0.57,P2,Team_B,Medium,P2
1499,Low,0.3,0.04,3,0.71,0.73,0.97,P3,Team_C,Low,P3
1500,Medium,0.6,0.21,4,0.93,0.44,0.59,P2,Team_B,Medium,P2
1501,High,0.9,0.32,1,0.79,0.76,0.5,P2,Team_C,Medium,P2
1502,High,0.9,0.69,2,0.84,0.61,0.83,P1,Team_C,High,P1
1503,High,0.9,0.35,2,0.68,0.86,0.69,P2,Team_A,Medium,P2
1504,Medium,0.6,0.9,1,0.86,0.69,0.45,P2,Team_C,Medium,P2
1505,Low,0.3,0.57,1,0.68,0.85,0.59,P2,Team_C,Medium,P2
1506,Low,0.3,0.09,4,0.68,0.73,0.61,P3,Team_B,Low,P3
1507,Low,0.3,0.3,2,0.78,0.55,0.82,P3,Team_A,Low,P3
1508,Low,0.3,0.64,4,0.3,0.46,0.91,P2,Team_A,Medium,P2
1509,Low,0.3,0.24,4,0.86,0.77,0.65,P3,Team_B,Low,P3
1510,Medium,0.6,0.58,3,0.29,0.49,0.57,P2,Team_C,Medium,P2
1511,Low,0.3,0.67,3,0.67,0.61,0.96,P2,Team_C,Medium,P2
1512,Low,0.3,0.52,1,0.53,0.95,0.44,P2,Team_B,Medium,P2
1513,High,0.9,0.05,4,0.81,0.62,0.96,P2,Team_C,Medium,P2
1514,High,0.9,0.53,3,0.98,0.83,0.32,P2,Team_C,Medium,P2
1515,Low,0.3,0.42,2,0.71,0.83,0.87,P2,Team_B,Medium,P2
1516,High,0.9,0.28,1,0.88,0.39,0.67,P2,Team_A,Medium,P2
1517,Medium,0.6,0.45,3,0.61,0.68,0.61,P2,Team_C,Medium,P2
1518,Low,0.3,0.65,4,0.68,0.61,0.76,P2,Team_C,Medium,P2
1519,Low,0.3,0.13,2,0.95,0.7,0.38,P3,Team_A,Low,P3
1520,High,0.9,0.37,2,0.71,0.52,0.94,P2,Team_B,Medium,P2
1521,High,0.9,0.41,2,0.91,0.64,0.65,P2,Team_A,Medium,P2
1522,Low,0.3,0.47,1,0.64,0.78,0.76,P2,Team_C,Medium,P2
1523,Low,0.3,0.18,4,0.95,0.87,0.79,P3,Team_C,Low,P3
1524,Medium,0.6,0.86,2,0.53,0.45,0.51,P2,Team_A,Medium,P2
1525,Low,0.3,0.81,4,0.89,0.75,0.84,P2,Team_B,Medium,P2
1526,High,0.9,0.28,2,0.82,0.84,0.86,P2,Team_C,Medium,P2
1527,High,0.9,0.33,3,0.67,0.65,0.81,P2,Team_C,Medium,P2
1528,Low,0.3,0.78,3,0.74,0.62,0.99,P2,Team_B,Medium,P2
1529,Low,0.3,0.49,2,0.64,0.9,0.35,P2,Team_A,Medium,P2
1530,Low,0.3,0.71,4,0.89,0.62,0.88,P2,Team_C,Medium,P2
1531,Low,0.3,0.44,2,0.88,0.4,0.74,P2,Team_C,Medium,P2
1532,Medium,0.6,0.65,3,0.91,0.81,0.94,P2,Team_C,Medium,P2
1533,Low,0.3,0.36,1,0.69,0.9,0.99,P3,Team_A,Low,P3
1534,Medium,0.6,0.73,4,0.7,0.97,0.85,P2,Team_C,Medium,P2
1535,Medium,0.6,0.5,1,0.61,0.68,0.73,P2,Team_A,Medium,P2
1536,Low,0.3,0.53,1,0.64,0.84,0.53,P2,Team_C,Medium,P2
1537,Low,0.3,0.5,4,0.58,0.73,0.45,P2,Team_C,Medium,P2
1538,Low,0.3,0.67,4,0.45,0.49,0.48,P2,Team_C,Medium,P2
1539,High,0.9,0.1,1,0.98,0.78,0.42,P2,Team_B,Medium,P2
1540,High,0.9,0.25,3,0.84,0.45,0.78,P2,Team_B,Medium,P2
1541,Medium,0.6,0.05,4,0.5,0.79,0.94,P2,Team_C,Medium,P2
1542,Low,0.3,0.51,4,0.87,0.9,0.71,P2,Team_C,Medium,P2
1543,High,0.9,0.62,1,0.93,0.66,0.63,P1,Team_B,High,P1
1544,Low,0.3,0.66,1,0.79,0.65,0.78,P2,Team_B,Medium,P2
1545,Low,0.3,0.68,3,0.74,0.64,0.51,P2,Team_B,Medium,P2
1546,Medium,0.6,0.42,3,0.46,0.74,0.85,P2,Team_B,Medium,P2
1547,Low,0.3,0.65,4,0.97,0.92,0.37,P2,Team_A,Medium,P2
1548,Medium,0.6,0.37,2,0.68,0.85,0.65,P2,Team_B,Medium,P2
1549,Low,0.3,0.75,4,0.74,0.9,0.56,P2,Team_A,Medium,P2
1550,High,0.9,0.88,3,0.63,0.66,0.88,P1,Team_B,High,P1
1551,Low,0.3,0.92,4,0.93,0.94,0.57,P2,Team_C,Medium,P2
1552,Medium,0.6,0.24,4,0.68,0.88,0.65,P2,Team_A,Medium,P2
1553,Low,0.3,0.42,3,0.79,0.85,0.68,P2,Team_A,Medium,P2
1554,Medium,0.6,0.66,2,0.77,0.43,0.88,P2,Team_A,Medium,P2
1555,Low,0.3,0.45,3,0.8,0.63,0.81,P2,Team_C,Medium,P2
1556,High,0.9,0.35,3,0.64,0.74,0.4,P2,Team_C,Medium,P2
1557,High,0.9,0.55,4,0.8,0.86,0.79,P2,Team_C,Medium,P2
1558,Medium,0.6,0.48,3,0.8,0.63,0.33,P2,Team_C,Medium,P2
1559,Medium,0.6,0.36,2,0.96,0.89,0.6,P2,Team_B,Medium,P2
1560,Low,0.3,0.32,4,0.5,0.46,0.95,P3,Team_C,Low,P3
1561,Medium,0.6,0.42,1,0.92,0.52,0.54,P2,Team_B,Medium,P2
1562,Medium,0.6,0.89,2,0.86,0.82,0.33,P2,Team_C,Medium,P2
1563,Medium,0.6,0.33,2,0.82,0.47,0.71,P2,Team_C,Medium,P2
1564,Medium,0.6,0.77,4,0.99,0.44,0.32,P2,Team_C,Medium,P2
1565,Low,0.3,0.26,2,0.38,0.91,0.53,P3,Team_C,Low,P3
1566,Medium,0.6,0.52,2,0.84,0.69,0.69,P2,Team_A,Medium,P2
1567,High,0.9,0.52,4,0.9,0.69,0.48,P2,Team_A,Medium,P2
1568,High,0.9,0.74,2,0.96,0.82,0.7,P1,Team_B,High,P1
1569,Medium,0.6,0.55,2,0.69,0.92,0.6,P2,Team_B,Medium,P2
1570,Low,0.3,0.46,4,0.6,0.85,0.44,P2,Team_C,Medium,P2
1571,High,0.9,0.49,2,0.8,0.91,0.79,P2,Team_C,Medium,P2
1572,Low,0.3,0.46,3,0.81,0.83,0.81,P2,Team_C,Medium,P2
1573,Low,0.3,0.53,4,0.65,0.69,0.92,P2,Team_A,Medium,P2
1574,Low,0.3,0.74,2,0.84,0.45,0.99,P2,Team_A,Medium,P2
1575,Low,0.3,0.94,2,0.53,0.82,0.59,P2,Team_C,Medium,P2
1576,High,0.9,0.27,3,0.96,0.72,0.96,P2,Team_A,Medium,P2
1577,Low,0.3,0.81,4,0.76,0.78,0.98,P2,Team_B,Medium,P2
1578,Low,0.3,0.52,4,0.84,0.67,0.54,P2,Team_A,Medium,P2
1579,Medium,0.6,0.91,4,0.95,0.58,0.57,P2,Team_C,Medium,P2
1580,Medium,0.6,0.44,2,0.84,0.82,0.85,P2,Team_A,Medium,P2
1581,Low,0.3,0.24,4,0.8,0.94,0.84,P3,Team_C,Low,P3
1582,High,0.9,0.49,2,0.96,0.59,0.79,P2,Team_B,Medium,P2
1583,High,0.9,0.72,2,0.95,0.85,0.46,P1,Team_C,High,P1
1584,High,0.9,0.35,1,0.4,0.33,0.65,P2,Team_C,Medium,P2
1585,Medium,0.6,0.16,1,0.85,0.9,0.72,P2,Team_B,Medium,P2
1586,Medium,0.6,0.23,1,0.72,0.92,0.62,P2,Team_B,Medium,P2
1587,Medium,0.6,0.38,1,0.48,0.75,0.71,P2,Team_B,Medium,P2
1588,Low,0.3,0.75,3,0.8,0.64,0.49,P2,Team_C,Medium,P2
1589,Medium,0.6,0.65,1,0.69,0.84,0.83,P2,Team_A,Medium,P2
1590,Low,0.3,0.63,1,0.48,0.43,0.87,P2,Team_B,Medium,P2
1591,Low,0.3,0.37,4,0.74,0.82,0.71,P3,Team_B,Low,P3
1592,High,0.9,0.5,2,0.73,0.58,0.9,P2,Team_B,Medium,P2
1593,Medium,0.6,0.4,2,0.82,0.56,0.93,P2,Team_C,Medium,P2
1594,Low,0.3,0.6,4,0.92,0.48,0.53,P2,Team_C,Medium,P2
1595,High,0.9,0.88,4,0.63,0.71,0.53,P1,Team_C,High,P1
1596,High,0.9,0.4,4,0.59,0.91,0.65,P2,Team_B,Medium,P2
1597,Medium,0.6,0.6,3,0.69,0.49,0.39,P2,Team_B,Medium,P2
1598,High,0.9,0.39,4,0.73,0.14,0.62,P2,Team_A,Medium,P2
1599,Low,0.3,0.63,2,0.79,0.9,0.84,P2,Team_B,Medium,P2
1600,Low,0.3,0.65,4,0.66,0.69,0.63,P2,Team_B,Medium,P2
1601,Low,0.3,0.38,1,0.72,0.82,0.71,P3,Team_B,Low,P3
1602,Low,0.3,0.38,4,0.84,0.63,0.65,P3,Team_A,Low,P3
1603,Low,0.3,0.75,4,0.85,0.79,0.96,P2,Team_C,Medium,P2
1604,Low,0.3,0.84,3,0.4,0.65,0.38,P2,Team_B,Medium,P2
1605,Low,0.3,0.26,3,0.8,0.74,0.74,P3,Team_C,Low,P3
1606,High,0.9,0.28,2,0.71,0.77,0.47,P2,Team_A,Medium,P2
1607,High,0.9,0.39,2,0.87,0.7,0.43,P2,Team_B,Medium,P2
1608,Medium,0.6,0.15,4,0.33,0.42,0.78,P2,Team_A,Medium,P2
1609,Medium,0.6,0.98,3,0.47,0.82,0.69,P2,Team_C,Medium,P2
1610,Low,0.3,0.36,4,0.74,0.71,0.96,P3,Team_C,Low,P3
1611,Medium,0.6,0.16,1,0.67,0.54,0.79,P2,Team_C,Medium,P2
1612,High,0.9,0.65,2,0.79,0.83,0.86,P1,Team_B,High,P1
1613,Low,0.3,0.38,4,0.72,0.94,0.42,P3,Team_A,Low,P3
1614,Medium,0.6,0.35,3,0.79,0.94,0.32,P2,Team_C,Medium,P2
1615,Medium,0.6,0.39,1,0.73,0.72,0.89,P2,Team_A,Medium,P2
1616,Low,0.3,0.34,1,0.72,0.56,0.97,P3,Team_C,Low,P3
1617,Low,0.3,0.21,4,0.89,0.87,0.63,P3,Team_B,Low,P3
1618,Medium,0.6,0.6,3,0.78,0.75,0.42,P2,Team_B,Medium,P2
1619,High,0.9,0.57,1,0.79,0.54,0.79,P2,Team_C,Medium,P2
1620,Low,0.3,0.29,4,0.82,0.94,0.45,P3,Team_C,Low,P3
1621,Low,0.3,0.5,3,0.6,0.6,0.53,P2,Team_B,Medium,P2
1622,High,0.9,0.96,4,0.95,0.73,0.45,P1,Team_C,High,P1
1623,Medium,0.6,0.69,4,0.09,0.33,0.75,P2,Team_A,Medium,P2
1624,Low,0.3,0.8,1,0.24,0.3,0.3,P2,Team_A,Medium,P2
1625,Low,0.3,0.33,2,0.67,0.5,0.48,P3,Team_A,Low,P3
1626,Low,0.3,0.58,3,0.7,0.91,0.94,P2,Team_A,Medium,P2
1627,Medium,0.6,0.36,3,0.65,0.89,0.69,P2,Team_B,Medium,P2
1628,High,0.9,0.49,4,0.47,0.67,0.75,P2,Team_A,Medium,P2
1629,High,0.9,0.69,1,0.66,0.68,0.83,P1,Team_A,High,P1
1630,Medium,0.6,0.44,1,0.49,0.63,0.44,P2,Team_C,Medium,P2
1631,Medium,0.6,0.54,1,0.67,0.88,0.75,P2,Team_B,Medium,P2
1632,Medium,0.6,0.13,1,0.75,0.65,0.47,P2,Team_C,Medium,P2
1633,Low,0.3,0.65,2,0.7,0.85,0.79,P2,Team_C,Medium,P2
1634,Low,0.3,0.61,4,0.83,0.76,0.85,P2,Team_A,Medium,P2
1635,High,0.9,0.3,3,0.75,0.55,0.95,P2,Team_B,Medium,P2
1636,Low,0.3,0.49,3,0.66,0.47,0.54,P2,Team_A,Medium,P2
1637,Medium,0.6,0.26,1,0.62,0.74,0.83,P2,Team_A,Medium,P2
1638,Low,0.3,0.37,3,0.72,0.58,0.47,P3,Team_B,Low,P3
1639,Low,0.3,0.57,1,0.83,0.54,0.42,P2,Team_A,Medium,P2
1640,Medium,0.6,0.57,1,0.7,0.8,0.44,P2,Team_C,Medium,P2
1641,Low,0.3,0.87,3,0.68,0.9,0.71,P2,Team_B,Medium,P2
1642,Medium,0.6,0.56,3,0.46,0.53,0.41,P2,Team_B,Medium,P2
1643,Low,0.3,0.81,1,0.85,0.88,0.42,P2,Team_A,Medium,P2
1644,Medium,0.6,0.43,2,0.79,0.42,0.59,P2,Team_B,Medium,P2
1645,Medium,0.6,0.54,2,0.85,0.52,0.51,P2,Team_A,Medium,P2
1646,High,0.9,0.58,2,0.71,0.93,0.67,P2,Team_B,Medium,P2
1647,Medium,0.6,0.84,3,0.65,0.52,0.76,P2,Team_A,Medium,P2
1648,Medium,0.6,0.19,4,0.73,0.86,0.68,P2,Team_A,Medium,P2
1649,High,0.9,0.74,2,0.72,0.53,0.95,P1,Team_B,High,P1
1650,Medium,0.6,0.14,1,0.6,0.95,0.86,P2,Team_C,Medium,P2
1651,Medium,0.6,0.76,4,0.82,0.66,0.74,P2,Team_B,Medium,P2
1652,Low,0.3,0.57,3,0.66,0.71,0.63,P2,Team_B,Medium,P2
1653,Medium,0.6,0.16,3,0.61,0.74,0.72,P2,Team_A,Medium,P2
1654,Medium,0.6,0.19,1,0.81,0.9,0.67,P2,Team_C,Medium,P2
1655,High,0.9,0.61,2,0.82,0.37,0.56,P1,Team_C,High,P1
1656,High,0.9,0.1,2,0.86,0.97,0.95,P2,Team_B,Medium,P2
1657,High,0.9,0.78,1,0.67,0.96,0.63,P1,Team_B,High,P1
1658,High,0.9,0.51,4,0.78,0.72,0.71,P2,Team_C,Medium,P2
1659,High,0.9,0.89,3,0.63,0.89,0.83,P1,Team_A,High,P1
1660,Low,0.3,0.86,4,0.5,0.74,0.93,P2,Team_B,Medium,P2
1661,Low,0.3,0.33,4,0.78,0.91,0.7,P3,Team_A,Low,P3
1662,Low,0.3,0.62,1,0.55,0.69,0.66,P2,Team_B,Medium,P2
1663,Medium,0.6,0.14,3,0.93,0.77,0.62,P2,Team_C,Medium,P2
1664,Low,0.3,0.27,2,0.85,0.43,0.99,P3,Team_A,Low,P3
1665,Low,0.3,0.35,3,0.72,0.39,0.79,P3,Team_A,Low,P3
1666,Medium,0.6,0.51,1,0.86,0.29,0.64,P2,Team_B,Medium,P2
1667,Low,0.3,0.71,1,0.43,0.4,0.4,P2,Team_B,Medium,P2
1668,Medium,0.6,0.54,3,0.57,0.6,0.6,P2,Team_C,Medium,P2
1669,Medium,0.6,0.54,4,0.76,0.72,0.43,P2,Team_B,Medium,P2
1670,Low,0.3,0.68,1,0.78,0.27,0.31,P2,Team_C,Medium,P2
1671,Medium,0.6,0.27,1,0.8,0.61,0.46,P2,Team_B,Medium,P2
1672,High,0.9,0.76,3,0.77,0.59,0.55,P1,Team_C,High,P1
1673,High,0.9,0.17,4,0.72,0.82,0.86,P2,Team_B,Medium,P2
1674,Low,0.3,0.67,3,0.68,0.74,0.47,P2,Team_B,Medium,P2
1675,Medium,0.6,0.3,2,0.79,0.89,0.71,P2,Team_B,Medium,P2
1676,Medium,0.6,0.54,2,0.67,0.79,0.79,P2,Team_A,Medium,P2
1677,High,0.9,0.75,4,0.64,0.72,0.95,P1,Team_A,High,P1
1678,Low,0.3,0.12,1,0.9,0.84,0.83,P3,Team_C,Low,P3
1679,Low,0.3,0.85,2,0.81,0.86,0.58,P2,Team_A,Medium,P2
1680,Low,0.3,0.73,2,0.84,0.69,0.36,P2,Team_B,Medium,P2
1681,Medium,0.6,0.88,1,0.78,0.83,0.44,P2,Team_C,Medium,P2
1682,High,0.9,0.44,2,0.47,0.8,0.65,P2,Team_C,Medium,P2
1683,Low,0.3,0.21,2,0.79,0.67,0.4,P3,Team_B,Low,P3
1684,High,0.9,0.41,2,0.91,0.46,0.57,P2,Team_A,Medium,P2
1685,Low,0.3,0.81,3,0.6,0.77,0.63,P2,Team_C,Medium,P2
1686,Low,0.3,0.72,4,0.87,0.78,0.76,P2,Team_C,Medium,P2
1687,High,0.9,0.5,2,0.56,0.46,0.35,P2,Team_C,Medium,P2
1688,Medium,0.6,0.41,3,0.5,0.69,0.72,P2,Team_A,Medium,P2
1689,Medium,0.6,0.5,4,0.85,0.88,0.67,P2,Team_A,Medium,P2
1690,Low,0.3,0.66,4,0.85,0.66,0.58,P2,Team_B,Medium,P2
1691,Low,0.3,0.43,4,0.9,0.89,0.75,P2,Team_A,Medium,P2
1692,Low,0.3,0.72,4,0.94,0.17,0.92,P2,Team_B,Medium,P2
1693,Low,0.3,0.31,4,0.82,0.51,0.77,P3,Team_B,Low,P3
1694,Low,0.3,0.41,2,0.64,0.85,0.83,P2,Team_C,Medium,P2
1695,Low,0.3,0.52,2,0.79,0.39,0.99,P2,Team_B,Medium,P2
1696,Medium,0.6,0.32,4,0.5,0.78,0.7,P2,Team_A,Medium,P2
1697,Low,0.3,0.5,2,0.59,0.93,0.81,P2,Team_A,Medium,P2
1698,Low,0.3,0.54,2,0.7,0.74,0.75,P2,Team_B,Medium,P2
1699,Medium,0.6,0.48,4,0.31,0.93,0.7,P2,Team_C,Medium,P2
1700,High,0.9,0.28,3,0.59,0.9,0.95,P2,Team_C,Medium,P2
1701,Low,0.3,0.34,4,0.93,0.36,0.92,P3,Team_A,Low,P3
1702,Medium,0.6,0.68,4,0.4,0.75,0.34,P2,Team_A,Medium,P2
1703,Medium,0.6,0.23,3,0.68,0.96,0.49,P2,Team_B,Medium,P2
1704,High,0.9,0.5,4,0.75,0.65,0.61,P2,Team_B,Medium,P2
1705,Medium,0.6,0.76,4,0.66,0.86,0.75,P2,Team_C,Medium,P2
1706,Low,0.3,0.3,4,0.82,0.81,0.61,P3,Team_B,Low,P3
1707,High,0.9,0.17,3,0.85,0.45,0.6,P2,Team_B,Medium,P2
1708,Medium,0.6,0.89,3,0.94,0.51,0.83,P2,Team_B,Medium,P2
1709,High,0.9,0.69,1,0.71,0.64,0.97,P1,Team_C,High,P1
1710,High,0.9,0.6,1,0.88,0.89,0.55,P2,Team_C,Medium,P2
1711,Low,0.3,0.85,3,0.76,0.73,0.74,P2,Team_A,Medium,P2
1712,Low,0.3,0.73,3,0.97,0.39,0.46,P2,Team_B,Medium,P2
1713,Low,0.3,0.68,3,0.83,0.86,0.53,P2,Team_B,Medium,P2
1714,High,0.9,0.24,2,0.53,0.36,0.86,P2,Team_B,Medium,P2
1715,Low,0.3,0.31,2,0.82,0.56,0.89,P3,Team_C,Low,P3
1716,Medium,0.6,0.64,4,0.67,0.93,0.59,P2,Team_C,Medium,P2
1717,Low,0.3,0.25,3,0.68,0.3,0.68,P3,Team_B,Low,P3
1718,High,0.9,0.66,3,0.75,0.8,0.79,P1,Team_C,High,P1
1719,Medium,0.6,0.79,1,0.83,0.58,0.88,P2,Team_C,Medium,P2
1720,High,0.9,0.36,3,0.34,0.59,0.65,P2,Team_B,Medium,P2
1721,High,0.9,0.03,4,0.58,0.54,0.68,P2,Team_B,Medium,P2
1722,Medium,0.6,0.82,1,0.74,0.72,0.33,P2,Team_C,Medium,P2
1723,Medium,0.6,0.41,3,0.78,0.43,0.91,P2,Team_B,Medium,P2
1724,Low,0.3,0.05,2,0.7,0.87,0.6,P3,Team_A,Low,P3
1725,Low,0.3,0.92,3,0.79,0.9,0.62,P2,Team_B,Medium,P2
1726,Medium,0.6,0.84,2,0.88,0.59,0.82,P2,Team_B,Medium,P2
1727,Medium,0.6,0.46,3,0.81,0.53,0.93,P2,Team_A,Medium,P2
1728,Medium,0.6,0.7,2,0.74,0.69,0.96,P2,Team_A,Medium,P2
1729,Medium,0.6,0.3,3,0.79,0.93,0.68,P2,Team_C,Medium,P2
1730,Medium,0.6,0.39,2,0.77,0.66,0.54,P2,Team_B,Medium,P2
1731,Medium,0.6,0.85,2,0.98,0.87,0.57,P2,Team_A,Medium,P2
1732,High,0.9,0.4,2,0.61,0.72,0.96,P2,Team_B,Medium,P2
1733,Low,0.3,0.16,1,0.86,0.55,0.57,P3,Team_C,Low,P3
1734,Low,0.3,0.1,4,0.53,0.67,0.54,P3,Team_C,Low,P3
1735,Medium,0.6,0.73,3,0.87,0.68,0.5,P2,Team_B,Medium,P2
1736,Low,0.3,0.48,1,0.65,0.85,0.69,P2,Team_C,Medium,P2
1737,Medium,0.6,0.88,1,0.78,0.87,0.76,P2,Team_A,Medium,P2
1738,Low,0.3,0.55,1,0.93,0.42,0.55,P2,Team_B,Medium,P2
1739,Low,0.3,0.54,2,0.94,0.31,0.88,P2,Team_B,Medium,P2
1740,Low,0.3,0.19,4,0.86,0.92,0.49,P3,Team_B,Low,P3
1741,Low,0.3,0.72,2,0.68,0.55,0.38,P2,Team_A,Medium,P2
1742,Low,0.3,0.85,2,0.79,0.55,0.9,P2,Team_C,Medium,P2
1743,Low,0.3,0.23,1,0.64,0.28,0.52,P3,Team_B,Low,P3
1744,Medium,0.6,0.37,2,0.86,0.77,0.39,P2,Team_A,Medium,P2
1745,Medium,0.6,0.67,4,0.85,0.8,0.37,P2,Team_C,Medium,P2
1746,Medium,0.6,0.55,4,0.67,0.53,0.51,P2,Team_A,Medium,P2
1747,Low,0.3,0.24,4,0.58,0.45,0.83,P3,Team_C,Low,P3
1748,High,0.9,0.92,2,0.6,0.37,0.56,P1,Team_A,High,P1
1749,High,0.9,0.42,2,0.87,0.6,0.67,P2,Team_A,Medium,P2
1750,Low,0.3,0.57,2,0.9,0.94,0.93,P2,Team_C,Medium,P2
1751,Low,0.3,0.47,2,0.62,0.54,0.74,P2,Team_C,Medium,P2
1752,High,0.9,0.72,3,0.98,0.54,0.75,P1,Team_A,High,P1
1753,High,0.9,0.35,4,0.87,0.73,0.66,P2,Team_A,Medium,P2
1754,Medium,0.6,0.51,2,0.81,0.59,0.42,P2,Team_A,Medium,P2
1755,Low,0.3,0.75,2,0.55,0.65,0.74,P2,Team_B,Medium,P2
1756,High,0.9,0.18,2,0.65,0.52,0.45,P2,Team_C,Medium,P2
1757,Low,0.3,0.52,1,0.62,0.6,0.83,P2,Team_C,Medium,P2
1758,High,0.9,0.21,1,0.9,0.71,0.34,P2,Team_A,Medium,P2
1759,Medium,0.6,0.46,1,0.45,0.78,0.89,P2,Team_A,Medium,P2
1760,Medium,0.6,0.73,1,0.73,0.67,0.52,P2,Team_A,Medium,P2
1761,Low,0.3,0.38,4,0.4,0.87,0.45,P3,Team_A,Low,P3
1762,Low,0.3,0.59,4,0.73,0.84,0.46,P2,Team_C,Medium,P2
1763,Medium,0.6,0.67,1,0.72,0.71,0.79,P2,Team_B,Medium,P2
1764,Medium,0.6,0.33,3,0.56,0.48,0.64,P2,Team_C,Medium,P2
1765,Low,0.3,0.37,2,0.7,0.37,0.58,P3,Team_B,Low,P3
1766,High,0.9,0.29,4,0.98,0.58,0.82,P2,Team_B,Medium,P2
1767,Low,0.3,0.08,2,0.77,0.77,0.57,P3,Team_C,Low,P3
1768,High,0.9,0.45,2,0.67,0.7,0.76,P2,Team_B,Medium,P2
1769,Low,0.3,0.77,2,0.92,0.8,0.51,P2,Team_A,Medium,P2
1770,Low,0.3,0.74,1,0.41,0.6,0.62,P2,Team_C,Medium,P2
1771,Medium,0.6,0.78,1,0.77,0.3,0.7,P2,Team_A,Medium,P2
1772,Medium,0.6,0.86,1,0.91,0.71,0.41,P2,Team_B,Medium,P2
1773,High,0.9,0.13,1,0.46,0.93,0.4,P2,Team_B,Medium,P2
1774,High,0.9,0.53,2,0.75,0.8,0.83,P2,Team_A,Medium,P2
1775,Low,0.3,0.63,4,0.7,0.7,0.38,P2,Team_A,Medium,P2
1776,Low,0.3,0.23,1,0.76,0.75,0.44,P3,Team_B,Low,P3
1777,Medium,0.6,0.64,3,0.74,0.76,0.73,P2,Team_B,Medium,P2
1778,High,0.9,0.12,3,0.86,0.73,0.82,P2,Team_C,Medium,P2
1779,Low,0.3,0.07,1,0.62,0.73,0.97,P3,Team_A,Low,P3
1780,Medium,0.6,0.59,2,0.81,0.51,0.65,P2,Team_B,Medium,P2
1781,Medium,0.6,0.3,3,0.73,0.98,0.53,P2,Team_C,Medium,P2
1782,Medium,0.6,0.58,1,0.75,0.37,0.55,P2,Team_B,Medium,P2
1783,Medium,0.6,0.21,1,0.62,0.76,0.64,P2,Team_A,Medium,P2
1784,Medium,0.6,0.87,4,0.39,0.66,0.53,P2,Team_C,Medium,P2
1785,Medium,0.6,0.43,3,0.95,0.68,0.3,P2,Team_C,Medium,P2
1786,Low,0.3,0.51,4,0.87,0.91,0.49,P2,Team_C,Medium,P2
1787,Low,0.3,0.56,4,0.85,0.92,0.42,P2,Team_A,Medium,P2
1788,Low,0.3,0.32,4,0.66,0.82,0.55,P3,Team_C,Low,P3
1789,Low,0.3,0.78,2,0.68,0.93,0.96,P2,Team_B,Medium,P2
1790,High,0.9,0.57,4,0.82,0.9,0.36,P2,Team_C,Medium,P2
1791,High,0.9,0.74,3,0.61,0.67,0.76,P1,Team_B,High,P1
1792,Medium,0.6,0.19,4,0.59,0.63,0.84,P2,Team_A,Medium,P2
1793,High,0.9,0.71,4,0.31,0.66,0.36,P1,Team_A,High,P1
1794,High,0.9,0.57,3,0.65,0.46,0.72,P2,Team_A,Medium,P2
1795,High,0.9,0.85,1,0.54,0.59,0.86,P1,Team_C,High,P1
1796,Medium,0.6,0.35,4,0.93,0.53,0.62,P2,Team_C,Medium,P2
1797,Low,0.3,0.13,1,0.87,0.77,0.86,P3,Team_C,Low,P3
1798,Medium,0.6,0.5,4,0.42,0.51,0.38,P2,Team_C,Medium,P2
1799,High,0.9,0.41,3,0.82,0.84,0.96,P2,Team_C,Medium,P2
1800,High,0.9,0.82,4,0.81,0.87,0.88,P1,Team_C,High,P1
1801,Low,0.3,0.44,3,0.89,0.72,0.42,P2,Team_A,Medium,P2
1802,Low,0.3,0.34,3,0.9,0.61,0.88,P3,Team_B,Low,P3
1803,High,0.9,0.11,2,0.71,0.83,0.59,P2,Team_C,Medium,P2
1804,Low,0.3,0.28,2,0.78,0.65,0.37,P3,Team_C,Low,P3
1805,Low,0.3,0.54,1,0.86,0.55,0.87,P2,Team_B,Medium,P2
1806,Medium,0.6,0.39,4,0.81,0.8,0.6,P2,Team_B,Medium,P2
1807,Medium,0.6,0.27,3,0.63,0.9,0.43,P2,Team_A,Medium,P2
1808,Medium,0.6,0.47,4,0.74,0.74,0.32,P2,Team_B,Medium,P2
1809,Medium,0.6,0.55,2,0.8,0.59,0.42,P2,Team_A,Medium,P2
1810,Medium,0.6,0.16,1,0.9,0.75,0.99,P2,Team_C,Medium,P2
1811,Low,0.3,0.63,4,0.71,0.8,0.99,P2,Team_B,Medium,P2
1812,Low,0.3,0.65,4,0.63,0.57,0.44,P2,Team_B,Medium,P2
1813,Low,0.3,0.62,4,0.79,0.74,0.59,P2,Team_B,Medium,P2
1814,Low,0.3,0.24,3,0.81,0.45,0.36,P3,Team_B,Low,P3
1815,Low,0.3,0.88,1,0.9,0.88,0.66,P2,Team_B,Medium,P2
1816,Low,0.3,0.82,2,0.78,0.93,1.0,P2,Team_A,Medium,P2
1817,Low,0.3,0.61,2,0.72,0.88,0.85,P2,Team_A,Medium,P2
1818,High,0.9,0.76,2,0.84,0.56,0.95,P1,Team_A,High,P1
1819,Medium,0.6,0.47,4,0.7,0.49,0.43,P2,Team_B,Medium,P2
1820,Low,0.3,0.48,2,0.82,0.88,0.65,P2,Team_B,Medium,P2
1821,Medium,0.6,0.66,3,0.71,0.63,0.84,P2,Team_B,Medium,P2
1822,Medium,0.6,0.59,3,0.92,0.73,0.45,P2,Team_A,Medium,P2
1823,High,0.9,0.46,2,0.81,0.83,0.37,P2,Team_A,Medium,P2
1824,Low,0.3,0.4,3,0.7,0.41,0.48,P2,Team_C,Medium,P2
1825,High,0.9,0.14,4,0.74,0.63,0.55,P2,Team_C,Medium,P2
1826,Medium,0.6,0.86,4,0.98,0.66,0.88,P2,Team_B,Medium,P2
1827,High,0.9,0.46,4,0.87,0.45,0.77,P2,Team_B,Medium,P2
1828,Low,0.3,0.19,1,0.78,0.89,0.98,P3,Team_B,Low,P3
1829,Low,0.3,0.27,4,0.62,0.76,0.47,P3,Team_C,Low,P3
1830,Medium,0.6,0.32,3,0.95,0.79,0.74,P2,Team_C,Medium,P2
1831,Medium,0.6,0.57,1,0.61,0.26,0.55,P2,Team_B,Medium,P2
1832,Low,0.3,0.26,2,0.88,0.73,0.96,P3,Team_A,Low,P3
1833,Low,0.3,0.82,4,0.65,0.46,0.58,P2,Team_C,Medium,P2
1834,Medium,0.6,0.31,2,0.45,0.87,0.98,P2,Team_A,Medium,P2
1835,Medium,0.6,0.3,1,0.96,0.45,0.95,P2,Team_B,Medium,P2
1836,Low,0.3,0.25,2,0.77,0.85,0.97,P3,Team_C,Low,P3
1837,High,0.9,0.86,2,0.59,0.4,0.78,P1,Team_B,High,P1
1838,High,0.9,0.39,3,0.63,0.75,0.31,P2,Team_C,Medium,P2
1839,High,0.9,0.44,3,0.85,0.84,0.78,P2,Team_A,Medium,P2
1840,Low,0.3,0.9,2,0.92,0.53,0.45,P2,Team_C,Medium,P2
1841,Medium,0.6,0.39,1,0.65,0.58,0.85,P2,Team_C,Medium,P2
1842,Medium,0.6,0.79,1,0.73,0.78,0.54,P2,Team_A,Medium,P2
1843,High,0.9,0.81,3,0.89,0.56,0.88,P1,Team_B,High,P1
1844,Low,0.3,0.7,4,0.83,0.75,0.82,P2,Team_B,Medium,P2
1845,High,0.9,0.45,4,0.74,0.46,0.53,P2,Team_C,Medium,P2
1846,High,0.9,0.23,3,0.83,0.66,0.32,P2,Team_A,Medium,P2
1847,Low,0.3,0.38,3,0.88,0.42,0.38,P3,Team_B,Low,P3
1848,Low,0.3,0.69,4,0.68,0.8,0.9,P2,Team_B,Medium,P2
1849,Low,0.3,0.8,3,0.67,0.71,0.42,P2,Team_A,Medium,P2
1850,Medium,0.6,0.5,3,0.86,0.82,0.74,P2,Team_B,Medium,P2
1851,Low,0.3,0.68,1,0.3,0.57,0.99,P2,Team_A,Medium,P2
1852,High,0.9,0.43,4,0.64,0.69,0.42,P2,Team_A,Medium,P2
1853,Medium,0.6,0.75,2,0.87,0.52,0.93,P2,Team_A,Medium,P2
1854,Low,0.3,0.33,1,0.48,0.83,0.48,P3,Team_A,Low,P3
1855,High,0.9,0.61,2,0.51,0.61,0.65,P1,Team_B,High,P1
1856,Low,0.3,0.5,1,0.82,0.75,0.69,P2,Team_B,Medium,P2
1857,High,0.9,0.12,1,0.9,0.38,0.53,P2,Team_A,Medium,P2
1858,High,0.9,0.47,2,0.77,0.88,0.76,P2,Team_B,Medium,P2
1859,Low,0.3,0.73,1,0.85,0.54,0.38,P2,Team_B,Medium,P2
1860,Medium,0.6,0.59,2,0.61,0.53,0.67,P2,Team_C,Medium,P2
1861,Low,0.3,0.57,3,0.82,0.83,0.49,P2,Team_A,Medium,P2
1862,High,0.9,0.68,4,0.71,0.71,0.62,P1,Team_A,High,P1
1863,Medium,0.6,0.44,1,0.74,0.65,0.8,P2,Team_A,Medium,P2
1864,Medium,0.6,0.46,4,0.78,0.89,0.56,P2,Team_A,Medium,P2
1865,Low,0.3,0.22,4,0.81,0.48,0.94,P3,Team_A,Low,P3
1866,Medium,0.6,0.61,4,0.91,0.81,0.99,P2,Team_B,Medium,P2
1867,Low,0.3,0.21,3,0.74,0.75,0.86,P3,Team_A,Low,P3
1868,Low,0.3,0.8,2,0.73,0.92,0.44,P2,Team_A,Medium,P2
1869,High,0.9,0.49,2,0.7,0.67,0.99,P2,Team_B,Medium,P2
1870,Low,0.3,0.86,1,0.77,0.84,0.51,P2,Team_A,Medium,P2
1871,High,0.9,0.38,2,0.41,0.8,0.62,P2,Team_C,Medium,P2
1872,High,0.9,0.57,2,0.67,0.61,0.67,P2,Team_B,Medium,P2
1873,Low,0.3,0.45,3,0.8,0.95,0.73,P2,Team_C,Medium,P2
1874,Low,0.3,0.3,3,0.85,0.93,0.97,P3,Team_C,Low,P3
1875,Low,0.3,0.5,3,0.63,0.77,0.67,P2,Team_B,Medium,P2
1876,Low,0.3,0.73,2,0.98,0.61,0.92,P2,Team_A,Medium,P2
1877,Medium,0.6,0.6,1,0.51,0.69,0.86,P2,Team_B,Medium,P2
1878,Medium,0.6,0.73,4,0.82,0.67,0.32,P2,Team_B,Medium,P2
1879,Low,0.3,0.57,1,0.78,0.68,0.57,P2,Team_A,Medium,P2
1880,Medium,0.6,0.47,2,0.71,0.66,0.31,P2,Team_A,Medium,P2
1881,Low,0.3,0.53,4,0.79,0.89,0.96,P2,Team_B,Medium,P2
1882,Medium,0.6,0.31,2,0.63,0.55,0.89,P2,Team_B,Medium,P2
1883,High,0.9,0.38,3,0.81,0.82,0.79,P2,Team_C,Medium,P2
1884,Medium,0.6,0.67,4,0.62,0.34,0.55,P2,Team_C,Medium,P2
1885,Low,0.3,0.34,3,0.94,0.54,0.83,P3,Team_B,Low,P3
1886,High,0.9,0.77,4,0.71,0.47,0.55,P1,Team_C,High,P1
1887,Medium,0.6,0.05,4,0.8,0.95,0.49,P2,Team_A,Medium,P2
1888,Low,0.3,0.64,4,0.82,0.48,0.38,P2,Team_C,Medium,P2
1889,Low,0.3,0.33,3,0.85,0.65,0.51,P3,Team_C,Low,P3
1890,Low,0.3,0.66,4,0.38,0.7,0.78,P2,Team_C,Medium,P2
1891,Medium,0.6,0.51,4,0.9,0.79,0.76,P2,Team_C,Medium,P2
1892,Low,0.3,0.6,3,0.49,0.44,0.95,P2,Team_C,Medium,P2
1893,Medium,0.6,0.53,4,0.75,0.84,0.57,P2,Team_B,Medium,P2
1894,Medium,0.6,0.38,3,0.55,0.79,0.37,P2,Team_B,Medium,P2
1895,Low,0.3,0.32,2,0.55,0.9,0.94,P3,Team_C,Low,P3
1896,Low,0.3,0.33,1,0.58,0.6,0.58,P3,Team_A,Low,P3
1897,Low,0.3,0.4,1,0.29,0.48,0.83,P2,Team_A,Medium,P2
1898,High,0.9,0.87,1,0.73,0.52,0.75,P1,Team_C,High,P1
1899,Low,0.3,0.87,1,0.89,0.92,0.32,P2,Team_A,Medium,P2
1900,Low,0.3,0.16,1,0.7,0.31,0.36,P3,Team_C,Low,P3
1901,High,0.9,0.24,1,0.74,0.95,0.56,P2,Team_C,Medium,P2
1902,Medium,0.6,0.89,1,0.68,0.71,0.52,P2,Team_C,Medium,P2
1903,High,0.9,0.11,3,0.63,0.71,0.72,P2,Team_C,Medium,P2
1904,Low,0.3,0.68,2,0.82,0.63,0.78,P2,Team_B,Medium,P2
1905,Medium,0.6,0.51,4,0.66,0.16,0.5,P2,Team_C,Medium,P2
1906,High,0.9,0.88,3,0.42,0.67,0.48,P1,Team_B,High,P1
1907,Medium,0.6,0.06,3,0.63,0.76,0.9,P2,Team_A,Medium,P2
1908,Low,0.3,0.39,3,0.93,0.82,0.84,P3,Team_C,Low,P3
1909,Medium,0.6,0.65,2,0.84,0.72,0.65,P2,Team_C,Medium,P2
1910,Medium,0.6,0.55,2,0.66,0.45,0.78,P2,Team_A,Medium,P2
1911,Low,0.3,0.14,2,0.81,0.66,0.45,P3,Team_A,Low,P3
1912,Low,0.3,0.77,4,0.48,0.76,0.35,P2,Team_A,Medium,P2
1913,Medium,0.6,0.3,2,0.83,0.49,0.88,P2,Team_C,Medium,P2
1914,Medium,0.6,0.21,4,0.94,0.62,0.87,P2,Team_B,Medium,P2
1915,Low,0.3,0.64,2,0.94,0.24,0.43,P2,Team_C,Medium,P2
1916,Low,0.3,0.82,4,0.85,0.89,0.95,P2,Team_A,Medium,P2
1917,Medium,0.6,0.31,3,0.73,0.77,0.77,P2,Team_C,Medium,P2
1918,Low,0.3,0.21,3,0.72,0.88,0.56,P3,Team_B,Low,P3
1919,Low,0.3,0.56,4,0.69,0.26,0.75,P2,Team_C,Medium,P2
1920,Medium,0.6,0.72,1,0.77,0.67,0.97,P2,Team_C,Medium,P2
1921,Medium,0.6,0.75,3,0.92,0.69,0.3,P2,Team_B,Medium,P2
1922,Medium,0.6,0.64,2,0.93,0.74,0.45,P2,Team_B,Medium,P2
1923,High,0.9,0.65,3,0.83,0.67,0.68,P1,Team_A,High,P1
1924,Low,0.3,0.48,3,0.82,0.46,0.91,P2,Team_A,Medium,P2
1925,Low,0.3,0.05,2,0.66,0.66,0.5,P3,Team_C,Low,P3
1926,Medium,0.6,0.15,2,0.77,0.86,0.55,P2,Team_B,Medium,P2
1927,Low,0.3,0.66,1,0.78,0.85,0.42,P2,Team_B,Medium,P2
1928,Low,0.3,0.75,3,0.76,0.51,0.69,P2,Team_A,Medium,P2
1929,Low,0.3,0.33,4,0.71,0.88,0.89,P3,Team_A,Low,P3
1930,High,0.9,0.55,3,0.34,0.92,0.58,P2,Team_B,Medium,P2
1931,Medium,0.6,0.49,4,0.8,0.42,1.0,P2,Team_C,Medium,P2
1932,Low,0.3,0.39,4,0.97,0.79,0.48,P3,Team_C,Low,P3
1933,High,0.9,0.41,1,0.55,0.76,0.65,P2,Team_B,Medium,P2
1934,High,0.9,0.35,1,0.74,0.69,0.92,P2,Team_A,Medium,P2
1935,Medium,0.6,0.36,3,0.84,0.63,0.69,P2,Team_B,Medium,P2
1936,High,0.9,0.77,3,0.86,0.62,0.3,P1,Team_A,High,P1
1937,High,0.9,0.37,3,0.95,0.61,0.79,P2,Team_A,Medium,P2
1938,Medium,0.6,0.35,4,0.9,0.9,0.88,P2,Team_C,Medium,P2
1939,High,0.9,0.29,4,0.63,0.55,0.42,P2,Team_A,Medium,P2
1940,Medium,0.6,0.62,1,0.78,0.6,0.69,P2,Team_B,Medium,P2
1941,Low,0.3,0.9,1,0.65,0.53,0.61,P2,Team_A,Medium,P2
1942,Low,0.3,0.19,2,0.64,0.61,0.36,P3,Team_A,Low,P3
1943,Low,0.3,0.66,1,0.79,0.76,0.64,P2,Team_B,Medium,P2
1944,High,0.9,0.69,4,0.67,0.55,0.78,P1,Team_C,High,P1
1945,High,0.9,0.65,1,0.7,0.69,0.68,P1,Team_C,High,P1
1946,High,0.9,0.31,1,0.85,0.47,0.51,P2,Team_A,Medium,P2
1947,Medium,0.6,0.75,4,0.82,0.81,0.77,P2,Team_B,Medium,P2
1948,Medium,0.6,0.61,3,0.4,0.85,0.92,P2,Team_C,Medium,P2
1949,Medium,0.6,0.13,2,0.87,0.87,0.97,P2,Team_C,Medium,P2
1950,Low,0.3,0.48,4,0.55,0.95,0.79,P2,Team_C,Medium,P2
1951,Low,0.3,0.48,3,0.54,0.96,0.6,P2,Team_C,Medium,P2
1952,Medium,0.6,0.41,1,0.7,0.87,0.39,P2,Team_B,Medium,P2
1953,Medium,0.6,0.72,3,0.87,0.52,0.97,P2,Team_B,Medium,P2
1954,High,0.9,0.36,4,0.83,0.5,0.39,P2,Team_B,Medium,P2
1955,Low,0.3,0.51,2,0.67,0.43,0.87,P2,Team_B,Medium,P2
1956,Low,0.3,0.89,3,0.38,0.53,0.84,P2,Team_B,Medium,P2
1957,Low,0.3,0.62,2,0.83,0.71,0.54,P2,Team_A,Medium,P2
1958,Medium,0.6,0.44,1,0.65,0.48,0.58,P2,Team_C,Medium,P2
1959,High,0.9,0.57,4,0.9,0.73,0.68,P2,Team_B,Medium,P2
1960,Medium,0.6,0.47,2,0.86,0.66,0.45,P2,Team_B,Medium,P2
1961,Low,0.3,0.78,3,0.41,0.78,0.71,P2,Team_A,Medium,P2
1962,Medium,0.6,0.49,3,0.7,0.75,0.54,P2,Team_A,Medium,P2
1963,Medium,0.6,0.56,1,0.44,0.77,0.83,P2,Team_A,Medium,P2
1964,Medium,0.6,0.66,2,0.75,0.48,0.94,P2,Team_C,Medium,P2
1965,Low,0.3,0.64,4,0.72,0.54,0.66,P2,Team_B,Medium,P2
1966,Low,0.3,0.55,4,0.59,0.72,0.68,P2,Team_C,Medium,P2
1967,Medium,0.6,0.61,4,0.84,0.55,0.87,P2,Team_B,Medium,P2
1968,Medium,0.6,0.12,4,0.65,0.8,0.54,P2,Team_C,Medium,P2
1969,Low,0.3,0.38,3,0.68,0.84,0.43,P3,Team_B,Low,P3
1970,Low,0.3,0.38,4,0.68,0.83,0.32,P3,Team_B,Low,P3
1971,Low,0.3,0.52,2,0.63,0.41,0.53,P2,Team_A,Medium,P2
1972,High,0.9,0.24,4,0.63,0.31,0.41,P2,Team_A,Medium,P2
1973,Medium,0.6,0.78,2,0.62,0.56,0.99,P2,Team_C,Medium,P2
1974,High,0.9,0.71,4,0.69,0.68,0.68,P1,Team_B,High,P1
1975,Medium,0.6,0.11,1,0.74,0.9,0.67,P2,Team_A,Medium,P2
1976,Low,0.3,0.89,1,0.82,0.4,0.35,P2,Team_C,Medium,P2
1977,Medium,0.6,0.56,3,0.82,0.74,0.44,P2,Team_B,Medium,P2
1978,Medium,0.6,0.32,1,0.88,0.41,0.33,P2,Team_C,Medium,P2
1979,High,0.9,0.53,4,0.83,0.58,0.79,P2,Team_B,Medium,P2
1980,Medium,0.6,0.77,4,0.58,0.82,0.4,P2,Team_A,Medium,P2
1981,Medium,0.6,0.51,1,0.78,0.58,0.54,P2,Team_A,Medium,P2
1982,Medium,0.6,0.89,4,0.44,0.61,0.4,P2,Team_A,Medium,P2
1983,Medium,0.6,0.76,2,0.93,0.81,0.61,P2,Team_C,Medium,P2
1984,Medium,0.6,0.78,2,0.67,0.89,0.4,P2,Team_C,Medium,P2
1985,Low,0.3,0.48,4,0.73,0.76,0.78,P2,Team_B,Medium,P2
1986,Medium,0.6,0.57,2,0.75,0.22,0.52,P2,Team_B,Medium,P2
1987,High,0.9,0.88,2,0.51,0.64,0.47,P1,Team_B,High,P1
1988,Medium,0.6,0.43,4,0.57,0.59,0.33,P2,Team_C,Medium,P2
1989,Medium,0.6,0.21,2,0.7,0.67,0.67,P2,Team_C,Medium,P2
1990,Medium,0.6,0.58,3,0.91,0.16,0.94,P2,Team_C,Medium,P2
1991,Low,0.3,0.87,3,0.84,0.35,0.62,P2,Team_C,Medium,P2
1992,High,0.9,0.41,3,0.78,0.52,0.56,P2,Team_A,Medium,P2
1993,Low,0.3,0.39,4,0.91,0.57,0.49,P3,Team_B,Low,P3
1994,Medium,0.6,0.77,3,0.76,0.78,0.35,P2,Team_A,Medium,P2
1995,High,0.9,0.34,4,0.42,0.43,0.6,P2,Team_B,Medium,P2
1996,High,0.9,0.26,1,0.77,0.38,0.77,P2,Team_C,Medium,P2
1997,Medium,0.6,0.7,2,0.69,0.59,0.37,P2,Team_C,Medium,P2
1998,Medium,0.6,0.32,2,0.9,0.65,0.44,P2,Team_C,Medium,P2
1999,Low,0.3,0.79,1,0.49,0.82,0.48,P2,Team_C,Medium,P2
2000,Medium,0.6,0.47,4,0.7,0.81,0.47,P2,Team_C,Medium,P2
2001,Low,0.3,0.56,3,0.72,0.74,0.75,P2,Team_A,Medium,P2
2002,High,0.9,0.09,4,0.81,0.94,0.8,P2,Team_B,Medium,P2
2003,Medium,0.6,0.47,1,0.69,0.56,0.49,P2,Team_C,Medium,P2
2004,Medium,0.6,0.32,1,0.8,0.61,0.66,P2,Team_A,Medium,P2
2005,Low,0.3,0.97,3,0.87,0.76,0.39,P2,Team_B,Medium,P2
2006,Low,0.3,0.4,3,0.87,0.75,0.53,P2,Team_B,Medium,P2
2007,High,0.9,0.27,2,0.9,0.79,0.86,P2,Team_C,Medium,P2
2008,Low,0.3,0.24,2,0.56,0.75,0.68,P3,Team_A,Low,P3
2009,Low,0.3,0.79,4,0.62,0.88,0.77,P2,Team_B,Medium,P2
2010,Medium,0.6,0.42,4,0.76,0.51,0.97,P2,Team_C,Medium,P2
2011,Medium,0.6,0.42,1,0.71,0.82,0.62,P2,Team_B,Medium,P2
2012,Medium,0.6,0.38,4,0.8,0.7,0.68,P2,Team_B,Medium,P2
2013,Low,0.3,0.56,3,0.87,0.68,0.44,P2,Team_B,Medium,P2
2014,Low,0.3,0.86,4,0.86,0.72,0.65,P2,Team_A,Medium,P2
2015,Medium,0.6,0.62,2,0.75,0.73,0.51,P2,Team_C,Medium,P2
2016,Medium,0.6,0.09,4,0.35,0.86,0.85,P2,Team_B,Medium,P2
2017,Medium,0.6,0.66,4,0.64,0.53,0.95,P2,Team_A,Medium,P2
2018,High,0.9,0.48,1,0.86,0.56,0.64,P2,Team_C,Medium,P2
2019,Low,0.3,0.14,4,0.46,0.7,0.76,P3,Team_C,Low,P3
2020,Low,0.3,0.38,1,0.81,0.79,0.81,P3,Team_C,Low,P3
2021,Low,0.3,0.44,2,0.7,0.79,0.92,P2,Team_C,Medium,P2
2022,High,0.9,0.24,1,0.57,0.3,0.98,P2,Team_A,Medium,P2
2023,High,0.9,0.33,1,0.57,0.46,0.48,P2,Team_B,Medium,P2
2024,Low,0.3,0.3,3,0.77,0.75,0.71,P3,Team_C,Low,P3
2025,Low,0.3,0.6,3,0.59,0.46,0.54,P2,Team_B,Medium,P2
2026,High,0.9,0.83,2,0.74,0.58,0.72,P1,Team_C,High,P1
2027,Medium,0.6,0.76,1,0.95,0.64,0.89,P2,Team_B,Medium,P2
2028,Medium,0.6,0.57,4,0.94,0.76,0.59,P2,Team_A,Medium,P2
2029,Medium,0.6,0.78,1,0.93,0.73,0.54,P2,Team_C,Medium,P2
2030,Medium,0.6,0.45,2,0.94,0.75,0.37,P2,Team_B,Medium,P2
2031,Low,0.3,0.44,2,0.6,0.77,0.84,P2,Team_C,Medium,P2
2032,Low,0.3,0.39,3,0.74,0.83,0.45,P3,Team_A,Low,P3
2033,Low,0.3,0.53,4,0.91,0.71,0.77,P2,Team_C,Medium,P2
2034,Medium,0.6,0.82,2,0.89,0.56,0.36,P2,Team_B,Medium,P2
2035,Low,0.3,0.7,3,0.88,0.93,0.78,P2,Team_B,Medium,P2
2036,Low,0.3,0.8,4,0.89,0.7,0.63,P2,Team_C,Medium,P2
2037,Medium,0.6,0.39,1,0.81,0.47,0.9,P2,Team_B,Medium,P2
2038,Medium,0.6,0.49,3,0.97,0.91,0.55,P2,Team_A,Medium,P2
2039,High,0.9,0.68,3,0.88,0.91,0.71,P1,Team_C,High,P1
2040,Low,0.3,0.64,4,0.85,0.53,0.75,P2,Team_B,Medium,P2
2041,Low,0.3,0.81,3,0.57,0.87,0.93,P2,Team_C,Medium,P2
2042,Low,0.3,0.31,2,0.72,0.43,0.97,P3,Team_B,Low,P3
2043,High,0.9,0.62,1,0.75,0.59,0.85,P1,Team_A,High,P1
2044,Medium,0.6,0.42,4,0.83,0.82,0.89,P2,Team_C,Medium,P2
2045,Low,0.3,0.58,3,0.68,0.4,0.49,P2,Team_C,Medium,P2
2046,Low,0.3,0.63,4,0.84,0.88,0.9,P2,Team_A,Medium,P2
2047,Medium,0.6,0.49,2,0.4,0.63,0.84,P2,Team_B,Medium,P2
2048,High,0.9,0.63,2,0.53,0.73,0.73,P1,Team_C,High,P1
2049,Medium,0.6,0.66,2,0.88,0.99,0.59,P2,Team_B,Medium,P2
2050,Medium,0.6,0.85,4,0.89,0.72,0.33,P2,Team_A,Medium,P2
2051,Medium,0.6,0.22,4,0.39,0.95,0.51,P2,Team_C,Medium,P2
2052,Medium,0.6,0.56,3,0.58,0.82,0.83,P2,Team_B,Medium,P2
2053,Low,0.3,0.53,1,0.89,0.76,0.63,P2,Team_C,Medium,P2
2054,Low,0.3,0.94,4,0.53,0.85,0.45,P2,Team_C,Medium,P2
2055,Medium,0.6,0.53,4,0.3,0.29,0.65,P2,Team_B,Medium,P2
2056,Medium,0.6,0.56,1,0.82,0.75,0.43,P2,Team_B,Medium,P2
2057,High,0.9,0.62,2,0.53,0.7,0.69,P1,Team_B,High,P1
2058,Low,0.3,0.2,4,0.68,0.84,0.92,P3,Team_A,Low,P3
2059,High,0.9,0.86,4,0.36,0.75,0.41,P1,Team_A,High,P1
2060,High,0.9,0.85,2,0.64,0.42,1.0,P1,Team_A,High,P1
2061,Medium,0.6,0.83,1,0.81,0.72,0.67,P2,Team_A,Medium,P2
2062,Low,0.3,0.63,2,0.73,0.4,0.6,P2,Team_A,Medium,P2
2063,Low,0.3,0.74,4,0.89,0.51,0.31,P2,Team_C,Medium,P2
2064,Medium,0.6,0.72,2,0.84,0.96,0.81,P2,Team_B,Medium,P2
2065,High,0.9,0.29,2,0.93,0.62,0.71,P2,Team_C,Medium,P2
2066,Low,0.3,0.52,1,0.46,0.8,0.37,P2,Team_B,Medium,P2
2067,High,0.9,0.39,4,0.5,0.82,1.0,P2,Team_B,Medium,P2
2068,Low,0.3,0.24,2,0.72,0.39,0.45,P3,Team_B,Low,P3
2069,High,0.9,0.04,1,0.84,0.29,0.84,P2,Team_C,Medium,P2
2070,Medium,0.6,0.63,3,0.54,0.81,0.38,P2,Team_C,Medium,P2
2071,Low,0.3,0.08,1,0.78,0.87,0.4,P3,Team_B,Low,P3
2072,Low,0.3,0.54,3,0.51,0.36,0.81,P2,Team_A,Medium,P2
2073,Low,0.3,0.36,1,0.91,0.61,0.31,P3,Team_A,Low,P3
2074,Medium,0.6,0.81,2,0.59,0.58,0.82,P2,Team_C,Medium,P2
2075,Low,0.3,0.51,4,0.52,0.7,0.67,P2,Team_C,Medium,P2
2076,High,0.9,0.43,1,0.88,0.61,0.75,P2,Team_C,Medium,P2
2077,Low,0.3,0.24,2,0.95,0.8,0.55,P3,Team_C,Low,P3
2078,Medium,0.6,0.23,3,0.85,0.53,0.86,P2,Team_B,Medium,P2
2079,Medium,0.6,0.85,4,0.61,0.68,0.76,P2,Team_B,Medium,P2
2080,High,0.9,0.39,3,0.81,0.72,0.52,P2,Team_B,Medium,P2
2081,High,0.9,0.54,4,0.61,0.31,0.88,P2,Team_C,Medium,P2
2082,Low,0.3,0.38,1,0.77,0.69,0.71,P3,Team_B,Low,P3
2083,Low,0.3,0.54,1,0.39,0.57,0.94,P2,Team_A,Medium,P2
2084,Medium,0.6,0.41,2,0.65,0.78,0.8,P2,Team_C,Medium,P2
2085,Low,0.3,0.12,3,0.51,0.59,0.32,P3,Team_A,Low,P3
2086,High,0.9,0.62,3,0.76,0.51,0.39,P1,Team_A,High,P1
2087,Low,0.3,0.67,1,0.79,0.72,0.48,P2,Team_A,Medium,P2
2088,Low,0.3,0.24,2,0.71,0.54,0.89,P3,Team_C,Low,P3
2089,Medium,0.6,0.51,4,0.41,0.81,1.0,P2,Team_C,Medium,P2
2090,High,0.9,0.69,3,0.57,0.65,0.59,P1,Team_B,High,P1
2091,Low,0.3,0.8,1,0.68,0.67,0.54,P2,Team_B,Medium,P2
2092,Medium,0.6,0.14,4,0.63,0.56,0.94,P2,Team_A,Medium,P2
2093,Low,0.3,0.76,4,0.79,0.68,0.81,P2,Team_B,Medium,P2
2094,High,0.9,0.26,2,0.57,0.87,0.51,P2,Team_B,Medium,P2
2095,Medium,0.6,0.39,2,0.54,0.37,0.87,P2,Team_C,Medium,P2
2096,Low,0.3,0.44,4,0.91,0.77,0.72,P2,Team_A,Medium,P2
2097,High,0.9,0.73,1,0.86,0.89,0.78,P1,Team_C,High,P1
2098,High,0.9,0.77,1,0.92,0.77,0.61,P1,Team_B,High,P1
2099,Low,0.3,0.39,3,0.73,0.72,0.58,P3,Team_C,Low,P3
2100,Low,0.3,0.51,4,0.75,0.66,0.48,P2,Team_C,Medium,P2
2101,High,0.9,0.81,1,0.68,0.53,0.51,P1,Team_C,High,P1
2102,Medium,0.6,0.22,1,0.7,0.36,0.41,P2,Team_C,Medium,P2
2103,Low,0.3,0.07,2,0.6,0.9,0.86,P3,Team_C,Low,P3
2104,High,0.9,0.43,1,0.72,0.55,0.8,P2,Team_B,Medium,P2
2105,Low,0.3,0.78,1,0.7,0.78,0.82,P2,Team_C,Medium,P2
2106,High,0.9,0.45,2,0.81,0.96,0.82,P2,Team_A,Medium,P2
2107,Low,0.3,0.47,2,0.49,0.6,0.72,P2,Team_A,Medium,P2
2108,Medium,0.6,0.49,4,0.66,0.91,0.58,P2,Team_C,Medium,P2
2109,Medium,0.6,0.66,1,0.73,0.47,0.95,P2,Team_B,Medium,P2
2110,High,0.9,0.7,3,0.75,0.53,0.49,P1,Team_C,High,P1
2111,Low,0.3,0.79,1,0.89,0.68,0.87,P2,Team_C,Medium,P2
2112,Low,0.3,0.67,3,0.77,0.52,0.51,P2,Team_C,Medium,P2
2113,Low,0.3,0.69,4,0.67,0.89,0.39,P2,Team_C,Medium,P2
2114,Low,0.3,0.76,3,0.91,0.83,0.33,P2,Team_C,Medium,P2
2115,Low,0.3,0.38,1,0.85,0.3,0.97,P3,Team_C,Low,P3
2116,High,0.9,0.16,2,0.65,0.27,0.9,P2,Team_A,Medium,P2
2117,Medium,0.6,0.59,1,0.94,0.38,0.48,P2,Team_B,Medium,P2
2118,Low,0.3,0.05,3,0.84,0.84,0.82,P3,Team_B,Low,P3
2119,High,0.9,0.58,2,0.92,0.64,0.53,P2,Team_A,Medium,P2
2120,Low,0.3,0.46,4,0.63,0.87,0.65,P2,Team_B,Medium,P2
2121,Low,0.3,0.6,3,0.59,0.45,0.41,P2,Team_A,Medium,P2
2122,High,0.9,0.59,3,0.8,0.47,0.75,P2,Team_B,Medium,P2
2123,High,0.9,0.93,3,0.92,0.92,0.34,P1,Team_B,High,P1
2124,Medium,0.6,0.81,2,0.88,0.62,0.8,P2,Team_C,Medium,P2
2125,High,0.9,0.78,1,0.71,0.63,0.87,P1,Team_A,High,P1
2126,High,0.9,0.78,1,0.75,0.66,0.32,P1,Team_C,High,P1
2127,High,0.9,0.08,1,0.86,0.48,0.76,P2,Team_A,Medium,P2
2128,Low,0.3,0.68,4,0.84,0.49,0.4,P2,Team_A,Medium,P2
2129,High,0.9,0.79,2,0.47,0.42,0.67,P1,Team_A,High,P1
2130,High,0.9,0.13,1,0.43,0.36,0.74,P2,Team_B,Medium,P2
2131,High,0.9,0.72,3,0.75,0.9,0.51,P1,Team_C,High,P1
2132,Low,0.3,0.46,4,0.95,0.78,0.76,P2,Team_B,Medium,P2
2133,Low,0.3,0.13,4,0.95,0.42,0.58,P3,Team_B,Low,P3
2134,High,0.9,0.35,1,0.9,0.64,0.97,P2,Team_C,Medium,P2
2135,Low,0.3,0.67,4,0.78,0.71,0.6,P2,Team_B,Medium,P2
2136,Low,0.3,0.74,4,0.66,0.55,0.96,P2,Team_B,Medium,P2
2137,High,0.9,0.24,2,0.84,0.82,0.75,P2,Team_B,Medium,P2
2138,Medium,0.6,0.37,2,0.84,0.54,0.89,P2,Team_C,Medium,P2
2139,Medium,0.6,0.71,4,0.52,0.65,0.51,P2,Team_B,Medium,P2
2140,Low,0.3,0.34,4,0.81,0.44,0.32,P3,Team_A,Low,P3
2141,Medium,0.6,0.61,4,0.84,0.45,1.0,P2,Team_C,Medium,P2
2142,Low,0.3,0.08,2,0.71,0.88,0.37,P3,Team_A,Low,P3
2143,High,0.9,0.39,2,0.58,0.65,0.54,P2,Team_C,Medium,P2
2144,Medium,0.6,0.5,3,0.9,0.77,0.74,P2,Team_B,Medium,P2
2145,Low,0.3,0.33,2,0.48,0.39,0.89,P3,Team_A,Low,P3
2146,Medium,0.6,0.29,3,0.77,0.37,0.66,P2,Team_B,Medium,P2
2147,High,0.9,0.5,3,0.71,0.72,0.41,P2,Team_B,Medium,P2
2148,Low,0.3,0.86,3,0.74,0.64,0.33,P2,Team_C,Medium,P2
2149,Medium,0.6,0.5,1,0.76,0.55,0.6,P2,Team_C,Medium,P2
2150,Low,0.3,0.23,4,0.91,0.7,0.65,P3,Team_C,Low,P3
2151,High,0.9,0.23,2,0.83,0.81,0.53,P2,Team_C,Medium,P2
2152,Low,0.3,0.64,2,0.82,0.75,0.32,P2,Team_A,Medium,P2
2153,High,0.9,0.34,1,0.56,0.57,0.82,P2,Team_B,Medium,P2
2154,Medium,0.6,0.28,3,0.61,0.76,0.8,P2,Team_B,Medium,P2
2155,Medium,0.6,0.93,2,0.78,0.53,0.53,P2,Team_B,Medium,P2
2156,Medium,0.6,0.73,4,0.78,0.54,0.37,P2,Team_A,Medium,P2
2157,Medium,0.6,0.37,1,0.38,0.48,0.79,P2,Team_B,Medium,P2
2158,Medium,0.6,0.6,2,0.49,0.58,0.56,P2,Team_B,Medium,P2
2159,Low,0.3,0.98,4,0.82,0.29,0.66,P2,Team_A,Medium,P2
2160,High,0.9,0.82,3,0.77,0.22,0.95,P1,Team_A,High,P1
2161,Medium,0.6,0.48,3,0.74,0.82,0.48,P2,Team_C,Medium,P2
2162,High,0.9,0.19,3,0.89,0.93,0.68,P2,Team_C,Medium,P2
2163,Medium,0.6,0.63,4,0.71,0.56,0.53,P2,Team_C,Medium,P2
2164,High,0.9,0.43,3,0.82,0.96,0.78,P2,Team_B,Medium,P2
2165,Medium,0.6,0.16,3,0.84,0.8,0.93,P2,Team_A,Medium,P2
2166,Medium,0.6,0.43,4,0.68,0.5,0.37,P2,Team_B,Medium,P2
2167,High,0.9,0.15,2,0.64,0.94,0.35,P2,Team_A,Medium,P2
2168,Low,0.3,0.22,3,0.62,0.86,0.35,P3,Team_B,Low,P3
2169,Medium,0.6,0.59,2,0.87,0.88,0.54,P2,Team_A,Medium,P2
2170,Low,0.3,0.42,2,0.65,0.44,0.76,P2,Team_B,Medium,P2
2171,High,0.9,0.38,4,0.75,0.59,0.92,P2,Team_B,Medium,P2
2172,Low,0.3,0.52,2,0.84,0.63,0.49,P2,Team_A,Medium,P2
2173,Medium,0.6,0.64,3,0.66,0.8,0.92,P2,Team_A,Medium,P2
2174,High,0.9,0.46,4,0.47,0.31,0.78,P2,Team_B,Medium,P2
2175,High,0.9,0.9,4,0.35,0.58,0.46,P1,Team_A,High,P1
2176,Medium,0.6,0.51,3,0.58,0.94,0.99,P2,Team_C,Medium,P2
2177,Low,0.3,0.43,2,0.85,0.93,0.33,P2,Team_A,Medium,P2
2178,Medium,0.6,0.42,1,0.8,0.72,0.86,P2,Team_A,Medium,P2
2179,Medium,0.6,0.63,3,0.45,0.55,0.78,P2,Team_C,Medium,P2
2180,Medium,0.6,0.61,4,0.43,0.45,0.45,P2,Team_A,Medium,P2
2181,High,0.9,0.7,4,0.82,0.75,0.68,P1,Team_B,High,P1
2182,Medium,0.6,0.38,1,0.74,0.23,0.73,P2,Team_C,Medium,P2
2183,Medium,0.6,0.83,1,0.43,0.77,0.7,P2,Team_B,Medium,P2
2184,Medium,0.6,0.53,1,0.7,0.62,0.7,P2,Team_A,Medium,P2
2185,Low,0.3,0.37,3,0.74,0.76,0.83,P3,Team_B,Low,P3
2186,High,0.9,0.61,1,0.73,0.91,0.61,P1,Team_B,High,P1
2187,Medium,0.6,0.92,3,0.56,0.8,0.68,P2,Team_A,Medium,P2
2188,Low,0.3,0.57,1,0.71,0.62,0.57,P2,Team_A,Medium,P2
2189,High,0.9,0.03,1,0.63,0.52,0.71,P2,Team_A,Medium,P2
2190,Medium,0.6,0.42,1,0.86,0.59,0.35,P2,Team_B,Medium,P2
2191,Low,0.3,0.28,2,0.77,0.63,0.65,P3,Team_B,Low,P3
2192,Low,0.3,0.32,3,0.6,0.63,0.78,P3,Team_C,Low,P3
2193,High,0.9,0.95,4,0.57,0.73,1.0,P1,Team_A,High,P1
2194,Medium,0.6,0.3,4,0.63,0.66,0.73,P2,Team_C,Medium,P2
2195,High,0.9,0.51,4,0.35,0.49,0.34,P2,Team_B,Medium,P2
2196,Low,0.3,0.47,4,0.74,0.89,0.59,P2,Team_A,Medium,P2
2197,Low,0.3,0.33,3,0.74,0.91,0.87,P3,Team_B,Low,P3
2198,Medium,0.6,0.74,1,0.54,0.73,0.57,P2,Team_B,Medium,P2
2199,Low,0.3,0.62,4,0.79,0.64,0.71,P2,Team_B,Medium,P2
2200,High,0.9,0.55,3,0.43,0.91,0.52,P2,Team_B,Medium,P2
2201,Low,0.3,0.07,4,0.86,0.91,0.44,P3,Team_C,Low,P3
2202,Low,0.3,0.7,3,0.93,0.24,0.97,P2,Team_A,Medium,P2
2203,Low,0.3,0.72,2,0.84,0.45,0.76,P2,Team_A,Medium,P2
2204,High,0.9,0.51,3,0.87,0.56,0.74,P2,Team_B,Medium,P2
2205,High,0.9,0.57,3,0.52,0.51,0.69,P2,Team_C,Medium,P2
2206,Medium,0.6,0.44,2,0.58,0.96,0.89,P2,Team_B,Medium,P2
2207,High,0.9,0.34,2,0.81,0.53,0.77,P2,Team_A,Medium,P2
2208,Medium,0.6,0.73,1,0.98,0.89,0.43,P2,Team_B,Medium,P2
2209,Medium,0.6,0.15,2,0.7,0.78,0.59,P2,Team_B,Medium,P2
2210,High,0.9,0.4,4,0.44,0.73,0.4,P2,Team_C,Medium,P2
2211,Low,0.3,0.47,4,0.63,0.7,0.41,P2,Team_A,Medium,P2
2212,Low,0.3,0.57,3,0.85,0.43,0.86,P2,Team_B,Medium,P2
2213,Low,0.3,0.35,3,0.74,0.67,0.55,P3,Team_A,Low,P3
2214,Medium,0.6,0.65,2,0.85,0.8,0.76,P2,Team_B,Medium,P2
2215,High,0.9,0.42,2,0.82,0.53,0.47,P2,Team_B,Medium,P2
2216,Low,0.3,0.79,1,0.81,0.76,0.39,P2,Team_A,Medium,P2
2217,Medium,0.6,0.59,2,0.64,0.24,0.95,P2,Team_B,Medium,P2
2218,Low,0.3,0.69,2,0.83,0.67,0.31,P2,Team_A,Medium,P2
2219,Low,0.3,0.33,4,0.83,0.93,0.85,P3,Team_B,Low,P3
2220,Medium,0.6,0.56,2,0.71,0.87,0.99,P2,Team_A,Medium,P2
2221,Low,0.3,0.35,4,0.77,0.47,0.75,P3,Team_A,Low,P3
2222,Medium,0.6,0.52,2,0.61,0.7,0.66,P2,Team_B,Medium,P2
2223,Low,0.3,0.27,3,0.83,0.24,0.7,P3,Team_A,Low,P3
2224,Low,0.3,0.49,2,0.63,0.75,0.72,P2,Team_B,Medium,P2
2225,High,0.9,0.63,3,0.94,0.47,0.65,P1,Team_B,High,P1
2226,Medium,0.6,0.39,4,0.89,0.38,0.3,P2,Team_A,Medium,P2
2227,Low,0.3,0.77,1,0.8,0.45,0.65,P2,Team_B,Medium,P2
2228,High,0.9,0.64,3,0.91,0.36,0.96,P1,Team_A,High,P1
2229,High,0.9,0.55,1,0.58,0.75,0.69,P2,Team_B,Medium,P2
2230,Medium,0.6,0.52,4,0.54,0.75,0.43,P2,Team_C,Medium,P2
2231,Medium,0.6,0.89,3,0.67,0.48,0.59,P2,Team_B,Medium,P2
2232,Low,0.3,0.34,2,0.68,0.67,0.33,P3,Team_B,Low,P3
2233,High,0.9,0.54,4,0.67,0.45,0.94,P2,Team_A,Medium,P2
2234,High,0.9,0.83,3,0.56,0.8,0.8,P1,Team_A,High,P1
2235,Medium,0.6,0.6,1,0.78,0.88,0.93,P2,Team_C,Medium,P2
2236,High,0.9,0.36,4,0.71,0.43,0.64,P2,Team_A,Medium,P2
2237,Medium,0.6,0.3,2,0.67,0.56,0.58,P2,Team_B,Medium,P2
2238,Low,0.3,0.31,3,0.59,0.84,0.96,P3,Team_B,Low,P3
2239,Low,0.3,0.31,3,0.87,0.8,0.42,P3,Team_C,Low,P3
2240,Medium,0.6,0.63,1,0.95,0.62,0.78,P2,Team_A,Medium,P2
2241,High,0.9,0.07,1,0.6,0.3,0.3,P2,Team_C,Medium,P2
2242,Low,0.3,0.44,1,0.54,0.78,0.36,P2,Team_A,Medium,P2
2243,High,0.9,0.3,4,0.95,0.74,0.85,P2,Team_C,Medium,P2
2244,Medium,0.6,0.73,3,0.59,0.83,0.38,P2,Team_B,Medium,P2
2245,Medium,0.6,0.64,2,0.44,0.63,0.63,P2,Team_C,Medium,P2
2246,Low,0.3,0.78,4,0.8,0.36,0.42,P2,Team_A,Medium,P2
2247,Medium,0.6,0.7,4,0.72,0.76,0.33,P2,Team_A,Medium,P2
2248,Low,0.3,0.21,3,0.47,0.9,0.36,P3,Team_C,Low,P3
2249,Low,0.3,0.56,4,0.83,0.58,0.96,P2,Team_C,Medium,P2
2250,Low,0.3,0.24,3,0.29,0.57,0.46,P3,Team_C,Low,P3
2251,Medium,0.6,0.25,4,0.86,0.34,0.42,P2,Team_B,Medium,P2
2252,Medium,0.6,0.21,2,0.87,0.84,0.37,P2,Team_B,Medium,P2
2253,High,0.9,0.83,1,0.91,0.84,0.72,P1,Team_C,High,P1
2254,Low,0.3,0.34,4,0.6,0.88,0.85,P3,Team_A,Low,P3
2255,Medium,0.6,0.41,2,0.76,0.87,0.4,P2,Team_C,Medium,P2
2256,High,0.9,0.7,4,0.72,0.95,0.88,P1,Team_C,High,P1
2257,Low,0.3,0.46,1,0.78,0.83,0.72,P2,Team_B,Medium,P2
2258,Medium,0.6,0.39,2,0.62,0.33,0.46,P2,Team_B,Medium,P2
2259,Medium,0.6,0.23,4,0.65,0.41,0.77,P2,Team_C,Medium,P2
2260,Low,0.3,0.45,3,0.9,0.53,0.42,P2,Team_A,Medium,P2
2261,High,0.9,0.91,4,0.6,0.86,0.6,P1,Team_B,High,P1
2262,Medium,0.6,0.26,2,0.84,0.76,0.95,P2,Team_C,Medium,P2
2263,Medium,0.6,0.44,4,0.65,0.74,0.72,P2,Team_B,Medium,P2
2264,Medium,0.6,0.56,2,0.77,0.87,0.87,P2,Team_C,Medium,P2
2265,Medium,0.6,0.38,4,0.77,0.74,0.59,P2,Team_A,Medium,P2
2266,High,0.9,0.78,2,0.83,0.71,0.89,P1,Team_B,High,P1
2267,Medium,0.6,0.53,1,0.61,0.74,0.36,P2,Team_B,Medium,P2
2268,Low,0.3,0.4,2,0.69,0.51,0.95,P2,Team_B,Medium,P2
2269,High,0.9,0.57,4,0.61,0.51,0.45,P2,Team_C,Medium,P2
2270,Medium,0.6,0.15,2,0.78,0.57,0.41,P2,Team_B,Medium,P2
2271,Medium,0.6,0.72,4,0.87,0.57,0.66,P2,Team_C,Medium,P2
2272,High,0.9,0.57,3,0.95,0.61,0.8,P2,Team_C,Medium,P2
2273,Low,0.3,0.16,3,0.95,0.39,0.73,P3,Team_C,Low,P3
2274,High,0.9,0.23,1,0.68,0.77,0.52,P2,Team_A,Medium,P2
2275,High,0.9,0.4,3,0.86,0.67,0.55,P2,Team_C,Medium,P2
2276,Medium,0.6,0.05,4,0.64,0.58,0.88,P2,Team_A,Medium,P2
2277,Low,0.3,0.47,4,0.72,0.66,0.55,P2,Team_A,Medium,P2
2278,Low,0.3,0.27,3,0.76,0.74,0.44,P3,Team_C,Low,P3
2279,Low,0.3,0.46,3,0.89,0.69,0.33,P2,Team_B,Medium,P2
2280,Low,0.3,0.86,1,0.55,0.9,0.63,P2,Team_B,Medium,P2
2281,Medium,0.6,0.78,2,0.48,0.84,0.53,P2,Team_A,Medium,P2
2282,Medium,0.6,0.33,2,0.86,0.62,0.47,P2,Team_A,Medium,P2
2283,Medium,0.6,0.28,2,0.61,0.59,0.8,P2,Team_C,Medium,P2
2284,Medium,0.6,0.25,3,0.5,0.82,0.72,P2,Team_A,Medium,P2
2285,Medium,0.6,0.17,3,0.78,0.76,0.81,P2,Team_A,Medium,P2
2286,Medium,0.6,0.25,3,0.35,0.85,0.68,P2,Team_C,Medium,P2
2287,High,0.9,0.73,4,0.83,0.93,0.38,P1,Team_A,High,P1
2288,High,0.9,0.71,1,0.74,0.46,0.98,P1,Team_C,High,P1
2289,Low,0.3,0.05,2,0.8,0.98,0.61,P3,Team_B,Low,P3
2290,High,0.9,0.34,2,0.94,0.75,0.59,P2,Team_B,Medium,P2
2291,High,0.9,0.25,2,0.92,0.27,0.52,P2,Team_C,Medium,P2
2292,Medium,0.6,0.66,4,0.83,0.82,0.85,P2,Team_B,Medium,P2
2293,Low,0.3,0.18,3,0.79,0.53,0.9,P3,Team_C,Low,P3
2294,Medium,0.6,0.55,1,0.29,0.94,0.53,P2,Team_C,Medium,P2
2295,Medium,0.6,0.79,2,0.97,0.8,0.42,P2,Team_B,Medium,P2
2296,Medium,0.6,0.73,2,0.61,0.23,0.35,P2,Team_C,Medium,P2
2297,High,0.9,0.52,4,0.53,0.52,0.63,P2,Team_B,Medium,P2
2298,High,0.9,0.36,1,0.9,0.32,0.78,P2,Team_A,Medium,P2
2299,Medium,0.6,0.61,4,0.76,0.9,0.96,P2,Team_A,Medium,P2
2300,Low,0.3,0.51,3,0.6,0.59,0.68,P2,Team_A,Medium,P2
2301,Medium,0.6,0.56,3,0.65,0.96,0.7,P2,Team_B,Medium,P2
2302,Low,0.3,0.18,2,0.88,0.54,0.5,P3,Team_B,Low,P3
2303,High,0.9,0.43,3,0.6,0.55,0.96,P2,Team_B,Medium,P2
2304,Medium,0.6,0.81,1,0.91,0.67,0.95,P2,Team_B,Medium,P2
2305,High,0.9,0.64,1,0.81,0.9,0.61,P1,Team_A,High,P1
2306,Low,0.3,0.1,4,0.37,0.6,0.81,P3,Team_A,Low,P3
2307,High,0.9,0.2,2,0.89,0.84,0.48,P2,Team_B,Medium,P2
2308,Medium,0.6,0.52,1,0.88,0.67,0.6,P2,Team_C,Medium,P2
2309,High,0.9,0.57,4,0.84,0.51,0.67,P2,Team_C,Medium,P2
2310,Medium,0.6,0.73,3,0.87,0.83,0.62,P2,Team_A,Medium,P2
2311,Low,0.3,0.75,1,0.65,0.42,0.65,P2,Team_B,Medium,P2
2312,Medium,0.6,0.88,4,0.6,0.46,0.48,P2,Team_B,Medium,P2
2313,Low,0.3,0.79,3,0.39,0.49,0.64,P2,Team_B,Medium,P2
2314,Medium,0.6,0.44,4,0.67,0.91,0.41,P2,Team_C,Medium,P2
2315,Low,0.3,0.82,1,0.81,0.51,0.56,P2,Team_C,Medium,P2
2316,Low,0.3,0.16,3,0.62,0.48,0.78,P3,Team_B,Low,P3
2317,Low,0.3,0.56,3,0.86,0.71,0.41,P2,Team_B,Medium,P2
2318,Medium,0.6,0.3,1,0.59,0.94,0.34,P2,Team_A,Medium,P2
2319,High,0.9,0.51,4,0.85,0.76,0.82,P2,Team_A,Medium,P2
2320,Low,0.3,0.67,3,0.79,0.74,0.77,P2,Team_C,Medium,P2
2321,Medium,0.6,0.16,1,0.47,0.54,0.47,P2,Team_C,Medium,P2
2322,Medium,0.6,0.8,1,0.59,0.43,0.52,P2,Team_A,Medium,P2
2323,Medium,0.6,0.51,2,0.73,0.8,0.8,P2,Team_A,Medium,P2
2324,Low,0.3,0.43,3,0.96,0.79,0.71,P2,Team_A,Medium,P2
2325,Low,0.3,0.21,3,0.86,0.76,0.88,P3,Team_A,Low,P3
2326,Low,0.3,0.74,3,0.75,0.84,0.6,P2,Team_C,Medium,P2
2327,Medium,0.6,0.55,4,0.3,0.79,0.63,P2,Team_B,Medium,P2
2328,Low,0.3,0.79,4,0.89,0.8,0.63,P2,Team_C,Medium,P2
2329,Medium,0.6,0.44,3,0.82,0.91,0.85,P2,Team_C,Medium,P2
2330,High,0.9,0.75,3,0.88,0.85,0.87,P1,Team_A,High,P1
2331,High,0.9,0.61,1,0.75,0.94,0.96,P1,Team_A,High,P1
2332,Low,0.3,0.69,4,0.8,0.67,0.87,P2,Team_C,Medium,P2
2333,Low,0.3,0.87,2,0.69,0.72,0.83,P2,Team_B,Medium,P2
2334,Low,0.3,0.44,4,0.48,0.72,0.45,P2,Team_A,Medium,P2
2335,High,0.9,0.64,4,0.63,0.91,0.89,P1,Team_A,High,P1
2336,Low,0.3,0.65,4,0.85,0.88,0.55,P2,Team_C,Medium,P2
2337,Low,0.3,0.65,2,0.51,0.72,0.32,P2,Team_B,Medium,P2
2338,Medium,0.6,0.15,2,0.51,0.78,0.74,P2,Team_C,Medium,P2
2339,Low,0.3,0.72,2,0.58,0.86,0.97,P2,Team_C,Medium,P2
2340,Medium,0.6,0.8,1,0.7,0.84,0.89,P2,Team_A,Medium,P2
2341,Medium,0.6,0.43,2,0.76,0.82,0.6,P2,Team_A,Medium,P2
2342,Low,0.3,0.56,2,0.92,0.9,0.36,P2,Team_A,Medium,P2
2343,Low,0.3,0.86,4,0.51,0.78,0.53,P2,Team_A,Medium,P2
2344,Medium,0.6,0.84,3,0.67,0.63,0.4,P2,Team_B,Medium,P2
2345,Low,0.3,0.48,4,0.71,0.75,0.92,P2,Team_B,Medium,P2
2346,Low,0.3,0.24,4,0.75,0.62,0.71,P3,Team_A,Low,P3
2347,High,0.9,0.12,3,0.51,0.76,0.32,P2,Team_C,Medium,P2
2348,Low,0.3,0.14,4,0.56,0.59,0.31,P3,Team_B,Low,P3
2349,High,0.9,0.63,1,0.88,0.83,0.41,P1,Team_A,High,P1
2350,Medium,0.6,0.29,1,0.94,0.57,0.54,P2,Team_C,Medium,P2
2351,Low,0.3,0.29,4,0.88,0.79,0.62,P3,Team_C,Low,P3
2352,High,0.9,0.72,1,0.57,0.71,0.99,P1,Team_B,High,P1
2353,High,0.9,0.86,2,0.65,0.88,0.64,P1,Team_A,High,P1
2354,Low,0.3,0.76,3,0.85,0.95,0.66,P2,Team_A,Medium,P2
2355,Low,0.3,0.56,2,0.79,0.48,0.45,P2,Team_B,Medium,P2
2356,Low,0.3,0.82,1,0.76,0.48,0.56,P2,Team_C,Medium,P2
2357,High,0.9,0.8,4,0.69,0.72,0.85,P1,Team_C,High,P1
2358,Medium,0.6,0.81,2,0.72,0.23,0.39,P2,Team_C,Medium,P2
2359,High,0.9,0.46,2,0.74,0.42,0.54,P2,Team_B,Medium,P2
2360,Low,0.3,0.62,3,0.6,0.81,0.63,P2,Team_C,Medium,P2
2361,Low,0.3,0.68,2,0.61,0.74,0.41,P2,Team_A,Medium,P2
2362,Medium,0.6,0.91,3,0.92,0.72,0.62,P2,Team_A,Medium,P2
2363,High,0.9,0.28,2,0.88,0.51,0.48,P2,Team_C,Medium,P2
2364,High,0.9,0.71,2,0.62,0.57,0.81,P1,Team_A,High,P1
2365,Low,0.3,0.24,2,0.54,0.99,0.61,P3,Team_C,Low,P3
2366,High,0.9,0.87,1,0.64,0.76,0.78,P1,Team_B,High,P1
2367,Low,0.3,0.67,4,0.64,0.66,0.51,P2,Team_C,Medium,P2
2368,Low,0.3,0.57,2,0.91,0.66,0.47,P2,Team_B,Medium,P2
2369,Low,0.3,0.45,3,0.85,0.61,0.97,P2,Team_B,Medium,P2
2370,High,0.9,0.32,2,0.82,0.62,0.87,P2,Team_A,Medium,P2
2371,High,0.9,0.75,3,0.61,0.67,0.79,P1,Team_C,High,P1
2372,Medium,0.6,0.34,3,0.77,0.78,0.96,P2,Team_B,Medium,P2
2373,Medium,0.6,0.5,4,0.48,0.47,0.7,P2,Team_B,Medium,P2
2374,High,0.9,0.33,3,0.67,0.94,0.79,P2,Team_C,Medium,P2
2375,High,0.9,0.28,1,0.67,0.8,0.33,P2,Team_A,Medium,P2
2376,Low,0.3,0.49,2,0.45,0.75,0.96,P2,Team_A,Medium,P2
2377,Medium,0.6,0.52,1,0.75,0.51,0.58,P2,Team_B,Medium,P2
2378,Low,0.3,0.3,3,0.86,0.79,0.74,P3,Team_C,Low,P3
2379,Medium,0.6,0.59,2,0.98,0.75,0.68,P2,Team_C,Medium,P2
2380,Medium,0.6,0.14,3,0.56,0.95,0.7,P2,Team_A,Medium,P2
2381,High,0.9,0.62,1,0.81,0.53,0.52,P1,Team_C,High,P1
2382,High,0.9,0.65,3,0.61,0.78,0.36,P1,Team_C,High,P1
2383,High,0.9,0.56,4,0.58,0.58,0.42,P2,Team_A,Medium,P2
2384,Low,0.3,0.87,2,0.76,0.74,0.84,P2,Team_B,Medium,P2
2385,Medium,0.6,0.43,3,0.75,0.96,0.42,P2,Team_C,Medium,P2
2386,High,0.9,0.75,4,0.77,0.66,0.94,P1,Team_C,High,P1
2387,Low,0.3,0.72,3,0.75,0.89,0.64,P2,Team_C,Medium,P2
2388,Low,0.3,0.3,4,0.67,0.62,0.71,P3,Team_C,Low,P3
2389,Low,0.3,0.49,3,0.73,0.27,0.43,P2,Team_A,Medium,P2
2390,Medium,0.6,0.54,4,0.99,0.6,0.48,P2,Team_A,Medium,P2
2391,Medium,0.6,0.5,4,0.63,0.66,0.4,P2,Team_C,Medium,P2
2392,Low,0.3,0.58,2,0.57,0.83,0.77,P2,Team_C,Medium,P2
2393,Low,0.3,0.53,2,0.92,0.82,0.32,P2,Team_A,Medium,P2
2394,High,0.9,0.67,2,0.75,0.75,0.64,P1,Team_C,High,P1
2395,Medium,0.6,0.47,4,0.68,0.78,0.59,P2,Team_C,Medium,P2
2396,Medium,0.6,0.47,3,0.48,0.66,0.82,P2,Team_B,Medium,P2
2397,Low,0.3,0.57,3,0.83,0.89,0.55,P2,Team_A,Medium,P2
2398,High,0.9,0.69,4,0.8,0.54,0.64,P1,Team_C,High,P1
2399,Low,0.3,0.15,3,0.6,0.66,0.86,P3,Team_C,Low,P3
2400,Low,0.3,0.58,1,0.64,0.68,0.97,P2,Team_A,Medium,P2
2401,Low,0.3,0.16,3,0.51,0.5,0.56,P3,Team_A,Low,P3
2402,High,0.9,0.17,1,0.72,0.83,0.42,P2,Team_A,Medium,P2
2403,Low,0.3,0.56,2,0.73,0.74,0.42,P2,Team_A,Medium,P2
2404,Low,0.3,0.58,2,0.45,0.38,0.52,P2,Team_A,Medium,P2
2405,Low,0.3,0.45,2,0.79,0.6,0.87,P2,Team_C,Medium,P2
2406,Medium,0.6,0.76,4,0.54,0.91,0.97,P2,Team_A,Medium,P2
2407,Low,0.3,0.76,1,0.58,0.49,0.65,P2,Team_B,Medium,P2
2408,Medium,0.6,0.35,4,0.84,0.38,0.83,P2,Team_C,Medium,P2
2409,High,0.9,0.53,2,0.83,0.85,0.96,P2,Team_A,Medium,P2
2410,Medium,0.6,0.05,1,0.71,0.86,0.65,P2,Team_A,Medium,P2
2411,High,0.9,0.33,1,0.92,0.89,0.39,P2,Team_C,Medium,P2
2412,High,0.9,0.19,2,0.78,0.74,0.32,P2,Team_C,Medium,P2
2413,High,0.9,0.49,2,0.57,0.73,0.45,P2,Team_A,Medium,P2
2414,Low,0.3,0.51,2,0.76,0.8,0.92,P2,Team_C,Medium,P2
2415,Medium,0.6,0.69,1,0.84,0.43,0.38,P2,Team_C,Medium,P2
2416,Low,0.3,0.49,1,0.74,0.85,0.59,P2,Team_B,Medium,P2
2417,Medium,0.6,0.45,1,0.57,0.64,0.48,P2,Team_C,Medium,P2
2418,High,0.9,0.43,2,0.35,0.58,0.79,P2,Team_C,Medium,P2
2419,Medium,0.6,0.92,4,0.74,0.63,0.82,P2,Team_C,Medium,P2
2420,Medium,0.6,0.05,3,0.96,0.67,0.99,P2,Team_A,Medium,P2
2421,Medium,0.6,0.31,4,0.88,0.93,0.47,P2,Team_A,Medium,P2
2422,Low,0.3,0.4,1,0.88,0.48,0.43,P2,Team_A,Medium,P2
2423,Medium,0.6,0.62,1,0.4,0.58,0.68,P2,Team_C,Medium,P2
2424,Medium,0.6,0.41,2,0.49,0.74,0.97,P2,Team_A,Medium,P2
2425,Medium,0.6,0.22,2,0.73,0.81,0.62,P2,Team_C,Medium,P2
2426,Medium,0.6,0.78,1,0.71,0.79,0.8,P2,Team_B,Medium,P2
2427,Low,0.3,0.79,1,0.61,0.69,0.37,P2,Team_A,Medium,P2
2428,Low,0.3,0.32,4,0.73,0.6,0.38,P3,Team_B,Low,P3
2429,High,0.9,0.67,4,0.87,0.76,0.94,P1,Team_B,High,P1
2430,Low,0.3,0.33,2,0.82,0.47,0.47,P3,Team_B,Low,P3
2431,Low,0.3,0.26,2,0.59,0.94,0.65,P3,Team_C,Low,P3
2432,Low,0.3,0.32,3,0.75,0.61,0.79,P3,Team_A,Low,P3
2433,Low,0.3,0.59,1,0.55,0.83,0.48,P2,Team_C,Medium,P2
2434,High,0.9,0.91,3,0.86,0.84,0.62,P1,Team_A,High,P1
2435,Low,0.3,0.73,1,0.76,0.58,0.78,P2,Team_B,Medium,P2
2436,High,0.9,0.5,2,0.56,0.69,0.57,P2,Team_C,Medium,P2
2437,Low,0.3,0.11,2,0.57,0.82,0.77,P3,Team_A,Low,P3
2438,Medium,0.6,0.52,3,0.69,0.7,0.75,P2,Team_C,Medium,P2
2439,Medium,0.6,0.78,1,0.58,0.87,0.66,P2,Team_B,Medium,P2
2440,High,0.9,0.85,2,0.66,0.84,0.37,P1,Team_C,High,P1
2441,Medium,0.6,0.48,1,0.73,0.63,1.0,P2,Team_A,Medium,P2
2442,Low,0.3,0.39,2,0.67,0.89,0.51,P3,Team_B,Low,P3
2443,Low,0.3,0.15,1,0.8,0.5,0.56,P3,Team_B,Low,P3
2444,Low,0.3,0.25,3,0.73,0.81,0.8,P3,Team_C,Low,P3
2445,High,0.9,0.43,3,0.61,0.79,0.96,P2,Team_A,Medium,P2
2446,High,0.9,0.5,3,0.46,0.46,0.61,P2,Team_B,Medium,P2
2447,High,0.9,0.49,4,0.72,0.91,0.98,P2,Team_B,Medium,P2
2448,Low,0.3,0.73,1,0.43,0.82,0.75,P2,Team_A,Medium,P2
2449,Medium,0.6,0.12,3,0.81,0.94,0.99,P2,Team_A,Medium,P2
2450,Medium,0.6,0.31,4,0.85,0.9,0.7,P2,Team_C,Medium,P2
2451,Low,0.3,0.86,3,0.49,0.35,0.97,P2,Team_B,Medium,P2
2452,Medium,0.6,0.83,2,0.76,0.68,0.74,P2,Team_C,Medium,P2
2453,Medium,0.6,0.38,3,0.72,0.73,0.92,P2,Team_C,Medium,P2
2454,Low,0.3,0.88,2,0.51,0.55,0.87,P2,Team_C,Medium,P2
2455,High,0.9,0.11,1,0.87,0.91,0.95,P2,Team_B,Medium,P2
2456,Medium,0.6,0.32,3,0.34,0.5,0.54,P2,Team_A,Medium,P2
2457,Low,0.3,0.66,1,0.9,0.76,0.79,P2,Team_A,Medium,P2
2458,Low,0.3,0.2,4,0.91,0.97,0.66,P3,Team_C,Low,P3
2459,Low,0.3,0.72,4,0.97,0.67,0.33,P2,Team_C,Medium,P2
2460,High,0.9,0.58,2,0.9,0.71,0.85,P2,Team_C,Medium,P2
2461,Low,0.3,0.18,4,0.67,0.68,0.42,P3,Team_C,Low,P3
2462,High,0.9,0.39,4,0.68,0.45,0.47,P2,Team_B,Medium,P2
2463,Low,0.3,0.76,1,0.91,0.88,0.44,P2,Team_A,Medium,P2
2464,Low,0.3,0.25,4,0.24,0.95,0.55,P3,Team_B,Low,P3
2465,Medium,0.6,0.43,3,0.84,0.49,0.69,P2,Team_B,Medium,P2
2466,High,0.9,0.46,1,0.93,0.94,0.84,P2,Team_C,Medium,P2
2467,Medium,0.6,0.91,4,0.61,0.91,0.45,P2,Team_B,Medium,P2
2468,Medium,0.6,0.38,2,0.82,0.45,0.53,P2,Team_C,Medium,P2
2469,Low,0.3,0.34,4,0.64,0.51,0.86,P3,Team_C,Low,P3
2470,Medium,0.6,0.38,4,0.69,0.5,0.54,P2,Team_C,Medium,P2
2471,Low,0.3,0.43,4,0.76,0.87,0.93,P2,Team_A,Medium,P2
2472,Medium,0.6,0.67,2,0.67,0.59,0.59,P2,Team_C,Medium,P2
2473,High,0.9,0.4,1,0.69,0.45,0.8,P2,Team_A,Medium,P2
2474,Low,0.3,0.82,4,0.84,0.5,0.44,P2,Team_B,Medium,P2
2475,High,0.9,0.62,1,0.56,0.92,0.82,P1,Team_C,High,P1
2476,Low,0.3,0.95,4,0.9,0.76,0.72,P2,Team_A,Medium,P2
2477,Medium,0.6,0.8,4,0.96,0.35,0.61,P2,Team_B,Medium,P2
2478,Low,0.3,0.85,3,0.27,0.69,0.66,P2,Team_B,Medium,P2
2479,Medium,0.6,0.45,2,0.87,0.85,0.74,P2,Team_A,Medium,P2
2480,Low,0.3,0.21,2,0.83,0.87,0.33,P3,Team_A,Low,P3
2481,Medium,0.6,0.88,4,0.97,0.86,0.84,P2,Team_C,Medium,P2
2482,Medium,0.6,0.45,4,0.79,0.82,0.99,P2,Team_B,Medium,P2
2483,Low,0.3,0.19,3,0.81,0.76,0.75,P3,Team_A,Low,P3
2484,Medium,0.6,0.7,4,0.89,0.56,1.0,P2,Team_B,Medium,P2
2485,High,0.9,0.19,3,0.87,0.48,0.36,P2,Team_C,Medium,P2
2486,Low,0.3,0.34,2,0.52,0.77,0.44,P3,Team_B,Low,P3
2487,Low,0.3,0.83,1,0.85,0.29,0.82,P2,Team_B,Medium,P2
2488,Low,0.3,0.63,4,0.78,0.5,0.64,P2,Team_B,Medium,P2
2489,High,0.9,0.22,4,0.58,0.45,0.81,P2,Team_A,Medium,P2
2490,Low,0.3,0.76,3,0.9,0.58,0.35,P2,Team_C,Medium,P2
2491,Low,0.3,0.64,2,0.69,0.66,0.83,P2,Team_C,Medium,P2
2492,Medium,0.6,0.55,3,0.48,0.67,0.83,P2,Team_A,Medium,P2
2493,Medium,0.6,0.71,3,0.53,0.7,0.83,P2,Team_C,Medium,P2
2494,Medium,0.6,0.54,4,0.69,0.52,0.59,P2,Team_B,Medium,P2
2495,High,0.9,0.36,1,0.96,0.71,0.4,P2,Team_A,Medium,P2
2496,High,0.9,0.39,4,0.76,0.75,0.49,P2,Team_C,Medium,P2
2497,Medium,0.6,0.03,3,0.88,0.63,0.81,P2,Team_A,Medium,P2
2498,Medium,0.6,0.65,3,0.39,0.67,0.75,P2,Team_A,Medium,P2
2499,High,0.9,0.58,2,0.7,0.59,0.64,P2,Team_C,Medium,P2
2500,High,0.9,0.65,4,0.75,0.61,0.58,P1,Team_C,High,P1
2501,High,0.9,0.17,4,0.86,0.99,0.56,P2,Team_C,Medium,P2
2502,Medium,0.6,0.34,2,0.84,0.41,0.32,P2,Team_A,Medium,P2
2503,Low,0.3,0.59,1,0.71,0.48,0.98,P2,Team_C,Medium,P2
2504,Low,0.3,0.1,1,0.72,0.66,0.41,P3,Team_C,Low,P3
2505,Low,0.3,0.49,2,0.47,0.75,0.7,P2,Team_A,Medium,P2
2506,Low,0.3,0.21,2,0.53,0.75,0.34,P3,Team_C,Low,P3
2507,High,0.9,0.91,1,0.83,0.62,0.47,P1,Team_A,High,P1
2508,Low,0.3,0.58,3,0.64,0.79,0.51,P2,Team_C,Medium,P2
2509,Low,0.3,0.38,3,0.5,0.44,0.41,P3,Team_B,Low,P3
2510,High,0.9,0.88,2,0.71,0.71,0.92,P1,Team_A,High,P1
2511,Medium,0.6,0.24,1,0.77,0.58,0.38,P2,Team_A,Medium,P2
2512,Low,0.3,0.86,4,0.9,0.53,0.65,P2,Team_C,Medium,P2
2513,Low,0.3,0.39,2,0.71,0.69,0.54,P3,Team_C,Low,P3
2514,Low,0.3,0.43,3,0.59,0.87,0.75,P2,Team_B,Medium,P2
2515,High,0.9,0.75,3,0.87,0.62,0.76,P1,Team_A,High,P1
2516,Low,0.3,0.42,4,0.81,0.55,0.55,P2,Team_C,Medium,P2
2517,Low,0.3,0.68,3,0.58,0.78,0.45,P2,Team_C,Medium,P2
2518,Low,0.3,0.41,2,0.79,0.81,0.48,P2,Team_A,Medium,P2
2519,Low,0.3,0.77,3,0.59,0.49,0.84,P2,Team_A,Medium,P2
2520,Medium,0.6,0.77,4,0.83,0.55,0.34,P2,Team_C,Medium,P2
2521,Medium,0.6,0.49,4,0.48,0.49,0.43,P2,Team_A,Medium,P2
2522,High,0.9,0.46,1,0.93,0.98,0.47,P2,Team_A,Medium,P2
2523,High,0.9,0.57,2,0.93,0.93,0.86,P2,Team_B,Medium,P2
2524,High,0.9,0.24,1,0.83,0.67,0.73,P2,Team_B,Medium,P2
2525,Low,0.3,0.84,3,0.46,0.75,1.0,P2,Team_C,Medium,P2
2526,Low,0.3,0.62,3,0.7,0.4,0.59,P2,Team_B,Medium,P2
2527,Medium,0.6,0.42,3,0.56,0.72,0.38,P2,Team_C,Medium,P2
2528,Low,0.3,0.64,3,0.55,0.89,0.9,P2,Team_A,Medium,P2
2529,Medium,0.6,0.72,1,0.47,0.79,0.41,P2,Team_C,Medium,P2
2530,Medium,0.6,0.4,4,0.76,0.77,0.62,P2,Team_C,Medium,P2
2531,Medium,0.6,0.11,1,0.64,0.48,0.7,P2,Team_B,Medium,P2
2532,Low,0.3,0.81,1,0.64,0.25,0.57,P2,Team_B,Medium,P2
2533,High,0.9,0.23,1,0.8,0.62,0.97,P2,Team_B,Medium,P2
2534,Low,0.3,0.9,2,0.55,0.67,0.99,P2,Team_B,Medium,P2
2535,High,0.9,0.19,2,0.73,0.56,0.92,P2,Team_A,Medium,P2
2536,Medium,0.6,0.36,2,0.63,0.39,0.32,P2,Team_A,Medium,P2
2537,Medium,0.6,0.22,4,0.8,0.58,0.81,P2,Team_B,Medium,P2
2538,Medium,0.6,0.69,4,0.54,0.72,0.95,P2,Team_B,Medium,P2
2539,Medium,0.6,0.52,1,0.66,0.96,0.73,P2,Team_C,Medium,P2
2540,Low,0.3,0.49,1,0.88,0.58,0.93,P2,Team_B,Medium,P2
2541,High,0.9,0.87,3,0.8,0.6,0.68,P1,Team_A,High,P1
2542,Low,0.3,0.44,1,0.44,0.42,0.31,P2,Team_C,Medium,P2
2543,Low,0.3,0.54,2,0.76,0.77,0.61,P2,Team_C,Medium,P2
2544,High,0.9,0.7,1,0.39,0.5,0.89,P1,Team_C,High,P1
2545,Medium,0.6,0.52,4,0.84,0.8,0.61,P2,Team_A,Medium,P2
2546,Medium,0.6,0.17,2,0.61,0.92,0.4,P2,Team_C,Medium,P2
2547,Medium,0.6,0.66,2,0.74,0.66,0.79,P2,Team_C,Medium,P2
2548,Low,0.3,0.49,2,0.9,0.72,0.61,P2,Team_B,Medium,P2
2549,High,0.9,0.04,1,0.73,0.74,0.65,P2,Team_A,Medium,P2
2550,Medium,0.6,0.91,1,0.48,0.76,0.42,P2,Team_A,Medium,P2
2551,Medium,0.6,0.3,4,0.9,0.49,0.96,P2,Team_A,Medium,P2
2552,Medium,0.6,0.46,4,0.79,0.72,0.65,P2,Team_A,Medium,P2
2553,High,0.9,0.42,2,0.72,0.58,0.44,P2,Team_A,Medium,P2
2554,Low,0.3,0.36,1,0.8,0.16,0.7,P3,Team_B,Low,P3
2555,Medium,0.6,0.48,3,0.52,0.88,0.94,P2,Team_A,Medium,P2
2556,Medium,0.6,0.43,2,0.56,0.71,0.3,P2,Team_A,Medium,P2
2557,Low,0.3,0.16,4,0.8,0.45,0.66,P3,Team_B,Low,P3
2558,Medium,0.6,0.57,1,0.88,0.78,0.92,P2,Team_C,Medium,P2
2559,Low,0.3,0.7,3,0.82,0.85,0.83,P2,Team_C,Medium,P2
2560,Medium,0.6,0.68,4,0.29,0.46,0.64,P2,Team_B,Medium,P2
2561,Medium,0.6,0.73,3,0.71,0.85,0.98,P2,Team_A,Medium,P2
2562,Medium,0.6,0.6,1,0.45,0.81,0.79,P2,Team_B,Medium,P2
2563,Low,0.3,0.99,4,0.74,0.6,0.9,P2,Team_C,Medium,P2
2564,Medium,0.6,0.69,3,0.53,0.75,0.59,P2,Team_A,Medium,P2
2565,High,0.9,0.33,2,0.64,0.95,0.94,P2,Team_A,Medium,P2
2566,Medium,0.6,0.49,2,0.58,0.91,0.81,P2,Team_C,Medium,P2
2567,Medium,0.6,0.85,3,0.77,0.4,0.9,P2,Team_B,Medium,P2
2568,High,0.9,0.82,4,0.75,0.73,0.4,P1,Team_B,High,P1
2569,Low,0.3,0.26,2,0.83,0.88,0.82,P3,Team_C,Low,P3
2570,High,0.9,0.85,3,0.69,0.3,0.41,P1,Team_B,High,P1
2571,Medium,0.6,0.62,2,0.41,0.76,0.97,P2,Team_C,Medium,P2
2572,Low,0.3,0.8,3,0.55,0.69,0.53,P2,Team_B,Medium,P2
2573,Low,0.3,0.08,4,0.7,0.8,0.41,P3,Team_C,Low,P3
2574,High,0.9,0.49,2,0.78,0.88,0.43,P2,Team_A,Medium,P2
2575,Low,0.3,0.43,3,0.81,0.78,0.3,P2,Team_B,Medium,P2
2576,Low,0.3,0.38,4,0.67,0.41,0.43,P3,Team_B,Low,P3
2577,High,0.9,0.51,1,0.55,0.88,0.65,P2,Team_A,Medium,P2
2578,Medium,0.6,0.6,3,0.82,0.31,0.77,P2,Team_B,Medium,P2
2579,Low,0.3,0.69,1,0.85,0.87,1.0,P2,Team_B,Medium,P2
2580,Low,0.3,0.77,2,0.87,0.8,0.63,P2,Team_B,Medium,P2
2581,Low,0.3,0.32,2,0.93,0.82,0.35,P3,Team_B,Low,P3
2582,Low,0.3,0.27,4,0.72,0.78,0.57,P3,Team_A,Low,P3
2583,High,0.9,0.57,4,0.73,0.35,0.31,P2,Team_A,Medium,P2
2584,High,0.9,0.28,4,0.72,0.51,0.31,P2,Team_C,Medium,P2
2585,Medium,0.6,0.37,4,0.8,0.35,0.63,P2,Team_A,Medium,P2
2586,Medium,0.6,0.42,1,0.79,0.74,0.93,P2,Team_B,Medium,P2
2587,Medium,0.6,0.63,1,0.69,0.73,0.92,P2,Team_B,Medium,P2
2588,High,0.9,0.95,1,0.78,0.52,0.39,P1,Team_A,High,P1
2589,Low,0.3,0.56,1,0.58,0.52,1.0,P2,Team_B,Medium,P2
2590,Medium,0.6,0.97,4,0.9,0.38,0.75,P2,Team_B,Medium,P2
2591,Low,0.3,0.87,3,0.5,0.4,0.82,P2,Team_A,Medium,P2
2592,Medium,0.6,0.6,3,0.78,0.85,0.79,P2,Team_A,Medium,P2
2593,High,0.9,0.44,2,0.92,0.81,0.82,P2,Team_C,Medium,P2
2594,High,0.9,0.72,1,0.89,0.91,0.67,P1,Team_C,High,P1
2595,Low,0.3,0.14,3,0.69,0.69,1.0,P3,Team_B,Low,P3
2596,Medium,0.6,0.89,2,0.6,0.83,0.8,P2,Team_A,Medium,P2
2597,High,0.9,0.14,1,0.47,0.67,0.59,P2,Team_A,Medium,P2
2598,Medium,0.6,0.05,1,0.84,0.65,0.71,P2,Team_C,Medium,P2
2599,High,0.9,0.96,4,0.88,0.75,0.56,P1,Team_B,High,P1
2600,Low,0.3,0.81,2,0.59,0.83,0.57,P2,Team_A,Medium,P2
2601,Low,0.3,0.58,1,0.57,0.65,0.82,P2,Team_A,Medium,P2
2602,Low,0.3,0.14,4,0.66,0.61,0.58,P3,Team_B,Low,P3
2603,Medium,0.6,0.73,4,0.81,0.69,0.92,P2,Team_C,Medium,P2
2604,Medium,0.6,0.09,4,0.89,0.96,0.94,P2,Team_A,Medium,P2
2605,Medium,0.6,0.59,4,0.64,0.33,0.53,P2,Team_B,Medium,P2
2606,Medium,0.6,0.09,3,0.83,0.93,0.93,P2,Team_A,Medium,P2
2607,Low,0.3,0.53,4,0.6,0.94,0.73,P2,Team_B,Medium,P2
2608,Low,0.3,0.66,4,0.9,0.96,0.83,P2,Team_A,Medium,P2
2609,Low,0.3,0.63,1,0.81,0.77,0.9,P2,Team_A,Medium,P2
2610,Medium,0.6,0.51,2,0.31,0.92,0.44,P2,Team_C,Medium,P2
2611,Low,0.3,0.76,3,0.78,0.77,0.97,P2,Team_C,Medium,P2
2612,Low,0.3,0.67,2,0.72,0.5,0.98,P2,Team_B,Medium,P2
2613,Medium,0.6,0.27,2,0.86,0.46,0.8,P2,Team_B,Medium,P2
2614,High,0.9,0.41,2,0.9,0.82,0.57,P2,Team_B,Medium,P2
2615,Low,0.3,0.78,2,0.63,0.78,0.78,P2,Team_B,Medium,P2
2616,Medium,0.6,0.37,4,0.93,0.59,0.62,P2,Team_A,Medium,P2
2617,Low,0.3,0.43,4,0.7,0.69,0.5,P2,Team_C,Medium,P2
2618,Medium,0.6,0.42,3,0.76,0.79,0.91,P2,Team_B,Medium,P2
2619,Medium,0.6,0.75,1,0.84,0.74,0.37,P2,Team_A,Medium,P2
2620,Medium,0.6,0.53,2,0.46,0.64,0.76,P2,Team_A,Medium,P2
2621,Medium,0.6,0.77,1,0.64,0.7,0.67,P2,Team_A,Medium,P2
2622,High,0.9,0.82,3,0.58,0.85,0.88,P1,Team_B,High,P1
2623,High,0.9,0.31,1,0.24,0.65,0.4,P2,Team_A,Medium,P2
2624,Medium,0.6,0.24,4,0.77,0.94,0.44,P2,Team_A,Medium,P2
2625,Medium,0.6,0.39,2,0.83,0.5,0.54,P2,Team_B,Medium,P2
2626,Medium,0.6,0.24,1,0.89,0.81,0.52,P2,Team_C,Medium,P2
2627,Low,0.3,0.76,2,0.81,0.4,0.79,P2,Team_B,Medium,P2
2628,Low,0.3,0.6,3,0.89,0.64,0.99,P2,Team_A,Medium,P2
2629,Low,0.3,0.35,3,0.77,0.79,0.94,P3,Team_B,Low,P3
2630,Low,0.3,0.29,3,0.7,0.71,0.98,P3,Team_B,Low,P3
2631,Low,0.3,0.07,2,0.75,0.75,0.77,P3,Team_C,Low,P3
2632,Medium,0.6,0.56,3,0.69,0.6,0.37,P2,Team_C,Medium,P2
2633,Low,0.3,0.17,3,0.97,0.38,0.78,P3,Team_B,Low,P3
2634,Low,0.3,0.36,2,0.76,0.65,0.95,P3,Team_C,Low,P3
2635,High,0.9,0.82,4,0.73,0.75,0.45,P1,Team_A,High,P1
2636,High,0.9,0.33,3,0.59,0.94,0.71,P2,Team_C,Medium,P2
2637,High,0.9,0.45,1,0.54,0.51,0.67,P2,Team_A,Medium,P2
2638,Medium,0.6,0.64,2,0.71,0.71,0.77,P2,Team_C,Medium,P2
2639,Medium,0.6,0.46,3,0.61,0.54,0.78,P2,Team_B,Medium,P2
2640,Medium,0.6,0.94,3,0.83,0.42,0.74,P2,Team_C,Medium,P2
2641,Low,0.3,0.37,2,0.69,0.61,0.46,P3,Team_A,Low,P3
2642,Medium,0.6,0.42,3,0.65,0.81,0.83,P2,Team_C,Medium,P2
2643,High,0.9,0.71,4,0.72,0.64,0.77,P1,Team_A,High,P1
2644,Low,0.3,0.68,2,0.71,0.38,0.43,P2,Team_C,Medium,P2
2645,Low,0.3,0.37,4,0.92,0.78,0.61,P3,Team_C,Low,P3
2646,High,0.9,0.17,4,0.54,0.8,0.8,P2,Team_A,Medium,P2
2647,High,0.9,0.47,2,0.68,0.58,0.43,P2,Team_A,Medium,P2
2648,Medium,0.6,0.7,2,0.88,0.54,0.46,P2,Team_A,Medium,P2
2649,High,0.9,0.21,1,0.88,0.87,0.87,P2,Team_A,Medium,P2
2650,Low,0.3,0.37,3,0.65,0.77,0.7,P3,Team_C,Low,P3
2651,High,0.9,0.32,3,0.66,0.34,0.9,P2,Team_B,Medium,P2
2652,Low,0.3,0.45,2,0.88,0.76,0.38,P2,Team_A,Medium,P2
2653,High,0.9,0.54,2,0.72,0.71,0.65,P2,Team_A,Medium,P2
2654,Low,0.3,0.48,1,0.61,0.64,0.8,P2,Team_C,Medium,P2
2655,Low,0.3,0.4,1,0.88,0.65,0.77,P2,Team_B,Medium,P2
2656,Low,0.3,0.07,3,0.82,0.71,0.88,P3,Team_A,Low,P3
2657,Low,0.3,0.2,1,0.7,0.57,0.92,P3,Team_B,Low,P3
2658,Low,0.3,0.71,2,0.83,0.52,0.95,P2,Team_C,Medium,P2
2659,Low,0.3,0.15,3,0.78,0.8,0.93,P3,Team_B,Low,P3
2660,Medium,0.6,0.97,2,0.62,0.42,0.72,P2,Team_A,Medium,P2
2661,High,0.9,0.16,1,0.91,0.8,0.45,P2,Team_C,Medium,P2
2662,Low,0.3,0.1,4,0.67,0.79,0.49,P3,Team_A,Low,P3
2663,Medium,0.6,0.2,2,0.81,0.69,0.41,P2,Team_A,Medium,P2
2664,Low,0.3,0.76,4,0.55,0.88,0.91,P2,Team_A,Medium,P2
2665,Medium,0.6,0.49,3,0.72,0.35,0.81,P2,Team_A,Medium,P2
2666,Medium,0.6,0.9,4,0.68,0.75,0.9,P2,Team_C,Medium,P2
2667,Low,0.3,0.5,2,0.56,0.83,0.64,P2,Team_B,Medium,P2
2668,High,0.9,0.81,4,0.59,0.8,0.44,P1,Team_B,High,P1
2669,Low,0.3,0.42,1,0.84,0.57,0.68,P2,Team_B,Medium,P2
2670,High,0.9,0.27,2,0.81,0.25,0.69,P2,Team_B,Medium,P2
2671,Medium,0.6,0.64,3,0.79,0.43,0.55,P2,Team_A,Medium,P2
2672,Medium,0.6,0.58,4,0.5,0.81,0.43,P2,Team_C,Medium,P2
2673,Low,0.3,0.67,2,0.81,0.79,0.7,P2,Team_C,Medium,P2
2674,Low,0.3,0.91,2,0.69,0.71,0.67,P2,Team_C,Medium,P2
2675,Low,0.3,0.66,4,0.87,0.52,0.93,P2,Team_C,Medium,P2
2676,Low,0.3,0.74,2,0.59,0.83,0.84,P2,Team_A,Medium,P2
2677,High,0.9,0.31,1,0.81,0.31,0.8,P2,Team_B,Medium,P2
2678,Low,0.3,0.36,1,0.62,0.56,0.48,P3,Team_A,Low,P3
2679,Medium,0.6,0.49,3,0.79,0.48,0.81,P2,Team_A,Medium,P2
2680,Medium,0.6,0.74,4,0.77,0.96,0.92,P2,Team_C,Medium,P2
2681,Low,0.3,0.92,2,0.79,0.79,0.38,P2,Team_B,Medium,P2
2682,Medium,0.6,0.27,4,0.7,0.55,0.51,P2,Team_A,Medium,P2
2683,Low,0.3,0.54,3,0.89,0.85,0.62,P2,Team_C,Medium,P2
2684,Low,0.3,0.38,4,0.97,0.74,0.44,P3,Team_A,Low,P3
2685,Medium,0.6,0.43,4,0.57,0.95,0.85,P2,Team_B,Medium,P2
2686,Low,0.3,0.85,1,0.74,0.56,0.5,P2,Team_B,Medium,P2
2687,Medium,0.6,0.51,1,0.53,0.7,0.77,P2,Team_C,Medium,P2
2688,Low,0.3,0.79,1,0.85,0.84,0.41,P2,Team_B,Medium,P2
2689,Low,0.3,0.71,2,0.7,0.53,0.47,P2,Team_B,Medium,P2
2690,Low,0.3,0.44,3,0.72,0.95,0.34,P2,Team_C,Medium,P2
2691,High,0.9,0.42,4,0.6,0.89,0.68,P2,Team_A,Medium,P2
2692,High,0.9,0.84,1,0.66,0.65,0.71,P1,Team_C,High,P1
2693,Medium,0.6,0.47,2,0.75,0.52,0.8,P2,Team_A,Medium,P2
2694,Medium,0.6,0.61,4,0.63,0.55,0.51,P2,Team_C,Medium,P2
2695,Medium,0.6,0.38,3,0.54,0.42,0.59,P2,Team_B,Medium,P2
2696,Medium,0.6,0.53,3,0.68,0.72,0.68,P2,Team_C,Medium,P2
2697,Medium,0.6,0.81,1,0.85,0.94,0.56,P2,Team_C,Medium,P2
2698,Medium,0.6,0.66,2,0.8,0.38,0.92,P2,Team_B,Medium,P2
2699,Medium,0.6,0.37,2,0.86,0.88,0.96,P2,Team_A,Medium,P2
2700,Low,0.3,0.29,4,0.93,0.42,0.52,P3,Team_A,Low,P3
2701,High,0.9,0.14,1,0.69,0.44,0.64,P2,Team_C,Medium,P2
2702,Low,0.3,0.71,2,0.55,0.69,0.6,P2,Team_A,Medium,P2
2703,Medium,0.6,0.38,4,0.7,0.93,0.45,P2,Team_A,Medium,P2
2704,High,0.9,0.29,1,0.82,0.13,0.72,P2,Team_C,Medium,P2
2705,High,0.9,0.09,4,0.39,0.61,0.84,P2,Team_A,Medium,P2
2706,High,0.9,0.85,4,0.79,0.67,0.55,P1,Team_A,High,P1
2707,Low,0.3,0.64,1,0.58,0.86,0.91,P2,Team_B,Medium,P2
2708,Medium,0.6,0.5,4,0.89,0.72,0.33,P2,Team_B,Medium,P2
2709,Low,0.3,0.14,1,0.64,0.41,0.78,P3,Team_C,Low,P3
2710,Medium,0.6,0.21,2,0.85,0.82,0.72,P2,Team_C,Medium,P2
2711,Low,0.3,0.54,4,0.51,0.51,0.63,P2,Team_C,Medium,P2
2712,Low,0.3,0.54,2,0.74,0.74,0.69,P2,Team_B,Medium,P2
2713,High,0.9,0.88,2,0.83,0.94,0.84,P1,Team_A,High,P1
2714,High,0.9,0.6,1,0.58,0.88,0.94,P2,Team_A,Medium,P2
2715,Medium,0.6,0.79,2,0.56,0.35,1.0,P2,Team_B,Medium,P2
2716,Low,0.3,0.34,2,0.74,0.76,0.37,P3,Team_B,Low,P3
2717,Low,0.3,0.15,3,0.85,0.7,0.82,P3,Team_A,Low,P3
2718,Low,0.3,0.17,2,0.77,0.61,0.31,P3,Team_A,Low,P3
2719,Low,0.3,0.15,4,0.85,0.84,1.0,P3,Team_B,Low,P3
2720,High,0.9,0.66,2,0.91,0.61,0.31,P1,Team_C,High,P1
2721,Low,0.3,0.21,4,0.68,0.46,0.47,P3,Team_A,Low,P3
2722,Low,0.3,0.38,1,0.89,0.52,0.99,P3,Team_C,Low,P3
2723,High,0.9,0.6,2,0.86,0.51,0.31,P2,Team_A,Medium,P2
2724,Medium,0.6,0.37,1,0.47,0.8,0.53,P2,Team_A,Medium,P2
2725,Medium,0.6,0.82,3,0.95,0.84,0.71,P2,Team_C,Medium,P2
2726,Medium,0.6,0.78,2,0.83,0.19,0.34,P2,Team_A,Medium,P2
2727,Low,0.3,0.48,4,0.92,0.11,0.73,P2,Team_A,Medium,P2
2728,Medium,0.6,0.59,1,0.79,0.49,0.82,P2,Team_C,Medium,P2
2729,Low,0.3,0.78,1,0.48,0.8,0.63,P2,Team_A,Medium,P2
2730,Medium,0.6,0.61,2,0.69,0.59,0.56,P2,Team_C,Medium,P2
2731,Low,0.3,0.53,2,0.45,0.66,0.66,P2,Team_B,Medium,P2
2732,Low,0.3,0.43,4,0.82,0.65,0.35,P2,Team_B,Medium,P2
2733,High,0.9,0.73,1,0.8,0.92,0.5,P1,Team_B,High,P1
2734,High,0.9,0.7,4,0.67,0.68,0.92,P1,Team_C,High,P1
2735,Medium,0.6,0.73,3,0.73,0.94,0.73,P2,Team_A,Medium,P2
2736,Low,0.3,0.27,4,0.92,0.76,0.97,P3,Team_C,Low,P3
2737,Low,0.3,0.52,3,0.93,0.7,0.36,P2,Team_A,Medium,P2
2738,Low,0.3,0.89,2,0.92,0.74,0.76,P2,Team_B,Medium,P2
2739,Medium,0.6,0.79,1,0.84,0.84,0.65,P2,Team_C,Medium,P2
2740,High,0.9,0.34,2,0.59,0.72,0.56,P2,Team_C,Medium,P2
2741,Medium,0.6,0.81,3,0.45,0.59,0.53,P2,Team_A,Medium,P2
2742,Low,0.3,0.57,1,0.73,0.82,0.69,P2,Team_C,Medium,P2
2743,Low,0.3,0.07,4,0.91,0.63,0.47,P3,Team_C,Low,P3
2744,Low,0.3,0.43,4,0.86,0.68,0.61,P2,Team_A,Medium,P2
2745,High,0.9,0.02,2,0.75,0.68,0.53,P2,Team_C,Medium,P2
2746,Medium,0.6,0.77,3,0.9,0.37,0.36,P2,Team_B,Medium,P2
2747,Low,0.3,0.26,1,0.56,0.55,0.31,P3,Team_C,Low,P3
2748,Low,0.3,0.46,2,0.9,0.69,0.87,P2,Team_C,Medium,P2
2749,High,0.9,0.39,2,0.54,0.7,0.37,P2,Team_B,Medium,P2
2750,Low,0.3,0.67,2,0.69,0.57,0.59,P2,Team_A,Medium,P2
2751,Medium,0.6,0.65,1,0.87,0.98,0.73,P2,Team_A,Medium,P2
2752,Medium,0.6,0.49,1,0.5,0.31,0.79,P2,Team_B,Medium,P2
2753,Medium,0.6,0.57,2,0.92,0.74,0.87,P2,Team_B,Medium,P2
2754,High,0.9,0.9,3,0.51,0.7,0.4,P1,Team_B,High,P1
2755,Medium,0.6,0.23,1,0.61,0.61,0.66,P2,Team_B,Medium,P2
2756,Low,0.3,0.65,3,0.53,0.82,0.52,P2,Team_A,Medium,P2
2757,Medium,0.6,0.41,3,0.88,0.6,0.55,P2,Team_B,Medium,P2
2758,High,0.9,0.49,3,0.55,0.79,0.33,P2,Team_B,Medium,P2
2759,Medium,0.6,0.24,4,0.34,0.94,0.7,P2,Team_B,Medium,P2
2760,Low,0.3,0.54,2,0.4,0.41,0.83,P2,Team_C,Medium,P2
2761,Low,0.3,0.51,1,0.73,0.53,0.41,P2,Team_A,Medium,P2
2762,Low,0.3,0.48,1,0.77,0.88,0.85,P2,Team_A,Medium,P2
2763,Low,0.3,0.57,4,0.62,0.26,0.67,P2,Team_B,Medium,P2
2764,Medium,0.6,0.8,4,0.51,0.29,0.68,P2,Team_B,Medium,P2
2765,Low,0.3,0.42,2,0.82,0.67,0.93,P2,Team_C,Medium,P2
2766,Low,0.3,0.01,1,0.51,0.89,0.42,P3,Team_A,Low,P3
2767,Low,0.3,0.48,4,0.82,0.57,0.82,P2,Team_C,Medium,P2
2768,Low,0.3,0.57,2,0.48,0.52,0.53,P2,Team_B,Medium,P2
2769,Medium,0.6,0.3,2,0.62,0.56,0.47,P2,Team_B,Medium,P2
2770,Medium,0.6,0.91,4,0.59,0.82,0.63,P2,Team_B,Medium,P2
2771,High,0.9,0.62,2,0.81,0.68,0.38,P1,Team_B,High,P1
2772,Medium,0.6,0.39,2,0.31,0.62,0.85,P2,Team_B,Medium,P2
2773,Low,0.3,0.43,1,0.79,0.76,0.98,P2,Team_A,Medium,P2
2774,Low,0.3,0.76,4,0.67,0.74,0.58,P2,Team_B,Medium,P2
2775,High,0.9,0.75,3,0.44,0.65,0.83,P1,Team_A,High,P1
2776,Medium,0.6,0.32,4,0.85,0.69,0.39,P2,Team_A,Medium,P2
2777,Medium,0.6,0.5,1,0.7,0.69,0.46,P2,Team_A,Medium,P2
2778,Low,0.3,0.8,2,0.84,0.82,0.47,P2,Team_B,Medium,P2
2779,High,0.9,0.35,2,0.72,0.86,0.99,P2,Team_A,Medium,P2
2780,Low,0.3,0.18,3,0.87,0.46,0.43,P3,Team_A,Low,P3
2781,Medium,0.6,0.48,4,0.77,0.54,0.85,P2,Team_C,Medium,P2
2782,High,0.9,0.38,2,0.96,0.76,0.69,P2,Team_A,Medium,P2
2783,Medium,0.6,0.68,1,0.78,0.77,0.72,P2,Team_C,Medium,P2
2784,High,0.9,0.79,1,0.71,0.72,0.44,P1,Team_B,High,P1
2785,High,0.9,0.85,2,0.84,0.74,0.83,P1,Team_A,High,P1
2786,Low,0.3,0.72,2,0.6,0.35,0.39,P2,Team_B,Medium,P2
2787,Medium,0.6,0.73,3,0.6,0.52,0.9,P2,Team_C,Medium,P2
2788,Low,0.3,0.34,2,0.73,0.65,0.64,P3,Team_C,Low,P3
2789,Medium,0.6,0.27,3,0.7,0.47,0.55,P2,Team_B,Medium,P2
2790,Medium,0.6,0.36,4,0.8,0.63,0.79,P2,Team_C,Medium,P2
2791,Low,0.3,0.48,1,0.68,0.56,0.45,P2,Team_C,Medium,P2
2792,Low,0.3,0.25,4,0.77,0.55,0.59,P3,Team_A,Low,P3
2793,Medium,0.6,0.42,3,0.86,0.87,0.79,P2,Team_A,Medium,P2
2794,Medium,0.6,0.26,3,0.88,0.89,0.92,P2,Team_C,Medium,P2
2795,Medium,0.6,0.72,3,0.76,0.92,0.54,P2,Team_B,Medium,P2
2796,Medium,0.6,0.35,2,0.82,0.7,0.36,P2,Team_A,Medium,P2
2797,Medium,0.6,0.64,3,0.69,0.83,0.71,P2,Team_A,Medium,P2
2798,Low,0.3,0.67,3,0.69,0.76,0.63,P2,Team_A,Medium,P2
2799,Medium,0.6,0.73,2,0.87,0.79,0.99,P2,Team_C,Medium,P2
2800,Medium,0.6,0.69,4,0.79,0.71,0.97,P2,Team_A,Medium,P2
2801,High,0.9,0.59,3,0.89,0.71,0.4,P2,Team_A,Medium,P2
2802,Medium,0.6,0.7,2,0.58,0.92,0.37,P2,Team_C,Medium,P2
2803,Low,0.3,0.34,3,0.82,0.36,0.68,P3,Team_A,Low,P3
2804,High,0.9,0.51,4,0.45,0.76,0.75,P2,Team_B,Medium,P2
2805,Medium,0.6,0.56,2,0.45,0.43,0.75,P2,Team_C,Medium,P2
2806,Low,0.3,0.64,3,0.77,0.45,0.76,P2,Team_A,Medium,P2
2807,Low,0.3,0.24,2,0.77,0.65,0.7,P3,Team_A,Low,P3
2808,Medium,0.6,0.22,4,0.39,0.68,0.86,P2,Team_A,Medium,P2
2809,Low,0.3,0.52,1,0.95,0.51,0.3,P2,Team_C,Medium,P2
2810,High,0.9,0.81,3,0.46,0.93,0.31,P1,Team_C,High,P1
2811,Medium,0.6,0.2,1,0.88,0.83,0.97,P2,Team_A,Medium,P2
2812,High,0.9,0.86,1,0.79,0.87,0.54,P1,Team_B,High,P1
2813,High,0.9,0.5,3,0.84,0.53,0.5,P2,Team_C,Medium,P2
2814,Low,0.3,0.61,4,0.9,0.77,0.46,P2,Team_A,Medium,P2
2815,Medium,0.6,0.59,3,0.64,0.76,0.87,P2,Team_A,Medium,P2
2816,Medium,0.6,0.68,1,0.77,0.67,0.53,P2,Team_A,Medium,P2
2817,Medium,0.6,0.89,3,0.69,0.64,0.51,P2,Team_A,Medium,P2
2818,Low,0.3,0.94,2,0.33,0.69,0.5,P2,Team_A,Medium,P2
2819,Low,0.3,0.29,2,0.86,0.52,0.89,P3,Team_A,Low,P3
2820,High,0.9,0.61,3,0.72,0.08,0.5,P1,Team_B,High,P1
2821,Low,0.3,0.46,2,0.79,0.9,0.57,P2,Team_A,Medium,P2
2822,Low,0.3,0.66,3,0.68,0.65,0.64,P2,Team_B,Medium,P2
2823,High,0.9,0.38,4,0.85,0.7,0.38,P2,Team_C,Medium,P2
2824,Low,0.3,0.78,1,0.75,0.53,0.6,P2,Team_C,Medium,P2
2825,Low,0.3,0.89,1,0.62,0.92,0.85,P2,Team_A,Medium,P2
2826,Medium,0.6,0.47,3,0.53,0.4,0.95,P2,Team_B,Medium,P2
2827,Medium,0.6,0.24,1,0.43,0.79,0.49,P2,Team_B,Medium,P2
2828,Low,0.3,0.2,1,0.79,0.57,0.34,P3,Team_C,Low,P3
2829,High,0.9,0.49,1,0.55,0.77,0.73,P2,Team_B,Medium,P2
2830,Medium,0.6,0.74,2,0.89,0.55,0.33,P2,Team_B,Medium,P2
2831,Medium,0.6,0.84,4,0.81,0.89,0.55,P2,Team_B,Medium,P2
2832,Medium,0.6,0.69,3,0.89,0.66,0.47,P2,Team_B,Medium,P2
2833,Low,0.3,0.31,2,0.83,0.69,0.73,P3,Team_C,Low,P3
2834,Medium,0.6,0.85,2,0.6,0.78,0.44,P2,Team_A,Medium,P2
2835,High,0.9,0.26,2,0.76,0.95,0.51,P2,Team_C,Medium,P2
2836,Medium,0.6,0.87,2,0.64,0.81,0.35,P2,Team_A,Medium,P2
2837,High,0.9,0.61,4,0.93,0.93,0.84,P1,Team_C,High,P1
2838,Medium,0.6,0.16,4,0.43,0.66,0.87,P2,Team_B,Medium,P2
2839,High,0.9,0.6,3,0.67,0.81,1.0,P2,Team_A,Medium,P2
2840,Medium,0.6,0.36,4,0.58,0.56,0.56,P2,Team_C,Medium,P2
2841,Low,0.3,0.83,2,0.95,0.67,0.74,P2,Team_B,Medium,P2
2842,Low,0.3,0.23,1,0.65,0.78,0.39,P3,Team_B,Low,P3
2843,High,0.9,0.77,1,0.79,0.56,0.94,P1,Team_C,High,P1
2844,Low,0.3,0.38,3,0.54,0.81,0.52,P3,Team_C,Low,P3
2845,Medium,0.6,0.18,2,0.72,0.77,0.7,P2,Team_A,Medium,P2
2846,Medium,0.6,0.79,2,0.84,0.91,0.52,P2,Team_B,Medium,P2
2847,Medium,0.6,0.75,4,0.8,0.7,0.94,P2,Team_A,Medium,P2
2848,Low,0.3,0.57,3,0.73,0.85,0.76,P2,Team_A,Medium,P2
2849,High,0.9,0.67,3,0.79,0.48,0.62,P1,Team_C,High,P1
2850,Low,0.3,0.8,3,0.88,0.66,0.47,P2,Team_B,Medium,P2
2851,Low,0.3,0.88,2,0.61,0.59,0.82,P2,Team_C,Medium,P2
2852,Low,0.3,0.43,2,0.65,0.95,0.68,P2,Team_B,Medium,P2
2853,Low,0.3,0.48,4,0.5,0.84,0.56,P2,Team_B,Medium,P2
2854,Medium,0.6,0.74,4,0.98,0.43,0.47,P2,Team_B,Medium,P2
2855,High,0.9,0.36,4,0.91,0.5,0.36,P2,Team_B,Medium,P2
2856,Medium,0.6,0.34,3,0.5,0.3,0.59,P2,Team_C,Medium,P2
2857,High,0.9,0.21,4,0.86,0.84,0.44,P2,Team_B,Medium,P2
2858,Low,0.3,0.26,3,0.68,0.26,0.3,P3,Team_A,Low,P3
2859,High,0.9,0.8,4,0.68,0.62,0.35,P1,Team_B,High,P1
2860,High,0.9,0.33,3,0.91,0.6,0.42,P2,Team_B,Medium,P2
2861,Low,0.3,0.24,4,0.86,0.49,0.49,P3,Team_B,Low,P3
2862,High,0.9,0.26,3,0.63,0.62,0.88,P2,Team_C,Medium,P2
2863,High,0.9,0.56,4,0.91,0.73,0.92,P2,Team_B,Medium,P2
2864,Low,0.3,0.64,2,0.72,0.69,0.54,P2,Team_A,Medium,P2
2865,Medium,0.6,0.79,3,0.67,0.85,0.74,P2,Team_C,Medium,P2
2866,Medium,0.6,0.56,1,0.87,0.74,0.41,P2,Team_B,Medium,P2
2867,Medium,0.6,0.39,1,0.91,0.78,0.52,P2,Team_A,Medium,P2
2868,High,0.9,0.61,2,0.7,0.49,0.62,P1,Team_B,High,P1
2869,Low,0.3,0.2,4,0.81,0.73,0.85,P3,Team_C,Low,P3
2870,Medium,0.6,0.27,4,0.6,0.87,0.92,P2,Team_B,Medium,P2
2871,High,0.9,0.07,2,0.82,0.9,0.8,P2,Team_C,Medium,P2
2872,High,0.9,0.3,2,0.92,0.64,0.72,P2,Team_B,Medium,P2
2873,Low,0.3,0.11,1,0.4,0.4,0.44,P3,Team_A,Low,P3
2874,Medium,0.6,0.83,1,0.74,0.63,0.54,P2,Team_B,Medium,P2
2875,Low,0.3,0.33,3,0.86,0.67,0.96,P3,Team_C,Low,P3
2876,Low,0.3,0.49,4,0.69,0.78,0.44,P2,Team_C,Medium,P2
2877,Medium,0.6,0.84,1,0.53,0.93,0.39,P2,Team_A,Medium,P2
2878,Low,0.3,0.63,4,0.58,0.3,0.33,P2,Team_C,Medium,P2
2879,High,0.9,0.46,3,0.36,0.81,0.37,P2,Team_B,Medium,P2
2880,Low,0.3,0.77,4,0.82,0.87,0.43,P2,Team_A,Medium,P2
2881,High,0.9,0.49,1,0.69,0.63,0.66,P2,Team_A,Medium,P2
2882,Medium,0.6,0.01,4,0.93,0.19,0.72,P2,Team_B,Medium,P2
2883,High,0.9,0.43,4,0.5,0.91,0.47,P2,Team_B,Medium,P2
2884,Low,0.3,0.54,2,0.65,0.89,0.45,P2,Team_A,Medium,P2
2885,Medium,0.6,0.41,3,0.8,0.49,0.77,P2,Team_C,Medium,P2
2886,Low,0.3,0.38,1,0.7,0.44,0.37,P3,Team_B,Low,P3
2887,Medium,0.6,0.39,2,0.76,0.36,0.64,P2,Team_C,Medium,P2
2888,Low,0.3,0.39,2,0.61,0.65,0.64,P3,Team_A,Low,P3
2889,High,0.9,0.25,2,0.94,0.49,0.5,P2,Team_A,Medium,P2
2890,High,0.9,0.59,2,0.89,0.64,0.56,P2,Team_A,Medium,P2
2891,Medium,0.6,0.03,4,0.55,0.76,0.93,P2,Team_B,Medium,P2
2892,Low,0.3,0.12,3,0.64,0.73,0.6,P3,Team_A,Low,P3
2893,High,0.9,0.7,1,0.82,0.52,0.92,P1,Team_B,High,P1
2894,Medium,0.6,0.83,4,0.84,0.77,0.48,P2,Team_A,Medium,P2
2895,Medium,0.6,0.24,1,0.67,0.51,0.75,P2,Team_A,Medium,P2
2896,High,0.9,0.56,3,0.54,0.46,0.8,P2,Team_B,Medium,P2
2897,Low,0.3,0.33,2,0.52,0.55,0.58,P3,Team_A,Low,P3
2898,Low,0.3,0.38,4,0.86,0.81,0.3,P3,Team_C,Low,P3
2899,Medium,0.6,0.61,1,0.69,0.91,0.82,P2,Team_C,Medium,P2
2900,Medium,0.6,0.71,1,0.71,0.5,0.5,P2,Team_C,Medium,P2
2901,Medium,0.6,0.12,1,0.69,0.61,0.75,P2,Team_C,Medium,P2
2902,Low,0.3,0.27,4,0.89,0.88,0.8,P3,Team_A,Low,P3
2903,High,0.9,0.78,2,0.76,0.81,0.77,P1,Team_B,High,P1
2904,High,0.9,0.77,4,0.61,0.69,0.72,P1,Team_B,High,P1
2905,Low,0.3,0.79,1,0.62,0.8,0.48,P2,Team_C,Medium,P2
2906,High,0.9,0.28,2,0.55,0.97,0.8,P2,Team_B,Medium,P2
2907,Low,0.3,0.53,3,0.68,0.65,0.54,P2,Team_A,Medium,P2
2908,Medium,0.6,0.42,4,0.58,0.57,0.88,P2,Team_A,Medium,P2
2909,Low,0.3,0.11,1,0.92,0.56,0.53,P3,Team_C,Low,P3
2910,Low,0.3,0.39,4,0.89,0.61,0.7,P3,Team_A,Low,P3
2911,Medium,0.6,0.09,3,0.58,0.43,0.62,P2,Team_C,Medium,P2
2912,High,0.9,0.71,3,0.73,0.64,0.69,P1,Team_B,High,P1
2913,Low,0.3,0.66,3,0.35,0.91,0.6,P2,Team_A,Medium,P2
2914,Low,0.3,0.34,3,0.83,0.48,0.32,P3,Team_C,Low,P3
2915,Low,0.3,0.48,3,0.92,0.7,0.8,P2,Team_A,Medium,P2
2916,High,0.9,0.14,1,0.97,0.72,0.49,P2,Team_A,Medium,P2
2917,Medium,0.6,0.74,3,0.41,0.76,0.84,P2,Team_B,Medium,P2
2918,Low,0.3,0.51,2,0.84,0.87,0.82,P2,Team_C,Medium,P2
2919,High,0.9,0.62,2,0.86,0.64,0.99,P1,Team_C,High,P1
2920,High,0.9,0.25,1,0.77,0.56,0.84,P2,Team_C,Medium,P2
2921,High,0.9,0.45,4,0.84,0.87,0.57,P2,Team_B,Medium,P2
2922,Medium,0.6,0.96,2,0.44,0.8,0.73,P2,Team_C,Medium,P2
2923,Medium,0.6,0.55,4,0.9,0.61,0.91,P2,Team_B,Medium,P2
2924,Medium,0.6,0.08,2,0.62,0.87,0.38,P2,Team_C,Medium,P2
2925,High,0.9,0.39,1,0.89,0.36,0.89,P2,Team_B,Medium,P2
2926,Medium,0.6,0.44,4,0.82,0.87,0.9,P2,Team_C,Medium,P2
2927,Medium,0.6,0.16,1,0.89,0.89,0.64,P2,Team_B,Medium,P2
2928,Medium,0.6,0.77,2,0.93,0.55,0.53,P2,Team_C,Medium,P2
2929,Medium,0.6,0.5,1,0.78,0.76,0.51,P2,Team_B,Medium,P2
2930,Medium,0.6,0.6,2,0.56,0.34,0.77,P2,Team_C,Medium,P2
2931,Low,0.3,0.34,3,0.69,0.96,0.9,P3,Team_B,Low,P3
2932,Low,0.3,0.43,3,0.76,0.62,0.63,P2,Team_C,Medium,P2
2933,Low,0.3,0.8,2,0.75,0.75,0.59,P2,Team_A,Medium,P2
2934,Medium,0.6,0.96,3,0.77,0.79,0.66,P2,Team_C,Medium,P2
2935,Low,0.3,0.77,2,0.37,0.6,0.98,P2,Team_C,Medium,P2
2936,Medium,0.6,0.86,3,0.71,0.8,0.82,P2,Team_B,Medium,P2
2937,Low,0.3,0.95,2,0.72,0.59,0.43,P2,Team_B,Medium,P2
2938,Low,0.3,0.21,4,0.62,0.67,0.75,P3,Team_B,Low,P3
2939,Medium,0.6,0.52,1,0.86,0.9,0.65,P2,Team_A,Medium,P2
2940,Low,0.3,0.79,2,0.78,0.78,0.58,P2,Team_A,Medium,P2
2941,High,0.9,0.44,2,0.78,0.4,0.33,P2,Team_A,Medium,P2
2942,Low,0.3,0.7,3,0.84,0.94,0.66,P2,Team_B,Medium,P2
2943,Medium,0.6,0.72,4,0.55,0.95,0.67,P2,Team_A,Medium,P2
2944,Medium,0.6,0.03,3,0.68,0.35,0.39,P2,Team_A,Medium,P2
2945,Medium,0.6,0.36,3,0.64,0.76,0.36,P2,Team_C,Medium,P2
2946,Low,0.3,0.54,1,0.7,0.65,0.76,P2,Team_B,Medium,P2
2947,Medium,0.6,0.37,2,0.42,0.8,0.54,P2,Team_C,Medium,P2
2948,High,0.9,0.6,1,0.19,0.44,0.47,P2,Team_B,Medium,P2
2949,Medium,0.6,0.76,2,0.8,0.51,0.95,P2,Team_C,Medium,P2
2950,Medium,0.6,0.44,4,0.86,0.47,0.93,P2,Team_B,Medium,P2
2951,Low,0.3,0.89,4,0.9,0.55,0.79,P2,Team_A,Medium,P2
2952,High,0.9,0.88,4,0.79,0.81,0.43,P1,Team_B,High,P1
2953,Medium,0.6,0.37,4,0.5,0.45,0.64,P2,Team_B,Medium,P2
2954,Low,0.3,0.57,2,0.8,0.82,0.91,P2,Team_B,Medium,P2
2955,Low,0.3,0.42,3,0.67,0.84,0.79,P2,Team_C,Medium,P2
2956,Low,0.3,0.97,4,0.91,0.82,0.89,P2,Team_C,Medium,P2
2957,High,0.9,0.14,1,0.76,0.42,0.72,P2,Team_C,Medium,P2
2958,Low,0.3,0.07,1,0.85,0.47,0.89,P3,Team_C,Low,P3
2959,Low,0.3,0.23,3,0.9,0.95,0.48,P3,Team_B,Low,P3
2960,Low,0.3,0.14,3,0.82,0.8,0.9,P3,Team_C,Low,P3
2961,Low,0.3,0.18,3,0.72,0.8,0.3,P3,Team_A,Low,P3
2962,Medium,0.6,0.52,4,0.6,0.78,0.9,P2,Team_A,Medium,P2
2963,Low,0.3,0.25,3,0.75,0.59,0.78,P3,Team_B,Low,P3
2964,Medium,0.6,0.76,3,0.78,0.3,0.74,P2,Team_B,Medium,P2
2965,Low,0.3,0.86,2,0.71,0.45,0.83,P2,Team_B,Medium,P2
2966,Medium,0.6,0.85,2,0.61,0.67,0.65,P2,Team_A,Medium,P2
2967,High,0.9,0.52,4,0.78,0.82,0.44,P2,Team_B,Medium,P2
2968,Low,0.3,0.44,1,0.75,0.6,0.99,P2,Team_C,Medium,P2
2969,Low,0.3,0.48,4,0.68,0.85,0.44,P2,Team_C,Medium,P2
2970,High,0.9,0.51,2,0.78,0.75,0.88,P2,Team_B,Medium,P2
2971,Low,0.3,0.36,2,0.46,0.55,0.8,P3,Team_B,Low,P3
2972,Low,0.3,0.6,1,0.87,0.81,0.73,P2,Team_A,Medium,P2
2973,Medium,0.6,0.63,3,0.68,0.73,0.78,P2,Team_A,Medium,P2
2974,Medium,0.6,0.43,4,0.65,0.88,0.88,P2,Team_A,Medium,P2
2975,High,0.9,0.54,4,0.56,0.83,0.39,P2,Team_C,Medium,P2
2976,Medium,0.6,0.75,4,0.82,0.65,0.94,P2,Team_C,Medium,P2
2977,Medium,0.6,0.34,2,0.47,0.57,0.56,P2,Team_A,Medium,P2
2978,Low,0.3,0.62,2,0.68,0.92,0.48,P2,Team_C,Medium,P2
2979,Medium,0.6,0.42,2,0.72,0.74,0.86,P2,Team_B,Medium,P2
2980,Medium,0.6,0.64,1,0.56,0.8,0.84,P2,Team_C,Medium,P2
2981,Medium,0.6,0.74,1,0.55,0.59,0.62,P2,Team_C,Medium,P2
2982,High,0.9,0.49,4,0.7,0.72,0.76,P2,Team_A,Medium,P2
2983,Low,0.3,0.32,3,0.79,0.34,0.64,P3,Team_B,Low,P3
2984,High,0.9,0.18,4,0.5,0.71,0.96,P2,Team_B,Medium,P2
2985,Medium,0.6,0.76,2,0.85,0.95,0.95,P2,Team_B,Medium,P2
2986,High,0.9,0.19,4,0.8,0.7,0.52,P2,Team_C,Medium,P2
2987,Medium,0.6,0.42,4,0.46,0.7,0.75,P2,Team_C,Medium,P2
2988,Medium,0.6,0.18,2,0.96,0.85,0.32,P2,Team_B,Medium,P2
2989,High,0.9,0.63,2,0.38,0.61,0.54,P1,Team_C,High,P1
2990,High,0.9,0.49,1,0.94,0.73,0.67,P2,Team_A,Medium,P2
2991,Low,0.3,0.5,4,0.8,0.67,0.53,P2,Team_B,Medium,P2
2992,Medium,0.6,0.56,2,0.87,0.81,0.96,P2,Team_A,Medium,P2
2993,Low,0.3,0.2,4,0.52,0.88,0.88,P3,Team_B,Low,P3
2994,Low,0.3,0.44,1,0.61,0.83,0.67,P2,Team_B,Medium,P2
2995,High,0.9,0.73,1,0.96,0.72,0.47,P1,Team_A,High,P1
2996,High,0.9,0.84,3,0.84,0.71,0.44,P1,Team_A,High,P1
2997,Medium,0.6,0.71,4,0.69,0.68,0.93,P2,Team_A,Medium,P2
2998,High,0.9,0.55,3,0.51,0.64,0.63,P2,Team_C,Medium,P2
2999,High,0.9,0.43,1,0.36,0.44,0.82,P2,Team_C,Medium,P2
3000,Medium,0.6,0.4,3,0.64,0.61,0.71,P2,Team_A,Medium,P2
3001,Low,0.3,0.57,2,0.64,0.4,0.7,P2,Team_A,Medium,P2
3002,Medium,0.6,0.35,3,0.56,0.62,0.62,P2,Team_B,Medium,P2
3003,Low,0.3,0.41,2,0.92,0.82,0.97,P2,Team_A,Medium,P2
3004,High,0.9,0.59,2,0.5,0.6,0.83,P2,Team_A,Medium,P2
3005,Low,0.3,0.23,4,0.66,0.73,0.72,P3,Team_C,Low,P3
3006,Medium,0.6,0.4,1,0.35,0.64,0.88,P2,Team_A,Medium,P2
3007,High,0.9,0.46,4,0.89,0.86,0.31,P2,Team_A,Medium,P2
3008,Low,0.3,0.44,4,0.52,0.67,0.45,P2,Team_B,Medium,P2
3009,Medium,0.6,0.41,1,0.71,0.67,0.56,P2,Team_A,Medium,P2
3010,Medium,0.6,0.77,4,0.79,0.68,0.78,P2,Team_C,Medium,P2
3011,Medium,0.6,0.22,3,0.39,0.46,0.55,P2,Team_B,Medium,P2
3012,High,0.9,0.93,2,0.62,0.65,0.68,P1,Team_C,High,P1
3013,Low,0.3,0.7,1,0.59,0.72,0.5,P2,Team_B,Medium,P2
3014,Medium,0.6,0.45,3,0.81,0.93,0.39,P2,Team_A,Medium,P2
3015,High,0.9,0.17,4,0.82,0.75,0.47,P2,Team_B,Medium,P2
3016,High,0.9,0.29,2,0.79,0.53,0.57,P2,Team_B,Medium,P2
3017,Low,0.3,0.53,4,0.52,0.76,0.34,P2,Team_B,Medium,P2
3018,Medium,0.6,0.17,1,0.83,0.96,0.41,P2,Team_A,Medium,P2
3019,Medium,0.6,0.27,1,0.91,0.54,0.71,P2,Team_C,Medium,P2
3020,Medium,0.6,0.56,1,0.72,0.94,0.36,P2,Team_B,Medium,P2
3021,High,0.9,0.44,3,0.62,0.65,0.86,P2,Team_B,Medium,P2
3022,Low,0.3,0.84,4,0.37,0.54,0.37,P2,Team_A,Medium,P2
3023,Low,0.3,0.2,1,0.8,0.76,0.69,P3,Team_B,Low,P3
3024,Medium,0.6,0.73,3,0.77,0.54,0.69,P2,Team_A,Medium,P2
3025,High,0.9,0.58,3,0.84,0.3,0.6,P2,Team_C,Medium,P2
3026,High,0.9,0.93,4,0.54,0.91,0.71,P1,Team_B,High,P1
3027,Low,0.3,0.07,4,0.66,0.57,0.75,P3,Team_B,Low,P3
3028,Medium,0.6,0.59,4,0.61,0.88,0.82,P2,Team_C,Medium,P2
3029,Medium,0.6,0.86,1,0.65,0.63,0.69,P2,Team_B,Medium,P2
3030,Low,0.3,0.12,3,0.72,0.76,0.82,P3,Team_A,Low,P3
3031,Low,0.3,0.62,4,0.74,0.85,0.74,P2,Team_C,Medium,P2
3032,Medium,0.6,0.24,3,0.86,0.79,0.91,P2,Team_A,Medium,P2
3033,Low,0.3,0.36,4,0.54,0.28,0.85,P3,Team_C,Low,P3
3034,Medium,0.6,0.09,1,0.93,0.69,0.76,P2,Team_B,Medium,P2
3035,High,0.9,0.41,4,0.81,0.47,0.35,P2,Team_A,Medium,P2
3036,High,0.9,0.68,1,0.6,0.49,0.85,P1,Team_B,High,P1
3037,High,0.9,0.22,2,0.61,0.59,0.48,P2,Team_B,Medium,P2
3038,Medium,0.6,0.08,1,0.36,0.63,0.41,P2,Team_A,Medium,P2
3039,High,0.9,0.18,2,0.87,0.74,0.67,P2,Team_A,Medium,P2
3040,Medium,0.6,0.43,2,0.7,0.58,0.44,P2,Team_C,Medium,P2
3041,High,0.9,0.34,2,0.6,0.75,0.33,P2,Team_A,Medium,P2
3042,High,0.9,0.86,2,0.77,0.56,0.66,P1,Team_A,High,P1
3043,High,0.9,0.48,2,0.75,0.7,0.96,P2,Team_C,Medium,P2
3044,High,0.9,0.95,3,0.83,0.67,0.62,P1,Team_B,High,P1
3045,Low,0.3,0.32,1,0.91,0.69,0.99,P3,Team_B,Low,P3
3046,Medium,0.6,0.52,1,0.73,0.62,0.9,P2,Team_B,Medium,P2
3047,Medium,0.6,0.53,2,0.98,0.69,0.66,P2,Team_B,Medium,P2
3048,Medium,0.6,0.26,4,0.79,0.57,0.72,P2,Team_B,Medium,P2
3049,High,0.9,0.66,3,0.58,0.68,0.93,P1,Team_C,High,P1
3050,Medium,0.6,0.75,2,0.84,0.76,0.77,P2,Team_C,Medium,P2
3051,Low,0.3,0.78,1,0.76,0.93,0.88,P2,Team_B,Medium,P2
3052,High,0.9,0.72,3,0.81,0.81,0.91,P1,Team_A,High,P1
3053,High,0.9,0.34,1,0.72,0.6,0.78,P2,Team_C,Medium,P2
3054,Low,0.3,0.28,3,0.87,0.33,0.69,P3,Team_B,Low,P3
3055,Low,0.3,0.57,4,0.48,0.87,0.39,P2,Team_A,Medium,P2
3056,High,0.9,0.55,1,0.8,0.88,0.73,P2,Team_B,Medium,P2
3057,High,0.9,0.68,3,0.73,0.73,0.7,P1,Team_C,High,P1
3058,High,0.9,0.47,3,0.87,0.67,0.38,P2,Team_B,Medium,P2
3059,Low,0.3,0.79,4,0.84,0.37,0.35,P2,Team_B,Medium,P2
3060,Low,0.3,0.61,1,0.81,0.88,0.63,P2,Team_A,Medium,P2
3061,Medium,0.6,0.82,4,0.77,0.5,0.65,P2,Team_B,Medium,P2
3062,High,0.9,0.25,2,0.74,0.48,0.88,P2,Team_A,Medium,P2
3063,Medium,0.6,0.29,3,0.82,0.72,0.38,P2,Team_B,Medium,P2
3064,Low,0.3,0.36,2,0.79,0.85,0.56,P3,Team_B,Low,P3
3065,Low,0.3,0.29,3,0.53,0.85,0.49,P3,Team_B,Low,P3
3066,Low,0.3,0.32,1,0.58,0.73,0.96,P3,Team_A,Low,P3
3067,High,0.9,0.24,4,0.54,0.55,0.58,P2,Team_B,Medium,P2
3068,Low,0.3,0.85,2,0.79,0.37,0.4,P2,Team_C,Medium,P2
3069,Medium,0.6,0.56,3,0.92,0.4,0.47,P2,Team_C,Medium,P2
3070,Low,0.3,0.46,2,0.77,0.36,0.31,P2,Team_B,Medium,P2
3071,High,0.9,0.4,4,0.85,0.77,0.57,P2,Team_A,Medium,P2
3072,Low,0.3,0.27,4,0.78,0.63,0.58,P3,Team_C,Low,P3
3073,Low,0.3,0.47,4,0.66,0.55,0.88,P2,Team_C,Medium,P2
3074,High,0.9,0.72,3,0.6,0.67,0.61,P1,Team_C,High,P1
3075,Low,0.3,0.7,2,0.52,0.95,0.83,P2,Team_A,Medium,P2
3076,Low,0.3,0.8,4,0.55,0.44,0.84,P2,Team_C,Medium,P2
3077,Low,0.3,0.33,3,0.74,0.81,0.8,P3,Team_A,Low,P3
3078,High,0.9,0.1,4,0.67,0.76,0.93,P2,Team_A,Medium,P2
3079,Medium,0.6,0.52,4,0.66,0.47,0.38,P2,Team_A,Medium,P2
3080,High,0.9,0.65,1,0.57,0.69,0.66,P1,Team_B,High,P1
3081,High,0.9,0.69,1,0.73,0.91,0.72,P1,Team_A,High,P1
3082,Medium,0.6,0.43,4,0.35,0.45,0.88,P2,Team_B,Medium,P2
3083,High,0.9,0.67,2,0.86,0.6,0.49,P1,Team_A,High,P1
3084,Low,0.3,0.52,1,0.72,0.57,0.66,P2,Team_B,Medium,P2
3085,Low,0.3,0.5,4,0.96,0.51,0.82,P2,Team_C,Medium,P2
3086,Low,0.3,0.62,1,0.53,0.93,0.88,P2,Team_B,Medium,P2
3087,Low,0.3,0.6,2,0.91,0.5,0.89,P2,Team_B,Medium,P2
3088,Low,0.3,0.27,2,0.85,0.61,0.62,P3,Team_B,Low,P3
3089,Low,0.3,0.66,3,0.45,0.9,0.37,P2,Team_B,Medium,P2
3090,Low,0.3,0.42,4,0.74,0.91,0.81,P2,Team_A,Medium,P2
3091,Low,0.3,0.17,2,0.87,0.7,0.64,P3,Team_B,Low,P3
3092,Low,0.3,0.51,3,0.86,0.9,0.39,P2,Team_C,Medium,P2
3093,High,0.9,0.34,2,0.77,0.22,0.81,P2,Team_B,Medium,P2
3094,Low,0.3,0.81,2,0.68,0.52,0.99,P2,Team_B,Medium,P2
3095,Medium,0.6,0.63,4,0.91,0.45,0.63,P2,Team_C,Medium,P2
3096,Low,0.3,0.7,3,0.33,0.85,0.52,P2,Team_C,Medium,P2
3097,Medium,0.6,0.33,3,0.79,0.88,0.69,P2,Team_A,Medium,P2
3098,Low,0.3,0.59,1,0.48,0.72,0.54,P2,Team_B,Medium,P2
3099,High,0.9,0.54,1,0.78,0.67,0.48,P2,Team_A,Medium,P2
3100,Medium,0.6,0.65,4,0.79,0.38,0.77,P2,Team_B,Medium,P2
3101,Low,0.3,0.18,1,0.61,0.79,0.64,P3,Team_A,Low,P3
3102,Low,0.3,0.39,4,0.52,0.67,0.52,P3,Team_C,Low,P3
3103,High,0.9,0.76,1,0.88,0.81,0.97,P1,Team_A,High,P1
3104,Low,0.3,0.77,4,0.77,0.89,0.56,P2,Team_A,Medium,P2
3105,Medium,0.6,0.6,1,0.66,0.4,0.87,P2,Team_A,Medium,P2
3106,High,0.9,0.76,2,0.47,0.68,0.31,P1,Team_A,High,P1
3107,Medium,0.6,0.66,4,0.61,0.43,0.56,P2,Team_C,Medium,P2
3108,Medium,0.6,0.22,2,0.9,0.74,0.73,P2,Team_C,Medium,P2
3109,Low,0.3,0.64,3,0.66,0.81,0.82,P2,Team_C,Medium,P2
3110,Medium,0.6,0.39,1,0.69,0.59,0.45,P2,Team_C,Medium,P2
3111,Medium,0.6,0.41,2,0.73,0.8,0.79,P2,Team_C,Medium,P2
3112,Medium,0.6,0.69,3,0.75,0.8,0.74,P2,Team_B,Medium,P2
3113,Low,0.3,0.7,3,0.56,0.79,0.77,P2,Team_B,Medium,P2
3114,High,0.9,0.88,3,0.62,0.87,0.43,P1,Team_A,High,P1
3115,High,0.9,0.6,1,0.88,0.4,0.71,P2,Team_B,Medium,P2
3116,Medium,0.6,0.12,1,0.72,0.66,0.81,P2,Team_B,Medium,P2
3117,Medium,0.6,0.09,1,0.82,0.62,0.44,P2,Team_A,Medium,P2
3118,Low,0.3,0.45,2,0.53,0.53,0.64,P2,Team_B,Medium,P2
3119,Medium,0.6,0.17,1,0.8,0.47,0.32,P2,Team_C,Medium,P2
3120,Low,0.3,0.26,2,0.37,0.63,0.68,P3,Team_B,Low,P3
3121,Low,0.3,0.76,3,0.51,0.7,0.4,P2,Team_A,Medium,P2
3122,Medium,0.6,0.69,4,0.42,0.47,0.86,P2,Team_B,Medium,P2
3123,Medium,0.6,0.31,2,0.78,0.93,0.99,P2,Team_A,Medium,P2
3124,Low,0.3,0.89,4,0.26,0.7,0.71,P2,Team_B,Medium,P2
3125,Medium,0.6,0.45,3,0.82,0.9,0.59,P2,Team_C,Medium,P2
3126,Low,0.3,0.68,1,0.93,0.54,0.95,P2,Team_B,Medium,P2
3127,Medium,0.6,0.37,2,0.68,0.51,0.58,P2,Team_B,Medium,P2
3128,High,0.9,0.45,1,0.62,0.66,0.59,P2,Team_A,Medium,P2
3129,Medium,0.6,0.66,2,0.53,0.67,0.71,P2,Team_B,Medium,P2
3130,Medium,0.6,0.62,3,0.91,0.73,0.35,P2,Team_B,Medium,P2
3131,Medium,0.6,0.29,1,0.6,0.43,0.77,P2,Team_C,Medium,P2
3132,Medium,0.6,0.63,1,0.94,0.96,0.37,P2,Team_C,Medium,P2
3133,Low,0.3,0.41,4,0.52,0.35,0.58,P2,Team_A,Medium,P2
3134,High,0.9,0.47,4,0.99,0.72,0.65,P2,Team_B,Medium,P2
3135,Low,0.3,0.65,3,0.9,0.49,0.72,P2,Team_C,Medium,P2
3136,High,0.9,0.81,2,0.86,0.81,0.83,P1,Team_B,High,P1
3137,High,0.9,0.49,2,0.86,0.6,0.97,P2,Team_C,Medium,P2
3138,Low,0.3,0.52,3,0.56,0.75,0.5,P2,Team_A,Medium,P2
3139,Low,0.3,0.45,2,0.8,0.68,0.51,P2,Team_B,Medium,P2
3140,High,0.9,0.92,2,0.49,0.47,0.33,P1,Team_C,High,P1
3141,High,0.9,0.29,3,0.45,0.57,0.54,P2,Team_B,Medium,P2
3142,Low,0.3,0.41,4,0.64,0.84,0.51,P2,Team_B,Medium,P2
3143,High,0.9,0.61,4,0.85,0.57,0.61,P1,Team_A,High,P1
3144,High,0.9,0.65,2,0.74,0.45,0.65,P1,Team_A,High,P1
3145,Medium,0.6,0.21,1,0.79,0.58,0.47,P2,Team_C,Medium,P2
3146,Low,0.3,0.23,1,0.85,0.61,0.83,P3,Team_C,Low,P3
3147,Medium,0.6,0.09,4,0.54,0.67,0.43,P2,Team_A,Medium,P2
3148,Low,0.3,0.69,2,0.91,0.87,0.56,P2,Team_C,Medium,P2
3149,Medium,0.6,0.56,3,0.86,0.24,0.34,P2,Team_B,Medium,P2
3150,Low,0.3,0.56,4,0.46,0.53,0.71,P2,Team_C,Medium,P2
3151,Medium,0.6,0.72,2,0.81,0.71,0.6,P2,Team_C,Medium,P2
3152,Low,0.3,0.33,1,0.76,0.68,0.99,P3,Team_C,Low,P3
3153,High,0.9,0.78,3,0.86,0.79,0.74,P1,Team_B,High,P1
3154,High,0.9,0.29,2,0.68,0.81,0.91,P2,Team_B,Medium,P2
3155,Low,0.3,0.53,3,0.7,0.87,0.74,P2,Team_A,Medium,P2
3156,Medium,0.6,0.72,4,0.55,0.34,0.89,P2,Team_A,Medium,P2
3157,Medium,0.6,0.63,2,0.74,0.47,0.79,P2,Team_C,Medium,P2
3158,Low,0.3,0.89,1,0.85,0.96,0.59,P2,Team_B,Medium,P2
3159,Medium,0.6,0.51,1,0.76,0.79,0.3,P2,Team_B,Medium,P2
3160,Low,0.3,0.93,4,0.55,0.65,0.61,P2,Team_B,Medium,P2
3161,Low,0.3,0.9,1,0.74,0.72,0.93,P2,Team_A,Medium,P2
3162,Low,0.3,0.31,4,0.71,0.93,0.51,P3,Team_A,Low,P3
3163,High,0.9,0.13,3,0.53,0.63,0.75,P2,Team_B,Medium,P2
3164,Medium,0.6,0.29,2,0.47,0.87,0.46,P2,Team_C,Medium,P2
3165,Medium,0.6,0.14,4,0.53,0.75,0.48,P2,Team_C,Medium,P2
3166,Low,0.3,0.62,4,0.72,0.97,0.96,P2,Team_B,Medium,P2
3167,Low,0.3,0.44,4,0.93,0.84,0.31,P2,Team_C,Medium,P2
3168,Low,0.3,0.21,4,0.4,0.77,0.54,P3,Team_C,Low,P3
3169,High,0.9,0.5,1,0.78,0.84,0.5,P2,Team_A,Medium,P2
3170,Medium,0.6,0.38,3,0.76,0.79,0.54,P2,Team_A,Medium,P2
3171,Medium,0.6,0.68,4,0.73,0.38,0.82,P2,Team_C,Medium,P2
3172,Low,0.3,0.5,2,0.78,0.37,0.72,P2,Team_A,Medium,P2
3173,Low,0.3,0.78,3,0.53,0.39,0.64,P2,Team_A,Medium,P2
3174,Medium,0.6,0.49,1,0.25,0.64,0.33,P2,Team_B,Medium,P2
3175,High,0.9,0.16,2,0.64,0.71,0.44,P2,Team_C,Medium,P2
3176,High,0.9,0.21,2,0.72,0.56,0.92,P2,Team_B,Medium,P2
3177,Low,0.3,0.13,2,0.66,0.21,0.5,P3,Team_A,Low,P3
3178,Low,0.3,0.48,1,0.68,0.86,0.43,P2,Team_C,Medium,P2
3179,High,0.9,0.68,2,0.83,0.76,0.33,P1,Team_C,High,P1
3180,Medium,0.6,0.55,2,0.92,0.81,0.54,P2,Team_A,Medium,P2
3181,Low,0.3,0.42,4,0.69,0.6,0.32,P2,Team_B,Medium,P2
3182,Medium,0.6,0.21,2,0.98,0.43,0.41,P2,Team_C,Medium,P2
3183,High,0.9,0.55,4,0.89,0.61,0.45,P2,Team_C,Medium,P2
3184,High,0.9,0.69,2,0.63,0.54,0.7,P1,Team_B,High,P1
3185,Low,0.3,0.57,1,0.83,0.69,0.8,P2,Team_A,Medium,P2
3186,High,0.9,0.85,3,0.77,0.87,0.86,P1,Team_B,High,P1
3187,Low,0.3,0.88,2,0.77,0.89,0.97,P2,Team_C,Medium,P2
3188,High,0.9,0.85,1,0.65,0.88,0.5,P1,Team_B,High,P1
3189,Medium,0.6,0.44,4,0.61,0.9,0.97,P2,Team_B,Medium,P2
3190,Low,0.3,0.68,3,0.67,0.77,0.85,P2,Team_C,Medium,P2
3191,Low,0.3,0.27,1,0.87,0.92,0.82,P3,Team_A,Low,P3
3192,Low,0.3,0.19,2,0.71,0.68,0.9,P3,Team_C,Low,P3
3193,Medium,0.6,0.21,2,0.89,0.55,0.75,P2,Team_B,Medium,P2
3194,High,0.9,0.83,4,0.92,0.9,0.4,P1,Team_B,High,P1
3195,Medium,0.6,0.47,4,0.73,0.8,0.45,P2,Team_A,Medium,P2
3196,Low,0.3,0.43,4,0.45,0.37,0.93,P2,Team_C,Medium,P2
3197,High,0.9,0.22,2,0.78,0.63,0.31,P2,Team_B,Medium,P2
3198,Medium,0.6,0.82,2,0.56,0.6,0.65,P2,Team_C,Medium,P2
3199,Medium,0.6,0.18,4,0.86,0.78,0.47,P2,Team_B,Medium,P2
3200,Medium,0.6,0.79,2,0.68,0.6,0.56,P2,Team_A,Medium,P2
3201,High,0.9,0.28,4,0.79,0.84,0.94,P2,Team_B,Medium,P2
3202,Low,0.3,0.42,4,0.87,0.94,0.88,P2,Team_B,Medium,P2
3203,Low,0.3,0.31,3,0.9,0.38,0.79,P3,Team_C,Low,P3
3204,Low,0.3,0.51,2,0.84,0.59,0.46,P2,Team_B,Medium,P2
3205,Low,0.3,0.33,1,0.84,0.72,0.65,P3,Team_B,Low,P3
3206,Medium,0.6,0.47,2,0.82,0.93,0.66,P2,Team_C,Medium,P2
3207,Medium,0.6,0.46,2,0.54,0.71,0.83,P2,Team_C,Medium,P2
3208,High,0.9,0.35,3,0.83,0.56,0.72,P2,Team_B,Medium,P2
3209,High,0.9,0.28,3,0.57,0.89,0.76,P2,Team_C,Medium,P2
3210,High,0.9,0.18,4,0.77,0.66,0.72,P2,Team_A,Medium,P2
3211,Medium,0.6,0.23,3,0.7,0.77,0.42,P2,Team_B,Medium,P2
3212,Medium,0.6,0.6,1,0.78,0.51,0.52,P2,Team_C,Medium,P2
3213,Low,0.3,0.86,4,0.34,0.63,0.49,P2,Team_C,Medium,P2
3214,Medium,0.6,0.54,3,0.65,0.45,0.73,P2,Team_B,Medium,P2
3215,High,0.9,0.56,1,0.62,0.71,0.55,P2,Team_A,Medium,P2
3216,High,0.9,0.43,4,0.61,0.49,0.43,P2,Team_C,Medium,P2
3217,Low,0.3,0.76,1,0.93,0.87,0.57,P2,Team_A,Medium,P2
3218,Low,0.3,0.72,3,0.7,0.29,0.55,P2,Team_A,Medium,P2
3219,Low,0.3,0.9,4,0.89,0.69,0.46,P2,Team_B,Medium,P2
3220,Low,0.3,0.88,2,0.72,0.74,0.98,P2,Team_B,Medium,P2
3221,Medium,0.6,0.54,4,0.45,0.7,0.95,P2,Team_A,Medium,P2
3222,Medium,0.6,0.52,1,0.55,0.5,0.59,P2,Team_A,Medium,P2
3223,Medium,0.6,0.49,1,0.81,0.53,0.57,P2,Team_A,Medium,P2
3224,High,0.9,0.28,1,0.61,0.6,0.9,P2,Team_A,Medium,P2
3225,Medium,0.6,0.72,2,0.92,0.83,0.4,P2,Team_C,Medium,P2
3226,Low,0.3,0.78,1,0.78,0.86,0.61,P2,Team_B,Medium,P2
3227,Medium,0.6,0.41,1,0.84,0.69,0.48,P2,Team_C,Medium,P2
3228,Medium,0.6,0.82,1,0.78,0.89,0.86,P2,Team_B,Medium,P2
3229,High,0.9,0.56,2,0.67,0.94,0.65,P2,Team_B,Medium,P2
3230,Low,0.3,0.14,2,0.43,0.76,0.53,P3,Team_B,Low,P3
3231,Medium,0.6,0.28,2,0.76,0.48,0.95,P2,Team_B,Medium,P2
3232,High,0.9,0.16,2,0.82,0.49,0.4,P2,Team_C,Medium,P2
3233,Low,0.3,0.88,2,0.7,0.61,0.66,P2,Team_B,Medium,P2
3234,Low,0.3,0.36,4,0.86,0.49,0.81,P3,Team_C,Low,P3
3235,High,0.9,0.6,1,0.76,0.8,0.7,P2,Team_B,Medium,P2
3236,High,0.9,0.54,3,0.85,0.63,0.59,P2,Team_B,Medium,P2
3237,High,0.9,0.26,1,0.7,0.76,0.89,P2,Team_C,Medium,P2
3238,Low,0.3,0.41,4,0.62,0.37,0.49,P2,Team_A,Medium,P2
3239,Medium,0.6,0.29,3,0.42,0.79,0.64,P2,Team_C,Medium,P2
3240,Medium,0.6,0.7,4,0.78,0.38,0.86,P2,Team_B,Medium,P2
3241,High,0.9,0.44,4,0.73,0.46,0.41,P2,Team_A,Medium,P2
3242,Medium,0.6,0.62,2,0.81,0.97,0.86,P2,Team_B,Medium,P2
3243,Medium,0.6,0.43,3,0.84,0.52,0.8,P2,Team_B,Medium,P2
3244,Medium,0.6,0.75,1,0.69,0.66,0.98,P2,Team_A,Medium,P2
3245,High,0.9,0.29,3,0.84,0.84,0.65,P2,Team_B,Medium,P2
3246,Low,0.3,0.59,2,0.29,0.53,0.82,P2,Team_A,Medium,P2
3247,Medium,0.6,0.7,1,0.51,0.75,0.61,P2,Team_C,Medium,P2
3248,Low,0.3,0.76,2,0.87,0.8,0.67,P2,Team_C,Medium,P2
3249,Medium,0.6,0.62,1,0.34,0.63,0.53,P2,Team_A,Medium,P2
3250,Low,0.3,0.52,2,0.94,0.89,0.64,P2,Team_B,Medium,P2
3251,Low,0.3,0.76,1,0.96,0.62,0.57,P2,Team_B,Medium,P2
3252,Low,0.3,0.76,1,0.89,0.49,0.51,P2,Team_A,Medium,P2
3253,High,0.9,0.76,3,0.8,0.85,0.85,P1,Team_A,High,P1
3254,High,0.9,0.69,1,0.95,0.77,0.95,P1,Team_C,High,P1
3255,Medium,0.6,0.85,3,0.92,0.74,0.76,P2,Team_B,Medium,P2
3256,Medium,0.6,0.56,3,0.72,0.89,0.84,P2,Team_A,Medium,P2
3257,Low,0.3,0.56,3,0.78,0.76,0.7,P2,Team_C,Medium,P2
3258,Medium,0.6,0.9,3,0.82,0.78,0.79,P2,Team_C,Medium,P2
3259,Medium,0.6,0.51,1,0.51,0.59,0.61,P2,Team_B,Medium,P2
3260,High,0.9,0.83,3,0.47,0.72,0.79,P1,Team_C,High,P1
3261,High,0.9,0.22,4,0.88,0.6,0.93,P2,Team_B,Medium,P2
3262,Medium,0.6,0.59,3,0.86,0.73,0.73,P2,Team_C,Medium,P2
3263,Low,0.3,0.35,4,0.95,0.21,0.77,P3,Team_C,Low,P3
3264,Low,0.3,0.47,2,0.89,0.58,0.48,P2,Team_B,Medium,P2
3265,Low,0.3,0.54,3,0.74,0.26,0.56,P2,Team_A,Medium,P2
3266,Medium,0.6,0.32,2,0.71,0.85,0.67,P2,Team_B,Medium,P2
3267,High,0.9,0.75,2,0.72,0.56,0.99,P1,Team_C,High,P1
3268,High,0.9,0.71,1,0.58,0.47,0.75,P1,Team_A,High,P1
3269,Low,0.3,0.69,2,0.74,0.79,0.34,P2,Team_B,Medium,P2
3270,Low,0.3,0.16,4,0.52,0.93,0.56,P3,Team_C,Low,P3
3271,Low,0.3,0.54,4,0.9,0.55,0.38,P2,Team_A,Medium,P2
3272,Medium,0.6,0.49,3,0.6,0.6,0.38,P2,Team_C,Medium,P2
3273,High,0.9,0.49,3,0.95,0.9,0.37,P2,Team_C,Medium,P2
3274,Low,0.3,0.22,2,0.97,0.84,0.86,P3,Team_B,Low,P3
3275,Low,0.3,0.19,1,0.77,0.55,0.32,P3,Team_B,Low,P3
3276,Medium,0.6,0.5,1,0.91,0.91,0.42,P2,Team_B,Medium,P2
3277,Medium,0.6,0.39,3,0.85,0.97,0.83,P2,Team_A,Medium,P2
3278,High,0.9,0.56,3,0.71,0.87,0.93,P2,Team_C,Medium,P2
3279,Medium,0.6,0.68,2,0.54,0.62,0.97,P2,Team_B,Medium,P2
3280,Medium,0.6,0.51,3,0.86,0.7,0.75,P2,Team_C,Medium,P2
3281,Medium,0.6,0.3,2,0.29,0.69,0.46,P2,Team_B,Medium,P2
3282,High,0.9,0.88,4,0.5,0.62,0.6,P1,Team_A,High,P1
3283,High,0.9,0.34,2,0.9,0.28,0.55,P2,Team_B,Medium,P2
3284,Medium,0.6,0.39,1,0.71,0.79,0.98,P2,Team_C,Medium,P2
3285,Medium,0.6,0.27,4,0.85,0.41,0.47,P2,Team_C,Medium,P2
3286,High,0.9,0.43,2,0.65,0.37,0.5,P2,Team_C,Medium,P2
3287,Medium,0.6,0.5,4,0.46,0.67,0.44,P2,Team_A,Medium,P2
3288,Low,0.3,0.64,1,0.5,0.66,0.57,P2,Team_C,Medium,P2
3289,Medium,0.6,0.07,4,0.74,0.8,0.55,P2,Team_A,Medium,P2
3290,Low,0.3,0.14,1,0.55,0.76,0.73,P3,Team_A,Low,P3
3291,Medium,0.6,0.5,4,0.9,0.56,0.63,P2,Team_A,Medium,P2
3292,High,0.9,0.66,1,0.87,0.65,0.89,P1,Team_C,High,P1
3293,Medium,0.6,0.44,2,0.86,0.66,0.82,P2,Team_B,Medium,P2
3294,Low,0.3,0.53,3,0.79,0.68,0.79,P2,Team_C,Medium,P2
3295,Low,0.3,0.57,2,0.71,0.71,0.35,P2,Team_A,Medium,P2
3296,Medium,0.6,0.83,1,0.62,0.66,0.86,P2,Team_A,Medium,P2
3297,Medium,0.6,0.42,4,0.82,0.74,0.48,P2,Team_B,Medium,P2
3298,Low,0.3,0.48,4,0.79,0.91,0.34,P2,Team_B,Medium,P2
3299,Low,0.3,0.84,3,0.87,0.48,0.49,P2,Team_C,Medium,P2
3300,High,0.9,0.28,3,0.9,0.87,0.76,P2,Team_B,Medium,P2
3301,High,0.9,0.71,2,0.6,0.86,0.41,P1,Team_A,High,P1
3302,Low,0.3,0.82,1,0.91,0.59,0.67,P2,Team_C,Medium,P2
3303,Medium,0.6,0.72,2,0.88,0.65,0.84,P2,Team_C,Medium,P2
3304,Medium,0.6,0.11,1,0.83,0.82,0.96,P2,Team_B,Medium,P2
3305,High,0.9,0.31,3,0.98,0.77,0.85,P2,Team_A,Medium,P2
3306,Medium,0.6,0.67,2,0.48,0.7,0.86,P2,Team_C,Medium,P2
3307,Low,0.3,0.18,1,0.64,0.45,0.44,P3,Team_A,Low,P3
3308,Medium,0.6,0.53,2,0.45,0.72,0.42,P2,Team_B,Medium,P2
3309,Medium,0.6,0.61,4,0.71,0.74,0.76,P2,Team_A,Medium,P2
3310,Medium,0.6,0.49,1,0.63,0.47,0.42,P2,Team_A,Medium,P2
3311,Low,0.3,0.54,2,0.45,0.85,0.81,P2,Team_C,Medium,P2
3312,Low,0.3,0.64,4,0.78,0.8,0.53,P2,Team_C,Medium,P2
3313,Medium,0.6,0.12,1,0.62,0.71,0.74,P2,Team_A,Medium,P2
3314,High,0.9,0.38,1,0.6,0.77,0.3,P2,Team_B,Medium,P2
3315,Low,0.3,0.37,1,0.83,0.57,0.84,P3,Team_B,Low,P3
3316,Low,0.3,0.34,1,0.47,0.61,0.58,P3,Team_B,Low,P3
3317,Low,0.3,0.73,3,0.77,0.84,0.35,P2,Team_B,Medium,P2
3318,High,0.9,0.75,3,0.55,0.92,0.96,P1,Team_B,High,P1
3319,Medium,0.6,0.77,3,0.91,0.57,0.53,P2,Team_A,Medium,P2
3320,Medium,0.6,0.28,1,0.65,0.64,0.56,P2,Team_C,Medium,P2
3321,Low,0.3,0.53,1,0.57,0.32,0.98,P2,Team_B,Medium,P2
3322,High,0.9,0.6,2,0.62,0.74,0.61,P2,Team_B,Medium,P2
3323,Low,0.3,0.36,2,0.95,0.89,0.52,P3,Team_C,Low,P3
3324,High,0.9,0.6,1,0.69,0.74,0.44,P2,Team_A,Medium,P2
3325,Medium,0.6,0.5,2,0.77,0.43,0.74,P2,Team_A,Medium,P2
3326,Medium,0.6,0.38,4,0.74,0.76,0.91,P2,Team_A,Medium,P2
3327,High,0.9,0.49,2,0.8,0.48,0.69,P2,Team_B,Medium,P2
3328,Low,0.3,0.39,4,0.62,0.62,0.38,P3,Team_B,Low,P3
3329,High,0.9,0.09,3,0.64,0.75,0.42,P2,Team_A,Medium,P2
3330,Medium,0.6,0.58,1,0.78,0.71,0.36,P2,Team_C,Medium,P2
3331,High,0.9,0.45,2,0.87,0.93,0.97,P2,Team_C,Medium,P2
3332,Medium,0.6,0.44,2,0.8,0.59,0.33,P2,Team_C,Medium,P2
3333,Low,0.3,0.68,3,0.68,0.26,0.89,P2,Team_B,Medium,P2
3334,Medium,0.6,0.45,4,0.42,0.79,0.55,P2,Team_B,Medium,P2
3335,High,0.9,0.49,4,0.91,0.39,0.95,P2,Team_B,Medium,P2
3336,High,0.9,0.52,4,0.62,0.61,0.6,P2,Team_B,Medium,P2
3337,High,0.9,0.64,4,0.72,0.77,0.76,P1,Team_C,High,P1
3338,Low,0.3,0.28,1,0.69,0.87,0.88,P3,Team_B,Low,P3
3339,Medium,0.6,0.34,1,0.84,0.35,0.82,P2,Team_B,Medium,P2
3340,Medium,0.6,0.17,4,0.84,0.7,0.63,P2,Team_C,Medium,P2
3341,High,0.9,0.35,3,0.71,0.65,0.89,P2,Team_C,Medium,P2
3342,Medium,0.6,0.14,3,0.56,0.57,0.89,P2,Team_B,Medium,P2
3343,Medium,0.6,0.36,2,0.59,0.47,0.82,P2,Team_A,Medium,P2
3344,Medium,0.6,0.15,1,0.62,0.77,0.77,P2,Team_B,Medium,P2
3345,Medium,0.6,0.18,3,0.47,0.71,0.3,P2,Team_B,Medium,P2
3346,Medium,0.6,0.42,2,0.83,0.7,0.98,P2,Team_C,Medium,P2
3347,Medium,0.6,0.62,4,0.74,0.6,0.85,P2,Team_B,Medium,P2
3348,Medium,0.6,0.58,1,0.82,0.79,0.41,P2,Team_C,Medium,P2
3349,Low,0.3,0.43,1,0.82,0.72,0.48,P2,Team_A,Medium,P2
3350,High,0.9,0.3,4,0.73,0.71,0.87,P2,Team_B,Medium,P2
3351,Low,0.3,0.1,2,0.95,0.8,0.66,P3,Team_C,Low,P3
3352,High,0.9,0.53,2,0.71,0.94,0.72,P2,Team_A,Medium,P2
3353,Medium,0.6,0.31,1,0.63,0.77,0.96,P2,Team_C,Medium,P2
3354,Low,0.3,0.75,3,0.61,0.85,0.85,P2,Team_A,Medium,P2
3355,Low,0.3,0.53,1,0.66,0.6,0.72,P2,Team_A,Medium,P2
3356,High,0.9,0.58,3,0.84,0.74,0.77,P2,Team_A,Medium,P2
3357,High,0.9,0.22,4,0.75,0.83,0.5,P2,Team_C,Medium,P2
3358,High,0.9,0.71,3,0.93,0.67,0.53,P1,Team_B,High,P1
3359,Medium,0.6,0.27,4,0.64,0.72,0.92,P2,Team_C,Medium,P2
3360,Low,0.3,0.39,1,0.61,0.55,0.65,P3,Team_C,Low,P3
3361,Medium,0.6,0.61,1,0.88,0.66,0.75,P2,Team_C,Medium,P2
3362,High,0.9,0.18,1,0.71,0.39,0.51,P2,Team_C,Medium,P2
3363,Low,0.3,0.49,1,0.9,0.77,0.79,P2,Team_B,Medium,P2
3364,High,0.9,0.1,1,0.89,0.56,0.31,P2,Team_A,Medium,P2
3365,Low,0.3,0.17,3,0.65,0.45,0.51,P3,Team_C,Low,P3
3366,Low,0.3,0.42,4,0.64,0.45,0.62,P2,Team_A,Medium,P2
3367,Medium,0.6,0.32,4,0.49,0.41,0.35,P2,Team_C,Medium,P2
3368,High,0.9,0.97,4,0.83,0.9,0.9,P1,Team_C,High,P1
3369,Low,0.3,0.28,3,0.57,0.82,0.57,P3,Team_A,Low,P3
3370,Medium,0.6,0.47,4,0.74,0.69,0.54,P2,Team_B,Medium,P2
3371,Low,0.3,0.83,4,0.98,0.44,0.94,P2,Team_C,Medium,P2
3372,High,0.9,0.42,1,0.54,0.81,0.34,P2,Team_C,Medium,P2
3373,High,0.9,0.9,3,0.83,0.37,0.35,P1,Team_B,High,P1
3374,Medium,0.6,0.68,1,0.62,0.8,0.49,P2,Team_C,Medium,P2
3375,High,0.9,0.76,3,0.83,0.88,0.96,P1,Team_A,High,P1
3376,Low,0.3,0.22,3,0.67,0.48,0.47,P3,Team_C,Low,P3
3377,Medium,0.6,0.3,3,0.88,0.24,0.65,P2,Team_B,Medium,P2
3378,Low,0.3,0.8,4,0.71,0.79,0.79,P2,Team_B,Medium,P2
3379,Low,0.3,0.56,1,0.79,0.71,0.82,P2,Team_B,Medium,P2
3380,Medium,0.6,0.47,4,0.88,0.45,0.39,P2,Team_A,Medium,P2
3381,Medium,0.6,0.63,3,0.81,0.77,0.47,P2,Team_B,Medium,P2
3382,Low,0.3,0.85,4,0.62,0.89,0.34,P2,Team_A,Medium,P2
3383,Medium,0.6,0.16,2,0.73,0.52,0.6,P2,Team_C,Medium,P2
3384,Medium,0.6,0.5,3,0.71,0.28,0.57,P2,Team_B,Medium,P2
3385,Low,0.3,0.15,4,0.63,0.8,0.5,P3,Team_A,Low,P3
3386,High,0.9,0.81,3,0.9,0.81,0.66,P1,Team_C,High,P1
3387,Low,0.3,0.4,2,0.5,0.85,0.62,P2,Team_A,Medium,P2
3388,Low,0.3,0.15,2,0.6,0.85,0.89,P3,Team_A,Low,P3
3389,Low,0.3,0.73,2,0.77,0.51,0.63,P2,Team_B,Medium,P2
3390,High,0.9,0.62,4,0.59,0.48,0.82,P1,Team_B,High,P1
3391,Low,0.3,0.61,3,0.83,0.87,0.75,P2,Team_B,Medium,P2
3392,High,0.9,0.44,2,0.51,0.69,0.77,P2,Team_C,Medium,P2
3393,Medium,0.6,0.24,3,0.8,0.36,0.92,P2,Team_A,Medium,P2
3394,Medium,0.6,0.69,4,0.54,0.68,0.63,P2,Team_C,Medium,P2
3395,Medium,0.6,0.76,4,0.85,0.75,0.33,P2,Team_B,Medium,P2
3396,High,0.9,0.76,1,0.37,0.67,0.87,P1,Team_A,High,P1
3397,Low,0.3,0.5,3,0.88,0.64,0.61,P2,Team_B,Medium,P2
3398,Low,0.3,0.29,3,0.82,0.79,0.36,P3,Team_B,Low,P3
3399,High,0.9,0.27,3,0.43,0.88,0.96,P2,Team_C,Medium,P2
3400,Low,0.3,0.46,4,0.76,0.8,0.53,P2,Team_C,Medium,P2
3401,Medium,0.6,0.67,1,0.57,0.92,0.71,P2,Team_C,Medium,P2
3402,Medium,0.6,0.24,3,0.78,0.63,0.48,P2,Team_C,Medium,P2
3403,Medium,0.6,0.22,3,0.6,0.78,0.92,P2,Team_B,Medium,P2
3404,Medium,0.6,0.37,4,0.55,0.7,0.5,P2,Team_A,Medium,P2
3405,Medium,0.6,0.66,3,0.69,0.75,0.41,P2,Team_C,Medium,P2
3406,High,0.9,0.43,3,0.74,0.61,0.6,P2,Team_B,Medium,P2
3407,High,0.9,0.49,4,0.84,0.76,0.68,P2,Team_A,Medium,P2
3408,High,0.9,0.46,1,0.79,0.68,0.61,P2,Team_B,Medium,P2
3409,Medium,0.6,0.41,4,0.75,0.58,0.55,P2,Team_A,Medium,P2
3410,Medium,0.6,0.65,3,0.8,0.68,0.48,P2,Team_B,Medium,P2
3411,Low,0.3,0.36,3,0.59,0.54,0.84,P3,Team_B,Low,P3
3412,High,0.9,0.23,2,0.58,0.82,0.64,P2,Team_C,Medium,P2
3413,Medium,0.6,0.9,3,0.95,0.59,0.59,P2,Team_B,Medium,P2
3414,Medium,0.6,0.87,1,0.39,0.82,0.73,P2,Team_B,Medium,P2
3415,High,0.9,0.52,4,0.83,0.27,0.59,P2,Team_A,Medium,P2
3416,Low,0.3,0.69,3,0.81,0.7,0.58,P2,Team_B,Medium,P2
3417,Low,0.3,0.65,4,0.76,0.61,0.62,P2,Team_A,Medium,P2
3418,High,0.9,0.87,4,0.67,0.8,0.5,P1,Team_B,High,P1
3419,Low,0.3,0.61,2,0.9,0.5,0.31,P2,Team_B,Medium,P2
3420,Medium,0.6,0.72,1,0.77,0.95,0.89,P2,Team_A,Medium,P2
3421,Low,0.3,0.43,1,0.94,0.71,0.98,P2,Team_A,Medium,P2
3422,Medium,0.6,0.6,2,0.69,0.92,0.74,P2,Team_B,Medium,P2
3423,Low,0.3,0.73,3,0.87,0.78,0.46,P2,Team_C,Medium,P2
3424,Medium,0.6,0.69,2,0.63,0.34,0.45,P2,Team_C,Medium,P2
3425,Low,0.3,0.85,2,0.85,0.72,0.88,P2,Team_C,Medium,P2
3426,Low,0.3,0.49,2,0.5,0.43,0.53,P2,Team_B,Medium,P2
3427,Low,0.3,0.58,3,0.9,0.81,0.46,P2,Team_C,Medium,P2
3428,Medium,0.6,0.65,4,0.83,0.33,0.93,P2,Team_C,Medium,P2
3429,Medium,0.6,0.7,1,0.67,0.79,0.96,P2,Team_C,Medium,P2
3430,Medium,0.6,0.51,1,0.49,0.77,0.31,P2,Team_C,Medium,P2
3431,Low,0.3,0.55,2,0.79,0.77,0.53,P2,Team_C,Medium,P2
3432,Low,0.3,0.29,1,0.59,0.3,0.62,P3,Team_A,Low,P3
3433,Medium,0.6,0.21,4,0.88,0.78,0.71,P2,Team_A,Medium,P2
3434,Medium,0.6,0.47,3,0.7,0.79,0.91,P2,Team_A,Medium,P2
3435,Low,0.3,0.67,1,0.74,0.26,0.61,P2,Team_A,Medium,P2
3436,High,0.9,0.07,4,0.56,0.52,0.7,P2,Team_C,Medium,P2
3437,High,0.9,0.63,2,0.76,0.45,0.95,P1,Team_C,High,P1
3438,Medium,0.6,0.79,3,0.57,0.58,0.71,P2,Team_A,Medium,P2
3439,Medium,0.6,0.39,4,0.45,0.73,0.61,P2,Team_A,Medium,P2
3440,Medium,0.6,0.81,1,0.56,0.8,0.41,P2,Team_B,Medium,P2
3441,Low,0.3,0.91,3,0.7,0.77,0.96,P2,Team_A,Medium,P2
3442,Medium,0.6,0.44,1,0.74,0.69,0.48,P2,Team_B,Medium,P2
3443,Low,0.3,0.09,1,0.61,0.52,0.56,P3,Team_A,Low,P3
3444,Low,0.3,0.86,3,0.74,0.68,0.7,P2,Team_A,Medium,P2
3445,Medium,0.6,0.17,4,0.76,0.38,0.39,P2,Team_C,Medium,P2
3446,Low,0.3,0.7,1,0.59,0.78,0.83,P2,Team_B,Medium,P2
3447,Medium,0.6,0.94,2,0.76,0.32,0.63,P2,Team_A,Medium,P2
3448,Low,0.3,0.55,4,0.87,0.71,0.87,P2,Team_C,Medium,P2
3449,Medium,0.6,0.83,1,0.67,0.7,0.32,P2,Team_C,Medium,P2
3450,Medium,0.6,0.23,3,0.82,0.86,0.4,P2,Team_C,Medium,P2
3451,Medium,0.6,0.55,3,0.57,0.49,0.8,P2,Team_A,Medium,P2
3452,High,0.9,0.59,3,0.67,0.73,0.59,P2,Team_B,Medium,P2
3453,Medium,0.6,0.12,4,0.87,0.53,0.64,P2,Team_A,Medium,P2
3454,Low,0.3,0.07,4,0.45,0.65,0.55,P3,Team_B,Low,P3
3455,Low,0.3,0.67,4,0.89,0.72,0.88,P2,Team_C,Medium,P2
3456,Medium,0.6,0.54,3,0.86,0.66,0.37,P2,Team_A,Medium,P2
3457,Medium,0.6,0.59,4,0.84,0.78,0.93,P2,Team_B,Medium,P2
3458,Medium,0.6,0.8,4,0.82,0.53,0.4,P2,Team_C,Medium,P2
3459,Low,0.3,0.76,3,0.78,0.83,0.82,P2,Team_A,Medium,P2
3460,Low,0.3,0.64,4,0.89,0.83,0.89,P2,Team_B,Medium,P2
3461,High,0.9,0.39,4,0.39,0.63,0.63,P2,Team_C,Medium,P2
3462,High,0.9,0.81,3,0.72,0.74,0.4,P1,Team_B,High,P1
3463,Medium,0.6,0.36,4,0.83,0.68,0.48,P2,Team_A,Medium,P2
3464,Low,0.3,0.84,3,0.36,0.91,0.38,P2,Team_A,Medium,P2
3465,Low,0.3,0.68,3,0.74,0.95,0.75,P2,Team_A,Medium,P2
3466,High,0.9,0.8,4,0.52,0.92,0.43,P1,Team_A,High,P1
3467,Low,0.3,0.13,3,0.83,0.78,0.7,P3,Team_B,Low,P3
3468,Medium,0.6,0.74,1,0.5,0.73,0.65,P2,Team_A,Medium,P2
3469,Medium,0.6,0.78,4,0.85,0.56,0.79,P2,Team_C,Medium,P2
3470,High,0.9,0.72,1,0.9,0.54,0.72,P1,Team_B,High,P1
3471,Low,0.3,0.9,1,0.41,0.9,0.69,P2,Team_A,Medium,P2
3472,Medium,0.6,0.32,2,0.78,0.51,0.7,P2,Team_C,Medium,P2
3473,High,0.9,0.08,2,0.77,0.77,0.58,P2,Team_A,Medium,P2
3474,Low,0.3,0.65,3,0.61,0.81,0.55,P2,Team_C,Medium,P2
3475,Medium,0.6,0.35,4,0.57,0.54,0.71,P2,Team_A,Medium,P2
3476,Low,0.3,0.56,2,0.71,0.55,0.73,P2,Team_A,Medium,P2
3477,High,0.9,0.74,4,0.79,0.77,0.95,P1,Team_B,High,P1
3478,High,0.9,0.56,2,0.82,0.73,0.96,P2,Team_C,Medium,P2
3479,High,0.9,0.1,1,0.73,0.55,0.45,P2,Team_C,Medium,P2
3480,Medium,0.6,0.2,3,0.69,0.76,0.31,P2,Team_A,Medium,P2
3481,Medium,0.6,0.34,1,0.53,0.85,0.79,P2,Team_C,Medium,P2
3482,High,0.9,0.75,2,0.82,0.65,0.95,P1,Team_A,High,P1
3483,High,0.9,0.82,2,0.92,0.62,0.58,P1,Team_C,High,P1
3484,Low,0.3,0.42,1,0.53,0.78,0.36,P2,Team_C,Medium,P2
3485,High,0.9,0.56,1,0.79,0.31,0.52,P2,Team_A,Medium,P2
3486,Low,0.3,0.2,2,0.87,0.52,0.32,P3,Team_B,Low,P3
3487,Low,0.3,0.61,3,0.68,0.94,0.95,P2,Team_C,Medium,P2
3488,High,0.9,0.48,2,0.88,0.74,0.78,P2,Team_C,Medium,P2
3489,Low,0.3,0.95,1,0.72,0.83,0.65,P2,Team_B,Medium,P2
3490,Low,0.3,0.85,4,0.86,0.69,0.89,P2,Team_A,Medium,P2
3491,Medium,0.6,0.27,1,0.87,0.61,0.81,P2,Team_A,Medium,P2
3492,Medium,0.6,0.72,1,0.74,0.6,0.86,P2,Team_C,Medium,P2
3493,Medium,0.6,0.66,1,0.62,0.82,0.84,P2,Team_B,Medium,P2
3494,Low,0.3,0.09,2,0.54,0.83,0.38,P3,Team_A,Low,P3
3495,Medium,0.6,0.81,2,0.7,0.34,0.33,P2,Team_C,Medium,P2
3496,High,0.9,0.83,2,0.83,0.73,0.79,P1,Team_C,High,P1
3497,Low,0.3,0.26,1,0.74,0.44,0.86,P3,Team_A,Low,P3
3498,High,0.9,0.36,3,0.89,0.61,0.85,P2,Team_C,Medium,P2
3499,Low,0.3,0.38,2,0.78,0.83,0.58,P3,Team_C,Low,P3
3500,Low,0.3,0.55,1,0.78,0.79,0.52,P2,Team_B,Medium,P2
3501,Low,0.3,0.29,2,0.99,0.74,0.8,P3,Team_C,Low,P3
3502,Low,0.3,0.6,1,0.45,0.77,0.58,P2,Team_B,Medium,P2
3503,Medium,0.6,0.32,3,0.55,0.52,0.65,P2,Team_A,Medium,P2
3504,Low,0.3,0.68,3,0.78,0.5,0.73,P2,Team_B,Medium,P2
3505,High,0.9,0.23,2,0.51,0.2,0.79,P2,Team_B,Medium,P2
3506,Low,0.3,0.4,3,0.42,0.55,0.49,P2,Team_C,Medium,P2
3507,Medium,0.6,0.06,1,0.64,0.77,0.58,P2,Team_A,Medium,P2
3508,Low,0.3,0.44,3,0.69,0.33,0.83,P2,Team_A,Medium,P2
3509,Low,0.3,0.29,3,0.7,0.24,0.43,P3,Team_C,Low,P3
3510,Low,0.3,0.63,1,0.79,0.54,0.8,P2,Team_A,Medium,P2
3511,High,0.9,0.54,3,0.86,0.7,0.58,P2,Team_A,Medium,P2
3512,Low,0.3,0.52,1,0.91,0.51,0.84,P2,Team_C,Medium,P2
3513,Low,0.3,0.19,3,0.78,0.9,0.44,P3,Team_A,Low,P3
3514,Low,0.3,0.25,1,0.69,0.76,0.41,P3,Team_C,Low,P3
3515,Low,0.3,0.29,1,0.54,0.76,0.9,P3,Team_C,Low,P3
3516,Low,0.3,0.51,3,0.48,0.71,0.69,P2,Team_C,Medium,P2
3517,High,0.9,0.78,4,0.61,0.48,0.38,P1,Team_C,High,P1
3518,Low,0.3,0.47,4,0.84,0.9,0.49,P2,Team_A,Medium,P2
3519,Low,0.3,0.69,1,0.59,0.78,0.87,P2,Team_C,Medium,P2
3520,Low,0.3,0.12,1,0.5,0.67,0.64,P3,Team_A,Low,P3
3521,Medium,0.6,0.49,4,0.63,0.54,0.41,P2,Team_B,Medium,P2
3522,Low,0.3,0.63,2,0.72,0.66,0.35,P2,Team_C,Medium,P2
3523,Medium,0.6,0.23,4,0.89,0.57,0.9,P2,Team_A,Medium,P2
3524,Low,0.3,0.12,3,0.61,0.38,0.52,P3,Team_B,Low,P3
3525,Low,0.3,0.78,3,0.95,0.68,0.57,P2,Team_A,Medium,P2
3526,Medium,0.6,0.47,3,0.73,0.69,0.95,P2,Team_C,Medium,P2
3527,Medium,0.6,0.8,3,0.71,0.81,0.44,P2,Team_C,Medium,P2
3528,Medium,0.6,0.64,2,0.73,0.59,0.4,P2,Team_A,Medium,P2
3529,Low,0.3,0.41,4,0.91,0.7,0.55,P2,Team_C,Medium,P2
3530,Low,0.3,0.52,4,0.8,0.85,0.98,P2,Team_A,Medium,P2
3531,Medium,0.6,0.88,1,0.78,0.84,0.4,P2,Team_C,Medium,P2
3532,High,0.9,0.58,1,0.51,0.92,0.89,P2,Team_A,Medium,P2
3533,Medium,0.6,0.75,2,0.72,0.76,0.41,P2,Team_B,Medium,P2
3534,Low,0.3,0.24,3,0.92,0.74,0.61,P3,Team_C,Low,P3
3535,High,0.9,0.79,3,0.7,0.93,1.0,P1,Team_C,High,P1
3536,Medium,0.6,0.73,3,0.77,0.93,0.74,P2,Team_C,Medium,P2
3537,High,0.9,0.44,1,0.66,0.85,0.87,P2,Team_C,Medium,P2
3538,Low,0.3,0.36,3,0.95,0.75,0.91,P3,Team_C,Low,P3
3539,Low,0.3,0.98,4,0.63,0.75,0.83,P2,Team_C,Medium,P2
3540,Medium,0.6,0.63,2,0.82,0.91,0.53,P2,Team_A,Medium,P2
3541,Low,0.3,0.76,4,0.79,0.81,0.39,P2,Team_B,Medium,P2
3542,Low,0.3,0.51,4,0.81,0.82,0.4,P2,Team_B,Medium,P2
3543,Low,0.3,0.75,3,0.69,0.92,0.35,P2,Team_C,Medium,P2
3544,Medium,0.6,0.43,1,0.61,0.64,0.8,P2,Team_A,Medium,P2
3545,Medium,0.6,0.7,2,0.87,0.93,0.62,P2,Team_C,Medium,P2
3546,Medium,0.6,0.52,2,0.65,0.63,0.67,P2,Team_C,Medium,P2
3547,Medium,0.6,0.3,4,0.93,0.93,0.65,P2,Team_C,Medium,P2
3548,Low,0.3,0.57,1,0.93,0.67,0.71,P2,Team_C,Medium,P2
3549,High,0.9,0.63,3,0.47,0.48,0.98,P1,Team_B,High,P1
3550,High,0.9,0.72,3,0.68,0.93,0.58,P1,Team_C,High,P1
3551,High,0.9,0.46,1,0.84,0.66,0.44,P2,Team_B,Medium,P2
3552,High,0.9,0.98,2,0.57,0.63,0.39,P1,Team_C,High,P1
3553,Medium,0.6,0.79,1,0.88,0.74,0.33,P2,Team_A,Medium,P2
3554,High,0.9,0.17,1,0.67,0.39,0.87,P2,Team_B,Medium,P2
3555,Medium,0.6,0.7,1,0.87,0.86,0.95,P2,Team_A,Medium,P2
3556,Low,0.3,0.26,2,0.81,0.75,0.7,P3,Team_A,Low,P3
3557,Medium,0.6,0.43,4,0.69,0.84,0.63,P2,Team_C,Medium,P2
3558,Medium,0.6,0.34,1,0.84,0.9,0.98,P2,Team_B,Medium,P2
3559,Low,0.3,0.59,2,0.88,0.85,0.89,P2,Team_B,Medium,P2
3560,High,0.9,0.66,1,0.93,0.7,0.33,P1,Team_B,High,P1
3561,Medium,0.6,0.26,2,0.69,0.62,0.97,P2,Team_C,Medium,P2
3562,Low,0.3,0.66,2,0.35,0.1,0.77,P2,Team_C,Medium,P2
3563,Medium,0.6,0.28,2,0.87,0.86,0.45,P2,Team_A,Medium,P2
3564,Medium,0.6,0.22,3,0.72,0.31,0.6,P2,Team_B,Medium,P2
3565,Medium,0.6,0.7,1,0.66,0.94,0.77,P2,Team_C,Medium,P2
3566,Medium,0.6,0.51,1,0.88,0.82,0.32,P2,Team_A,Medium,P2
3567,Medium,0.6,0.46,4,0.72,0.63,0.78,P2,Team_A,Medium,P2
3568,High,0.9,0.48,4,0.85,0.72,0.9,P2,Team_C,Medium,P2
3569,High,0.9,0.74,3,0.67,0.66,0.99,P1,Team_B,High,P1
3570,Medium,0.6,0.48,2,0.9,0.95,0.67,P2,Team_A,Medium,P2
3571,Medium,0.6,0.95,3,0.88,0.79,0.54,P2,Team_A,Medium,P2
3572,Low,0.3,0.41,1,0.81,0.83,0.9,P2,Team_B,Medium,P2
3573,High,0.9,0.19,4,0.89,0.68,0.36,P2,Team_B,Medium,P2
3574,Low,0.3,0.48,3,0.69,0.62,0.61,P2,Team_B,Medium,P2
3575,Medium,0.6,0.21,3,0.45,0.67,0.48,P2,Team_C,Medium,P2
3576,Medium,0.6,0.79,1,0.84,0.89,0.63,P2,Team_B,Medium,P2
3577,Medium,0.6,0.39,2,0.39,0.95,0.44,P2,Team_C,Medium,P2
3578,Medium,0.6,0.68,3,0.84,0.72,0.66,P2,Team_A,Medium,P2
3579,Low,0.3,0.68,2,0.78,0.74,0.82,P2,Team_C,Medium,P2
3580,Medium,0.6,0.65,1,0.34,0.75,0.41,P2,Team_C,Medium,P2
3581,Low,0.3,0.38,4,0.54,0.93,0.5,P3,Team_B,Low,P3
3582,Low,0.3,0.78,3,0.75,0.55,0.6,P2,Team_A,Medium,P2
3583,Low,0.3,0.5,1,0.86,0.32,0.86,P2,Team_B,Medium,P2
3584,Low,0.3,0.65,1,0.34,0.8,0.85,P2,Team_B,Medium,P2
3585,Medium,0.6,0.38,4,0.89,0.82,0.93,P2,Team_A,Medium,P2
3586,Low,0.3,0.09,1,0.8,0.72,0.4,P3,Team_A,Low,P3
3587,Low,0.3,0.36,4,0.61,0.61,0.8,P3,Team_C,Low,P3
3588,Medium,0.6,0.48,4,0.85,0.86,0.57,P2,Team_C,Medium,P2
3589,High,0.9,0.07,1,0.63,0.58,0.82,P2,Team_B,Medium,P2
3590,Medium,0.6,0.3,4,0.72,0.2,0.81,P2,Team_C,Medium,P2
3591,Low,0.3,0.66,3,0.88,0.73,0.64,P2,Team_B,Medium,P2
3592,Low,0.3,0.46,3,0.75,0.79,0.32,P2,Team_B,Medium,P2
3593,Medium,0.6,0.62,3,0.68,0.96,0.77,P2,Team_A,Medium,P2
3594,Low,0.3,0.19,1,0.78,0.6,0.42,P3,Team_C,Low,P3
3595,Low,0.3,0.27,2,0.6,0.89,0.37,P3,Team_A,Low,P3
3596,High,0.9,0.42,2,0.7,0.57,0.65,P2,Team_A,Medium,P2
3597,Medium,0.6,0.64,4,0.71,0.55,0.5,P2,Team_B,Medium,P2
3598,Low,0.3,0.27,1,0.6,0.71,0.96,P3,Team_B,Low,P3
3599,Medium,0.6,0.87,1,0.66,0.73,0.97,P2,Team_C,Medium,P2
3600,Low,0.3,0.47,4,0.66,0.9,0.7,P2,Team_C,Medium,P2
3601,Medium,0.6,0.64,1,0.69,0.79,0.59,P2,Team_A,Medium,P2
3602,High,0.9,0.2,2,0.75,0.66,0.51,P2,Team_C,Medium,P2
3603,Low,0.3,0.7,2,0.68,0.74,0.78,P2,Team_A,Medium,P2
3604,High,0.9,0.53,2,0.89,0.52,0.37,P2,Team_B,Medium,P2
3605,Medium,0.6,0.27,4,0.94,0.6,0.72,P2,Team_C,Medium,P2
3606,High,0.9,0.69,3,0.63,0.84,0.49,P1,Team_A,High,P1
3607,High,0.9,0.68,4,0.54,0.83,0.97,P1,Team_B,High,P1
3608,High,0.9,0.36,4,0.92,0.67,0.38,P2,Team_A,Medium,P2
3609,Medium,0.6,0.52,4,0.53,0.7,0.78,P2,Team_B,Medium,P2
3610,Low,0.3,0.02,1,0.58,0.57,0.74,P3,Team_A,Low,P3
3611,Low,0.3,0.31,4,0.73,0.74,0.52,P3,Team_C,Low,P3
3612,Low,0.3,0.69,1,0.28,0.79,0.74,P2,Team_B,Medium,P2
3613,Low,0.3,0.41,1,0.79,0.78,0.4,P2,Team_C,Medium,P2
3614,Medium,0.6,0.72,2,0.8,0.8,0.39,P2,Team_B,Medium,P2
3615,Medium,0.6,0.36,2,0.52,0.64,0.45,P2,Team_C,Medium,P2
3616,Medium,0.6,0.81,1,0.49,0.25,0.69,P2,Team_C,Medium,P2
3617,Low,0.3,0.42,1,0.39,0.26,0.83,P2,Team_A,Medium,P2
3618,Low,0.3,0.41,1,0.79,0.9,0.87,P2,Team_A,Medium,P2
3619,Low,0.3,0.5,2,0.63,0.55,0.86,P2,Team_B,Medium,P2
3620,Low,0.3,0.35,4,0.8,0.93,0.32,P3,Team_A,Low,P3
3621,Medium,0.6,0.82,4,0.83,0.46,0.38,P2,Team_B,Medium,P2
3622,Low,0.3,0.22,3,0.75,0.45,0.65,P3,Team_B,Low,P3
3623,Low,0.3,0.85,4,0.65,0.66,0.6,P2,Team_C,Medium,P2
3624,High,0.9,0.42,1,0.64,0.68,0.37,P2,Team_B,Medium,P2
3625,Low,0.3,0.13,1,0.9,0.58,0.56,P3,Team_C,Low,P3
3626,Low,0.3,0.69,4,0.62,0.31,0.69,P2,Team_C,Medium,P2
3627,Low,0.3,0.84,4,0.76,0.67,0.31,P2,Team_A,Medium,P2
3628,Medium,0.6,0.67,2,0.42,0.69,0.49,P2,Team_C,Medium,P2
3629,Medium,0.6,0.22,1,0.68,0.48,0.99,P2,Team_C,Medium,P2
3630,High,0.9,0.24,3,0.81,0.52,0.89,P2,Team_B,Medium,P2
3631,Medium,0.6,0.45,1,0.45,0.44,0.75,P2,Team_B,Medium,P2
3632,Medium,0.6,0.52,1,0.56,0.88,0.47,P2,Team_A,Medium,P2
3633,Medium,0.6,0.57,4,0.69,0.68,0.99,P2,Team_A,Medium,P2
3634,Medium,0.6,0.36,2,0.87,0.69,0.76,P2,Team_A,Medium,P2
3635,High,0.9,0.45,1,0.98,0.92,0.45,P2,Team_B,Medium,P2
3636,Low,0.3,0.45,3,0.87,0.6,0.41,P2,Team_A,Medium,P2
3637,Low,0.3,0.12,3,0.7,0.82,0.36,P3,Team_B,Low,P3
3638,Medium,0.6,0.4,4,0.44,0.48,0.92,P2,Team_A,Medium,P2
3639,Low,0.3,0.63,1,0.73,0.61,0.62,P2,Team_B,Medium,P2
3640,Medium,0.6,0.5,1,0.75,0.64,0.7,P2,Team_A,Medium,P2
3641,Low,0.3,0.47,1,0.79,0.49,0.47,P2,Team_A,Medium,P2
3642,Low,0.3,0.25,4,0.78,0.67,0.33,P3,Team_A,Low,P3
3643,Low,0.3,0.37,4,0.87,0.57,0.51,P3,Team_B,Low,P3
3644,Medium,0.6,0.48,2,0.7,0.54,0.97,P2,Team_C,Medium,P2
3645,High,0.9,0.88,1,0.7,0.77,0.74,P1,Team_C,High,P1
3646,Medium,0.6,0.76,2,0.71,0.84,0.46,P2,Team_A,Medium,P2
3647,Low,0.3,0.36,1,0.51,0.94,0.61,P3,Team_B,Low,P3
3648,Low,0.3,0.29,2,0.59,0.74,0.87,P3,Team_B,Low,P3
3649,Low,0.3,0.24,2,0.63,0.45,0.37,P3,Team_C,Low,P3
3650,Low,0.3,0.34,3,0.91,0.79,0.79,P3,Team_A,Low,P3
3651,High,0.9,0.52,3,0.7,0.69,0.3,P2,Team_C,Medium,P2
3652,Low,0.3,0.48,3,0.88,0.82,0.67,P2,Team_B,Medium,P2
3653,Medium,0.6,0.66,4,0.91,0.35,0.79,P2,Team_B,Medium,P2
3654,Low,0.3,0.7,3,0.68,0.83,0.47,P2,Team_C,Medium,P2
3655,Low,0.3,0.55,1,0.82,0.94,0.96,P2,Team_B,Medium,P2
3656,High,0.9,0.3,3,0.88,0.67,0.42,P2,Team_C,Medium,P2
3657,High,0.9,0.55,3,0.68,0.43,0.97,P2,Team_A,Medium,P2
3658,Medium,0.6,0.48,2,0.22,0.6,0.92,P2,Team_A,Medium,P2
3659,Medium,0.6,0.4,2,0.78,0.31,0.75,P2,Team_A,Medium,P2
3660,Low,0.3,0.12,4,0.81,0.69,0.94,P3,Team_B,Low,P3
3661,Low,0.3,0.31,3,0.65,0.88,0.4,P3,Team_A,Low,P3
3662,High,0.9,0.7,2,0.78,0.64,0.61,P1,Team_A,High,P1
3663,Medium,0.6,0.49,2,0.7,0.87,0.88,P2,Team_A,Medium,P2
3664,Medium,0.6,0.54,1,0.82,0.77,0.42,P2,Team_A,Medium,P2
3665,Low,0.3,0.28,2,0.61,0.33,0.54,P3,Team_B,Low,P3
3666,Medium,0.6,0.48,4,0.82,0.76,0.59,P2,Team_B,Medium,P2
3667,High,0.9,0.11,1,0.79,0.9,0.69,P2,Team_A,Medium,P2
3668,High,0.9,0.39,4,0.44,0.66,0.4,P2,Team_B,Medium,P2
3669,Low,0.3,0.28,4,0.61,0.84,0.75,P3,Team_C,Low,P3
3670,High,0.9,0.82,1,0.66,0.71,0.4,P1,Team_C,High,P1
3671,Low,0.3,0.28,2,0.76,0.73,0.71,P3,Team_B,Low,P3
3672,High,0.9,0.55,1,0.7,0.81,0.53,P2,Team_B,Medium,P2
3673,Low,0.3,0.64,4,0.87,0.85,0.42,P2,Team_A,Medium,P2
3674,Medium,0.6,0.91,2,0.67,0.69,0.5,P2,Team_B,Medium,P2
3675,Low,0.3,0.97,2,0.86,0.7,0.73,P2,Team_A,Medium,P2
3676,Low,0.3,0.39,2,0.56,0.67,0.74,P3,Team_B,Low,P3
3677,Low,0.3,0.37,4,0.58,0.81,0.68,P3,Team_C,Low,P3
3678,Low,0.3,0.53,1,0.53,0.48,0.77,P2,Team_C,Medium,P2
3679,High,0.9,0.76,2,0.69,0.82,0.53,P1,Team_C,High,P1
3680,High,0.9,0.41,3,0.65,0.57,0.72,P2,Team_B,Medium,P2
3681,Low,0.3,0.61,4,0.92,0.52,0.87,P2,Team_C,Medium,P2
3682,Medium,0.6,0.77,1,0.96,0.66,0.32,P2,Team_B,Medium,P2
3683,High,0.9,0.36,2,0.68,0.62,0.94,P2,Team_B,Medium,P2
3684,Medium,0.6,0.14,1,0.66,0.42,0.35,P2,Team_B,Medium,P2
3685,High,0.9,0.21,2,0.84,0.85,0.46,P2,Team_A,Medium,P2
3686,High,0.9,0.74,4,0.75,0.97,0.31,P1,Team_C,High,P1
3687,High,0.9,0.39,3,0.93,0.48,0.44,P2,Team_C,Medium,P2
3688,Low,0.3,0.39,1,0.47,0.85,0.79,P3,Team_A,Low,P3
3689,High,0.9,0.67,3,0.55,0.78,0.99,P1,Team_A,High,P1
3690,Medium,0.6,0.49,3,0.67,0.57,0.67,P2,Team_C,Medium,P2
3691,High,0.9,0.37,3,0.69,0.68,0.46,P2,Team_B,Medium,P2
3692,Low,0.3,0.27,2,0.53,0.76,0.54,P3,Team_A,Low,P3
3693,Medium,0.6,0.74,1,0.86,0.36,0.9,P2,Team_C,Medium,P2
3694,Medium,0.6,0.23,3,0.66,0.22,0.65,P2,Team_A,Medium,P2
3695,High,0.9,0.36,3,0.87,0.51,0.94,P2,Team_C,Medium,P2
3696,High,0.9,0.08,4,0.68,0.47,0.32,P2,Team_B,Medium,P2
3697,Low,0.3,0.28,3,0.73,0.66,0.61,P3,Team_A,Low,P3
3698,High,0.9,0.37,1,0.64,0.86,0.94,P2,Team_B,Medium,P2
3699,Medium,0.6,0.68,4,0.89,0.67,0.76,P2,Team_B,Medium,P2
3700,Medium,0.6,0.46,4,0.47,0.84,0.68,P2,Team_A,Medium,P2
3701,High,0.9,0.96,4,0.6,0.46,0.86,P1,Team_A,High,P1
3702,Low,0.3,0.82,3,0.49,0.54,0.69,P2,Team_A,Medium,P2
3703,Low,0.3,0.34,4,0.56,0.5,0.63,P3,Team_B,Low,P3
3704,Medium,0.6,0.62,4,0.62,0.56,0.42,P2,Team_A,Medium,P2
3705,Medium,0.6,0.32,4,0.8,0.91,0.62,P2,Team_B,Medium,P2
3706,Low,0.3,0.23,2,0.89,0.65,0.44,P3,Team_B,Low,P3
3707,Medium,0.6,0.32,4,0.42,0.73,0.57,P2,Team_B,Medium,P2
3708,High,0.9,0.17,2,0.58,0.79,0.4,P2,Team_C,Medium,P2
3709,Medium,0.6,0.96,1,0.76,0.68,0.69,P2,Team_C,Medium,P2
3710,Low,0.3,0.81,4,0.81,0.64,0.96,P2,Team_C,Medium,P2
3711,Low,0.3,0.9,3,0.5,0.49,0.92,P2,Team_B,Medium,P2
3712,Medium,0.6,0.32,2,0.88,0.63,0.45,P2,Team_C,Medium,P2
3713,Medium,0.6,0.7,3,0.67,0.72,0.51,P2,Team_B,Medium,P2
3714,Low,0.3,0.43,3,0.8,0.54,0.99,P2,Team_A,Medium,P2
3715,Medium,0.6,0.66,1,0.84,0.65,0.44,P2,Team_C,Medium,P2
3716,Low,0.3,0.65,3,0.55,0.58,0.59,P2,Team_C,Medium,P2
3717,Medium,0.6,0.79,3,0.7,0.43,0.82,P2,Team_C,Medium,P2
3718,Low,0.3,0.29,1,0.48,0.53,0.4,P3,Team_C,Low,P3
3719,Low,0.3,0.48,4,0.32,0.47,0.4,P2,Team_A,Medium,P2
3720,Low,0.3,0.86,1,0.51,0.81,0.84,P2,Team_A,Medium,P2
3721,Low,0.3,0.09,4,0.55,0.93,0.62,P3,Team_C,Low,P3
3722,Medium,0.6,0.98,3,0.72,0.45,0.97,P2,Team_C,Medium,P2
3723,Medium,0.6,0.86,4,0.8,0.73,0.34,P2,Team_B,Medium,P2
3724,Low,0.3,0.94,3,0.75,0.55,0.94,P2,Team_B,Medium,P2
3725,High,0.9,0.62,3,0.93,0.68,0.6,P1,Team_A,High,P1
3726,Medium,0.6,0.44,4,0.88,0.76,0.67,P2,Team_A,Medium,P2
3727,Low,0.3,0.89,3,0.71,0.68,0.55,P2,Team_A,Medium,P2
3728,High,0.9,0.2,4,0.53,0.85,0.58,P2,Team_B,Medium,P2
3729,High,0.9,0.72,4,0.93,0.58,0.36,P1,Team_A,High,P1
3730,High,0.9,0.71,2,0.83,0.69,0.3,P1,Team_A,High,P1
3731,Low,0.3,0.44,1,0.97,0.41,0.62,P2,Team_B,Medium,P2
3732,Low,0.3,0.15,2,0.76,0.6,0.65,P3,Team_B,Low,P3
3733,High,0.9,0.74,2,0.84,0.75,0.3,P1,Team_A,High,P1
3734,High,0.9,0.43,1,0.7,0.8,0.42,P2,Team_A,Medium,P2
3735,Medium,0.6,0.66,2,0.8,0.55,0.65,P2,Team_A,Medium,P2
3736,Low,0.3,0.27,3,0.94,0.23,0.92,P3,Team_B,Low,P3
3737,Low,0.3,0.54,4,0.7,0.48,0.84,P2,Team_B,Medium,P2
3738,High,0.9,0.64,1,0.68,0.47,0.85,P1,Team_B,High,P1
3739,Medium,0.6,0.74,4,0.6,0.44,0.9,P2,Team_C,Medium,P2
3740,Low,0.3,0.11,4,0.71,0.69,0.71,P3,Team_A,Low,P3
3741,Low,0.3,0.03,2,0.87,0.98,0.56,P3,Team_A,Low,P3
3742,Medium,0.6,0.16,4,0.81,0.5,0.99,P2,Team_B,Medium,P2
3743,Low,0.3,0.22,3,0.45,0.85,0.81,P3,Team_C,Low,P3
3744,High,0.9,0.61,3,0.5,0.75,0.53,P1,Team_C,High,P1
3745,High,0.9,0.39,4,0.86,0.61,0.46,P2,Team_A,Medium,P2
3746,Low,0.3,0.35,1,0.64,0.59,0.95,P3,Team_C,Low,P3
3747,Low,0.3,0.76,4,0.58,0.58,0.65,P2,Team_A,Medium,P2
3748,High,0.9,0.82,4,0.69,0.41,0.8,P1,Team_B,High,P1
3749,Low,0.3,0.79,1,0.41,0.48,0.94,P2,Team_B,Medium,P2
3750,Medium,0.6,0.45,3,0.75,0.61,0.71,P2,Team_C,Medium,P2
3751,High,0.9,0.23,2,0.9,0.68,0.48,P2,Team_A,Medium,P2
3752,Low,0.3,0.62,4,0.74,0.63,0.73,P2,Team_C,Medium,P2
3753,Low,0.3,0.7,2,0.79,0.86,0.58,P2,Team_A,Medium,P2
3754,Medium,0.6,0.63,1,0.65,0.69,0.34,P2,Team_C,Medium,P2
3755,Low,0.3,0.63,4,0.63,0.88,0.49,P2,Team_A,Medium,P2
3756,High,0.9,0.24,2,0.8,0.51,1.0,P2,Team_B,Medium,P2
3757,Medium,0.6,0.38,1,0.67,0.56,0.81,P2,Team_B,Medium,P2
3758,Low,0.3,0.4,4,0.91,0.78,0.37,P2,Team_B,Medium,P2
3759,High,0.9,0.72,3,0.48,0.86,0.54,P1,Team_A,High,P1
3760,Low,0.3,0.21,1,0.65,0.86,0.94,P3,Team_B,Low,P3
3761,Low,0.3,0.37,4,0.73,0.25,0.52,P3,Team_A,Low,P3
3762,Medium,0.6,0.53,3,0.65,0.42,0.48,P2,Team_B,Medium,P2
3763,High,0.9,0.28,4,0.76,0.65,0.79,P2,Team_A,Medium,P2
3764,High,0.9,0.81,1,0.79,0.79,0.4,P1,Team_C,High,P1
3765,Medium,0.6,0.64,2,0.42,0.2,0.41,P2,Team_C,Medium,P2
3766,High,0.9,0.77,3,0.5,0.54,0.68,P1,Team_B,High,P1
3767,Medium,0.6,0.27,4,0.87,0.51,0.58,P2,Team_C,Medium,P2
3768,Medium,0.6,0.84,4,0.71,0.77,0.72,P2,Team_A,Medium,P2
3769,Low,0.3,0.75,3,0.76,0.63,0.7,P2,Team_C,Medium,P2
3770,Medium,0.6,0.35,2,0.83,0.95,0.91,P2,Team_A,Medium,P2
3771,Low,0.3,0.44,2,0.78,0.62,0.48,P2,Team_C,Medium,P2
3772,Medium,0.6,0.34,2,0.75,0.5,0.47,P2,Team_A,Medium,P2
3773,Medium,0.6,0.64,2,0.96,0.6,0.5,P2,Team_C,Medium,P2
3774,High,0.9,0.65,2,0.61,0.73,0.57,P1,Team_C,High,P1
3775,Low,0.3,0.83,2,0.98,0.7,0.4,P2,Team_A,Medium,P2
3776,High,0.9,0.5,4,0.6,0.75,0.62,P2,Team_C,Medium,P2
3777,High,0.9,0.31,2,0.47,0.88,0.37,P2,Team_A,Medium,P2
3778,Low,0.3,0.7,1,0.59,0.36,0.35,P2,Team_C,Medium,P2
3779,Low,0.3,0.73,1,0.77,0.59,0.85,P2,Team_A,Medium,P2
3780,Low,0.3,0.21,1,0.79,0.88,0.56,P3,Team_A,Low,P3
3781,High,0.9,0.23,3,0.51,0.68,0.39,P2,Team_C,Medium,P2
3782,Low,0.3,0.15,1,0.72,0.69,0.42,P3,Team_A,Low,P3
3783,High,0.9,0.38,4,0.72,0.59,0.44,P2,Team_B,Medium,P2
3784,Medium,0.6,0.67,4,0.47,0.75,0.72,P2,Team_C,Medium,P2
3785,High,0.9,0.06,3,0.79,0.66,0.31,P2,Team_B,Medium,P2
3786,Medium,0.6,0.77,1,0.79,0.67,0.87,P2,Team_A,Medium,P2
3787,Low,0.3,0.71,1,0.69,0.82,0.74,P2,Team_C,Medium,P2
3788,Low,0.3,0.27,1,0.76,0.65,0.72,P3,Team_A,Low,P3
3789,Medium,0.6,0.08,3,0.64,0.57,0.59,P2,Team_B,Medium,P2
3790,High,0.9,0.11,2,0.6,0.23,0.43,P2,Team_A,Medium,P2
3791,Low,0.3,0.24,4,0.93,0.82,0.66,P3,Team_A,Low,P3
3792,High,0.9,0.81,2,0.79,0.52,0.99,P1,Team_C,High,P1
3793,Low,0.3,0.27,1,0.66,0.24,0.72,P3,Team_A,Low,P3
3794,High,0.9,0.4,4,0.89,0.88,0.47,P2,Team_A,Medium,P2
3795,Low,0.3,0.72,1,0.57,0.86,0.53,P2,Team_B,Medium,P2
3796,Medium,0.6,0.29,3,0.73,0.62,0.9,P2,Team_A,Medium,P2
3797,Low,0.3,0.09,4,0.92,0.91,0.93,P3,Team_C,Low,P3
3798,Low,0.3,0.15,3,0.6,0.8,0.82,P3,Team_A,Low,P3
3799,Medium,0.6,0.57,2,0.9,0.66,0.68,P2,Team_C,Medium,P2
3800,Medium,0.6,0.82,3,0.81,0.63,0.97,P2,Team_B,Medium,P2
3801,Medium,0.6,0.34,1,0.86,0.49,0.73,P2,Team_B,Medium,P2
3802,Medium,0.6,0.49,2,0.87,0.65,0.95,P2,Team_A,Medium,P2
3803,High,0.9,0.15,4,0.93,0.6,0.94,P2,Team_B,Medium,P2
3804,Medium,0.6,0.56,2,0.58,0.49,0.55,P2,Team_A,Medium,P2
3805,Medium,0.6,0.75,2,0.81,0.95,0.34,P2,Team_C,Medium,P2
3806,Medium,0.6,0.52,2,0.75,0.91,0.31,P2,Team_B,Medium,P2
3807,Low,0.3,0.22,3,0.72,0.91,0.45,P3,Team_B,Low,P3
3808,Low,0.3,0.55,3,0.58,0.87,0.36,P2,Team_A,Medium,P2
3809,Medium,0.6,0.15,1,0.89,0.68,0.35,P2,Team_B,Medium,P2
3810,High,0.9,0.55,2,0.5,0.55,0.97,P2,Team_A,Medium,P2
3811,High,0.9,0.61,3,0.73,0.49,0.75,P1,Team_B,High,P1
3812,High,0.9,0.32,4,0.72,0.59,0.58,P2,Team_B,Medium,P2
3813,High,0.9,0.44,3,0.83,0.88,0.6,P2,Team_C,Medium,P2
3814,Low,0.3,0.38,2,0.63,0.8,0.76,P3,Team_B,Low,P3
3815,High,0.9,0.09,1,0.9,0.56,0.41,P2,Team_A,Medium,P2
3816,Low,0.3,0.54,1,0.74,0.57,0.74,P2,Team_B,Medium,P2
3817,High,0.9,0.82,3,0.81,0.97,0.77,P1,Team_B,High,P1
3818,High,0.9,0.86,4,0.9,0.57,0.83,P1,Team_C,High,P1
3819,Medium,0.6,0.8,3,0.76,0.76,0.72,P2,Team_A,Medium,P2
3820,High,0.9,0.46,4,0.64,0.93,0.72,P2,Team_C,Medium,P2
3821,Low,0.3,0.73,2,0.84,0.67,0.87,P2,Team_B,Medium,P2
3822,Medium,0.6,0.96,2,0.84,0.82,0.53,P2,Team_C,Medium,P2
3823,Low,0.3,0.91,3,0.7,0.61,0.53,P2,Team_A,Medium,P2
3824,High,0.9,0.25,4,0.59,0.31,0.76,P2,Team_A,Medium,P2
3825,Medium,0.6,0.64,1,0.94,0.93,0.82,P2,Team_A,Medium,P2
3826,Medium,0.6,0.5,3,0.82,0.99,0.99,P2,Team_A,Medium,P2
3827,High,0.9,0.26,2,0.45,0.08,0.57,P2,Team_B,Medium,P2
3828,Medium,0.6,0.61,1,0.56,0.84,0.72,P2,Team_C,Medium,P2
3829,Low,0.3,0.16,2,0.5,0.69,0.87,P3,Team_B,Low,P3
3830,Low,0.3,0.63,2,0.69,0.79,0.79,P2,Team_A,Medium,P2
3831,Medium,0.6,0.85,1,0.79,0.74,0.98,P2,Team_C,Medium,P2
3832,Low,0.3,0.45,2,0.79,0.76,0.74,P2,Team_C,Medium,P2
3833,Medium,0.6,0.41,2,0.75,0.66,0.68,P2,Team_B,Medium,P2
3834,Low,0.3,0.52,3,0.59,0.58,0.96,P2,Team_B,Medium,P2
3835,Medium,0.6,0.44,2,0.83,0.46,0.76,P2,Team_C,Medium,P2
3836,Medium,0.6,0.8,4,0.85,0.48,1.0,P2,Team_A,Medium,P2
3837,Medium,0.6,0.39,2,0.71,0.83,0.91,P2,Team_B,Medium,P2
3838,Low,0.3,0.61,4,0.78,0.9,0.95,P2,Team_C,Medium,P2
3839,High,0.9,0.14,3,0.77,0.43,0.46,P2,Team_B,Medium,P2
3840,Medium,0.6,0.84,4,0.77,0.73,0.35,P2,Team_A,Medium,P2
3841,Low,0.3,0.5,2,0.64,0.71,0.9,P2,Team_B,Medium,P2
3842,Medium,0.6,0.55,3,0.57,0.63,0.81,P2,Team_B,Medium,P2
3843,High,0.9,0.71,4,0.87,0.8,0.44,P1,Team_A,High,P1
3844,Low,0.3,0.9,2,0.77,0.82,0.84,P2,Team_C,Medium,P2
3845,Low,0.3,0.29,1,0.89,0.85,0.54,P3,Team_C,Low,P3
3846,Medium,0.6,0.66,1,0.49,0.94,0.44,P2,Team_B,Medium,P2
3847,Medium,0.6,0.65,1,0.87,0.65,0.6,P2,Team_B,Medium,P2
3848,Low,0.3,0.3,3,0.82,0.37,0.84,P3,Team_C,Low,P3
3849,Low,0.3,0.58,3,0.82,0.62,0.5,P2,Team_C,Medium,P2
3850,Low,0.3,0.63,3,0.98,0.61,0.43,P2,Team_B,Medium,P2
3851,Medium,0.6,0.77,2,0.85,0.53,0.32,P2,Team_C,Medium,P2
3852,Medium,0.6,0.42,4,0.81,0.53,0.91,P2,Team_B,Medium,P2
3853,Low,0.3,0.7,1,0.3,0.7,0.34,P2,Team_A,Medium,P2
3854,Medium,0.6,0.31,1,0.46,0.42,0.85,P2,Team_B,Medium,P2
3855,Medium,0.6,0.64,3,0.57,0.46,0.59,P2,Team_A,Medium,P2
3856,Medium,0.6,0.39,3,0.75,0.51,0.41,P2,Team_C,Medium,P2
3857,High,0.9,0.72,3,0.82,0.39,0.32,P1,Team_A,High,P1
3858,High,0.9,0.23,4,0.9,0.39,0.54,P2,Team_B,Medium,P2
3859,High,0.9,0.66,2,0.76,0.59,0.57,P1,Team_B,High,P1
3860,Low,0.3,0.54,3,0.3,0.78,0.51,P2,Team_A,Medium,P2
3861,Medium,0.6,0.91,2,0.67,0.7,0.99,P2,Team_B,Medium,P2
3862,High,0.9,0.42,1,0.79,0.37,0.99,P2,Team_C,Medium,P2
3863,Medium,0.6,0.29,1,0.9,0.44,0.47,P2,Team_A,Medium,P2
3864,High,0.9,0.71,1,0.61,0.74,0.87,P1,Team_B,High,P1
3865,High,0.9,0.14,4,0.46,0.55,0.55,P2,Team_C,Medium,P2
3866,Low,0.3,0.5,2,0.74,0.85,0.42,P2,Team_B,Medium,P2
3867,Medium,0.6,0.58,4,0.83,0.69,0.47,P2,Team_B,Medium,P2
3868,High,0.9,0.29,4,0.84,0.77,0.64,P2,Team_B,Medium,P2
3869,Medium,0.6,0.53,4,0.75,0.43,0.57,P2,Team_B,Medium,P2
3870,High,0.9,0.54,1,0.24,0.75,0.86,P2,Team_C,Medium,P2
3871,Medium,0.6,0.27,3,0.3,0.73,0.51,P2,Team_A,Medium,P2
3872,Medium,0.6,0.64,2,0.75,0.69,0.76,P2,Team_C,Medium,P2
3873,Low,0.3,0.31,2,0.97,0.66,0.69,P3,Team_A,Low,P3
3874,Low,0.3,0.6,2,0.5,0.82,0.63,P2,Team_A,Medium,P2
3875,Medium,0.6,0.86,3,0.44,0.66,0.9,P2,Team_A,Medium,P2
3876,Low,0.3,0.47,2,0.62,0.76,0.79,P2,Team_C,Medium,P2
3877,Low,0.3,0.34,3,0.86,0.75,0.89,P3,Team_B,Low,P3
3878,High,0.9,0.48,3,0.86,0.91,0.84,P2,Team_C,Medium,P2
3879,Medium,0.6,0.16,3,0.64,0.66,0.74,P2,Team_A,Medium,P2
3880,Low,0.3,0.48,2,0.83,0.69,0.52,P2,Team_A,Medium,P2
3881,Low,0.3,0.49,3,0.92,0.62,0.72,P2,Team_C,Medium,P2
3882,Medium,0.6,0.88,2,0.5,0.64,0.44,P2,Team_B,Medium,P2
3883,High,0.9,0.5,1,0.53,0.89,0.38,P2,Team_C,Medium,P2
3884,High,0.9,0.58,2,0.83,0.64,0.52,P2,Team_C,Medium,P2
3885,High,0.9,0.56,1,0.64,0.81,0.55,P2,Team_A,Medium,P2
3886,High,0.9,0.8,4,0.75,0.6,0.72,P1,Team_C,High,P1
3887,Medium,0.6,0.68,1,0.63,0.7,0.32,P2,Team_A,Medium,P2
3888,Low,0.3,0.28,2,0.58,0.54,0.63,P3,Team_B,Low,P3
3889,Low,0.3,0.55,1,0.75,0.7,0.38,P2,Team_C,Medium,P2
3890,Low,0.3,0.51,3,0.48,0.49,0.55,P2,Team_A,Medium,P2
3891,Medium,0.6,0.32,1,0.87,0.62,0.4,P2,Team_B,Medium,P2
3892,High,0.9,0.37,3,0.78,0.79,0.48,P2,Team_A,Medium,P2
3893,Medium,0.6,0.29,4,0.73,0.42,0.5,P2,Team_B,Medium,P2
3894,High,0.9,0.43,4,0.75,0.81,0.58,P2,Team_A,Medium,P2
3895,Low,0.3,0.5,3,0.77,0.79,0.98,P2,Team_B,Medium,P2
3896,Medium,0.6,0.63,4,0.47,0.55,0.71,P2,Team_B,Medium,P2
3897,Medium,0.6,0.29,1,0.67,0.89,0.93,P2,Team_B,Medium,P2
3898,High,0.9,0.69,4,0.55,0.84,0.82,P1,Team_B,High,P1
3899,Low,0.3,0.57,4,0.77,0.59,0.47,P2,Team_A,Medium,P2
3900,Medium,0.6,0.55,4,0.81,0.78,0.31,P2,Team_B,Medium,P2
3901,Low,0.3,0.36,3,0.71,0.33,0.89,P3,Team_C,Low,P3
3902,Low,0.3,0.54,1,0.78,0.49,0.44,P2,Team_A,Medium,P2
3903,Medium,0.6,0.62,2,0.8,0.81,0.92,P2,Team_B,Medium,P2
3904,Low,0.3,0.45,2,0.7,0.78,0.63,P2,Team_A,Medium,P2
3905,Low,0.3,0.35,3,0.53,0.72,0.89,P3,Team_B,Low,P3
3906,High,0.9,0.14,1,0.65,0.43,0.71,P2,Team_B,Medium,P2
3907,Low,0.3,0.42,1,0.75,0.6,0.87,P2,Team_C,Medium,P2
3908,Medium,0.6,0.8,2,0.87,0.7,0.4,P2,Team_B,Medium,P2
3909,Medium,0.6,0.7,3,0.77,0.96,0.75,P2,Team_A,Medium,P2
3910,Medium,0.6,0.52,1,0.65,0.52,0.72,P2,Team_C,Medium,P2
3911,Low,0.3,0.37,3,0.94,0.64,0.38,P3,Team_A,Low,P3
3912,High,0.9,0.82,1,0.69,0.42,0.73,P1,Team_A,High,P1
3913,High,0.9,0.36,1,0.96,0.75,0.91,P2,Team_C,Medium,P2
3914,High,0.9,0.47,4,0.68,0.63,0.34,P2,Team_A,Medium,P2
3915,High,0.9,0.44,1,0.88,0.65,0.61,P2,Team_C,Medium,P2
3916,Medium,0.6,0.83,3,0.83,0.77,0.63,P2,Team_C,Medium,P2
3917,Low,0.3,0.45,2,0.77,0.6,0.67,P2,Team_B,Medium,P2
3918,Medium,0.6,0.38,3,0.35,0.6,0.87,P2,Team_B,Medium,P2
3919,High,0.9,0.4,2,0.82,0.89,0.97,P2,Team_B,Medium,P2
3920,Low,0.3,0.27,1,0.69,0.54,0.45,P3,Team_B,Low,P3
3921,Low,0.3,0.59,1,0.58,0.66,0.3,P2,Team_B,Medium,P2
3922,Medium,0.6,0.61,4,0.64,0.7,0.71,P2,Team_B,Medium,P2
3923,Low,0.3,0.51,4,0.63,0.77,0.67,P2,Team_B,Medium,P2
3924,Medium,0.6,0.54,2,0.61,0.87,0.59,P2,Team_B,Medium,P2
3925,High,0.9,0.72,1,0.6,0.56,0.94,P1,Team_A,High,P1
3926,Medium,0.6,0.4,1,0.41,0.39,0.69,P2,Team_A,Medium,P2
3927,Low,0.3,0.74,2,0.59,0.82,0.73,P2,Team_B,Medium,P2
3928,Medium,0.6,0.63,1,0.8,0.8,0.95,P2,Team_C,Medium,P2
3929,Medium,0.6,0.54,1,0.65,0.38,0.63,P2,Team_A,Medium,P2
3930,Low,0.3,0.49,1,0.92,0.59,0.75,P2,Team_A,Medium,P2
3931,Low,0.3,0.4,4,0.68,0.57,0.54,P2,Team_B,Medium,P2
3932,High,0.9,0.63,4,0.49,0.96,0.86,P1,Team_C,High,P1
3933,Low,0.3,0.34,4,0.72,0.47,0.37,P3,Team_A,Low,P3
3934,Low,0.3,0.46,4,0.84,0.46,0.97,P2,Team_C,Medium,P2
3935,Medium,0.6,0.17,3,0.91,0.57,0.84,P2,Team_B,Medium,P2
3936,Low,0.3,0.19,3,0.91,0.91,0.85,P3,Team_A,Low,P3
3937,Medium,0.6,0.62,4,0.91,0.78,0.7,P2,Team_C,Medium,P2
3938,Low,0.3,0.6,3,0.91,0.51,0.85,P2,Team_A,Medium,P2
3939,Low,0.3,0.51,4,0.37,0.87,0.62,P2,Team_B,Medium,P2
3940,High,0.9,0.65,3,0.82,0.93,0.73,P1,Team_B,High,P1
3941,Medium,0.6,0.28,4,0.71,0.59,0.36,P2,Team_A,Medium,P2
3942,Low,0.3,0.62,3,0.9,0.91,0.74,P2,Team_A,Medium,P2
3943,Low,0.3,0.67,4,0.86,0.49,0.47,P2,Team_C,Medium,P2
3944,Medium,0.6,0.48,3,0.61,0.46,0.76,P2,Team_C,Medium,P2
3945,High,0.9,0.84,2,0.75,0.75,0.78,P1,Team_C,High,P1
3946,Medium,0.6,0.55,4,0.76,0.32,0.38,P2,Team_A,Medium,P2
3947,Medium,0.6,0.76,2,0.77,0.73,0.94,P2,Team_A,Medium,P2
3948,Medium,0.6,0.54,1,0.55,0.68,0.59,P2,Team_C,Medium,P2
3949,High,0.9,0.57,2,0.72,0.32,0.73,P2,Team_B,Medium,P2
3950,Medium,0.6,0.7,4,0.93,0.76,0.59,P2,Team_A,Medium,P2
3951,Low,0.3,0.53,2,0.41,0.34,0.69,P2,Team_C,Medium,P2
3952,Medium,0.6,0.93,2,0.82,0.71,0.73,P2,Team_C,Medium,P2
3953,High,0.9,0.29,4,0.91,0.4,0.45,P2,Team_B,Medium,P2
3954,High,0.9,0.21,3,0.98,0.37,0.74,P2,Team_B,Medium,P2
3955,Low,0.3,0.49,2,0.81,0.47,0.66,P2,Team_B,Medium,P2
3956,Medium,0.6,0.18,4,0.77,0.76,0.72,P2,Team_A,Medium,P2
3957,Medium,0.6,0.65,3,0.68,0.63,0.85,P2,Team_A,Medium,P2
3958,High,0.9,0.23,3,0.84,0.69,0.9,P2,Team_C,Medium,P2
3959,High,0.9,0.56,2,0.75,0.7,0.9,P2,Team_B,Medium,P2
3960,High,0.9,0.98,3,0.74,0.55,0.4,P1,Team_C,High,P1
3961,Low,0.3,0.58,1,0.83,0.92,0.42,P2,Team_B,Medium,P2
3962,Medium,0.6,0.57,1,0.49,0.53,0.47,P2,Team_C,Medium,P2
3963,Medium,0.6,0.78,1,0.65,0.39,0.55,P2,Team_B,Medium,P2
3964,Medium,0.6,0.67,3,0.91,0.65,0.37,P2,Team_A,Medium,P2
3965,Low,0.3,0.7,4,0.86,0.77,0.42,P2,Team_B,Medium,P2
3966,Low,0.3,0.32,1,0.51,0.87,0.75,P3,Team_A,Low,P3
3967,Medium,0.6,0.56,2,0.55,0.54,0.57,P2,Team_C,Medium,P2
3968,High,0.9,0.32,1,0.55,0.55,0.7,P2,Team_B,Medium,P2
3969,Low,0.3,0.9,3,0.82,0.7,0.76,P2,Team_B,Medium,P2
3970,High,0.9,0.34,1,0.59,0.9,0.9,P2,Team_A,Medium,P2
3971,Low,0.3,0.09,1,0.83,0.92,0.69,P3,Team_C,Low,P3
3972,High,0.9,0.7,4,0.84,0.5,0.73,P1,Team_A,High,P1
3973,High,0.9,0.38,2,0.81,0.58,0.38,P2,Team_A,Medium,P2
3974,Medium,0.6,0.38,1,0.86,0.89,0.95,P2,Team_C,Medium,P2
3975,Medium,0.6,0.86,3,0.97,0.54,0.65,P2,Team_B,Medium,P2
3976,High,0.9,0.17,3,0.65,0.72,0.47,P2,Team_A,Medium,P2
3977,Low,0.3,0.35,4,0.71,0.69,0.34,P3,Team_B,Low,P3
3978,Medium,0.6,0.67,1,0.55,0.73,0.75,P2,Team_B,Medium,P2
3979,Medium,0.6,0.72,1,0.62,0.92,0.87,P2,Team_C,Medium,P2
3980,Low,0.3,0.43,4,0.6,0.74,0.96,P2,Team_C,Medium,P2
3981,Medium,0.6,0.48,3,0.49,0.9,0.6,P2,Team_C,Medium,P2
3982,Low,0.3,0.27,1,0.65,0.98,0.99,P3,Team_A,Low,P3
3983,High,0.9,0.1,4,0.44,0.83,0.87,P2,Team_B,Medium,P2
3984,Low,0.3,0.42,4,0.87,0.81,0.32,P2,Team_A,Medium,P2
3985,Medium,0.6,0.37,1,0.81,0.78,0.76,P2,Team_B,Medium,P2
3986,High,0.9,0.73,4,0.82,0.75,0.45,P1,Team_B,High,P1
3987,High,0.9,0.34,1,0.9,0.62,0.9,P2,Team_B,Medium,P2
3988,Medium,0.6,0.25,3,0.93,0.45,0.71,P2,Team_B,Medium,P2
3989,High,0.9,0.39,2,0.8,0.73,0.7,P2,Team_C,Medium,P2
3990,High,0.9,0.46,4,0.69,0.55,0.62,P2,Team_B,Medium,P2
3991,Medium,0.6,0.76,1,0.78,0.88,0.74,P2,Team_A,Medium,P2
3992,Medium,0.6,0.37,1,0.87,0.87,0.61,P2,Team_A,Medium,P2
3993,Low,0.3,0.4,3,0.88,0.82,0.82,P2,Team_C,Medium,P2
3994,High,0.9,0.77,4,0.64,0.79,0.65,P1,Team_C,High,P1
3995,Medium,0.6,0.9,3,0.91,0.52,0.74,P2,Team_C,Medium,P2
3996,Low,0.3,0.53,1,0.78,0.83,0.75,P2,Team_C,Medium,P2
3997,Medium,0.6,0.61,2,0.78,0.84,0.36,P2,Team_B,Medium,P2
3998,High,0.9,0.83,1,0.88,0.62,0.8,P1,Team_C,High,P1
3999,High,0.9,0.48,2,0.58,0.95,0.84,P2,Team_A,Medium,P2
4000,High,0.9,0.51,1,0.79,0.53,0.79,P2,Team_C,Medium,P2
4001,Low,0.3,0.32,4,0.84,0.67,0.9,P3,Team_C,Low,P3
4002,High,0.9,0.59,1,0.88,0.7,0.31,P2,Team_A,Medium,P2
4003,High,0.9,0.45,4,0.75,0.61,0.53,P2,Team_C,Medium,P2
4004,Low,0.3,0.65,4,0.72,0.37,0.58,P2,Team_B,Medium,P2
4005,Low,0.3,0.31,3,0.58,0.62,0.36,P3,Team_B,Low,P3
4006,High,0.9,0.53,4,0.71,0.87,0.55,P2,Team_C,Medium,P2
4007,High,0.9,0.73,2,0.8,0.91,0.67,P1,Team_C,High,P1
4008,Low,0.3,0.86,4,0.82,0.59,0.52,P2,Team_C,Medium,P2
4009,Medium,0.6,0.22,1,0.91,0.72,0.89,P2,Team_B,Medium,P2
4010,Low,0.3,0.8,3,0.86,0.79,0.71,P2,Team_C,Medium,P2
4011,Low,0.3,0.04,3,0.77,0.55,0.96,P3,Team_A,Low,P3
4012,High,0.9,0.4,2,0.56,0.85,0.87,P2,Team_C,Medium,P2
4013,High,0.9,0.57,4,0.8,0.71,0.8,P2,Team_C,Medium,P2
4014,Medium,0.6,0.15,1,0.79,0.44,0.94,P2,Team_A,Medium,P2
4015,Medium,0.6,0.74,4,0.56,0.78,0.52,P2,Team_A,Medium,P2
4016,Medium,0.6,0.62,3,0.78,0.43,0.99,P2,Team_B,Medium,P2
4017,Low,0.3,0.46,3,0.35,0.33,0.75,P2,Team_B,Medium,P2
4018,Medium,0.6,0.53,2,0.56,0.74,0.77,P2,Team_B,Medium,P2
4019,Low,0.3,0.31,3,0.49,0.94,0.63,P3,Team_A,Low,P3
4020,Low,0.3,0.39,2,0.33,0.58,0.64,P3,Team_C,Low,P3
4021,Low,0.3,0.68,3,0.82,0.7,0.65,P2,Team_A,Medium,P2
4022,Medium,0.6,0.34,3,0.75,0.46,0.46,P2,Team_B,Medium,P2
4023,Low,0.3,0.73,1,0.83,0.32,0.86,P2,Team_B,Medium,P2
4024,High,0.9,0.78,3,0.33,0.92,0.34,P1,Team_B,High,P1
4025,Medium,0.6,0.86,4,0.52,0.83,0.59,P2,Team_B,Medium,P2
4026,Medium,0.6,0.27,2,0.83,0.47,0.46,P2,Team_C,Medium,P2
4027,Low,0.3,0.58,1,0.74,0.77,0.41,P2,Team_C,Medium,P2
4028,Low,0.3,0.22,2,0.9,0.64,0.8,P3,Team_C,Low,P3
4029,High,0.9,0.32,2,0.67,0.45,0.65,P2,Team_C,Medium,P2
4030,Medium,0.6,0.22,2,0.78,0.77,0.71,P2,Team_B,Medium,P2
4031,Medium,0.6,0.47,3,0.75,0.55,0.99,P2,Team_C,Medium,P2
4032,Low,0.3,0.71,2,0.61,0.54,0.32,P2,Team_B,Medium,P2
4033,Medium,0.6,0.63,4,0.86,0.54,0.64,P2,Team_C,Medium,P2
4034,Low,0.3,0.57,4,0.95,0.44,0.51,P2,Team_A,Medium,P2
4035,Medium,0.6,0.26,1,0.65,0.31,0.36,P2,Team_A,Medium,P2
4036,Low,0.3,0.66,4,0.81,0.7,0.89,P2,Team_B,Medium,P2
4037,High,0.9,0.66,3,0.8,0.39,0.51,P1,Team_B,High,P1
4038,Medium,0.6,0.79,3,0.72,0.68,0.74,P2,Team_B,Medium,P2
4039,High,0.9,0.51,1,0.64,0.9,0.42,P2,Team_B,Medium,P2
4040,Low,0.3,0.55,4,0.27,0.64,0.84,P2,Team_A,Medium,P2
4041,Medium,0.6,0.37,4,0.39,0.29,0.8,P2,Team_B,Medium,P2
4042,Low,0.3,0.37,3,0.87,0.57,0.53,P3,Team_B,Low,P3
4043,Medium,0.6,0.58,1,0.48,0.77,0.55,P2,Team_A,Medium,P2
4044,Medium,0.6,0.68,4,0.9,0.73,0.78,P2,Team_A,Medium,P2
4045,Low,0.3,0.32,1,0.96,0.72,0.52,P3,Team_C,Low,P3
4046,High,0.9,0.44,4,0.75,0.7,0.96,P2,Team_C,Medium,P2
4047,High,0.9,0.33,3,0.5,0.98,0.81,P2,Team_B,Medium,P2
4048,Low,0.3,0.04,2,0.9,0.57,0.6,P3,Team_A,Low,P3
4049,High,0.9,0.48,4,0.76,0.61,0.83,P2,Team_C,Medium,P2
4050,Medium,0.6,0.27,1,0.63,0.37,0.53,P2,Team_B,Medium,P2
4051,High,0.9,0.65,1,0.83,0.8,0.99,P1,Team_B,High,P1
4052,Medium,0.6,0.4,1,0.63,0.82,0.62,P2,Team_B,Medium,P2
4053,High,0.9,0.14,1,0.79,0.65,0.55,P2,Team_C,Medium,P2
4054,Low,0.3,0.6,3,0.25,0.54,0.91,P2,Team_B,Medium,P2
4055,Low,0.3,0.48,4,0.78,0.61,0.73,P2,Team_B,Medium,P2
4056,High,0.9,0.47,3,0.82,0.69,0.86,P2,Team_B,Medium,P2
4057,High,0.9,0.68,1,0.81,0.57,0.93,P1,Team_C,High,P1
4058,Medium,0.6,0.79,4,0.47,0.52,0.48,P2,Team_A,Medium,P2
4059,Medium,0.6,0.86,3,0.74,0.93,0.95,P2,Team_B,Medium,P2
4060,Low,0.3,0.22,2,0.76,0.76,0.57,P3,Team_B,Low,P3
4061,Low,0.3,0.31,1,0.82,0.75,0.65,P3,Team_B,Low,P3
4062,Medium,0.6,0.19,3,0.66,0.66,0.93,P2,Team_B,Medium,P2
4063,Medium,0.6,0.21,1,0.96,0.57,0.87,P2,Team_B,Medium,P2
4064,Low,0.3,0.45,3,0.86,0.76,0.62,P2,Team_C,Medium,P2
4065,Medium,0.6,0.64,3,0.75,0.72,0.99,P2,Team_A,Medium,P2
4066,Medium,0.6,0.53,3,0.68,0.56,0.95,P2,Team_A,Medium,P2
4067,Medium,0.6,0.45,3,0.76,0.93,0.51,P2,Team_B,Medium,P2
4068,Low,0.3,0.27,3,0.51,0.52,0.64,P3,Team_C,Low,P3
4069,Low,0.3,0.13,2,0.62,0.67,0.51,P3,Team_C,Low,P3
4070,High,0.9,0.22,4,0.42,0.96,0.85,P2,Team_C,Medium,P2
4071,Low,0.3,0.47,3,0.66,0.75,0.87,P2,Team_B,Medium,P2
4072,High,0.9,0.33,2,0.86,0.64,0.67,P2,Team_A,Medium,P2
4073,Medium,0.6,0.48,2,0.92,0.87,0.69,P2,Team_B,Medium,P2
4074,Low,0.3,0.25,4,0.59,0.88,0.75,P3,Team_C,Low,P3
4075,High,0.9,0.51,1,0.93,0.86,0.31,P2,Team_B,Medium,P2
4076,High,0.9,0.65,4,0.71,0.63,0.89,P1,Team_C,High,P1
4077,High,0.9,0.15,3,0.86,0.71,0.59,P2,Team_C,Medium,P2
4078,Medium,0.6,0.56,1,0.69,0.56,0.69,P2,Team_C,Medium,P2
4079,Low,0.3,0.61,3,0.74,0.38,0.38,P2,Team_B,Medium,P2
4080,Low,0.3,0.38,2,0.45,0.33,0.89,P3,Team_A,Low,P3
4081,Medium,0.6,0.12,1,0.69,0.41,0.5,P2,Team_C,Medium,P2
4082,Low,0.3,0.39,4,0.85,0.35,0.59,P3,Team_C,Low,P3
4083,Medium,0.6,0.63,2,0.81,0.87,0.71,P2,Team_A,Medium,P2
4084,Low,0.3,0.47,2,0.66,0.88,0.34,P2,Team_A,Medium,P2
4085,Low,0.3,0.38,2,0.34,0.49,0.92,P3,Team_B,Low,P3
4086,Low,0.3,0.27,1,0.71,0.77,0.56,P3,Team_A,Low,P3
4087,Medium,0.6,0.39,4,0.44,0.5,0.42,P2,Team_A,Medium,P2
4088,Low,0.3,0.46,2,0.54,0.63,0.55,P2,Team_C,Medium,P2
4089,Medium,0.6,0.27,3,0.65,0.65,0.89,P2,Team_C,Medium,P2
4090,Medium,0.6,0.7,3,0.48,0.79,0.62,P2,Team_B,Medium,P2
4091,Medium,0.6,0.44,3,0.5,0.83,0.74,P2,Team_C,Medium,P2
4092,High,0.9,0.29,1,0.84,0.77,0.62,P2,Team_B,Medium,P2
4093,Low,0.3,0.29,4,0.85,0.47,0.61,P3,Team_B,Low,P3
4094,Medium,0.6,0.49,1,0.7,0.64,0.53,P2,Team_B,Medium,P2
4095,Medium,0.6,0.56,1,0.9,0.75,0.8,P2,Team_B,Medium,P2
4096,Medium,0.6,0.43,4,0.64,0.69,0.79,P2,Team_C,Medium,P2
4097,Medium,0.6,0.38,1,0.59,0.74,0.75,P2,Team_C,Medium,P2
4098,Low,0.3,0.89,3,0.78,0.7,0.69,P2,Team_A,Medium,P2
4099,High,0.9,0.3,3,0.44,0.37,0.61,P2,Team_B,Medium,P2
4100,Medium,0.6,0.28,1,0.6,0.64,0.63,P2,Team_B,Medium,P2
4101,Low,0.3,0.71,2,0.59,0.95,0.89,P2,Team_C,Medium,P2
4102,Medium,0.6,0.61,4,0.79,0.62,0.87,P2,Team_C,Medium,P2
4103,Medium,0.6,0.55,2,0.85,0.72,0.83,P2,Team_A,Medium,P2
4104,Medium,0.6,0.98,4,0.58,0.89,0.84,P2,Team_A,Medium,P2
4105,Medium,0.6,0.64,3,0.86,0.8,0.93,P2,Team_B,Medium,P2
4106,Low,0.3,0.75,2,0.97,0.63,0.85,P2,Team_B,Medium,P2
4107,Medium,0.6,0.8,4,0.98,0.61,0.45,P2,Team_B,Medium,P2
4108,Low,0.3,0.52,1,0.56,0.96,0.48,P2,Team_A,Medium,P2
4109,Low,0.3,0.65,2,0.53,0.68,0.35,P2,Team_B,Medium,P2
4110,Medium,0.6,0.74,2,0.2,0.56,0.67,P2,Team_B,Medium,P2
4111,Medium,0.6,0.56,1,0.85,0.45,0.36,P2,Team_A,Medium,P2
4112,Medium,0.6,0.19,3,0.34,0.86,0.97,P2,Team_C,Medium,P2
4113,Low,0.3,0.46,4,0.52,0.9,0.68,P2,Team_A,Medium,P2
4114,Medium,0.6,0.37,1,0.77,0.5,0.97,P2,Team_B,Medium,P2
4115,Medium,0.6,0.57,3,0.87,0.42,0.62,P2,Team_C,Medium,P2
4116,High,0.9,0.74,4,0.6,0.72,0.55,P1,Team_C,High,P1
4117,High,0.9,0.62,2,0.82,0.63,0.88,P1,Team_B,High,P1
4118,Medium,0.6,0.31,3,0.69,0.66,0.34,P2,Team_B,Medium,P2
4119,High,0.9,0.67,2,0.9,0.62,0.98,P1,Team_A,High,P1
4120,Low,0.3,0.78,1,0.73,0.63,0.48,P2,Team_C,Medium,P2
4121,Medium,0.6,0.73,3,0.66,0.74,0.69,P2,Team_C,Medium,P2
4122,Low,0.3,0.41,4,0.41,0.53,0.49,P2,Team_C,Medium,P2
4123,High,0.9,0.75,3,0.63,0.34,0.62,P1,Team_C,High,P1
4124,High,0.9,0.69,2,0.78,0.57,0.99,P1,Team_B,High,P1
4125,Medium,0.6,0.33,2,0.52,0.73,0.36,P2,Team_B,Medium,P2
4126,Low,0.3,0.38,4,0.67,0.94,0.79,P3,Team_A,Low,P3
4127,Low,0.3,0.26,3,0.79,0.65,0.67,P3,Team_A,Low,P3
4128,Low,0.3,0.36,4,0.9,0.78,0.71,P3,Team_C,Low,P3
4129,Low,0.3,0.19,4,0.44,0.84,0.55,P3,Team_C,Low,P3
4130,Low,0.3,0.53,2,0.63,0.24,0.39,P2,Team_B,Medium,P2
4131,High,0.9,0.71,2,0.26,0.6,0.76,P1,Team_A,High,P1
4132,High,0.9,0.56,4,0.95,0.6,0.35,P2,Team_C,Medium,P2
4133,Medium,0.6,0.75,2,0.88,0.46,0.56,P2,Team_A,Medium,P2
4134,Low,0.3,0.37,4,0.73,0.64,0.71,P3,Team_C,Low,P3
4135,Medium,0.6,0.73,3,0.39,0.74,0.98,P2,Team_A,Medium,P2
4136,Low,0.3,0.72,4,0.8,0.83,0.4,P2,Team_B,Medium,P2
4137,High,0.9,0.35,4,0.73,0.67,0.8,P2,Team_C,Medium,P2
4138,Medium,0.6,0.38,1,0.84,0.78,0.96,P2,Team_A,Medium,P2
4139,Low,0.3,0.7,1,0.74,0.53,0.74,P2,Team_B,Medium,P2
4140,Medium,0.6,0.43,1,0.78,0.77,0.38,P2,Team_C,Medium,P2
4141,Medium,0.6,0.33,4,0.94,0.39,0.5,P2,Team_A,Medium,P2
4142,Low,0.3,0.47,2,0.57,0.65,0.72,P2,Team_A,Medium,P2
4143,High,0.9,0.32,1,0.97,0.36,0.42,P2,Team_B,Medium,P2
4144,Low,0.3,0.41,2,0.69,0.63,0.67,P2,Team_C,Medium,P2
4145,Medium,0.6,0.76,2,0.82,0.94,0.54,P2,Team_C,Medium,P2
4146,Low,0.3,0.2,4,0.77,0.58,0.34,P3,Team_B,Low,P3
4147,Medium,0.6,0.45,3,0.91,0.74,0.47,P2,Team_B,Medium,P2
4148,Low,0.3,0.98,2,0.42,0.59,0.95,P2,Team_C,Medium,P2
4149,Low,0.3,0.71,2,0.96,0.43,0.84,P2,Team_C,Medium,P2
4150,Low,0.3,0.43,3,0.54,0.5,0.54,P2,Team_A,Medium,P2
4151,Medium,0.6,0.33,4,0.73,0.91,0.31,P2,Team_A,Medium,P2
4152,High,0.9,0.9,3,0.84,0.89,0.52,P1,Team_A,High,P1
4153,Low,0.3,0.75,3,0.75,0.33,0.94,P2,Team_C,Medium,P2
4154,Medium,0.6,0.43,1,0.72,0.7,0.39,P2,Team_B,Medium,P2
4155,Medium,0.6,0.45,4,0.68,0.89,0.39,P2,Team_B,Medium,P2
4156,Low,0.3,0.08,1,0.93,0.58,0.63,P3,Team_C,Low,P3
4157,Medium,0.6,0.46,2,0.34,0.9,0.94,P2,Team_B,Medium,P2
4158,Low,0.3,0.54,4,0.9,0.81,0.83,P2,Team_A,Medium,P2
4159,High,0.9,0.91,3,0.89,0.82,0.74,P1,Team_B,High,P1
4160,Low,0.3,0.27,4,0.74,0.7,0.79,P3,Team_B,Low,P3
4161,Low,0.3,0.27,3,0.9,0.59,0.49,P3,Team_C,Low,P3
4162,Low,0.3,0.44,1,0.73,0.36,0.91,P2,Team_A,Medium,P2
4163,Medium,0.6,0.29,4,0.5,0.64,0.45,P2,Team_A,Medium,P2
4164,Medium,0.6,0.65,1,0.55,0.91,0.71,P2,Team_C,Medium,P2
4165,Low,0.3,0.52,1,0.67,0.61,0.43,P2,Team_A,Medium,P2
4166,Medium,0.6,0.18,1,0.68,0.59,0.55,P2,Team_C,Medium,P2
4167,Low,0.3,0.19,2,0.47,0.77,0.97,P3,Team_C,Low,P3
4168,Medium,0.6,0.46,4,0.6,0.63,0.63,P2,Team_B,Medium,P2
4169,Medium,0.6,0.44,3,0.58,0.62,0.84,P2,Team_C,Medium,P2
4170,High,0.9,0.64,4,0.78,0.8,0.81,P1,Team_C,High,P1
4171,Low,0.3,0.26,2,0.74,0.78,0.56,P3,Team_A,Low,P3
4172,High,0.9,0.4,3,0.79,0.86,0.74,P2,Team_A,Medium,P2
4173,Low,0.3,0.33,4,0.81,0.95,0.67,P3,Team_A,Low,P3
4174,High,0.9,0.43,1,0.67,0.92,1.0,P2,Team_A,Medium,P2
4175,Low,0.3,0.62,3,0.79,0.74,0.81,P2,Team_C,Medium,P2
4176,Low,0.3,0.7,2,0.99,0.87,0.33,P2,Team_B,Medium,P2
4177,High,0.9,0.5,4,0.7,0.86,0.72,P2,Team_A,Medium,P2
4178,High,0.9,0.41,4,0.9,0.89,0.5,P2,Team_C,Medium,P2
4179,Low,0.3,0.41,2,0.79,0.85,0.47,P2,Team_C,Medium,P2
4180,Medium,0.6,0.18,4,0.65,0.44,0.5,P2,Team_B,Medium,P2
4181,Low,0.3,0.77,4,0.8,0.76,0.86,P2,Team_A,Medium,P2
4182,High,0.9,0.37,1,0.87,0.69,0.95,P2,Team_C,Medium,P2
4183,High,0.9,0.61,2,0.43,0.81,0.73,P1,Team_C,High,P1
4184,Low,0.3,0.57,1,0.8,0.26,0.83,P2,Team_B,Medium,P2
4185,Medium,0.6,0.1,1,0.78,0.5,0.95,P2,Team_A,Medium,P2
4186,Medium,0.6,0.35,2,0.69,0.74,0.43,P2,Team_B,Medium,P2
4187,Low,0.3,0.7,4,0.76,0.57,0.44,P2,Team_A,Medium,P2
4188,Medium,0.6,0.21,1,0.67,0.82,0.99,P2,Team_A,Medium,P2
4189,Low,0.3,0.62,3,0.77,0.61,0.78,P2,Team_A,Medium,P2
4190,Medium,0.6,0.15,2,0.54,0.82,0.96,P2,Team_A,Medium,P2
4191,Low,0.3,0.35,3,0.71,0.64,0.76,P3,Team_A,Low,P3
4192,Low,0.3,0.29,2,0.86,0.37,0.75,P3,Team_C,Low,P3
4193,Low,0.3,0.54,1,0.84,0.48,0.5,P2,Team_A,Medium,P2
4194,High,0.9,0.78,3,0.65,0.96,0.72,P1,Team_A,High,P1
4195,Medium,0.6,0.66,3,0.42,0.45,0.44,P2,Team_B,Medium,P2
4196,Low,0.3,0.19,1,0.94,0.68,0.73,P3,Team_C,Low,P3
4197,Low,0.3,0.41,4,0.83,0.78,0.81,P2,Team_B,Medium,P2
4198,Low,0.3,0.69,2,0.53,0.66,0.77,P2,Team_C,Medium,P2
4199,High,0.9,0.51,3,0.94,0.58,0.65,P2,Team_B,Medium,P2
4200,High,0.9,0.75,1,0.62,0.76,0.41,P1,Team_A,High,P1
4201,Low,0.3,0.82,1,0.56,0.87,0.57,P2,Team_A,Medium,P2
4202,Low,0.3,0.68,3,0.67,0.81,0.99,P2,Team_A,Medium,P2
4203,Medium,0.6,0.39,1,0.88,0.91,0.35,P2,Team_C,Medium,P2
4204,High,0.9,0.89,1,0.92,0.6,0.96,P1,Team_B,High,P1
4205,Low,0.3,0.55,1,0.31,0.52,0.46,P2,Team_A,Medium,P2
4206,High,0.9,0.93,4,0.84,0.65,0.34,P1,Team_C,High,P1
4207,Medium,0.6,0.36,3,0.61,0.68,0.71,P2,Team_C,Medium,P2
4208,Low,0.3,0.69,2,0.82,0.91,0.37,P2,Team_C,Medium,P2
4209,High,0.9,0.54,2,0.69,0.41,0.64,P2,Team_C,Medium,P2
4210,Low,0.3,0.39,1,0.45,0.66,0.84,P3,Team_A,Low,P3
4211,Low,0.3,0.54,3,0.77,0.76,0.56,P2,Team_C,Medium,P2
4212,Medium,0.6,0.82,3,0.93,0.56,0.66,P2,Team_B,Medium,P2
4213,High,0.9,0.25,2,0.82,0.8,0.82,P2,Team_A,Medium,P2
4214,Medium,0.6,0.79,4,0.91,0.79,0.53,P2,Team_C,Medium,P2
4215,High,0.9,0.55,1,0.85,0.7,0.95,P2,Team_B,Medium,P2
4216,Medium,0.6,0.55,4,0.66,0.86,0.87,P2,Team_C,Medium,P2
4217,Medium,0.6,0.58,4,0.81,0.77,0.98,P2,Team_B,Medium,P2
4218,Low,0.3,0.64,2,0.58,0.41,0.63,P2,Team_A,Medium,P2
4219,Low,0.3,0.3,1,0.91,0.82,0.44,P3,Team_C,Low,P3
4220,High,0.9,0.95,3,0.86,0.47,0.38,P1,Team_A,High,P1
4221,Low,0.3,0.63,1,0.94,0.7,0.73,P2,Team_B,Medium,P2
4222,Medium,0.6,0.52,3,0.64,0.62,0.87,P2,Team_B,Medium,P2
4223,Medium,0.6,0.8,3,0.5,0.67,0.95,P2,Team_C,Medium,P2
4224,Low,0.3,0.55,4,0.58,0.94,0.76,P2,Team_B,Medium,P2
4225,Medium,0.6,0.66,4,0.63,0.8,0.62,P2,Team_C,Medium,P2
4226,Low,0.3,0.77,2,0.75,0.63,0.5,P2,Team_C,Medium,P2
4227,Low,0.3,0.83,4,0.5,0.56,0.42,P2,Team_C,Medium,P2
4228,Medium,0.6,0.68,3,0.7,0.56,0.69,P2,Team_A,Medium,P2
4229,High,0.9,0.23,1,0.86,0.74,0.64,P2,Team_C,Medium,P2
4230,High,0.9,0.83,1,0.83,0.32,0.61,P1,Team_A,High,P1
4231,Medium,0.6,0.66,1,0.9,0.46,0.96,P2,Team_B,Medium,P2
4232,Low,0.3,0.39,3,0.91,0.73,0.37,P3,Team_A,Low,P3
4233,Medium,0.6,0.37,1,0.7,0.22,0.88,P2,Team_A,Medium,P2
4234,High,0.9,0.18,3,0.41,0.08,0.37,P2,Team_C,Medium,P2
4235,Low,0.3,0.3,3,0.88,0.47,0.7,P3,Team_C,Low,P3
4236,Low,0.3,0.58,3,0.63,0.57,0.54,P2,Team_C,Medium,P2
4237,Medium,0.6,0.37,4,0.85,0.64,0.77,P2,Team_A,Medium,P2
4238,Low,0.3,0.57,1,0.8,0.83,0.76,P2,Team_C,Medium,P2
4239,Low,0.3,0.86,3,0.42,0.26,0.3,P2,Team_C,Medium,P2
4240,High,0.9,0.77,1,0.65,0.84,0.69,P1,Team_B,High,P1
4241,High,0.9,0.45,4,0.78,0.44,0.48,P2,Team_C,Medium,P2
4242,Low,0.3,0.27,1,0.6,0.86,0.86,P3,Team_A,Low,P3
4243,High,0.9,0.81,3,0.67,0.66,0.5,P1,Team_C,High,P1
4244,High,0.9,0.75,4,0.81,0.93,0.77,P1,Team_A,High,P1
4245,Medium,0.6,0.83,3,0.33,0.6,0.56,P2,Team_A,Medium,P2
4246,Low,0.3,0.44,3,0.66,0.42,0.93,P2,Team_A,Medium,P2
4247,Medium,0.6,0.23,2,0.62,0.95,0.4,P2,Team_A,Medium,P2
4248,Low,0.3,0.56,2,0.89,0.28,0.49,P2,Team_A,Medium,P2
4249,High,0.9,0.23,4,0.7,0.6,0.64,P2,Team_B,Medium,P2
4250,High,0.9,0.61,1,0.92,0.42,0.5,P1,Team_C,High,P1
4251,Medium,0.6,0.18,4,0.75,0.47,0.97,P2,Team_C,Medium,P2
4252,High,0.9,0.18,1,0.81,0.63,0.77,P2,Team_B,Medium,P2
4253,Low,0.3,0.42,4,0.72,0.77,0.51,P2,Team_A,Medium,P2
4254,High,0.9,0.18,2,0.81,0.43,0.62,P2,Team_C,Medium,P2
4255,Medium,0.6,0.1,4,0.73,0.83,0.9,P2,Team_C,Medium,P2
4256,High,0.9,0.43,2,0.59,0.56,0.82,P2,Team_A,Medium,P2
4257,Low,0.3,0.13,2,0.86,0.24,0.56,P3,Team_A,Low,P3
4258,High,0.9,0.78,1,0.39,0.08,0.81,P1,Team_B,High,P1
4259,Medium,0.6,0.19,4,0.61,0.17,0.78,P2,Team_C,Medium,P2
4260,Low,0.3,0.47,1,0.78,0.63,0.71,P2,Team_B,Medium,P2
4261,High,0.9,0.56,2,0.58,0.85,0.94,P2,Team_C,Medium,P2
4262,Medium,0.6,0.06,2,0.58,0.56,0.61,P2,Team_B,Medium,P2
4263,Medium,0.6,0.55,1,0.51,0.76,0.88,P2,Team_C,Medium,P2
4264,Low,0.3,0.36,1,0.8,0.91,0.74,P3,Team_A,Low,P3
4265,High,0.9,0.59,2,0.81,0.87,0.31,P2,Team_B,Medium,P2
4266,Medium,0.6,0.17,1,0.73,0.76,0.91,P2,Team_B,Medium,P2
4267,Low,0.3,0.64,2,0.92,0.42,0.87,P2,Team_B,Medium,P2
4268,Low,0.3,0.1,3,0.59,0.73,0.32,P3,Team_B,Low,P3
4269,Low,0.3,0.32,4,0.72,0.72,0.5,P3,Team_B,Low,P3
4270,High,0.9,0.13,2,0.37,0.8,0.54,P2,Team_C,Medium,P2
4271,Low,0.3,0.53,2,0.57,0.72,0.33,P2,Team_A,Medium,P2
4272,Low,0.3,0.59,4,0.75,0.84,0.74,P2,Team_B,Medium,P2
4273,High,0.9,0.06,4,0.9,0.51,0.33,P2,Team_A,Medium,P2
4274,Low,0.3,0.38,2,0.63,0.31,0.39,P3,Team_C,Low,P3
4275,Medium,0.6,0.79,2,0.59,0.61,0.65,P2,Team_A,Medium,P2
4276,Low,0.3,0.39,2,0.59,0.8,0.61,P3,Team_A,Low,P3
4277,Medium,0.6,0.46,1,0.82,0.54,0.67,P2,Team_A,Medium,P2
4278,Low,0.3,0.42,2,0.56,0.77,0.41,P2,Team_B,Medium,P2
4279,Medium,0.6,0.33,1,0.79,0.95,0.53,P2,Team_B,Medium,P2
4280,Medium,0.6,0.42,2,0.8,0.95,0.84,P2,Team_B,Medium,P2
4281,High,0.9,0.55,1,0.65,0.78,0.67,P2,Team_A,Medium,P2
4282,Medium,0.6,0.84,3,0.74,0.8,0.31,P2,Team_C,Medium,P2
4283,Low,0.3,0.57,1,0.78,0.54,0.97,P2,Team_B,Medium,P2
4284,Medium,0.6,0.16,1,0.11,0.66,0.81,P2,Team_B,Medium,P2
4285,Low,0.3,0.36,3,0.41,0.62,0.45,P3,Team_C,Low,P3
4286,Medium,0.6,0.53,2,0.71,0.46,0.73,P2,Team_B,Medium,P2
4287,Medium,0.6,0.56,3,0.94,0.82,0.99,P2,Team_B,Medium,P2
4288,Medium,0.6,0.71,1,0.85,0.81,0.45,P2,Team_B,Medium,P2
4289,Low,0.3,0.3,3,0.91,0.74,0.37,P3,Team_A,Low,P3
4290,Low,0.3,0.62,4,0.84,0.57,0.92,P2,Team_C,Medium,P2
4291,Medium,0.6,0.2,4,0.6,0.68,0.52,P2,Team_B,Medium,P2
4292,Medium,0.6,0.34,3,0.49,0.76,0.46,P2,Team_A,Medium,P2
4293,High,0.9,0.09,4,0.56,0.69,0.56,P2,Team_A,Medium,P2
4294,Medium,0.6,0.36,1,0.67,0.69,0.38,P2,Team_B,Medium,P2
4295,High,0.9,0.41,3,0.87,0.44,0.9,P2,Team_C,Medium,P2
4296,Low,0.3,0.17,4,0.58,0.88,0.74,P3,Team_C,Low,P3
4297,High,0.9,0.42,2,0.83,0.7,0.4,P2,Team_A,Medium,P2
4298,Medium,0.6,0.81,1,0.54,0.55,0.93,P2,Team_A,Medium,P2
4299,Medium,0.6,0.56,1,0.62,0.27,0.98,P2,Team_B,Medium,P2
4300,Medium,0.6,0.76,4,0.5,0.67,0.87,P2,Team_B,Medium,P2
4301,High,0.9,0.73,1,0.48,0.77,0.31,P1,Team_C,High,P1
4302,Low,0.3,0.7,2,0.57,0.57,0.92,P2,Team_A,Medium,P2
4303,Low,0.3,0.89,1,0.6,0.91,0.46,P2,Team_B,Medium,P2
4304,High,0.9,0.37,3,0.46,0.75,0.73,P2,Team_B,Medium,P2
4305,High,0.9,0.64,2,0.9,0.45,0.65,P1,Team_C,High,P1
4306,High,0.9,0.49,2,0.56,0.66,0.34,P2,Team_C,Medium,P2
4307,Low,0.3,0.09,2,0.84,0.48,0.84,P3,Team_B,Low,P3
4308,Medium,0.6,0.98,1,0.67,0.84,0.95,P2,Team_B,Medium,P2
4309,Low,0.3,0.46,2,0.95,0.69,0.94,P2,Team_A,Medium,P2
4310,Low,0.3,0.31,3,0.73,0.56,0.94,P3,Team_B,Low,P3
4311,Medium,0.6,0.45,1,0.51,0.63,0.83,P2,Team_B,Medium,P2
4312,Low,0.3,0.79,4,0.6,0.49,0.58,P2,Team_A,Medium,P2
4313,Low,0.3,0.16,1,0.93,0.83,0.44,P3,Team_B,Low,P3
4314,Medium,0.6,0.72,3,0.84,0.49,0.81,P2,Team_C,Medium,P2
4315,Low,0.3,0.43,1,0.39,0.31,0.54,P2,Team_A,Medium,P2
4316,Medium,0.6,0.46,1,0.72,0.81,0.57,P2,Team_C,Medium,P2
4317,Medium,0.6,0.17,1,0.68,0.69,0.52,P2,Team_C,Medium,P2
4318,Medium,0.6,0.48,2,0.5,0.73,0.48,P2,Team_B,Medium,P2
4319,High,0.9,0.46,1,0.71,0.79,0.81,P2,Team_C,Medium,P2
4320,Low,0.3,0.28,3,0.51,0.88,0.46,P3,Team_B,Low,P3
4321,Medium,0.6,0.56,1,0.67,0.65,0.69,P2,Team_C,Medium,P2
4322,Low,0.3,0.49,3,0.45,0.37,0.88,P2,Team_C,Medium,P2
4323,High,0.9,0.39,4,0.69,0.63,0.66,P2,Team_B,Medium,P2
4324,High,0.9,0.71,2,0.66,0.88,0.84,P1,Team_B,High,P1
4325,Low,0.3,0.32,3,0.71,0.51,0.99,P3,Team_C,Low,P3
4326,Low,0.3,0.24,1,0.43,0.82,0.64,P3,Team_C,Low,P3
4327,High,0.9,0.43,2,0.58,0.41,0.59,P2,Team_C,Medium,P2
4328,Low,0.3,0.74,4,0.71,0.55,0.43,P2,Team_A,Medium,P2
4329,Low,0.3,0.39,3,0.91,0.69,0.9,P3,Team_C,Low,P3
4330,Medium,0.6,0.57,4,0.93,0.61,0.76,P2,Team_A,Medium,P2
4331,Low,0.3,0.48,1,0.6,0.44,0.53,P2,Team_B,Medium,P2
4332,High,0.9,0.79,2,0.49,0.72,0.84,P1,Team_B,High,P1
4333,High,0.9,0.24,3,0.61,0.8,0.86,P2,Team_C,Medium,P2
4334,Low,0.3,0.56,1,0.61,0.68,0.44,P2,Team_B,Medium,P2
4335,Low,0.3,0.52,4,0.78,0.36,0.49,P2,Team_C,Medium,P2
4336,Medium,0.6,0.49,3,0.87,0.77,0.92,P2,Team_A,Medium,P2
4337,High,0.9,0.63,2,0.42,0.6,0.44,P1,Team_C,High,P1
4338,Medium,0.6,0.1,2,0.86,0.56,0.5,P2,Team_C,Medium,P2
4339,Medium,0.6,0.72,2,0.26,0.79,0.55,P2,Team_C,Medium,P2
4340,Medium,0.6,0.49,3,0.79,0.76,0.38,P2,Team_C,Medium,P2
4341,Low,0.3,0.13,1,0.86,0.27,0.76,P3,Team_B,Low,P3
4342,High,0.9,0.45,3,0.77,0.74,0.58,P2,Team_C,Medium,P2
4343,High,0.9,0.11,4,0.71,0.7,0.36,P2,Team_A,Medium,P2
4344,Medium,0.6,0.16,3,0.92,0.74,0.63,P2,Team_A,Medium,P2
4345,High,0.9,0.45,1,0.59,0.5,0.32,P2,Team_A,Medium,P2
4346,Medium,0.6,0.53,3,0.68,0.86,0.37,P2,Team_A,Medium,P2
4347,Low,0.3,0.72,1,0.83,0.82,0.99,P2,Team_B,Medium,P2
4348,High,0.9,0.3,4,0.75,0.58,0.5,P2,Team_C,Medium,P2
4349,Low,0.3,0.54,3,0.82,0.61,0.92,P2,Team_B,Medium,P2
4350,Low,0.3,0.04,4,0.87,0.8,0.42,P3,Team_C,Low,P3
4351,Low,0.3,0.44,4,0.96,0.86,0.61,P2,Team_B,Medium,P2
4352,Medium,0.6,0.69,3,0.64,0.49,0.78,P2,Team_C,Medium,P2
4353,Low,0.3,0.66,1,0.52,0.79,0.34,P2,Team_B,Medium,P2
4354,High,0.9,0.23,3,0.78,0.53,0.81,P2,Team_C,Medium,P2
4355,Medium,0.6,0.65,4,0.84,0.65,0.3,P2,Team_C,Medium,P2
4356,Medium,0.6,0.51,2,0.85,0.42,0.45,P2,Team_C,Medium,P2
4357,Medium,0.6,0.51,1,0.46,0.37,0.42,P2,Team_A,Medium,P2
4358,High,0.9,0.33,3,0.81,0.52,0.69,P2,Team_B,Medium,P2
4359,Low,0.3,0.71,2,0.49,0.81,0.88,P2,Team_A,Medium,P2
4360,High,0.9,0.35,2,0.71,0.95,0.52,P2,Team_A,Medium,P2
4361,Medium,0.6,0.76,2,0.65,0.8,0.9,P2,Team_A,Medium,P2
4362,Low,0.3,0.37,2,0.7,0.8,0.61,P3,Team_A,Low,P3
4363,Low,0.3,0.45,4,0.81,0.87,0.56,P2,Team_A,Medium,P2
4364,Medium,0.6,0.25,4,0.85,0.42,0.59,P2,Team_A,Medium,P2
4365,Medium,0.6,0.44,4,0.69,0.79,0.69,P2,Team_B,Medium,P2
4366,Medium,0.6,0.51,2,0.56,0.96,0.83,P2,Team_A,Medium,P2
4367,Medium,0.6,0.39,4,0.87,0.3,0.4,P2,Team_C,Medium,P2
4368,Low,0.3,0.57,4,0.9,0.84,0.69,P2,Team_B,Medium,P2
4369,Low,0.3,0.58,4,0.83,0.25,0.62,P2,Team_C,Medium,P2
4370,High,0.9,0.22,2,0.71,0.81,0.55,P2,Team_B,Medium,P2
4371,Medium,0.6,0.62,4,0.51,0.77,0.86,P2,Team_B,Medium,P2
4372,Low,0.3,0.46,2,0.47,0.74,0.53,P2,Team_A,Medium,P2
4373,Medium,0.6,0.79,1,0.91,0.67,0.31,P2,Team_A,Medium,P2
4374,High,0.9,0.62,2,0.39,0.87,0.71,P1,Team_C,High,P1
4375,High,0.9,0.05,2,0.64,0.86,0.74,P2,Team_B,Medium,P2
4376,Low,0.3,0.65,3,0.75,0.85,0.7,P2,Team_A,Medium,P2
4377,Low,0.3,0.6,1,0.81,0.67,0.84,P2,Team_C,Medium,P2
4378,Low,0.3,0.57,1,0.89,0.76,0.61,P2,Team_B,Medium,P2
4379,Low,0.3,0.63,1,0.61,0.68,0.97,P2,Team_B,Medium,P2
4380,Medium,0.6,0.42,1,0.86,0.51,0.7,P2,Team_C,Medium,P2
4381,Medium,0.6,0.37,3,0.73,0.7,0.83,P2,Team_C,Medium,P2
4382,Medium,0.6,0.45,1,0.85,0.8,0.65,P2,Team_C,Medium,P2
4383,Low,0.3,0.84,4,0.75,0.54,0.38,P2,Team_C,Medium,P2
4384,Low,0.3,0.68,4,0.67,0.83,0.72,P2,Team_B,Medium,P2
4385,High,0.9,0.62,2,0.68,0.69,0.88,P1,Team_C,High,P1
4386,Low,0.3,0.31,4,0.56,0.68,0.37,P3,Team_C,Low,P3
4387,Low,0.3,0.61,3,0.59,0.83,0.64,P2,Team_C,Medium,P2
4388,Low,0.3,0.26,1,0.65,0.48,0.74,P3,Team_C,Low,P3
4389,Medium,0.6,0.89,2,0.53,0.79,0.7,P2,Team_C,Medium,P2
4390,High,0.9,0.64,1,0.69,0.6,0.56,P1,Team_A,High,P1
4391,Medium,0.6,0.37,1,0.75,0.87,0.31,P2,Team_C,Medium,P2
4392,Low,0.3,0.29,4,0.44,0.84,0.57,P3,Team_B,Low,P3
4393,Medium,0.6,0.32,1,0.51,0.31,0.49,P2,Team_A,Medium,P2
4394,Low,0.3,0.73,4,0.55,0.77,0.55,P2,Team_A,Medium,P2
4395,Low,0.3,0.49,3,0.83,0.47,0.5,P2,Team_C,Medium,P2
4396,High,0.9,0.75,3,0.66,0.89,0.64,P1,Team_B,High,P1
4397,High,0.9,0.21,4,0.48,0.82,0.81,P2,Team_B,Medium,P2
4398,Low,0.3,0.73,2,0.53,0.65,0.63,P2,Team_C,Medium,P2
4399,High,0.9,0.45,2,0.9,0.56,0.91,P2,Team_A,Medium,P2
4400,High,0.9,0.29,3,0.94,0.56,0.61,P2,Team_A,Medium,P2
4401,Medium,0.6,0.55,4,0.72,0.7,0.6,P2,Team_B,Medium,P2
4402,Low,0.3,0.27,3,0.62,0.56,0.9,P3,Team_B,Low,P3
4403,High,0.9,0.24,1,0.76,0.49,0.6,P2,Team_A,Medium,P2
4404,Low,0.3,0.53,4,0.69,0.74,0.55,P2,Team_A,Medium,P2
4405,Low,0.3,0.27,3,0.53,0.93,0.75,P3,Team_B,Low,P3
4406,Low,0.3,0.26,1,0.76,0.81,0.72,P3,Team_B,Low,P3
4407,Low,0.3,0.92,1,0.73,0.97,0.72,P2,Team_A,Medium,P2
4408,Low,0.3,0.5,1,0.73,0.73,0.95,P2,Team_A,Medium,P2
4409,Medium,0.6,0.43,3,0.61,0.73,0.69,P2,Team_A,Medium,P2
4410,High,0.9,0.27,3,0.47,0.67,0.79,P2,Team_C,Medium,P2
4411,Low,0.3,0.5,2,0.67,0.23,0.9,P2,Team_A,Medium,P2
4412,High,0.9,0.41,2,0.6,0.79,0.91,P2,Team_B,Medium,P2
4413,Low,0.3,0.5,1,0.84,0.83,0.75,P2,Team_A,Medium,P2
4414,High,0.9,0.7,1,0.64,0.9,0.57,P1,Team_A,High,P1
4415,Low,0.3,0.73,3,0.84,0.85,0.83,P2,Team_A,Medium,P2
4416,Medium,0.6,0.42,3,0.87,0.61,0.3,P2,Team_A,Medium,P2
4417,High,0.9,0.85,1,0.49,0.59,0.57,P1,Team_A,High,P1
4418,Low,0.3,0.02,3,0.72,0.69,0.81,P3,Team_A,Low,P3
4419,Low,0.3,0.64,4,0.17,0.89,0.75,P2,Team_B,Medium,P2
4420,High,0.9,0.38,3,0.71,0.82,0.63,P2,Team_C,Medium,P2
4421,High,0.9,0.13,3,0.92,0.74,0.3,P2,Team_A,Medium,P2
4422,Low,0.3,0.03,1,0.67,0.55,0.58,P3,Team_A,Low,P3
4423,High,0.9,0.74,2,0.85,0.89,0.5,P1,Team_C,High,P1
4424,High,0.9,0.13,4,0.81,0.84,0.54,P2,Team_C,Medium,P2
4425,Low,0.3,0.36,4,0.79,0.88,0.81,P3,Team_A,Low,P3
4426,Low,0.3,0.62,1,0.75,0.98,0.71,P2,Team_A,Medium,P2
4427,High,0.9,0.59,4,0.78,0.19,0.41,P2,Team_A,Medium,P2
4428,High,0.9,0.21,4,0.81,0.73,0.68,P2,Team_A,Medium,P2
4429,High,0.9,0.74,3,0.95,0.82,0.99,P1,Team_C,High,P1
4430,Low,0.3,0.16,4,0.86,0.86,0.81,P3,Team_A,Low,P3
4431,Low,0.3,0.72,3,0.76,0.9,0.78,P2,Team_A,Medium,P2
4432,Low,0.3,0.09,3,0.84,0.63,0.79,P3,Team_A,Low,P3
4433,Medium,0.6,0.27,3,0.48,0.86,0.46,P2,Team_A,Medium,P2
4434,Medium,0.6,0.87,1,0.54,0.33,0.5,P2,Team_B,Medium,P2
4435,Low,0.3,0.69,1,0.6,0.77,0.92,P2,Team_C,Medium,P2
4436,High,0.9,0.26,3,0.84,0.88,0.47,P2,Team_A,Medium,P2
4437,Medium,0.6,0.06,1,0.56,0.62,0.42,P2,Team_A,Medium,P2
4438,Low,0.3,0.62,4,0.54,0.7,0.93,P2,Team_A,Medium,P2
4439,High,0.9,0.82,2,0.48,0.86,0.76,P1,Team_A,High,P1
4440,Medium,0.6,0.54,4,0.87,0.77,0.79,P2,Team_A,Medium,P2
4441,High,0.9,0.39,2,0.64,0.91,0.4,P2,Team_B,Medium,P2
4442,Medium,0.6,0.8,2,0.79,0.91,0.97,P2,Team_C,Medium,P2
4443,Medium,0.6,0.66,1,0.9,0.57,0.8,P2,Team_A,Medium,P2
4444,Low,0.3,0.72,4,0.93,0.74,0.56,P2,Team_C,Medium,P2
4445,Low,0.3,0.49,2,0.52,0.4,0.62,P2,Team_B,Medium,P2
4446,High,0.9,0.08,3,0.71,0.53,0.88,P2,Team_B,Medium,P2
4447,Medium,0.6,0.08,1,0.86,0.48,0.72,P2,Team_C,Medium,P2
4448,Medium,0.6,0.54,2,0.7,0.66,0.55,P2,Team_C,Medium,P2
4449,Medium,0.6,0.58,3,0.84,0.77,0.49,P2,Team_C,Medium,P2
4450,Medium,0.6,0.93,3,0.93,0.64,0.37,P2,Team_A,Medium,P2
4451,High,0.9,0.52,1,0.52,0.94,0.32,P2,Team_C,Medium,P2
4452,Low,0.3,0.6,2,0.87,0.8,0.48,P2,Team_B,Medium,P2
4453,Low,0.3,0.52,1,0.75,0.46,0.76,P2,Team_A,Medium,P2
4454,High,0.9,0.7,1,0.67,0.83,0.49,P1,Team_C,High,P1
4455,Low,0.3,0.27,3,0.85,0.73,0.37,P3,Team_C,Low,P3
4456,Low,0.3,0.68,4,0.74,0.94,0.97,P2,Team_A,Medium,P2
4457,High,0.9,0.49,3,0.93,0.84,0.6,P2,Team_C,Medium,P2
4458,Medium,0.6,0.63,3,0.6,0.8,0.56,P2,Team_C,Medium,P2
4459,Low,0.3,0.86,3,0.54,0.67,0.66,P2,Team_B,Medium,P2
4460,Medium,0.6,0.8,1,0.57,0.63,0.82,P2,Team_C,Medium,P2
4461,Medium,0.6,0.29,1,0.53,0.73,0.38,P2,Team_B,Medium,P2
4462,Medium,0.6,0.51,4,0.65,0.61,0.73,P2,Team_B,Medium,P2
4463,Low,0.3,0.24,3,0.38,0.91,0.55,P3,Team_B,Low,P3
4464,Low,0.3,0.58,4,0.8,0.5,0.67,P2,Team_B,Medium,P2
4465,Low,0.3,0.49,4,0.64,0.58,0.89,P2,Team_C,Medium,P2
4466,High,0.9,0.09,1,0.67,0.73,0.66,P2,Team_B,Medium,P2
4467,Medium,0.6,0.83,2,0.48,0.52,0.53,P2,Team_A,Medium,P2
4468,Low,0.3,0.32,1,0.35,0.56,0.65,P3,Team_A,Low,P3
4469,High,0.9,0.91,1,0.72,0.32,0.51,P1,Team_B,High,P1
4470,Low,0.3,0.45,4,0.65,0.92,0.65,P2,Team_A,Medium,P2
4471,Medium,0.6,0.86,2,0.8,0.82,0.54,P2,Team_A,Medium,P2
4472,Medium,0.6,0.4,4,0.62,0.75,0.89,P2,Team_A,Medium,P2
4473,Low,0.3,0.36,2,0.83,0.47,0.94,P3,Team_A,Low,P3
4474,Medium,0.6,0.15,4,0.49,0.79,0.41,P2,Team_A,Medium,P2
4475,High,0.9,0.23,4,0.66,0.93,0.78,P2,Team_A,Medium,P2
4476,Low,0.3,0.59,4,0.38,0.6,0.95,P2,Team_B,Medium,P2
4477,Medium,0.6,0.13,2,0.51,0.17,0.92,P2,Team_A,Medium,P2
4478,High,0.9,0.14,1,0.37,0.91,0.53,P2,Team_A,Medium,P2
4479,Medium,0.6,0.25,4,0.74,0.64,0.32,P2,Team_B,Medium,P2
4480,Medium,0.6,0.65,4,0.71,0.83,0.37,P2,Team_A,Medium,P2
4481,High,0.9,0.69,1,0.78,0.43,0.95,P1,Team_C,High,P1
4482,Low,0.3,0.55,4,0.6,0.8,0.45,P2,Team_A,Medium,P2
4483,Low,0.3,0.28,2,0.38,0.77,0.31,P3,Team_A,Low,P3
4484,High,0.9,0.23,3,0.77,0.47,0.32,P2,Team_B,Medium,P2
4485,Medium,0.6,0.16,4,0.81,0.7,0.84,P2,Team_C,Medium,P2
4486,High,0.9,0.44,2,0.85,0.68,0.8,P2,Team_C,Medium,P2
4487,Medium,0.6,0.5,4,0.64,0.76,0.44,P2,Team_B,Medium,P2
4488,Low,0.3,0.11,2,0.87,0.48,0.99,P3,Team_C,Low,P3
4489,Medium,0.6,0.31,1,0.47,0.76,0.42,P2,Team_C,Medium,P2
4490,Medium,0.6,0.07,3,0.79,0.86,0.99,P2,Team_B,Medium,P2
4491,Medium,0.6,0.57,2,0.84,0.7,0.5,P2,Team_A,Medium,P2
4492,Low,0.3,0.33,4,0.63,0.68,0.39,P3,Team_A,Low,P3
4493,High,0.9,0.83,4,0.61,0.68,0.74,P1,Team_B,High,P1
4494,Low,0.3,0.44,1,0.81,0.65,0.98,P2,Team_C,Medium,P2
4495,Medium,0.6,0.83,2,0.91,0.9,0.35,P2,Team_A,Medium,P2
4496,Low,0.3,0.33,2,0.83,0.59,0.9,P3,Team_A,Low,P3
4497,High,0.9,0.4,2,0.4,0.9,0.47,P2,Team_B,Medium,P2
4498,Low,0.3,0.31,3,0.69,0.9,0.81,P3,Team_C,Low,P3
4499,Medium,0.6,0.93,2,0.76,0.72,0.38,P2,Team_C,Medium,P2
4500,Low,0.3,0.63,1,0.62,0.54,0.81,P2,Team_C,Medium,P2
4501,Medium,0.6,0.24,4,0.76,0.74,0.39,P2,Team_A,Medium,P2
4502,Low,0.3,0.44,4,0.55,0.68,0.78,P2,Team_C,Medium,P2
4503,Medium,0.6,0.81,2,0.73,0.68,0.32,P2,Team_B,Medium,P2
4504,Low,0.3,0.63,2,0.83,0.51,0.58,P2,Team_C,Medium,P2
4505,Low,0.3,0.62,1,0.41,0.49,0.7,P2,Team_B,Medium,P2
4506,Low,0.3,0.63,1,0.43,0.79,0.87,P2,Team_A,Medium,P2
4507,Low,0.3,0.48,1,0.65,0.56,0.87,P2,Team_C,Medium,P2
4508,High,0.9,0.44,4,0.79,0.9,0.85,P2,Team_B,Medium,P2
4509,Medium,0.6,0.86,1,0.75,0.36,0.8,P2,Team_C,Medium,P2
4510,Low,0.3,0.27,4,0.96,0.49,0.73,P3,Team_B,Low,P3
4511,Low,0.3,0.8,1,0.7,0.8,0.56,P2,Team_C,Medium,P2
4512,Medium,0.6,0.75,3,0.55,0.52,0.36,P2,Team_A,Medium,P2
4513,Medium,0.6,0.72,2,0.43,0.62,0.74,P2,Team_B,Medium,P2
4514,Medium,0.6,0.8,3,0.88,0.54,0.54,P2,Team_C,Medium,P2
4515,Low,0.3,0.39,1,0.61,0.56,0.34,P3,Team_C,Low,P3
4516,Medium,0.6,0.84,1,0.87,0.62,0.61,P2,Team_C,Medium,P2
4517,Medium,0.6,0.28,4,0.72,0.66,0.77,P2,Team_B,Medium,P2
4518,Medium,0.6,0.54,3,0.94,0.48,0.54,P2,Team_C,Medium,P2
4519,Medium,0.6,0.74,4,0.52,0.26,0.91,P2,Team_B,Medium,P2
4520,Low,0.3,0.86,1,0.9,0.59,0.56,P2,Team_B,Medium,P2
4521,Low,0.3,0.79,2,0.9,0.62,0.35,P2,Team_C,Medium,P2
4522,Low,0.3,0.76,3,0.94,0.87,0.99,P2,Team_A,Medium,P2
4523,Low,0.3,0.84,4,0.54,0.72,0.67,P2,Team_B,Medium,P2
4524,Low,0.3,0.69,3,0.68,0.44,0.34,P2,Team_C,Medium,P2
4525,Low,0.3,0.3,4,0.75,0.84,0.7,P3,Team_C,Low,P3
4526,High,0.9,0.32,2,0.39,0.8,0.53,P2,Team_A,Medium,P2
4527,Medium,0.6,0.3,1,0.77,0.85,0.72,P2,Team_B,Medium,P2
4528,High,0.9,0.54,4,0.76,0.56,0.7,P2,Team_C,Medium,P2
4529,Low,0.3,0.34,1,0.47,0.61,0.8,P3,Team_C,Low,P3
4530,Low,0.3,0.73,2,0.55,0.71,0.71,P2,Team_A,Medium,P2
4531,Medium,0.6,0.73,2,0.5,0.57,0.9,P2,Team_A,Medium,P2
4532,Low,0.3,0.5,2,0.93,0.58,0.48,P2,Team_A,Medium,P2
4533,Low,0.3,0.49,1,0.54,0.61,0.56,P2,Team_A,Medium,P2
4534,Medium,0.6,0.07,3,0.73,0.78,0.41,P2,Team_C,Medium,P2
4535,High,0.9,0.61,2,0.91,0.58,0.35,P1,Team_B,High,P1
4536,Low,0.3,0.44,1,0.74,0.75,0.77,P2,Team_B,Medium,P2
4537,Low,0.3,0.59,2,0.59,0.78,0.33,P2,Team_C,Medium,P2
4538,Low,0.3,0.17,2,0.86,0.77,0.9,P3,Team_B,Low,P3
4539,Low,0.3,0.73,4,0.8,0.8,0.76,P2,Team_C,Medium,P2
4540,High,0.9,0.26,1,0.32,0.56,0.94,P2,Team_A,Medium,P2
4541,Low,0.3,0.7,4,0.64,0.61,0.61,P2,Team_A,Medium,P2
4542,High,0.9,0.37,1,0.47,0.96,0.33,P2,Team_A,Medium,P2
4543,Medium,0.6,0.22,2,0.64,0.93,0.35,P2,Team_B,Medium,P2
4544,Medium,0.6,0.75,2,0.82,0.92,0.51,P2,Team_C,Medium,P2
4545,High,0.9,0.19,2,0.77,0.52,0.61,P2,Team_A,Medium,P2
4546,Medium,0.6,0.38,3,0.88,0.9,0.38,P2,Team_C,Medium,P2
4547,Low,0.3,0.57,1,0.42,0.7,0.46,P2,Team_C,Medium,P2
4548,Medium,0.6,0.54,4,0.39,0.55,0.63,P2,Team_C,Medium,P2
4549,High,0.9,0.16,4,0.81,0.6,0.96,P2,Team_A,Medium,P2
4550,Low,0.3,0.51,4,0.55,0.58,0.98,P2,Team_C,Medium,P2
4551,High,0.9,0.69,2,0.86,0.37,0.9,P1,Team_C,High,P1
4552,Medium,0.6,0.33,1,0.68,0.57,0.76,P2,Team_A,Medium,P2
4553,Medium,0.6,0.26,2,0.91,0.87,0.79,P2,Team_C,Medium,P2
4554,Low,0.3,0.2,3,0.61,0.57,0.57,P3,Team_B,Low,P3
4555,High,0.9,0.68,1,0.78,0.65,0.7,P1,Team_A,High,P1
4556,High,0.9,0.13,4,0.84,0.94,0.73,P2,Team_A,Medium,P2
4557,Low,0.3,0.04,1,0.51,0.82,0.82,P3,Team_A,Low,P3
4558,High,0.9,0.15,1,0.63,0.85,0.84,P2,Team_B,Medium,P2
4559,Low,0.3,0.36,1,0.84,0.68,0.89,P3,Team_A,Low,P3
4560,Low,0.3,0.17,3,0.65,0.61,0.84,P3,Team_A,Low,P3
4561,Low,0.3,0.61,2,0.33,0.51,0.64,P2,Team_A,Medium,P2
4562,High,0.9,0.53,2,0.78,0.72,0.77,P2,Team_A,Medium,P2
4563,High,0.9,0.53,4,0.72,0.43,0.65,P2,Team_A,Medium,P2
4564,High,0.9,0.82,1,0.77,0.75,0.63,P1,Team_B,High,P1
4565,High,0.9,0.42,2,0.83,0.94,0.88,P2,Team_C,Medium,P2
4566,Low,0.3,0.54,4,0.61,0.88,0.77,P2,Team_C,Medium,P2
4567,Low,0.3,0.36,4,0.67,0.77,0.6,P3,Team_B,Low,P3
4568,Medium,0.6,0.69,2,0.67,0.64,0.5,P2,Team_C,Medium,P2
4569,Medium,0.6,0.31,3,0.77,0.68,0.94,P2,Team_B,Medium,P2
4570,Low,0.3,0.85,3,0.84,0.74,0.61,P2,Team_C,Medium,P2
4571,Medium,0.6,0.15,4,0.82,0.76,0.92,P2,Team_B,Medium,P2
4572,Medium,0.6,0.32,4,0.83,0.49,0.9,P2,Team_B,Medium,P2
4573,Medium,0.6,0.17,2,0.58,0.46,0.42,P2,Team_A,Medium,P2
4574,Low,0.3,0.65,2,0.9,0.76,0.72,P2,Team_C,Medium,P2
4575,High,0.9,0.34,1,0.84,0.82,0.6,P2,Team_B,Medium,P2
4576,Medium,0.6,0.22,1,0.83,0.8,0.75,P2,Team_A,Medium,P2
4577,Medium,0.6,0.36,1,0.72,0.43,0.47,P2,Team_B,Medium,P2
4578,Low,0.3,0.64,2,0.91,0.7,0.5,P2,Team_C,Medium,P2
4579,Medium,0.6,0.47,3,0.73,0.81,0.36,P2,Team_C,Medium,P2
4580,High,0.9,0.78,3,0.6,0.76,0.5,P1,Team_C,High,P1
4581,High,0.9,0.55,4,0.74,0.7,0.88,P2,Team_B,Medium,P2
4582,Low,0.3,0.29,3,0.69,0.58,0.86,P3,Team_B,Low,P3
4583,High,0.9,0.56,1,0.89,0.45,0.59,P2,Team_B,Medium,P2
4584,Low,0.3,0.48,4,0.7,0.66,0.39,P2,Team_C,Medium,P2
4585,Low,0.3,0.4,2,0.73,0.73,0.91,P2,Team_B,Medium,P2
4586,Low,0.3,0.82,2,0.77,0.48,0.45,P2,Team_B,Medium,P2
4587,High,0.9,0.38,2,0.5,0.59,0.44,P2,Team_B,Medium,P2
4588,Low,0.3,0.29,3,0.82,0.49,0.73,P3,Team_A,Low,P3
4589,Low,0.3,0.57,2,0.53,0.34,0.97,P2,Team_B,Medium,P2
4590,High,0.9,0.93,4,0.58,0.72,0.41,P1,Team_B,High,P1
4591,Low,0.3,0.42,1,0.88,0.42,0.54,P2,Team_B,Medium,P2
4592,Medium,0.6,0.32,3,0.68,0.79,0.53,P2,Team_C,Medium,P2
4593,Low,0.3,0.44,4,0.91,0.59,0.77,P2,Team_C,Medium,P2
4594,Low,0.3,0.82,2,0.36,0.63,0.55,P2,Team_C,Medium,P2
4595,Medium,0.6,0.6,4,0.74,0.7,0.96,P2,Team_A,Medium,P2
4596,Low,0.3,0.68,3,0.85,0.39,0.59,P2,Team_B,Medium,P2
4597,High,0.9,0.52,4,0.79,0.3,0.97,P2,Team_C,Medium,P2
4598,High,0.9,0.68,3,0.56,0.57,0.86,P1,Team_B,High,P1
4599,Low,0.3,0.51,1,0.52,0.65,0.48,P2,Team_A,Medium,P2
4600,Low,0.3,0.11,3,0.62,0.68,0.78,P3,Team_C,Low,P3
4601,Medium,0.6,0.51,2,0.24,0.83,0.9,P2,Team_C,Medium,P2
4602,Medium,0.6,0.67,4,0.81,0.61,0.57,P2,Team_B,Medium,P2
4603,High,0.9,0.34,4,0.87,0.77,0.42,P2,Team_B,Medium,P2
4604,High,0.9,0.63,4,0.75,0.57,0.94,P1,Team_A,High,P1
4605,Low,0.3,0.69,2,0.82,0.84,0.61,P2,Team_B,Medium,P2
4606,Medium,0.6,0.37,3,0.49,0.53,0.4,P2,Team_C,Medium,P2
4607,High,0.9,0.42,3,0.52,0.97,0.43,P2,Team_B,Medium,P2
4608,High,0.9,0.33,2,0.64,0.8,0.86,P2,Team_C,Medium,P2
4609,Medium,0.6,0.54,3,0.46,0.79,0.65,P2,Team_C,Medium,P2
4610,High,0.9,0.94,4,0.48,0.7,0.89,P1,Team_C,High,P1
4611,High,0.9,0.54,4,0.64,0.75,0.97,P2,Team_A,Medium,P2
4612,High,0.9,0.65,3,0.75,0.61,0.45,P1,Team_C,High,P1
4613,Medium,0.6,0.15,2,0.8,0.93,0.86,P2,Team_C,Medium,P2
4614,Low,0.3,0.27,3,0.61,0.83,0.85,P3,Team_C,Low,P3
4615,Medium,0.6,0.84,1,0.67,0.9,0.86,P2,Team_A,Medium,P2
4616,High,0.9,0.44,2,0.96,0.62,0.46,P2,Team_A,Medium,P2
4617,Medium,0.6,0.11,2,0.67,0.57,0.78,P2,Team_C,Medium,P2
4618,Low,0.3,0.56,4,0.71,0.76,0.97,P2,Team_B,Medium,P2
4619,Medium,0.6,0.63,4,0.74,0.72,0.87,P2,Team_A,Medium,P2
4620,Medium,0.6,0.14,2,0.47,0.91,0.34,P2,Team_B,Medium,P2
4621,Low,0.3,0.61,1,0.51,0.62,0.8,P2,Team_B,Medium,P2
4622,Low,0.3,0.6,2,0.77,0.73,0.8,P2,Team_A,Medium,P2
4623,High,0.9,0.61,2,0.87,0.75,0.73,P1,Team_B,High,P1
4624,Low,0.3,0.32,1,0.85,0.87,0.89,P3,Team_B,Low,P3
4625,Low,0.3,0.91,2,0.88,0.79,0.48,P2,Team_C,Medium,P2
4626,Low,0.3,0.48,3,0.62,0.63,0.45,P2,Team_B,Medium,P2
4627,Low,0.3,0.62,4,0.36,0.63,0.87,P2,Team_A,Medium,P2
4628,High,0.9,0.49,1,0.78,0.88,0.74,P2,Team_A,Medium,P2
4629,Medium,0.6,0.39,3,0.58,0.28,0.71,P2,Team_B,Medium,P2
4630,Medium,0.6,0.86,4,0.52,0.8,0.75,P2,Team_C,Medium,P2
4631,High,0.9,0.77,2,0.85,0.86,0.48,P1,Team_C,High,P1
4632,Medium,0.6,0.95,3,0.79,0.35,0.34,P2,Team_A,Medium,P2
4633,Low,0.3,0.62,3,0.58,0.8,0.78,P2,Team_B,Medium,P2
4634,Low,0.3,0.43,1,0.66,0.49,0.81,P2,Team_A,Medium,P2
4635,Low,0.3,0.35,1,0.85,0.88,0.47,P3,Team_C,Low,P3
4636,Low,0.3,0.58,1,0.4,0.79,0.39,P2,Team_C,Medium,P2
4637,Medium,0.6,0.8,1,0.9,0.52,0.44,P2,Team_B,Medium,P2
4638,Low,0.3,0.77,1,0.66,0.81,0.32,P2,Team_B,Medium,P2
4639,High,0.9,0.32,3,0.86,0.81,0.88,P2,Team_C,Medium,P2
4640,Low,0.3,0.35,3,0.69,0.68,0.96,P3,Team_A,Low,P3
4641,Medium,0.6,0.35,3,0.87,0.81,0.32,P2,Team_B,Medium,P2
4642,High,0.9,0.74,3,0.44,0.62,0.43,P1,Team_A,High,P1
4643,High,0.9,0.74,2,0.9,0.59,0.52,P1,Team_B,High,P1
4644,Medium,0.6,0.45,3,0.48,0.74,0.95,P2,Team_C,Medium,P2
4645,Low,0.3,0.58,4,0.72,0.73,0.7,P2,Team_C,Medium,P2
4646,Medium,0.6,0.31,2,0.88,0.64,0.94,P2,Team_C,Medium,P2
4647,Medium,0.6,0.66,1,0.69,0.56,0.76,P2,Team_B,Medium,P2
4648,Low,0.3,0.44,3,0.91,0.21,0.75,P2,Team_C,Medium,P2
4649,High,0.9,0.19,2,0.94,0.47,0.46,P2,Team_C,Medium,P2
4650,Low,0.3,0.24,4,0.85,0.8,0.61,P3,Team_C,Low,P3
4651,Low,0.3,0.51,1,0.79,0.26,0.7,P2,Team_B,Medium,P2
4652,Medium,0.6,0.39,1,0.94,0.83,0.43,P2,Team_B,Medium,P2
4653,Low,0.3,0.75,3,0.86,0.42,0.71,P2,Team_B,Medium,P2
4654,Medium,0.6,0.34,3,0.57,0.82,0.44,P2,Team_A,Medium,P2
4655,Medium,0.6,0.71,2,0.9,0.99,0.84,P2,Team_A,Medium,P2
4656,Low,0.3,0.56,1,0.71,0.68,0.5,P2,Team_A,Medium,P2
4657,Medium,0.6,0.33,2,0.68,0.76,0.76,P2,Team_B,Medium,P2
4658,Low,0.3,0.9,3,0.84,0.82,0.64,P2,Team_A,Medium,P2
4659,Low,0.3,0.61,3,0.63,0.65,0.64,P2,Team_A,Medium,P2
4660,Low,0.3,0.78,2,0.73,0.76,0.94,P2,Team_C,Medium,P2
4661,Medium,0.6,0.49,3,0.7,0.64,0.37,P2,Team_B,Medium,P2
4662,Low,0.3,0.06,4,0.58,0.43,0.87,P3,Team_C,Low,P3
4663,High,0.9,0.05,2,0.68,0.76,0.52,P2,Team_C,Medium,P2
4664,Low,0.3,0.18,2,0.67,0.78,0.34,P3,Team_B,Low,P3
4665,High,0.9,0.43,1,0.6,0.7,0.49,P2,Team_C,Medium,P2
4666,Medium,0.6,0.82,1,0.84,0.43,0.63,P2,Team_C,Medium,P2
4667,Medium,0.6,0.15,2,0.73,0.41,0.63,P2,Team_B,Medium,P2
4668,High,0.9,0.62,2,0.82,0.93,0.86,P1,Team_B,High,P1
4669,High,0.9,0.25,2,0.96,0.4,0.55,P2,Team_A,Medium,P2
4670,Low,0.3,0.38,4,0.32,0.68,0.95,P3,Team_B,Low,P3
4671,Low,0.3,0.26,1,0.49,0.59,0.43,P3,Team_B,Low,P3
4672,High,0.9,0.59,3,0.61,0.97,0.59,P2,Team_C,Medium,P2
4673,Low,0.3,0.61,1,0.88,0.82,0.53,P2,Team_A,Medium,P2
4674,High,0.9,0.69,4,0.76,0.89,0.58,P1,Team_C,High,P1
4675,Medium,0.6,0.8,3,0.2,0.74,0.79,P2,Team_C,Medium,P2
4676,Low,0.3,0.34,2,0.54,0.69,0.54,P3,Team_A,Low,P3
4677,Low,0.3,0.22,1,0.64,0.37,0.88,P3,Team_B,Low,P3
4678,Low,0.3,0.96,4,0.49,0.85,0.3,P2,Team_B,Medium,P2
4679,Low,0.3,0.28,1,0.66,0.45,0.95,P3,Team_B,Low,P3
4680,Medium,0.6,0.7,1,0.59,0.6,0.37,P2,Team_A,Medium,P2
4681,High,0.9,0.22,4,0.9,0.66,0.81,P2,Team_B,Medium,P2
4682,Medium,0.6,0.65,4,0.52,0.44,0.57,P2,Team_A,Medium,P2
4683,Medium,0.6,0.36,1,0.33,0.68,0.43,P2,Team_B,Medium,P2
4684,High,0.9,0.5,1,0.36,0.59,0.4,P2,Team_C,Medium,P2
4685,High,0.9,0.37,1,0.79,0.81,0.79,P2,Team_B,Medium,P2
4686,High,0.9,0.5,1,0.77,0.41,0.66,P2,Team_C,Medium,P2
4687,High,0.9,0.72,4,0.59,0.76,0.84,P1,Team_C,High,P1
4688,Low,0.3,0.4,4,0.59,0.57,0.73,P2,Team_A,Medium,P2
4689,High,0.9,0.38,4,0.79,0.63,0.74,P2,Team_C,Medium,P2
4690,High,0.9,0.68,4,0.91,0.64,0.67,P1,Team_A,High,P1
4691,Low,0.3,0.75,1,0.81,0.73,0.63,P2,Team_A,Medium,P2
4692,Low,0.3,0.55,3,0.94,0.96,0.64,P2,Team_B,Medium,P2
4693,Medium,0.6,0.61,1,0.78,0.78,0.68,P2,Team_A,Medium,P2
4694,Low,0.3,0.62,2,0.46,0.66,0.85,P2,Team_C,Medium,P2
4695,High,0.9,0.64,4,0.85,0.74,0.37,P1,Team_B,High,P1
4696,Low,0.3,0.62,1,0.64,0.48,0.48,P2,Team_B,Medium,P2
4697,Low,0.3,0.53,3,0.9,0.75,0.66,P2,Team_A,Medium,P2
4698,Medium,0.6,0.57,3,0.68,0.85,0.67,P2,Team_A,Medium,P2
4699,Medium,0.6,0.75,2,0.83,0.73,0.68,P2,Team_C,Medium,P2
4700,Low,0.3,0.19,1,0.87,0.74,0.98,P3,Team_B,Low,P3
4701,High,0.9,0.95,2,0.75,0.37,0.74,P1,Team_B,High,P1
4702,Low,0.3,0.44,2,0.84,0.65,0.96,P2,Team_A,Medium,P2
4703,High,0.9,0.52,4,0.84,0.96,0.77,P2,Team_B,Medium,P2
4704,Low,0.3,0.6,3,0.68,0.67,0.48,P2,Team_B,Medium,P2
4705,Low,0.3,0.41,1,0.56,0.4,0.35,P2,Team_B,Medium,P2
4706,High,0.9,0.53,2,0.75,0.76,0.46,P2,Team_C,Medium,P2
4707,Medium,0.6,0.74,3,0.62,0.73,0.98,P2,Team_B,Medium,P2
4708,Low,0.3,0.29,2,0.76,0.55,0.6,P3,Team_B,Low,P3
4709,Low,0.3,0.49,1,0.41,0.88,0.79,P2,Team_B,Medium,P2
4710,High,0.9,0.42,4,0.7,0.81,0.66,P2,Team_A,Medium,P2
4711,Medium,0.6,0.21,4,0.78,0.92,0.77,P2,Team_C,Medium,P2
4712,High,0.9,0.76,4,0.71,0.82,0.58,P1,Team_C,High,P1
4713,High,0.9,0.28,2,0.84,0.56,0.41,P2,Team_C,Medium,P2
4714,Medium,0.6,0.44,1,0.91,0.91,0.7,P2,Team_B,Medium,P2
4715,High,0.9,0.85,4,0.73,0.88,0.74,P1,Team_B,High,P1
4716,Low,0.3,0.72,2,0.93,0.68,0.92,P2,Team_B,Medium,P2
4717,Medium,0.6,0.21,4,0.95,0.62,0.9,P2,Team_C,Medium,P2
4718,Low,0.3,0.39,2,0.65,0.84,0.87,P3,Team_B,Low,P3
4719,Medium,0.6,0.18,2,0.54,0.34,0.67,P2,Team_A,Medium,P2
4720,High,0.9,0.77,2,0.58,0.77,0.98,P1,Team_A,High,P1
4721,Low,0.3,0.84,4,0.46,0.61,0.7,P2,Team_B,Medium,P2
4722,Low,0.3,0.63,1,0.64,0.7,0.79,P2,Team_A,Medium,P2
4723,High,0.9,0.66,1,0.86,0.88,0.63,P1,Team_C,High,P1
4724,High,0.9,0.29,3,0.7,0.57,0.52,P2,Team_C,Medium,P2
4725,Medium,0.6,0.83,2,0.83,0.75,0.55,P2,Team_C,Medium,P2
4726,Low,0.3,0.45,2,0.91,0.21,0.82,P2,Team_C,Medium,P2
4727,Medium,0.6,0.43,3,0.48,0.38,0.9,P2,Team_C,Medium,P2
4728,Low,0.3,0.47,1,0.88,0.65,0.57,P2,Team_B,Medium,P2
4729,Low,0.3,0.71,1,0.65,0.94,0.31,P2,Team_B,Medium,P2
4730,Low,0.3,0.36,2,0.98,0.75,0.72,P3,Team_B,Low,P3
4731,Medium,0.6,0.44,1,0.82,0.51,0.64,P2,Team_C,Medium,P2
4732,High,0.9,0.03,1,0.71,0.75,0.85,P2,Team_A,Medium,P2
4733,Low,0.3,0.35,1,0.89,0.68,0.62,P3,Team_C,Low,P3
4734,Low,0.3,0.44,3,0.86,0.74,0.58,P2,Team_C,Medium,P2
4735,Medium,0.6,0.13,3,0.63,0.64,0.71,P2,Team_A,Medium,P2
4736,Low,0.3,0.28,3,0.58,0.8,0.96,P3,Team_B,Low,P3
4737,Low,0.3,0.74,1,0.82,0.86,0.39,P2,Team_B,Medium,P2
4738,Medium,0.6,0.23,4,0.79,0.5,0.36,P2,Team_A,Medium,P2
4739,High,0.9,0.49,2,0.76,0.21,0.49,P2,Team_B,Medium,P2
4740,Medium,0.6,0.82,2,0.7,0.45,0.88,P2,Team_B,Medium,P2
4741,High,0.9,0.72,2,0.83,0.97,0.54,P1,Team_C,High,P1
4742,Low,0.3,0.59,4,0.88,0.44,0.93,P2,Team_C,Medium,P2
4743,High,0.9,0.9,4,0.47,0.64,0.61,P1,Team_B,High,P1
4744,Medium,0.6,0.4,1,0.93,0.6,0.39,P2,Team_A,Medium,P2
4745,Low,0.3,0.55,4,0.79,0.76,0.61,P2,Team_A,Medium,P2
4746,Low,0.3,0.65,3,0.86,0.62,0.39,P2,Team_A,Medium,P2
4747,Low,0.3,0.71,2,0.96,0.79,0.98,P2,Team_B,Medium,P2
4748,Medium,0.6,0.28,3,0.29,0.56,0.76,P2,Team_A,Medium,P2
4749,Medium,0.6,0.44,4,0.51,0.37,0.47,P2,Team_A,Medium,P2
4750,High,0.9,0.93,1,0.62,0.64,0.97,P1,Team_A,High,P1
4751,High,0.9,0.32,3,0.81,0.82,0.92,P2,Team_A,Medium,P2
4752,Medium,0.6,0.7,4,0.65,0.89,0.46,P2,Team_A,Medium,P2
4753,High,0.9,0.28,4,0.9,0.73,0.79,P2,Team_B,Medium,P2
4754,Low,0.3,0.54,2,0.72,0.82,0.49,P2,Team_C,Medium,P2
4755,Low,0.3,0.15,4,0.95,0.92,0.46,P3,Team_B,Low,P3
4756,High,0.9,0.24,2,0.41,0.88,0.67,P2,Team_B,Medium,P2
4757,Medium,0.6,0.7,4,0.79,0.74,0.52,P2,Team_C,Medium,P2
4758,High,0.9,0.38,2,0.48,0.63,0.49,P2,Team_B,Medium,P2
4759,Low,0.3,0.54,3,0.78,0.68,0.81,P2,Team_B,Medium,P2
4760,Low,0.3,0.55,2,0.91,0.45,0.86,P2,Team_C,Medium,P2
4761,High,0.9,0.11,3,0.85,0.85,0.86,P2,Team_A,Medium,P2
4762,Low,0.3,0.06,3,0.46,0.81,0.78,P3,Team_A,Low,P3
4763,Medium,0.6,0.07,4,0.6,0.38,0.51,P2,Team_A,Medium,P2
4764,Medium,0.6,0.67,1,0.51,0.84,0.88,P2,Team_C,Medium,P2
4765,Low,0.3,0.32,2,0.57,0.67,0.37,P3,Team_B,Low,P3
4766,Low,0.3,0.26,4,0.86,0.8,0.31,P3,Team_A,Low,P3
4767,Low,0.3,0.69,2,0.58,0.58,0.34,P2,Team_B,Medium,P2
4768,Medium,0.6,0.13,1,0.82,0.78,0.95,P2,Team_C,Medium,P2
4769,Low,0.3,0.35,2,0.91,0.9,0.67,P3,Team_B,Low,P3
4770,Low,0.3,0.24,4,0.67,0.93,0.69,P3,Team_A,Low,P3
4771,High,0.9,0.76,3,0.59,0.66,0.52,P1,Team_A,High,P1
4772,Medium,0.6,0.6,2,0.92,0.78,0.46,P2,Team_A,Medium,P2
4773,High,0.9,0.19,3,0.7,0.75,0.7,P2,Team_C,Medium,P2
4774,Low,0.3,0.57,3,0.85,0.86,0.8,P2,Team_B,Medium,P2
4775,High,0.9,0.5,1,0.51,0.66,0.68,P2,Team_B,Medium,P2
4776,Low,0.3,0.5,3,0.81,0.69,0.81,P2,Team_A,Medium,P2
4777,High,0.9,0.31,3,0.82,0.73,0.51,P2,Team_B,Medium,P2
4778,Low,0.3,0.37,3,0.41,0.75,0.72,P3,Team_B,Low,P3
4779,High,0.9,0.87,1,0.71,0.67,0.79,P1,Team_B,High,P1
4780,Medium,0.6,0.59,3,0.7,0.6,0.64,P2,Team_C,Medium,P2
4781,Medium,0.6,0.49,1,0.7,0.53,0.45,P2,Team_B,Medium,P2
4782,High,0.9,0.73,3,0.35,0.64,0.47,P1,Team_A,High,P1
4783,Medium,0.6,0.63,4,0.56,0.17,0.98,P2,Team_A,Medium,P2
4784,Medium,0.6,0.63,3,0.63,0.9,0.97,P2,Team_C,Medium,P2
4785,High,0.9,0.74,1,0.83,0.7,0.44,P1,Team_B,High,P1
4786,Medium,0.6,0.3,2,0.71,0.93,0.78,P2,Team_C,Medium,P2
4787,Medium,0.6,0.65,4,0.64,0.83,0.79,P2,Team_A,Medium,P2
4788,Medium,0.6,0.36,1,0.67,0.92,0.7,P2,Team_A,Medium,P2
4789,Medium,0.6,0.48,2,0.7,0.87,0.88,P2,Team_B,Medium,P2
4790,High,0.9,0.73,3,0.59,0.88,0.75,P1,Team_A,High,P1
4791,High,0.9,0.38,2,0.5,0.64,0.53,P2,Team_B,Medium,P2
4792,Medium,0.6,0.13,4,0.9,0.42,0.43,P2,Team_A,Medium,P2
4793,Medium,0.6,0.24,4,0.28,0.81,0.62,P2,Team_B,Medium,P2
4794,High,0.9,0.05,3,0.3,0.86,0.35,P2,Team_A,Medium,P2
4795,High,0.9,0.74,1,0.86,0.92,0.38,P1,Team_A,High,P1
4796,Low,0.3,0.66,4,0.63,0.75,0.5,P2,Team_A,Medium,P2
4797,Medium,0.6,0.48,3,0.77,0.37,0.9,P2,Team_B,Medium,P2
4798,Medium,0.6,0.84,1,0.8,0.46,0.7,P2,Team_B,Medium,P2
4799,Medium,0.6,0.41,3,0.49,0.8,0.71,P2,Team_C,Medium,P2
4800,High,0.9,0.31,1,0.91,0.39,0.91,P2,Team_A,Medium,P2
4801,High,0.9,0.64,2,0.87,0.88,0.41,P1,Team_B,High,P1
4802,Low,0.3,0.51,1,0.5,0.63,0.71,P2,Team_A,Medium,P2
4803,Medium,0.6,0.18,1,0.43,0.79,0.85,P2,Team_C,Medium,P2
4804,Low,0.3,0.28,4,0.8,0.68,0.39,P3,Team_C,Low,P3
4805,Low,0.3,0.3,3,0.77,0.8,0.56,P3,Team_B,Low,P3
4806,Medium,0.6,0.61,4,0.65,0.77,0.59,P2,Team_B,Medium,P2
4807,Low,0.3,0.83,3,0.85,0.8,0.83,P2,Team_A,Medium,P2
4808,Medium,0.6,0.73,4,0.62,0.67,0.34,P2,Team_C,Medium,P2
4809,High,0.9,0.47,4,0.62,0.89,0.83,P2,Team_C,Medium,P2
4810,Low,0.3,0.8,4,0.66,0.43,0.82,P2,Team_A,Medium,P2
4811,High,0.9,0.82,2,0.62,0.91,0.91,P1,Team_C,High,P1
4812,High,0.9,0.6,3,0.69,0.73,0.5,P2,Team_A,Medium,P2
4813,Low,0.3,0.1,2,0.76,0.65,0.69,P3,Team_C,Low,P3
4814,Low,0.3,0.64,1,0.46,0.61,0.72,P2,Team_B,Medium,P2
4815,Medium,0.6,0.74,3,0.8,0.62,0.85,P2,Team_C,Medium,P2
4816,Low,0.3,0.28,2,0.59,0.73,0.96,P3,Team_A,Low,P3
4817,High,0.9,0.34,2,0.6,0.69,0.92,P2,Team_C,Medium,P2
4818,Medium,0.6,0.47,1,0.87,0.54,0.59,P2,Team_C,Medium,P2
4819,Low,0.3,0.4,2,0.4,0.6,0.61,P2,Team_B,Medium,P2
4820,High,0.9,0.84,3,0.74,0.3,0.64,P1,Team_A,High,P1
4821,Low,0.3,0.3,3,0.97,0.5,0.91,P3,Team_C,Low,P3
4822,Low,0.3,0.52,4,0.61,0.85,0.61,P2,Team_B,Medium,P2
4823,Low,0.3,0.55,4,0.83,0.87,0.47,P2,Team_A,Medium,P2
4824,High,0.9,0.16,1,0.63,0.71,0.93,P2,Team_A,Medium,P2
4825,Low,0.3,0.83,3,0.79,0.77,0.62,P2,Team_C,Medium,P2
4826,Medium,0.6,0.75,1,0.47,0.89,0.97,P2,Team_C,Medium,P2
4827,Medium,0.6,0.26,1,0.65,0.68,0.76,P2,Team_A,Medium,P2
4828,Medium,0.6,0.15,4,0.56,0.81,0.82,P2,Team_B,Medium,P2
4829,Low,0.3,0.76,2,0.72,0.62,0.73,P2,Team_C,Medium,P2
4830,Low,0.3,0.35,2,0.62,0.94,0.35,P3,Team_C,Low,P3
4831,Medium,0.6,0.49,1,0.67,0.8,0.5,P2,Team_A,Medium,P2
4832,Low,0.3,0.32,1,0.53,0.68,0.67,P3,Team_C,Low,P3
4833,Medium,0.6,0.13,4,0.88,0.9,0.77,P2,Team_A,Medium,P2
4834,Medium,0.6,0.75,1,0.71,0.76,0.93,P2,Team_A,Medium,P2
4835,Low,0.3,0.15,1,0.77,0.35,0.37,P3,Team_B,Low,P3
4836,Low,0.3,0.04,3,0.24,0.82,0.89,P3,Team_A,Low,P3
4837,Medium,0.6,0.43,1,0.69,0.1,0.45,P2,Team_A,Medium,P2
4838,Low,0.3,0.38,2,0.63,0.59,0.81,P3,Team_C,Low,P3
4839,Low,0.3,0.32,3,0.28,0.72,0.77,P3,Team_A,Low,P3
4840,High,0.9,0.56,3,0.49,0.91,0.84,P2,Team_C,Medium,P2
4841,Medium,0.6,0.52,3,0.86,0.42,0.34,P2,Team_C,Medium,P2
4842,Low,0.3,0.74,1,0.9,0.47,0.33,P2,Team_A,Medium,P2
4843,High,0.9,0.77,1,0.79,0.51,0.5,P1,Team_A,High,P1
4844,Low,0.3,0.27,3,0.89,0.58,0.62,P3,Team_B,Low,P3
4845,Medium,0.6,0.28,2,0.62,0.59,0.89,P2,Team_A,Medium,P2
4846,High,0.9,0.2,3,0.92,0.45,0.94,P2,Team_B,Medium,P2
4847,Low,0.3,0.87,2,0.55,0.93,0.82,P2,Team_A,Medium,P2
4848,Medium,0.6,0.54,3,0.53,0.36,0.84,P2,Team_C,Medium,P2
4849,Medium,0.6,0.53,4,0.86,0.66,0.4,P2,Team_C,Medium,P2
4850,Low,0.3,0.83,4,0.74,0.81,0.45,P2,Team_B,Medium,P2
4851,Medium,0.6,0.16,4,0.81,0.95,0.88,P2,Team_B,Medium,P2
4852,Medium,0.6,0.61,1,0.63,0.63,0.65,P2,Team_A,Medium,P2
4853,High,0.9,0.55,1,0.56,0.58,0.73,P2,Team_B,Medium,P2
4854,Medium,0.6,0.93,4,0.84,0.62,0.32,P2,Team_B,Medium,P2
4855,High,0.9,0.65,3,0.68,0.6,0.35,P1,Team_C,High,P1
4856,Low,0.3,0.97,3,0.79,0.7,0.65,P2,Team_C,Medium,P2
4857,Low,0.3,0.47,1,0.53,0.68,0.9,P2,Team_C,Medium,P2
4858,Medium,0.6,0.31,1,0.87,0.6,0.64,P2,Team_A,Medium,P2
4859,Low,0.3,0.81,1,0.95,0.45,0.99,P2,Team_C,Medium,P2
4860,Low,0.3,0.81,2,0.8,0.57,0.43,P2,Team_A,Medium,P2
4861,Medium,0.6,0.96,1,0.6,0.63,0.44,P2,Team_B,Medium,P2
4862,Low,0.3,0.6,4,0.55,0.85,0.34,P2,Team_C,Medium,P2
4863,High,0.9,0.41,2,0.54,0.75,0.91,P2,Team_A,Medium,P2
4864,Medium,0.6,0.5,2,0.52,0.48,0.48,P2,Team_B,Medium,P2
4865,Medium,0.6,0.4,2,0.74,0.57,0.51,P2,Team_A,Medium,P2
4866,High,0.9,0.51,2,0.45,0.43,0.6,P2,Team_A,Medium,P2
4867,High,0.9,0.66,4,0.63,0.45,0.65,P1,Team_A,High,P1
4868,Low,0.3,0.67,3,0.82,0.66,0.72,P2,Team_A,Medium,P2
4869,Low,0.3,0.62,1,0.6,0.66,0.66,P2,Team_C,Medium,P2
4870,Medium,0.6,0.36,3,0.88,0.68,0.51,P2,Team_B,Medium,P2
4871,Low,0.3,0.56,3,0.9,0.76,0.79,P2,Team_B,Medium,P2
4872,Medium,0.6,0.32,1,0.74,0.76,0.65,P2,Team_B,Medium,P2
4873,Low,0.3,0.76,4,0.74,0.68,0.87,P2,Team_C,Medium,P2
4874,Medium,0.6,0.18,4,0.76,0.92,0.7,P2,Team_B,Medium,P2
4875,Medium,0.6,0.61,2,0.91,0.8,0.34,P2,Team_A,Medium,P2
4876,Low,0.3,0.49,2,0.82,0.5,0.96,P2,Team_B,Medium,P2
4877,Low,0.3,0.42,4,0.8,0.24,0.84,P2,Team_C,Medium,P2
4878,High,0.9,0.53,1,0.69,0.72,0.66,P2,Team_A,Medium,P2
4879,Low,0.3,0.8,4,0.66,0.48,0.91,P2,Team_B,Medium,P2
4880,Medium,0.6,0.1,4,0.8,0.61,0.49,P2,Team_B,Medium,P2
4881,High,0.9,0.74,2,0.83,0.81,0.92,P1,Team_B,High,P1
4882,Low,0.3,0.52,1,0.98,0.5,0.95,P2,Team_B,Medium,P2
4883,High,0.9,0.3,1,0.75,0.59,0.81,P2,Team_B,Medium,P2
4884,Low,0.3,0.66,4,0.69,0.74,0.59,P2,Team_A,Medium,P2
4885,Low,0.3,0.33,1,0.71,0.57,0.41,P3,Team_A,Low,P3
4886,Low,0.3,0.76,4,0.42,0.51,0.81,P2,Team_C,Medium,P2
4887,Low,0.3,0.87,3,0.94,0.87,0.98,P2,Team_A,Medium,P2
4888,Medium,0.6,0.46,4,0.4,0.87,0.36,P2,Team_A,Medium,P2
4889,Medium,0.6,0.08,1,0.62,0.45,0.98,P2,Team_C,Medium,P2
4890,Low,0.3,0.09,3,0.79,0.84,0.41,P3,Team_C,Low,P3
4891,Low,0.3,0.47,3,0.83,0.74,0.76,P2,Team_A,Medium,P2
4892,High,0.9,0.17,4,0.52,0.81,0.95,P2,Team_A,Medium,P2
4893,High,0.9,0.64,1,0.88,0.86,0.42,P1,Team_B,High,P1
4894,Medium,0.6,0.33,1,0.79,0.91,0.73,P2,Team_C,Medium,P2
4895,High,0.9,0.42,3,0.89,0.68,0.51,P2,Team_A,Medium,P2
4896,Medium,0.6,0.33,1,0.73,0.79,0.4,P2,Team_C,Medium,P2
4897,Low,0.3,0.34,4,0.8,0.38,0.51,P3,Team_A,Low,P3
4898,Medium,0.6,0.23,2,0.55,0.84,0.96,P2,Team_C,Medium,P2
4899,Low,0.3,0.34,2,0.73,0.81,0.49,P3,Team_A,Low,P3
4900,Low,0.3,0.82,1,0.87,0.56,0.93,P2,Team_B,Medium,P2
4901,High,0.9,0.13,1,0.96,0.39,0.94,P2,Team_B,Medium,P2
4902,Low,0.3,0.36,1,0.86,0.76,0.4,P3,Team_B,Low,P3
4903,Low,0.3,0.43,2,0.97,0.78,0.41,P2,Team_C,Medium,P2
4904,Low,0.3,0.24,4,0.88,0.92,0.47,P3,Team_A,Low,P3
4905,Medium,0.6,0.55,4,0.79,0.72,0.72,P2,Team_C,Medium,P2
4906,Medium,0.6,0.44,1,0.28,0.88,0.32,P2,Team_A,Medium,P2
4907,Low,0.3,0.61,1,0.92,0.81,0.33,P2,Team_B,Medium,P2
4908,Medium,0.6,0.66,4,0.66,0.53,0.93,P2,Team_C,Medium,P2
4909,Medium,0.6,0.65,4,0.96,0.37,0.91,P2,Team_C,Medium,P2
4910,Medium,0.6,0.47,2,0.67,0.51,0.72,P2,Team_A,Medium,P2
4911,Low,0.3,0.49,4,0.97,0.49,0.92,P2,Team_C,Medium,P2
4912,Medium,0.6,0.67,3,0.55,0.67,0.83,P2,Team_B,Medium,P2
4913,Low,0.3,0.75,3,0.64,0.89,0.62,P2,Team_B,Medium,P2
4914,Low,0.3,0.16,3,0.8,0.81,0.75,P3,Team_A,Low,P3
4915,Medium,0.6,0.68,3,0.67,0.76,0.31,P2,Team_A,Medium,P2
4916,Low,0.3,0.63,1,0.61,0.49,0.5,P2,Team_A,Medium,P2
4917,Low,0.3,0.51,3,0.78,0.8,0.97,P2,Team_B,Medium,P2
4918,Medium,0.6,0.32,4,0.23,0.61,0.59,P2,Team_B,Medium,P2
4919,Low,0.3,0.62,4,0.82,0.71,0.9,P2,Team_B,Medium,P2
4920,Medium,0.6,0.84,4,0.6,0.71,0.87,P2,Team_A,Medium,P2
4921,Medium,0.6,0.43,3,0.73,0.72,0.85,P2,Team_C,Medium,P2
4922,High,0.9,0.27,1,0.91,0.85,0.79,P2,Team_B,Medium,P2
4923,Low,0.3,0.81,3,0.41,0.43,0.49,P2,Team_A,Medium,P2
4924,Low,0.3,0.41,4,0.89,0.68,0.78,P2,Team_A,Medium,P2
4925,Medium,0.6,0.45,4,0.3,0.63,0.68,P2,Team_A,Medium,P2
4926,Low,0.3,0.34,2,0.96,0.27,0.87,P3,Team_B,Low,P3
4927,Low,0.3,0.61,3,0.72,0.66,0.42,P2,Team_B,Medium,P2
4928,Low,0.3,0.87,2,0.75,0.75,0.7,P2,Team_B,Medium,P2
4929,Low,0.3,0.65,3,0.88,0.77,0.87,P2,Team_B,Medium,P2
4930,Low,0.3,0.59,3,0.43,0.92,0.76,P2,Team_B,Medium,P2
4931,High,0.9,0.28,1,0.7,0.5,0.64,P2,Team_A,Medium,P2
4932,Medium,0.6,0.63,3,0.51,0.65,0.93,P2,Team_A,Medium,P2
4933,High,0.9,0.16,4,0.28,0.54,0.51,P2,Team_C,Medium,P2
4934,High,0.9,0.17,2,0.82,0.49,0.89,P2,Team_B,Medium,P2
4935,Low,0.3,0.09,4,0.89,0.85,0.64,P3,Team_C,Low,P3
4936,Medium,0.6,0.64,2,0.61,0.77,0.99,P2,Team_B,Medium,P2
4937,Low,0.3,0.29,4,0.88,0.82,0.95,P3,Team_A,Low,P3
4938,Medium,0.6,0.7,1,0.96,0.6,0.41,P2,Team_A,Medium,P2
4939,Low,0.3,0.18,3,0.46,0.58,0.65,P3,Team_B,Low,P3
4940,Medium,0.6,0.48,4,0.84,0.86,0.64,P2,Team_C,Medium,P2
4941,High,0.9,0.65,3,0.86,0.86,0.74,P1,Team_B,High,P1
4942,Medium,0.6,0.57,4,0.63,0.59,0.65,P2,Team_B,Medium,P2
4943,Medium,0.6,0.1,3,0.85,0.8,0.49,P2,Team_C,Medium,P2
4944,High,0.9,0.33,1,0.34,0.48,0.38,P2,Team_C,Medium,P2
4945,Low,0.3,0.88,2,0.81,0.8,0.57,P2,Team_C,Medium,P2
4946,Medium,0.6,0.2,4,0.68,0.6,0.83,P2,Team_A,Medium,P2
4947,High,0.9,0.47,2,0.99,0.57,0.82,P2,Team_C,Medium,P2
4948,Low,0.3,0.93,2,0.91,0.64,0.35,P2,Team_B,Medium,P2
4949,Medium,0.6,0.52,3,0.93,0.79,0.5,P2,Team_A,Medium,P2
4950,Low,0.3,0.34,4,0.77,0.72,0.3,P3,Team_B,Low,P3
4951,High,0.9,0.1,3,0.54,0.63,0.5,P2,Team_C,Medium,P2
4952,Medium,0.6,0.83,3,0.9,0.53,0.42,P2,Team_C,Medium,P2
4953,High,0.9,0.7,3,0.52,0.91,0.51,P1,Team_B,High,P1
4954,High,0.9,0.21,3,0.7,0.93,0.67,P2,Team_B,Medium,P2
4955,High,0.9,0.64,4,0.7,0.82,0.98,P1,Team_C,High,P1
4956,Medium,0.6,0.24,1,0.65,0.56,0.68,P2,Team_A,Medium,P2
4957,Medium,0.6,0.63,4,0.85,0.96,0.39,P2,Team_A,Medium,P2
4958,Medium,0.6,0.25,3,0.81,0.57,0.97,P2,Team_B,Medium,P2
4959,High,0.9,0.33,4,0.67,0.43,0.76,P2,Team_A,Medium,P2
4960,Medium,0.6,0.43,4,0.59,0.87,0.66,P2,Team_C,Medium,P2
4961,Low,0.3,0.24,2,0.71,0.79,0.68,P3,Team_C,Low,P3
4962,High,0.9,0.68,1,0.91,0.63,0.69,P1,Team_A,High,P1
4963,Medium,0.6,0.65,3,0.47,0.51,0.39,P2,Team_C,Medium,P2
4964,Medium,0.6,0.3,1,0.91,0.57,0.59,P2,Team_B,Medium,P2
4965,High,0.9,0.27,2,0.79,0.72,0.94,P2,Team_B,Medium,P2
4966,Low,0.3,0.21,1,0.56,0.17,0.8,P3,Team_A,Low,P3
4967,Medium,0.6,0.79,4,0.56,0.94,0.48,P2,Team_A,Medium,P2
4968,Medium,0.6,0.16,4,0.83,0.66,0.89,P2,Team_C,Medium,P2
4969,High,0.9,0.1,1,0.97,0.42,0.6,P2,Team_B,Medium,P2
4970,Medium,0.6,0.62,2,0.9,0.38,0.82,P2,Team_A,Medium,P2
4971,High,0.9,0.68,1,0.88,0.8,0.95,P1,Team_A,High,P1
4972,High,0.9,0.34,3,0.69,0.78,0.32,P2,Team_C,Medium,P2
4973,Medium,0.6,0.77,3,0.43,0.91,0.34,P2,Team_B,Medium,P2
4974,High,0.9,0.5,2,0.87,0.76,0.69,P2,Team_B,Medium,P2
4975,Medium,0.6,0.32,4,0.47,0.7,0.46,P2,Team_A,Medium,P2
4976,High,0.9,0.9,2,0.26,0.66,0.5,P1,Team_B,High,P1
4977,Low,0.3,0.54,2,0.76,0.95,0.76,P2,Team_C,Medium,P2
4978,High,0.9,0.32,2,0.92,0.36,0.61,P2,Team_A,Medium,P2
4979,Medium,0.6,0.44,3,0.71,0.95,0.4,P2,Team_C,Medium,P2
4980,Medium,0.6,0.16,2,0.79,0.31,0.94,P2,Team_B,Medium,P2
4981,Medium,0.6,0.6,4,0.54,0.23,0.94,P2,Team_B,Medium,P2
4982,Low,0.3,0.81,2,0.58,0.89,0.61,P2,Team_A,Medium,P2
4983,Medium,0.6,0.44,4,0.75,0.7,0.77,P2,Team_C,Medium,P2
4984,Medium,0.6,0.65,4,0.74,0.46,0.57,P2,Team_B,Medium,P2
4985,Medium,0.6,0.64,4,0.78,0.62,0.43,P2,Team_A,Medium,P2
4986,Low,0.3,0.77,1,0.81,0.83,0.38,P2,Team_A,Medium,P2
4987,Medium,0.6,0.15,3,0.84,0.66,0.32,P2,Team_C,Medium,P2
4988,Medium,0.6,0.4,2,0.77,0.51,0.39,P2,Team_A,Medium,P2
4989,Low,0.3,0.29,2,0.18,0.5,0.74,P3,Team_A,Low,P3
4990,Medium,0.6,0.07,2,0.59,0.94,0.97,P2,Team_A,Medium,P2
4991,Low,0.3,0.87,2,0.62,0.57,0.77,P2,Team_B,Medium,P2
4992,Medium,0.6,0.17,2,0.83,0.67,0.42,P2,Team_C,Medium,P2
4993,Medium,0.6,0.1,3,0.79,0.57,0.34,P2,Team_C,Medium,P2
4994,Medium,0.6,0.74,1,0.62,0.48,0.49,P2,Team_A,Medium,P2
4995,High,0.9,0.07,4,0.74,0.75,0.72,P2,Team_A,Medium,P2
4996,Medium,0.6,0.56,2,0.91,0.74,0.7,P2,Team_C,Medium,P2
4997,Medium,0.6,0.53,2,0.55,0.72,0.93,P2,Team_B,Medium,P2
4998,Low,0.3,0.73,1,0.37,0.48,0.41,P2,Team_C,Medium,P2
4999,Medium,0.6,0.23,2,0.88,0.75,0.54,P2,Team_A,Medium,P2
5000,Medium,0.6,0.67,2,0.93,0.42,0.72,P2,Team_A,Medium,P2
5001,Low,0.3,0.77,1,0.82,0.76,0.8,P2,Team_A,Medium,P2
5002,Low,0.3,0.14,2,0.94,0.61,0.49,P3,Team_C,Low,P3
5003,Low,0.3,0.56,4,0.5,0.8,0.34,P2,Team_A,Medium,P2
5004,Low,0.3,0.5,4,0.88,0.56,0.69,P2,Team_B,Medium,P2
5005,Low,0.3,0.66,3,0.68,0.71,0.4,P2,Team_A,Medium,P2
5006,Low,0.3,0.3,1,0.88,0.48,0.58,P3,Team_B,Low,P3
5007,Medium,0.6,0.25,3,0.67,0.79,0.63,P2,Team_C,Medium,P2
5008,Medium,0.6,0.27,1,0.89,0.79,0.76,P2,Team_B,Medium,P2
5009,Medium,0.6,0.25,4,0.81,0.67,0.91,P2,Team_A,Medium,P2
5010,High,0.9,0.26,4,0.7,0.74,0.4,P2,Team_C,Medium,P2
5011,Low,0.3,0.24,2,0.83,0.36,0.32,P3,Team_C,Low,P3
5012,High,0.9,0.99,4,0.6,0.46,0.99,P1,Team_C,High,P1
5013,Low,0.3,0.39,1,0.8,0.99,0.44,P3,Team_A,Low,P3
5014,High,0.9,0.34,4,0.6,0.8,0.67,P2,Team_A,Medium,P2
5015,Medium,0.6,0.72,4,0.73,0.93,0.8,P2,Team_C,Medium,P2
5016,Medium,0.6,0.54,2,0.74,0.99,0.48,P2,Team_C,Medium,P2
5017,Medium,0.6,0.79,3,0.54,0.83,0.41,P2,Team_A,Medium,P2
5018,Medium,0.6,0.28,1,0.75,0.53,0.65,P2,Team_C,Medium,P2
5019,High,0.9,0.86,4,0.84,0.77,0.7,P1,Team_A,High,P1
5020,Low,0.3,0.41,2,0.73,0.76,0.41,P2,Team_A,Medium,P2
5021,Medium,0.6,0.38,1,0.8,0.99,0.93,P2,Team_B,Medium,P2
5022,Low,0.3,0.16,1,0.53,0.38,0.82,P3,Team_A,Low,P3
5023,Low,0.3,0.2,3,0.61,0.97,0.78,P3,Team_C,Low,P3
5024,Low,0.3,0.52,2,0.68,0.71,0.7,P2,Team_C,Medium,P2
5025,Low,0.3,0.23,4,0.81,0.17,0.82,P3,Team_A,Low,P3
5026,Medium,0.6,0.25,1,0.93,0.71,0.47,P2,Team_B,Medium,P2
5027,Low,0.3,0.9,2,0.56,0.79,0.41,P2,Team_A,Medium,P2
5028,Medium,0.6,0.24,1,0.64,0.51,0.49,P2,Team_A,Medium,P2
5029,Low,0.3,0.48,3,0.69,0.4,0.96,P2,Team_B,Medium,P2
5030,Low,0.3,0.81,1,0.42,0.79,0.62,P2,Team_A,Medium,P2
5031,Low,0.3,0.2,2,0.73,0.75,0.77,P3,Team_C,Low,P3
5032,Low,0.3,0.5,3,0.87,0.68,0.92,P2,Team_A,Medium,P2
5033,Low,0.3,0.46,2,0.35,0.95,0.35,P2,Team_B,Medium,P2
5034,Medium,0.6,0.84,3,0.72,0.32,1.0,P2,Team_A,Medium,P2
5035,Medium,0.6,0.22,2,0.77,0.51,0.52,P2,Team_C,Medium,P2
5036,Medium,0.6,0.48,2,0.59,0.61,0.68,P2,Team_A,Medium,P2
5037,Medium,0.6,0.42,2,0.96,0.9,0.91,P2,Team_B,Medium,P2
5038,High,0.9,0.53,4,0.75,0.47,0.34,P2,Team_A,Medium,P2
5039,Medium,0.6,0.63,2,0.59,0.53,0.95,P2,Team_A,Medium,P2
5040,Medium,0.6,0.3,3,0.65,0.6,0.31,P2,Team_C,Medium,P2
5041,Low,0.3,0.48,3,0.85,0.88,0.31,P2,Team_C,Medium,P2
5042,Low,0.3,0.79,3,0.65,0.63,0.54,P2,Team_B,Medium,P2
5043,Medium,0.6,0.43,1,0.47,0.66,0.91,P2,Team_C,Medium,P2
5044,High,0.9,0.85,3,0.6,0.51,0.8,P1,Team_A,High,P1
5045,Medium,0.6,0.71,4,0.86,0.75,0.3,P2,Team_A,Medium,P2
5046,High,0.9,0.39,4,0.8,0.61,0.38,P2,Team_A,Medium,P2
5047,Low,0.3,0.41,1,0.52,0.87,0.54,P2,Team_B,Medium,P2
5048,Medium,0.6,0.49,2,0.77,0.58,0.63,P2,Team_A,Medium,P2
5049,High,0.9,0.51,4,0.56,0.48,0.43,P2,Team_B,Medium,P2
5050,Low,0.3,0.3,4,0.83,0.73,0.33,P3,Team_A,Low,P3
5051,Medium,0.6,0.75,1,0.75,0.66,0.52,P2,Team_A,Medium,P2
5052,Medium,0.6,0.79,4,0.77,0.8,0.48,P2,Team_A,Medium,P2
5053,High,0.9,0.65,4,0.71,0.71,0.37,P1,Team_A,High,P1
5054,Medium,0.6,0.59,4,0.77,0.93,0.84,P2,Team_B,Medium,P2
5055,Low,0.3,0.48,4,0.78,0.69,0.65,P2,Team_B,Medium,P2
5056,Low,0.3,0.33,4,0.7,0.92,0.53,P3,Team_B,Low,P3
5057,Medium,0.6,0.23,1,0.75,0.51,0.82,P2,Team_B,Medium,P2
5058,Medium,0.6,0.63,4,0.65,0.93,0.59,P2,Team_C,Medium,P2
5059,Medium,0.6,0.6,1,0.5,0.96,0.86,P2,Team_B,Medium,P2
5060,Medium,0.6,0.18,3,0.39,0.84,0.5,P2,Team_B,Medium,P2
5061,High,0.9,0.77,3,0.51,0.88,0.92,P1,Team_A,High,P1
5062,High,0.9,0.29,3,0.63,0.73,0.87,P2,Team_A,Medium,P2
5063,High,0.9,0.82,4,0.52,0.94,0.99,P1,Team_B,High,P1
5064,Medium,0.6,0.85,2,0.76,0.96,0.84,P2,Team_A,Medium,P2
5065,Low,0.3,0.29,2,0.76,0.59,0.73,P3,Team_B,Low,P3
5066,Medium,0.6,0.08,4,0.55,0.65,0.84,P2,Team_A,Medium,P2
5067,High,0.9,0.84,2,0.67,0.67,0.81,P1,Team_A,High,P1
5068,Low,0.3,0.09,3,0.74,0.35,0.32,P3,Team_C,Low,P3
5069,Low,0.3,0.39,1,0.92,0.73,0.45,P3,Team_A,Low,P3
5070,High,0.9,0.38,3,0.74,0.72,0.74,P2,Team_A,Medium,P2
5071,Low,0.3,0.33,1,0.92,0.99,0.87,P3,Team_B,Low,P3
5072,Medium,0.6,0.33,1,0.93,0.5,0.87,P2,Team_B,Medium,P2
5073,Low,0.3,0.28,1,0.72,0.7,0.95,P3,Team_C,Low,P3
5074,Low,0.3,0.8,4,0.53,0.4,0.77,P2,Team_C,Medium,P2
5075,Medium,0.6,0.61,3,0.66,0.69,0.95,P2,Team_A,Medium,P2
5076,Medium,0.6,0.64,3,0.79,0.87,0.33,P2,Team_A,Medium,P2
5077,Medium,0.6,0.09,3,0.66,0.84,0.39,P2,Team_B,Medium,P2
5078,Low,0.3,0.25,4,0.86,0.84,0.52,P3,Team_A,Low,P3
5079,Low,0.3,0.8,1,0.69,0.87,0.45,P2,Team_C,Medium,P2
5080,Medium,0.6,0.63,4,0.94,0.7,0.85,P2,Team_A,Medium,P2
5081,Low,0.3,0.75,2,0.89,0.67,0.83,P2,Team_C,Medium,P2
5082,Medium,0.6,0.13,1,0.79,0.34,0.77,P2,Team_C,Medium,P2
5083,High,0.9,0.89,1,0.85,0.78,0.98,P1,Team_A,High,P1
5084,Low,0.3,0.87,3,0.88,0.92,0.81,P2,Team_B,Medium,P2
5085,Low,0.3,0.39,3,0.9,0.77,0.5,P3,Team_A,Low,P3
5086,High,0.9,0.29,2,0.67,0.97,0.74,P2,Team_B,Medium,P2
5087,Medium,0.6,0.85,3,0.53,0.61,0.49,P2,Team_B,Medium,P2
5088,Medium,0.6,0.12,3,0.93,0.55,0.83,P2,Team_A,Medium,P2
5089,Low,0.3,0.53,3,0.88,0.48,0.54,P2,Team_C,Medium,P2
5090,High,0.9,0.46,3,0.46,0.79,0.41,P2,Team_A,Medium,P2
5091,High,0.9,0.53,2,0.93,0.5,0.3,P2,Team_B,Medium,P2
5092,Low,0.3,0.46,1,0.78,0.75,0.89,P2,Team_A,Medium,P2
5093,Medium,0.6,0.44,1,0.81,0.86,0.76,P2,Team_C,Medium,P2
5094,Low,0.3,0.82,1,0.77,0.46,0.33,P2,Team_B,Medium,P2
5095,Low,0.3,0.45,2,0.66,0.89,0.53,P2,Team_B,Medium,P2
5096,High,0.9,0.48,3,0.73,0.61,0.34,P2,Team_A,Medium,P2
5097,Low,0.3,0.55,4,0.92,0.79,0.56,P2,Team_C,Medium,P2
5098,Low,0.3,0.59,2,0.74,0.66,0.35,P2,Team_B,Medium,P2
5099,Medium,0.6,0.69,3,0.61,0.85,0.97,P2,Team_C,Medium,P2
5100,Low,0.3,0.64,3,0.64,0.5,0.74,P2,Team_A,Medium,P2
5101,Low,0.3,0.78,4,0.81,0.44,0.81,P2,Team_C,Medium,P2
5102,Medium,0.6,0.21,3,0.89,0.91,0.9,P2,Team_C,Medium,P2
5103,Medium,0.6,0.71,3,0.46,0.56,0.67,P2,Team_B,Medium,P2
5104,Medium,0.6,0.93,4,0.8,0.69,0.85,P2,Team_A,Medium,P2
5105,Low,0.3,0.36,3,0.43,0.87,0.86,P3,Team_B,Low,P3
5106,Low,0.3,0.35,3,0.91,0.71,0.56,P3,Team_A,Low,P3
5107,High,0.9,0.26,4,0.74,0.94,0.37,P2,Team_C,Medium,P2
5108,Low,0.3,0.49,3,0.86,0.63,0.58,P2,Team_B,Medium,P2
5109,Low,0.3,0.49,1,0.43,0.97,0.88,P2,Team_B,Medium,P2
5110,Low,0.3,0.44,1,0.83,0.4,0.7,P2,Team_C,Medium,P2
5111,High,0.9,0.13,2,0.51,0.58,0.66,P2,Team_B,Medium,P2
5112,Low,0.3,0.63,2,0.9,0.79,0.35,P2,Team_C,Medium,P2
5113,Low,0.3,0.76,4,0.65,0.81,0.37,P2,Team_C,Medium,P2
5114,Low,0.3,0.44,2,0.8,0.73,0.42,P2,Team_B,Medium,P2
5115,Medium,0.6,0.1,3,0.84,0.44,0.33,P2,Team_A,Medium,P2
5116,High,0.9,0.85,4,0.51,0.58,0.59,P1,Team_C,High,P1
5117,Medium,0.6,0.72,3,0.62,0.6,0.4,P2,Team_A,Medium,P2
5118,Medium,0.6,0.15,1,0.75,0.59,0.35,P2,Team_B,Medium,P2
5119,Low,0.3,0.19,2,0.21,0.47,0.98,P3,Team_B,Low,P3
5120,Low,0.3,0.91,3,0.47,0.72,0.51,P2,Team_C,Medium,P2
5121,High,0.9,0.5,4,0.73,0.34,0.66,P2,Team_C,Medium,P2
5122,Medium,0.6,0.61,3,0.66,0.87,0.37,P2,Team_C,Medium,P2
5123,Low,0.3,0.55,1,0.85,0.61,0.47,P2,Team_A,Medium,P2
5124,High,0.9,0.79,1,0.57,0.64,0.71,P1,Team_C,High,P1
5125,High,0.9,0.51,2,0.82,0.81,0.88,P2,Team_C,Medium,P2
5126,High,0.9,0.67,3,0.87,0.71,0.95,P1,Team_C,High,P1
5127,Medium,0.6,0.4,3,0.92,0.65,0.7,P2,Team_C,Medium,P2
5128,Low,0.3,0.63,4,0.66,0.66,0.79,P2,Team_C,Medium,P2
5129,High,0.9,0.16,4,0.88,0.57,0.76,P2,Team_A,Medium,P2
5130,High,0.9,0.3,3,0.91,0.59,0.88,P2,Team_C,Medium,P2
5131,Low,0.3,0.5,1,0.44,0.34,0.91,P2,Team_C,Medium,P2
5132,Medium,0.6,0.59,1,0.72,0.62,0.91,P2,Team_C,Medium,P2
5133,High,0.9,0.01,1,0.57,0.74,0.8,P2,Team_A,Medium,P2
5134,Medium,0.6,0.38,4,0.68,0.32,0.42,P2,Team_B,Medium,P2
5135,High,0.9,0.69,2,0.76,0.49,0.33,P1,Team_A,High,P1
5136,High,0.9,0.22,3,0.39,0.89,0.33,P2,Team_B,Medium,P2
5137,High,0.9,0.25,1,0.58,0.77,0.93,P2,Team_B,Medium,P2
5138,Medium,0.6,0.44,3,0.89,0.88,0.58,P2,Team_C,Medium,P2
5139,High,0.9,0.4,1,0.85,0.66,0.31,P2,Team_A,Medium,P2
5140,Low,0.3,0.59,4,0.67,0.72,0.54,P2,Team_A,Medium,P2
5141,Low,0.3,0.29,4,0.99,0.65,0.31,P3,Team_B,Low,P3
5142,High,0.9,0.29,4,0.82,0.58,0.7,P2,Team_C,Medium,P2
5143,High,0.9,0.26,3,0.94,0.46,0.79,P2,Team_C,Medium,P2
5144,Medium,0.6,0.3,4,0.93,0.94,0.55,P2,Team_B,Medium,P2
5145,Low,0.3,0.46,1,0.96,0.79,0.71,P2,Team_A,Medium,P2
5146,Medium,0.6,0.32,1,0.73,0.47,0.44,P2,Team_C,Medium,P2
5147,Medium,0.6,0.63,1,0.87,0.77,0.94,P2,Team_B,Medium,P2
5148,Low,0.3,0.41,2,0.85,0.85,0.69,P2,Team_C,Medium,P2
5149,Medium,0.6,0.41,3,0.63,0.85,0.89,P2,Team_C,Medium,P2
5150,Medium,0.6,0.68,2,0.23,0.67,0.32,P2,Team_C,Medium,P2
5151,Medium,0.6,0.87,4,0.69,0.86,0.91,P2,Team_C,Medium,P2
5152,High,0.9,0.71,2,0.6,0.83,0.31,P1,Team_B,High,P1
5153,Low,0.3,0.83,2,0.76,0.49,0.31,P2,Team_C,Medium,P2
5154,Low,0.3,0.68,2,0.82,0.88,0.63,P2,Team_A,Medium,P2
5155,Low,0.3,0.46,3,0.53,0.9,0.63,P2,Team_A,Medium,P2
5156,Medium,0.6,0.13,4,0.53,0.56,0.31,P2,Team_A,Medium,P2
5157,Low,0.3,0.5,1,0.56,0.74,0.46,P2,Team_A,Medium,P2
5158,Medium,0.6,0.85,2,0.69,0.81,0.68,P2,Team_B,Medium,P2
5159,Low,0.3,0.63,1,0.91,0.44,0.35,P2,Team_B,Medium,P2
5160,Medium,0.6,0.42,2,0.9,0.69,0.64,P2,Team_C,Medium,P2
5161,High,0.9,0.5,4,0.8,0.62,0.98,P2,Team_C,Medium,P2
5162,Medium,0.6,0.56,1,0.67,0.77,0.85,P2,Team_C,Medium,P2
5163,Low,0.3,0.23,2,0.76,0.69,0.4,P3,Team_C,Low,P3
5164,Medium,0.6,0.33,3,0.45,0.55,0.84,P2,Team_A,Medium,P2
5165,Low,0.3,0.63,4,0.61,0.48,0.78,P2,Team_A,Medium,P2
5166,Low,0.3,0.24,3,0.9,0.72,0.91,P3,Team_A,Low,P3
5167,High,0.9,0.58,3,0.7,0.23,0.43,P2,Team_C,Medium,P2
5168,Medium,0.6,0.64,2,0.83,0.71,0.99,P2,Team_C,Medium,P2
5169,Medium,0.6,0.8,4,0.83,0.51,0.99,P2,Team_A,Medium,P2
5170,Low,0.3,0.48,2,0.53,0.77,0.59,P2,Team_C,Medium,P2
5171,Medium,0.6,0.42,1,0.53,0.71,0.36,P2,Team_A,Medium,P2
5172,High,0.9,0.51,1,0.76,0.46,0.97,P2,Team_B,Medium,P2
5173,High,0.9,0.31,4,0.71,0.72,0.73,P2,Team_C,Medium,P2
5174,Low,0.3,0.08,4,0.25,0.44,0.44,P3,Team_B,Low,P3
5175,High,0.9,0.69,3,0.88,0.81,0.96,P1,Team_C,High,P1
5176,Medium,0.6,0.41,1,0.7,0.85,0.38,P2,Team_B,Medium,P2
5177,Low,0.3,0.46,2,0.63,0.82,0.51,P2,Team_B,Medium,P2
5178,High,0.9,0.5,4,0.72,0.83,0.41,P2,Team_B,Medium,P2
5179,High,0.9,0.74,2,0.84,0.36,0.57,P1,Team_C,High,P1
5180,Medium,0.6,0.7,4,0.8,0.63,0.31,P2,Team_B,Medium,P2
5181,Low,0.3,0.77,3,0.93,0.7,0.44,P2,Team_A,Medium,P2
5182,High,0.9,0.18,1,0.67,0.88,0.99,P2,Team_B,Medium,P2
5183,Medium,0.6,0.39,3,0.67,0.44,0.73,P2,Team_C,Medium,P2
5184,Medium,0.6,0.2,4,0.6,0.44,0.33,P2,Team_A,Medium,P2
5185,High,0.9,0.61,4,0.92,0.74,0.32,P1,Team_B,High,P1
5186,Medium,0.6,0.16,4,0.84,0.68,0.75,P2,Team_A,Medium,P2
5187,Medium,0.6,0.69,4,0.83,0.73,0.63,P2,Team_A,Medium,P2
5188,Low,0.3,0.12,2,0.91,0.44,0.99,P3,Team_C,Low,P3
5189,Medium,0.6,0.84,3,0.74,0.51,0.78,P2,Team_C,Medium,P2
5190,Low,0.3,0.55,2,0.75,0.37,0.83,P2,Team_C,Medium,P2
5191,Low,0.3,0.73,1,0.88,0.79,0.91,P2,Team_B,Medium,P2
5192,Low,0.3,0.57,4,0.5,0.31,0.82,P2,Team_C,Medium,P2
5193,Medium,0.6,0.41,4,0.83,0.48,0.4,P2,Team_B,Medium,P2
5194,High,0.9,0.86,2,0.89,0.97,0.47,P1,Team_B,High,P1
5195,Medium,0.6,0.5,3,0.6,0.9,0.45,P2,Team_A,Medium,P2
5196,High,0.9,0.51,3,0.63,0.52,0.86,P2,Team_B,Medium,P2
5197,Medium,0.6,0.48,3,0.8,0.9,0.88,P2,Team_B,Medium,P2
5198,Medium,0.6,0.34,2,0.68,0.71,0.96,P2,Team_C,Medium,P2
5199,Medium,0.6,0.83,4,0.85,0.79,0.76,P2,Team_B,Medium,P2
5200,Medium,0.6,0.04,1,0.78,0.71,0.6,P2,Team_A,Medium,P2
5201,High,0.9,0.71,2,0.55,0.87,0.35,P1,Team_C,High,P1
5202,Low,0.3,0.35,4,0.54,0.23,0.49,P3,Team_B,Low,P3
5203,Low,0.3,0.85,4,0.69,0.67,0.85,P2,Team_B,Medium,P2
5204,High,0.9,0.32,3,0.5,0.81,0.3,P2,Team_B,Medium,P2
5205,Low,0.3,0.11,4,0.59,0.67,0.78,P3,Team_A,Low,P3
5206,Medium,0.6,0.16,1,0.44,0.43,0.46,P2,Team_C,Medium,P2
5207,Low,0.3,0.34,3,0.84,0.88,0.34,P3,Team_C,Low,P3
5208,Low,0.3,0.86,4,0.92,0.9,0.9,P2,Team_B,Medium,P2
5209,Low,0.3,0.58,3,0.56,0.64,0.81,P2,Team_C,Medium,P2
5210,Medium,0.6,0.59,4,0.51,0.82,0.94,P2,Team_C,Medium,P2
5211,Medium,0.6,0.62,1,0.95,0.8,0.6,P2,Team_A,Medium,P2
5212,Low,0.3,0.71,1,0.84,0.72,0.74,P2,Team_C,Medium,P2
5213,Low,0.3,0.64,3,0.79,0.75,0.73,P2,Team_B,Medium,P2
5214,Medium,0.6,0.39,2,0.6,0.75,0.64,P2,Team_A,Medium,P2
5215,Low,0.3,0.44,1,0.94,0.6,0.64,P2,Team_A,Medium,P2
5216,Low,0.3,0.3,1,0.74,0.55,0.53,P3,Team_B,Low,P3
5217,Medium,0.6,0.83,2,0.93,0.56,0.89,P2,Team_C,Medium,P2
5218,Low,0.3,0.25,2,0.68,0.69,0.67,P3,Team_C,Low,P3
5219,Low,0.3,0.36,1,0.7,0.7,0.31,P3,Team_C,Low,P3
5220,High,0.9,0.63,4,0.29,0.71,0.63,P1,Team_B,High,P1
5221,High,0.9,0.44,3,0.74,0.78,0.96,P2,Team_A,Medium,P2
5222,Medium,0.6,0.39,3,0.83,0.14,0.37,P2,Team_A,Medium,P2
5223,Low,0.3,0.24,1,0.65,0.5,0.4,P3,Team_B,Low,P3
5224,Medium,0.6,0.14,2,0.57,0.66,0.57,P2,Team_C,Medium,P2
5225,Medium,0.6,0.52,1,0.87,0.99,0.42,P2,Team_C,Medium,P2
5226,High,0.9,0.36,3,0.84,0.89,0.88,P2,Team_A,Medium,P2
5227,Low,0.3,0.51,4,0.59,0.88,0.71,P2,Team_B,Medium,P2
5228,Medium,0.6,0.31,4,0.88,0.7,0.89,P2,Team_B,Medium,P2
5229,Low,0.3,0.73,2,0.69,0.54,1.0,P2,Team_C,Medium,P2
5230,Medium,0.6,0.92,1,0.59,0.6,0.76,P2,Team_B,Medium,P2
5231,High,0.9,0.49,1,0.75,0.61,0.66,P2,Team_A,Medium,P2
5232,Low,0.3,0.44,1,0.99,0.93,0.56,P2,Team_C,Medium,P2
5233,Low,0.3,0.05,4,0.68,0.49,0.56,P3,Team_A,Low,P3
5234,Medium,0.6,0.64,3,0.7,0.83,0.3,P2,Team_A,Medium,P2
5235,Medium,0.6,0.28,3,0.91,0.81,0.4,P2,Team_B,Medium,P2
5236,Medium,0.6,0.4,2,0.5,0.62,0.97,P2,Team_A,Medium,P2
5237,Low,0.3,0.43,2,0.65,0.85,0.46,P2,Team_A,Medium,P2
5238,Low,0.3,0.25,1,0.48,0.86,0.46,P3,Team_C,Low,P3
5239,High,0.9,0.95,4,0.72,0.83,0.91,P1,Team_A,High,P1
5240,High,0.9,0.47,1,0.77,0.46,0.92,P2,Team_C,Medium,P2
5241,High,0.9,0.5,4,0.79,0.72,0.89,P2,Team_C,Medium,P2
5242,High,0.9,0.53,2,0.86,0.36,0.58,P2,Team_B,Medium,P2
5243,Medium,0.6,0.65,1,0.5,0.88,0.45,P2,Team_C,Medium,P2
5244,Low,0.3,0.36,1,0.9,0.96,0.86,P3,Team_C,Low,P3
5245,Medium,0.6,0.95,3,0.65,0.6,0.6,P2,Team_C,Medium,P2
5246,High,0.9,0.32,2,0.95,0.94,0.61,P2,Team_A,Medium,P2
5247,Medium,0.6,0.47,4,0.77,0.92,0.67,P2,Team_B,Medium,P2
5248,Low,0.3,0.73,4,0.98,0.89,0.35,P2,Team_C,Medium,P2
5249,High,0.9,0.21,2,0.76,0.77,0.49,P2,Team_A,Medium,P2
5250,Low,0.3,0.02,1,0.67,0.79,0.57,P3,Team_B,Low,P3
5251,Medium,0.6,0.47,3,0.55,0.52,0.68,P2,Team_B,Medium,P2
5252,Low,0.3,0.4,2,0.93,0.84,0.65,P2,Team_A,Medium,P2
5253,Medium,0.6,0.33,1,0.63,0.57,0.69,P2,Team_C,Medium,P2
5254,Medium,0.6,0.65,2,0.93,0.91,0.51,P2,Team_A,Medium,P2
5255,Low,0.3,0.67,2,0.38,0.67,0.72,P2,Team_C,Medium,P2
5256,Medium,0.6,0.65,3,0.83,0.65,0.63,P2,Team_C,Medium,P2
5257,Medium,0.6,0.76,2,0.52,0.85,0.43,P2,Team_B,Medium,P2
5258,High,0.9,0.96,1,0.38,0.97,0.79,P1,Team_C,High,P1
5259,High,0.9,0.77,3,0.67,0.72,0.41,P1,Team_C,High,P1
5260,Medium,0.6,0.75,4,0.64,0.93,0.71,P2,Team_A,Medium,P2
5261,Medium,0.6,0.63,2,0.36,0.74,0.87,P2,Team_A,Medium,P2
5262,Medium,0.6,0.13,4,0.46,0.4,0.42,P2,Team_C,Medium,P2
5263,Low,0.3,0.79,4,0.72,0.34,0.52,P2,Team_B,Medium,P2
5264,High,0.9,0.76,1,0.77,0.69,0.55,P1,Team_A,High,P1
5265,Medium,0.6,0.28,1,0.89,0.78,0.31,P2,Team_B,Medium,P2
5266,Low,0.3,0.09,1,0.58,0.7,0.83,P3,Team_C,Low,P3
5267,Medium,0.6,0.38,2,0.49,0.22,0.34,P2,Team_A,Medium,P2
5268,Medium,0.6,0.23,3,0.89,0.91,0.67,P2,Team_C,Medium,P2
5269,Medium,0.6,0.72,2,0.57,0.86,0.61,P2,Team_B,Medium,P2
5270,High,0.9,0.34,2,0.77,0.75,0.45,P2,Team_C,Medium,P2
5271,Low,0.3,0.82,1,0.8,0.82,0.74,P2,Team_A,Medium,P2
5272,Medium,0.6,0.42,2,0.5,0.5,0.75,P2,Team_C,Medium,P2
5273,Medium,0.6,0.65,4,0.95,0.72,0.82,P2,Team_B,Medium,P2
5274,Medium,0.6,0.57,2,0.83,0.67,0.61,P2,Team_B,Medium,P2
5275,Low,0.3,0.28,3,0.67,0.58,0.44,P3,Team_A,Low,P3
5276,Medium,0.6,0.59,1,0.74,0.63,0.32,P2,Team_A,Medium,P2
5277,Low,0.3,0.41,2,0.83,0.98,0.98,P2,Team_C,Medium,P2
5278,Medium,0.6,0.21,2,0.64,0.55,0.51,P2,Team_A,Medium,P2
5279,Medium,0.6,0.38,1,0.5,0.94,0.48,P2,Team_B,Medium,P2
5280,High,0.9,0.38,1,0.91,0.66,0.66,P2,Team_C,Medium,P2
5281,Medium,0.6,0.65,1,0.94,0.71,0.94,P2,Team_B,Medium,P2
5282,High,0.9,0.52,4,0.55,0.9,0.61,P2,Team_B,Medium,P2
5283,Low,0.3,0.57,2,0.75,0.78,0.95,P2,Team_A,Medium,P2
5284,Low,0.3,0.4,2,0.88,0.79,0.61,P2,Team_A,Medium,P2
5285,High,0.9,0.79,2,0.39,0.82,0.62,P1,Team_B,High,P1
5286,High,0.9,0.49,4,0.66,0.47,0.98,P2,Team_A,Medium,P2
5287,High,0.9,0.27,3,0.94,0.36,0.37,P2,Team_A,Medium,P2
5288,Medium,0.6,0.17,2,0.82,0.95,0.95,P2,Team_A,Medium,P2
5289,Medium,0.6,0.55,1,0.94,0.67,0.77,P2,Team_C,Medium,P2
5290,Medium,0.6,0.71,2,0.77,0.94,0.92,P2,Team_B,Medium,P2
5291,High,0.9,0.45,3,0.66,0.74,0.72,P2,Team_C,Medium,P2
5292,High,0.9,0.79,4,0.54,0.77,0.57,P1,Team_B,High,P1
5293,Low,0.3,0.42,3,0.92,0.76,0.75,P2,Team_B,Medium,P2
5294,Low,0.3,0.18,4,0.84,0.57,0.38,P3,Team_A,Low,P3
5295,Medium,0.6,0.7,2,0.77,0.58,0.96,P2,Team_B,Medium,P2
5296,Low,0.3,0.47,1,0.83,0.8,0.64,P2,Team_B,Medium,P2
5297,Medium,0.6,0.52,1,0.91,0.29,0.46,P2,Team_B,Medium,P2
5298,High,0.9,0.44,1,0.57,0.67,0.32,P2,Team_B,Medium,P2
5299,Medium,0.6,0.8,4,0.92,0.47,0.34,P2,Team_A,Medium,P2
5300,Low,0.3,0.22,1,0.79,0.71,0.35,P3,Team_A,Low,P3
5301,High,0.9,0.43,3,0.69,0.8,0.34,P2,Team_B,Medium,P2
5302,Low,0.3,0.77,4,0.8,0.88,0.92,P2,Team_A,Medium,P2
5303,Medium,0.6,0.54,4,0.91,0.56,0.37,P2,Team_A,Medium,P2
5304,High,0.9,0.48,1,0.75,0.78,0.6,P2,Team_A,Medium,P2
5305,Low,0.3,0.25,4,0.8,0.93,0.9,P3,Team_C,Low,P3
5306,Medium,0.6,0.56,3,0.91,0.68,0.61,P2,Team_C,Medium,P2
5307,Low,0.3,0.89,2,0.64,0.54,0.97,P2,Team_A,Medium,P2
5308,High,0.9,0.58,1,0.77,0.71,0.59,P2,Team_A,Medium,P2
5309,Medium,0.6,0.11,4,0.6,0.91,0.94,P2,Team_C,Medium,P2
5310,High,0.9,0.79,2,0.91,0.46,0.39,P1,Team_B,High,P1
5311,Medium,0.6,0.45,3,0.64,0.54,0.92,P2,Team_B,Medium,P2
5312,Medium,0.6,0.63,2,0.78,0.54,0.88,P2,Team_A,Medium,P2
5313,Low,0.3,0.36,1,0.44,0.62,0.77,P3,Team_A,Low,P3
5314,Low,0.3,0.84,2,0.68,0.9,0.57,P2,Team_C,Medium,P2
5315,Low,0.3,0.64,4,0.67,0.79,0.47,P2,Team_B,Medium,P2
5316,High,0.9,0.62,2,0.4,0.68,0.9,P1,Team_B,High,P1
5317,High,0.9,0.48,2,0.5,0.85,0.77,P2,Team_B,Medium,P2
5318,Medium,0.6,0.33,2,0.5,0.48,0.83,P2,Team_A,Medium,P2
5319,High,0.9,0.79,3,0.62,0.48,0.55,P1,Team_B,High,P1
5320,High,0.9,0.77,2,0.49,0.57,0.61,P1,Team_B,High,P1
5321,Medium,0.6,0.36,1,0.87,0.63,0.65,P2,Team_B,Medium,P2
5322,Low,0.3,0.21,1,0.81,0.61,0.98,P3,Team_C,Low,P3
5323,Medium,0.6,0.72,4,0.41,0.7,0.59,P2,Team_B,Medium,P2
5324,Medium,0.6,0.86,3,0.91,0.69,0.4,P2,Team_C,Medium,P2
5325,Low,0.3,0.8,2,0.73,0.35,0.9,P2,Team_A,Medium,P2
5326,Medium,0.6,0.21,2,0.65,0.69,0.95,P2,Team_A,Medium,P2
5327,Low,0.3,0.28,3,0.67,0.58,0.75,P3,Team_C,Low,P3
5328,Low,0.3,0.67,3,0.58,0.86,0.83,P2,Team_B,Medium,P2
5329,Low,0.3,0.72,4,0.44,0.51,0.76,P2,Team_C,Medium,P2
5330,High,0.9,0.7,2,0.66,0.6,0.56,P1,Team_C,High,P1
5331,High,0.9,0.54,3,0.84,0.71,0.62,P2,Team_C,Medium,P2
5332,Medium,0.6,0.7,2,0.78,0.42,0.8,P2,Team_B,Medium,P2
5333,Medium,0.6,0.83,1,0.45,0.61,0.74,P2,Team_B,Medium,P2
5334,High,0.9,0.42,2,0.59,0.62,0.71,P2,Team_B,Medium,P2
5335,Low,0.3,0.26,2,0.8,0.92,0.9,P3,Team_B,Low,P3
5336,High,0.9,0.07,2,0.56,0.57,0.93,P2,Team_C,Medium,P2
5337,Medium,0.6,0.96,1,0.65,0.31,0.82,P2,Team_C,Medium,P2
5338,Medium,0.6,0.41,2,0.78,0.73,0.89,P2,Team_B,Medium,P2
5339,Low,0.3,0.52,4,0.72,0.73,0.84,P2,Team_A,Medium,P2
5340,High,0.9,0.25,2,0.65,0.88,0.85,P2,Team_C,Medium,P2
5341,Medium,0.6,0.63,4,0.78,0.6,0.31,P2,Team_B,Medium,P2
5342,Medium,0.6,0.57,1,0.7,0.63,0.64,P2,Team_C,Medium,P2
5343,Low,0.3,0.37,2,0.62,0.82,0.31,P3,Team_C,Low,P3
5344,Low,0.3,0.2,2,0.9,0.51,0.65,P3,Team_C,Low,P3
5345,Low,0.3,0.19,4,0.48,0.46,0.71,P3,Team_B,Low,P3
5346,High,0.9,0.41,3,0.69,0.18,0.87,P2,Team_B,Medium,P2
5347,Low,0.3,0.46,4,0.87,0.5,0.38,P2,Team_A,Medium,P2
5348,Medium,0.6,0.77,2,0.56,0.81,0.54,P2,Team_B,Medium,P2
5349,Low,0.3,0.08,2,0.89,0.68,0.33,P3,Team_B,Low,P3
5350,Low,0.3,0.72,3,0.75,0.88,0.93,P2,Team_B,Medium,P2
5351,High,0.9,0.61,4,0.64,0.76,0.87,P1,Team_B,High,P1
5352,Low,0.3,0.6,1,0.67,0.64,0.48,P2,Team_C,Medium,P2
5353,High,0.9,0.75,2,0.84,0.62,0.4,P1,Team_A,High,P1
5354,Low,0.3,0.89,2,0.97,0.97,0.69,P2,Team_A,Medium,P2
5355,Medium,0.6,0.27,1,0.63,0.63,0.78,P2,Team_B,Medium,P2
5356,Low,0.3,0.82,3,0.81,0.43,0.89,P2,Team_C,Medium,P2
5357,Low,0.3,0.48,4,0.81,0.38,0.69,P2,Team_C,Medium,P2
5358,Medium,0.6,0.17,3,0.69,0.83,0.67,P2,Team_A,Medium,P2
5359,Low,0.3,0.7,4,0.73,0.49,0.9,P2,Team_B,Medium,P2
5360,Medium,0.6,0.35,1,0.77,0.62,0.47,P2,Team_B,Medium,P2
5361,High,0.9,0.66,1,0.92,0.67,0.32,P1,Team_A,High,P1
5362,Medium,0.6,0.77,4,0.81,0.77,0.42,P2,Team_C,Medium,P2
5363,Medium,0.6,0.74,4,0.9,0.62,0.81,P2,Team_B,Medium,P2
5364,Low,0.3,0.82,4,0.88,0.67,0.36,P2,Team_C,Medium,P2
5365,Medium,0.6,0.24,4,0.79,0.36,0.72,P2,Team_A,Medium,P2
5366,Low,0.3,0.74,1,0.79,0.56,0.59,P2,Team_B,Medium,P2
5367,Low,0.3,0.5,4,0.83,0.61,0.58,P2,Team_B,Medium,P2
5368,Low,0.3,0.62,2,0.72,0.41,0.98,P2,Team_C,Medium,P2
5369,Low,0.3,0.82,4,0.65,0.58,0.58,P2,Team_B,Medium,P2
5370,Medium,0.6,0.19,3,0.92,0.95,0.41,P2,Team_C,Medium,P2
5371,Low,0.3,0.91,1,0.91,0.89,0.94,P2,Team_B,Medium,P2
5372,Low,0.3,0.32,1,0.85,0.3,0.97,P3,Team_B,Low,P3
5373,High,0.9,0.68,3,0.81,0.35,0.72,P1,Team_C,High,P1
5374,High,0.9,0.6,3,0.68,0.63,0.65,P2,Team_C,Medium,P2
5375,Low,0.3,0.5,4,0.88,0.65,0.99,P2,Team_B,Medium,P2
5376,High,0.9,0.7,1,0.46,0.73,0.31,P1,Team_B,High,P1
5377,High,0.9,0.68,3,0.81,0.71,0.96,P1,Team_B,High,P1
5378,Medium,0.6,0.12,4,0.3,0.43,0.41,P2,Team_C,Medium,P2
5379,Low,0.3,0.64,1,0.78,0.54,0.37,P2,Team_A,Medium,P2
5380,Low,0.3,0.38,4,0.47,0.93,0.53,P3,Team_B,Low,P3
5381,Medium,0.6,0.8,1,0.91,0.45,0.6,P2,Team_B,Medium,P2
5382,High,0.9,0.61,3,0.65,0.62,0.63,P1,Team_B,High,P1
5383,Medium,0.6,0.78,1,0.84,0.86,0.53,P2,Team_A,Medium,P2
5384,Medium,0.6,0.69,3,0.64,0.46,0.69,P2,Team_A,Medium,P2
5385,High,0.9,0.31,3,0.81,0.63,0.33,P2,Team_A,Medium,P2
5386,Low,0.3,0.82,1,0.84,0.6,0.47,P2,Team_C,Medium,P2
5387,Low,0.3,0.45,4,0.53,0.53,0.3,P2,Team_B,Medium,P2
5388,Low,0.3,0.66,3,0.41,0.57,0.63,P2,Team_C,Medium,P2
5389,High,0.9,0.54,3,0.86,0.82,0.57,P2,Team_B,Medium,P2
5390,Medium,0.6,0.44,2,0.58,0.69,0.73,P2,Team_B,Medium,P2
5391,High,0.9,0.83,3,0.62,0.71,0.39,P1,Team_B,High,P1
5392,Medium,0.6,0.37,1,0.67,0.57,0.6,P2,Team_C,Medium,P2
5393,Low,0.3,0.25,3,0.57,0.93,0.57,P3,Team_C,Low,P3
5394,Medium,0.6,0.5,2,0.79,0.71,0.67,P2,Team_C,Medium,P2
5395,Medium,0.6,0.78,4,0.41,0.73,0.97,P2,Team_A,Medium,P2
5396,Low,0.3,0.15,1,0.84,0.85,0.38,P3,Team_C,Low,P3
5397,Low,0.3,0.71,4,0.71,0.56,0.39,P2,Team_B,Medium,P2
5398,Medium,0.6,0.27,1,0.93,0.57,0.3,P2,Team_C,Medium,P2
5399,Medium,0.6,0.29,1,0.5,0.69,0.94,P2,Team_A,Medium,P2
5400,Medium,0.6,0.28,1,0.95,0.83,0.77,P2,Team_C,Medium,P2
5401,Low,0.3,0.4,2,0.95,0.88,0.64,P2,Team_C,Medium,P2
5402,High,0.9,0.62,1,0.68,0.96,0.43,P1,Team_A,High,P1
5403,Low,0.3,0.73,4,0.58,0.42,0.43,P2,Team_A,Medium,P2
5404,Medium,0.6,0.59,4,0.83,0.61,0.94,P2,Team_C,Medium,P2
5405,Medium,0.6,0.74,3,0.66,0.9,0.85,P2,Team_C,Medium,P2
5406,High,0.9,0.38,3,0.75,0.52,0.68,P2,Team_C,Medium,P2
5407,Medium,0.6,0.6,3,0.87,0.59,0.98,P2,Team_C,Medium,P2
5408,Low,0.3,0.42,3,0.81,0.95,0.45,P2,Team_B,Medium,P2
5409,High,0.9,0.57,1,0.68,0.57,0.98,P2,Team_A,Medium,P2
5410,Medium,0.6,0.16,1,0.48,0.84,0.61,P2,Team_A,Medium,P2
5411,Medium,0.6,0.75,2,0.83,0.74,0.74,P2,Team_C,Medium,P2
5412,Medium,0.6,0.17,2,0.84,0.94,0.45,P2,Team_C,Medium,P2
5413,High,0.9,0.65,1,0.61,0.92,0.39,P1,Team_B,High,P1
5414,Medium,0.6,0.78,2,0.67,0.8,0.9,P2,Team_C,Medium,P2
5415,Medium,0.6,0.17,1,0.94,0.75,0.54,P2,Team_B,Medium,P2
5416,Low,0.3,0.48,2,0.74,0.53,0.51,P2,Team_B,Medium,P2
5417,Low,0.3,0.52,2,0.35,0.5,0.41,P2,Team_B,Medium,P2
5418,Low,0.3,0.24,2,0.22,0.75,0.95,P3,Team_B,Low,P3
5419,High,0.9,0.51,3,0.87,0.77,0.85,P2,Team_B,Medium,P2
5420,Low,0.3,0.09,1,0.51,0.9,0.55,P3,Team_A,Low,P3
5421,Low,0.3,0.43,4,0.48,0.61,0.36,P2,Team_C,Medium,P2
5422,Medium,0.6,0.36,3,0.51,0.66,0.39,P2,Team_A,Medium,P2
5423,Low,0.3,0.42,2,0.8,0.46,0.5,P2,Team_A,Medium,P2
5424,Low,0.3,0.14,3,0.58,0.69,0.67,P3,Team_B,Low,P3
5425,Medium,0.6,0.74,3,0.56,0.76,0.96,P2,Team_A,Medium,P2
5426,High,0.9,0.81,4,0.96,0.73,0.37,P1,Team_C,High,P1
5427,High,0.9,0.22,4,0.64,0.51,0.86,P2,Team_B,Medium,P2
5428,Low,0.3,0.14,1,0.77,0.29,0.75,P3,Team_C,Low,P3
5429,Medium,0.6,0.33,1,0.6,0.51,0.97,P2,Team_C,Medium,P2
5430,Low,0.3,0.7,3,0.71,0.63,0.97,P2,Team_A,Medium,P2
5431,Low,0.3,0.42,2,0.88,0.43,0.31,P2,Team_A,Medium,P2
5432,Medium,0.6,0.68,3,0.6,0.32,0.53,P2,Team_C,Medium,P2
5433,Low,0.3,0.8,1,0.37,0.95,0.38,P2,Team_C,Medium,P2
5434,Low,0.3,0.97,3,0.48,0.62,0.69,P2,Team_C,Medium,P2
5435,Medium,0.6,0.68,3,0.63,0.55,0.31,P2,Team_C,Medium,P2
5436,Low,0.3,0.43,2,0.74,0.7,0.39,P2,Team_A,Medium,P2
5437,Medium,0.6,0.66,3,0.75,0.9,0.62,P2,Team_B,Medium,P2
5438,Medium,0.6,0.81,4,0.66,0.31,0.84,P2,Team_C,Medium,P2
5439,Medium,0.6,0.51,2,0.72,0.88,0.81,P2,Team_B,Medium,P2
5440,Medium,0.6,0.52,2,0.45,0.7,0.42,P2,Team_A,Medium,P2
5441,Low,0.3,0.36,1,0.82,0.8,0.53,P3,Team_C,Low,P3
5442,Medium,0.6,0.64,1,0.22,0.31,0.71,P2,Team_B,Medium,P2
5443,High,0.9,0.24,4,0.82,0.83,0.33,P2,Team_B,Medium,P2
5444,High,0.9,0.61,4,0.86,0.69,0.37,P1,Team_B,High,P1
5445,Low,0.3,0.26,2,0.97,0.74,0.84,P3,Team_A,Low,P3
5446,Medium,0.6,0.48,1,0.84,0.76,0.81,P2,Team_B,Medium,P2
5447,Medium,0.6,0.57,4,0.93,0.8,0.32,P2,Team_B,Medium,P2
5448,Medium,0.6,0.39,3,0.65,0.87,0.49,P2,Team_C,Medium,P2
5449,Medium,0.6,0.28,2,0.58,0.85,0.43,P2,Team_B,Medium,P2
5450,Low,0.3,0.59,4,0.43,0.73,0.78,P2,Team_A,Medium,P2
5451,Low,0.3,0.33,2,0.38,0.42,0.71,P3,Team_C,Low,P3
5452,Medium,0.6,0.52,4,0.69,0.47,0.85,P2,Team_C,Medium,P2
5453,Medium,0.6,0.08,4,0.35,0.56,0.89,P2,Team_B,Medium,P2
5454,High,0.9,0.67,1,0.88,0.59,0.67,P1,Team_C,High,P1
5455,Low,0.3,0.53,2,0.75,0.88,0.43,P2,Team_C,Medium,P2
5456,Medium,0.6,0.6,4,0.55,0.46,0.87,P2,Team_B,Medium,P2
5457,Medium,0.6,0.41,4,0.85,0.76,0.93,P2,Team_C,Medium,P2
5458,Medium,0.6,0.59,4,0.46,0.72,0.34,P2,Team_A,Medium,P2
5459,High,0.9,0.29,3,0.89,0.66,0.85,P2,Team_B,Medium,P2
5460,Medium,0.6,0.8,4,0.59,0.21,0.44,P2,Team_A,Medium,P2
5461,Medium,0.6,0.85,4,0.52,0.48,0.68,P2,Team_C,Medium,P2
5462,Medium,0.6,0.32,2,0.9,0.81,0.58,P2,Team_A,Medium,P2
5463,Medium,0.6,0.15,2,0.78,0.85,0.75,P2,Team_B,Medium,P2
5464,Low,0.3,0.6,3,0.9,0.63,0.98,P2,Team_A,Medium,P2
5465,Low,0.3,0.83,4,0.74,0.85,0.69,P2,Team_B,Medium,P2
5466,Low,0.3,0.17,3,0.68,0.86,0.45,P3,Team_C,Low,P3
5467,Medium,0.6,0.46,4,0.64,0.87,0.7,P2,Team_C,Medium,P2
5468,Medium,0.6,0.28,4,0.4,0.66,0.42,P2,Team_C,Medium,P2
5469,High,0.9,0.8,1,0.84,0.81,0.73,P1,Team_A,High,P1
5470,High,0.9,0.66,2,0.75,0.71,0.86,P1,Team_C,High,P1
5471,Medium,0.6,0.83,1,0.89,0.96,0.51,P2,Team_C,Medium,P2
5472,Low,0.3,0.06,4,0.85,0.26,0.39,P3,Team_C,Low,P3
5473,Low,0.3,0.25,1,0.74,0.37,0.86,P3,Team_B,Low,P3
5474,Medium,0.6,0.19,2,0.78,0.65,0.4,P2,Team_B,Medium,P2
5475,Medium,0.6,0.39,1,0.49,0.9,0.33,P2,Team_A,Medium,P2
5476,Low,0.3,0.34,1,0.71,0.59,0.34,P3,Team_A,Low,P3
5477,Medium,0.6,0.23,4,0.85,0.74,0.83,P2,Team_B,Medium,P2
5478,Low,0.3,0.91,4,0.67,0.89,0.38,P2,Team_C,Medium,P2
5479,Medium,0.6,0.35,3,0.92,0.94,0.7,P2,Team_A,Medium,P2
5480,Low,0.3,0.11,2,0.56,0.5,0.7,P3,Team_C,Low,P3
5481,High,0.9,0.49,1,0.79,0.62,0.79,P2,Team_B,Medium,P2
5482,Medium,0.6,0.62,2,0.87,0.85,0.55,P2,Team_A,Medium,P2
5483,Low,0.3,0.41,2,0.91,0.73,0.61,P2,Team_A,Medium,P2
5484,Low,0.3,0.22,1,0.71,0.32,0.39,P3,Team_C,Low,P3
5485,High,0.9,0.65,4,0.75,0.62,0.96,P1,Team_B,High,P1
5486,Medium,0.6,0.75,2,0.6,0.69,0.43,P2,Team_A,Medium,P2
5487,Medium,0.6,0.38,1,0.98,0.91,0.7,P2,Team_B,Medium,P2
5488,High,0.9,0.17,2,0.77,0.54,0.7,P2,Team_C,Medium,P2
5489,High,0.9,0.77,2,0.8,0.81,0.79,P1,Team_A,High,P1
5490,Low,0.3,0.83,4,0.56,0.51,0.8,P2,Team_C,Medium,P2
5491,Low,0.3,0.28,4,0.74,0.28,0.93,P3,Team_A,Low,P3
5492,Low,0.3,0.87,3,0.77,0.61,0.66,P2,Team_C,Medium,P2
5493,Low,0.3,0.51,1,0.58,0.58,0.95,P2,Team_C,Medium,P2
5494,Medium,0.6,0.08,3,0.83,0.83,0.36,P2,Team_B,Medium,P2
5495,Low,0.3,0.45,1,0.54,0.51,0.44,P2,Team_B,Medium,P2
5496,Medium,0.6,0.42,4,0.88,0.65,0.77,P2,Team_C,Medium,P2
5497,Low,0.3,0.76,4,0.75,0.69,0.5,P2,Team_C,Medium,P2
5498,Medium,0.6,0.53,3,0.9,0.7,0.41,P2,Team_A,Medium,P2
5499,High,0.9,0.93,4,0.64,0.8,0.46,P1,Team_A,High,P1
5500,Low,0.3,0.54,3,0.94,0.63,0.69,P2,Team_A,Medium,P2
5501,Medium,0.6,0.31,4,0.26,0.89,0.91,P2,Team_A,Medium,P2
5502,Medium,0.6,0.5,4,0.95,0.82,0.53,P2,Team_C,Medium,P2
5503,Medium,0.6,0.63,2,0.85,0.57,0.95,P2,Team_B,Medium,P2
5504,Low,0.3,0.51,1,0.82,0.81,0.59,P2,Team_A,Medium,P2
5505,Low,0.3,0.31,3,0.57,0.44,0.47,P3,Team_C,Low,P3
5506,Medium,0.6,0.91,3,0.45,0.55,0.7,P2,Team_A,Medium,P2
5507,High,0.9,0.7,1,0.63,0.61,0.76,P1,Team_B,High,P1
5508,Low,0.3,0.77,2,0.84,0.8,0.44,P2,Team_A,Medium,P2
5509,Medium,0.6,0.6,1,0.74,0.38,0.73,P2,Team_B,Medium,P2
5510,High,0.9,0.34,3,0.83,0.77,0.43,P2,Team_C,Medium,P2
5511,Low,0.3,0.74,4,0.82,0.76,0.61,P2,Team_B,Medium,P2
5512,Low,0.3,0.46,3,0.6,0.69,0.76,P2,Team_A,Medium,P2
5513,Medium,0.6,0.46,3,0.79,0.61,0.73,P2,Team_A,Medium,P2
5514,Low,0.3,0.44,1,0.96,0.57,0.98,P2,Team_C,Medium,P2
5515,Low,0.3,0.46,4,0.58,0.49,0.91,P2,Team_A,Medium,P2
5516,Low,0.3,0.19,2,0.87,0.74,0.61,P3,Team_A,Low,P3
5517,Low,0.3,0.7,2,0.8,0.6,0.39,P2,Team_C,Medium,P2
5518,Low,0.3,0.31,3,0.38,0.61,0.73,P3,Team_B,Low,P3
5519,Medium,0.6,0.58,1,0.9,0.66,0.97,P2,Team_B,Medium,P2
5520,High,0.9,0.74,3,0.26,0.6,0.46,P1,Team_A,High,P1
5521,Low,0.3,0.45,4,0.82,0.4,0.79,P2,Team_A,Medium,P2
5522,Medium,0.6,0.34,3,0.49,0.66,0.79,P2,Team_A,Medium,P2
5523,Low,0.3,0.53,1,0.87,0.67,0.95,P2,Team_C,Medium,P2
5524,Low,0.3,0.65,4,0.6,0.48,0.89,P2,Team_B,Medium,P2
5525,Medium,0.6,0.65,4,0.77,0.92,0.42,P2,Team_A,Medium,P2
5526,Medium,0.6,0.18,2,0.81,0.65,0.85,P2,Team_A,Medium,P2
5527,Low,0.3,0.5,2,0.73,0.49,0.94,P2,Team_A,Medium,P2
5528,High,0.9,0.46,2,0.45,0.67,0.64,P2,Team_B,Medium,P2
5529,Low,0.3,0.54,4,0.65,0.84,0.95,P2,Team_C,Medium,P2
5530,High,0.9,0.43,2,0.74,0.71,0.52,P2,Team_C,Medium,P2
5531,High,0.9,0.16,4,0.42,0.69,0.57,P2,Team_C,Medium,P2
5532,Low,0.3,0.4,2,0.58,0.69,0.92,P2,Team_A,Medium,P2
5533,Low,0.3,0.8,3,0.78,0.61,0.9,P2,Team_C,Medium,P2
5534,Medium,0.6,0.55,3,0.57,0.78,0.77,P2,Team_C,Medium,P2
5535,High,0.9,0.57,2,0.55,0.55,0.96,P2,Team_C,Medium,P2
5536,Medium,0.6,0.54,3,0.84,0.74,0.7,P2,Team_A,Medium,P2
5537,Medium,0.6,0.5,2,0.84,0.84,0.51,P2,Team_C,Medium,P2
5538,Low,0.3,0.9,1,0.33,0.3,0.41,P2,Team_C,Medium,P2
5539,High,0.9,0.34,4,0.38,0.71,0.81,P2,Team_B,Medium,P2
5540,High,0.9,0.26,1,0.89,0.47,0.75,P2,Team_B,Medium,P2
5541,Medium,0.6,0.25,1,0.63,0.61,0.52,P2,Team_A,Medium,P2
5542,Low,0.3,0.41,2,0.78,0.73,0.59,P2,Team_A,Medium,P2
5543,Low,0.3,0.64,1,0.65,0.6,0.38,P2,Team_A,Medium,P2
5544,Medium,0.6,0.69,2,0.85,0.78,0.61,P2,Team_C,Medium,P2
5545,High,0.9,0.81,1,0.75,0.61,0.64,P1,Team_C,High,P1
5546,Low,0.3,0.79,4,0.47,0.85,0.86,P2,Team_C,Medium,P2
5547,Low,0.3,0.82,2,0.52,0.95,0.42,P2,Team_A,Medium,P2
5548,High,0.9,0.82,3,0.82,0.63,0.67,P1,Team_A,High,P1
5549,High,0.9,0.28,3,0.85,0.56,0.82,P2,Team_C,Medium,P2
5550,Low,0.3,0.5,2,0.68,0.96,0.48,P2,Team_C,Medium,P2
5551,Low,0.3,0.33,1,0.59,0.71,0.37,P3,Team_C,Low,P3
5552,Medium,0.6,0.16,2,0.9,0.67,0.99,P2,Team_A,Medium,P2
5553,High,0.9,0.75,4,0.43,0.3,0.4,P1,Team_A,High,P1
5554,Low,0.3,0.27,2,0.68,0.84,0.44,P3,Team_A,Low,P3
5555,Medium,0.6,0.86,4,0.72,0.84,0.33,P2,Team_B,Medium,P2
5556,Medium,0.6,0.46,2,0.7,0.73,0.72,P2,Team_A,Medium,P2
5557,Low,0.3,0.07,1,0.94,0.71,0.76,P3,Team_B,Low,P3
5558,Low,0.3,0.95,2,0.75,0.79,0.83,P2,Team_A,Medium,P2
5559,Medium,0.6,0.37,3,0.86,0.54,0.78,P2,Team_A,Medium,P2
5560,Low,0.3,0.4,3,0.85,0.37,0.86,P2,Team_C,Medium,P2
5561,High,0.9,0.36,1,0.78,0.53,0.36,P2,Team_C,Medium,P2
5562,Low,0.3,0.27,4,0.59,0.69,0.33,P3,Team_B,Low,P3
5563,Medium,0.6,0.78,2,0.79,0.88,0.78,P2,Team_B,Medium,P2
5564,Low,0.3,0.41,1,0.41,0.55,0.98,P2,Team_C,Medium,P2
5565,High,0.9,0.57,1,0.78,0.38,0.95,P2,Team_A,Medium,P2
5566,Low,0.3,0.34,4,0.7,0.7,0.34,P3,Team_B,Low,P3
5567,Low,0.3,0.57,3,0.69,0.68,0.31,P2,Team_B,Medium,P2
5568,High,0.9,0.89,4,0.73,0.43,0.36,P1,Team_B,High,P1
5569,Low,0.3,0.17,3,0.82,0.75,0.67,P3,Team_B,Low,P3
5570,Medium,0.6,0.12,2,0.57,0.71,0.96,P2,Team_B,Medium,P2
5571,Low,0.3,0.3,1,0.34,0.87,0.5,P3,Team_A,Low,P3
5572,Low,0.3,0.78,1,0.32,0.77,0.53,P2,Team_C,Medium,P2
5573,Low,0.3,0.42,1,0.65,0.93,0.48,P2,Team_C,Medium,P2
5574,High,0.9,0.7,2,0.85,0.75,0.62,P1,Team_C,High,P1
5575,High,0.9,0.26,2,0.65,0.71,0.57,P2,Team_A,Medium,P2
5576,Medium,0.6,0.87,4,0.77,0.85,0.63,P2,Team_A,Medium,P2
5577,High,0.9,0.74,3,0.86,0.92,0.73,P1,Team_B,High,P1
5578,Low,0.3,0.26,3,0.88,0.39,0.85,P3,Team_A,Low,P3
5579,Low,0.3,0.17,4,0.82,0.73,0.64,P3,Team_B,Low,P3
5580,Low,0.3,0.55,3,0.54,0.78,0.75,P2,Team_A,Medium,P2
5581,Low,0.3,0.85,2,0.67,0.56,0.72,P2,Team_C,Medium,P2
5582,Low,0.3,0.54,3,0.82,0.86,0.5,P2,Team_B,Medium,P2
5583,Medium,0.6,0.15,3,0.37,0.57,0.63,P2,Team_B,Medium,P2
5584,High,0.9,0.32,2,0.97,0.9,0.37,P2,Team_A,Medium,P2
5585,Low,0.3,0.93,3,0.47,0.38,0.76,P2,Team_A,Medium,P2
5586,Low,0.3,0.54,2,0.91,0.74,0.53,P2,Team_A,Medium,P2
5587,Low,0.3,0.6,1,0.89,0.58,0.53,P2,Team_B,Medium,P2
5588,Low,0.3,0.46,3,0.65,0.69,0.49,P2,Team_A,Medium,P2
5589,Low,0.3,0.46,2,0.83,0.72,0.48,P2,Team_C,Medium,P2
5590,High,0.9,0.84,3,0.78,0.39,0.57,P1,Team_C,High,P1
5591,Medium,0.6,0.21,2,0.81,0.84,0.64,P2,Team_B,Medium,P2
5592,High,0.9,0.41,1,0.85,0.5,0.55,P2,Team_B,Medium,P2
5593,Medium,0.6,0.11,1,0.94,0.73,0.91,P2,Team_B,Medium,P2
5594,Medium,0.6,0.74,4,0.82,0.75,0.39,P2,Team_B,Medium,P2
5595,Low,0.3,0.27,2,0.7,0.91,0.78,P3,Team_B,Low,P3
5596,Low,0.3,0.43,1,0.83,0.59,0.45,P2,Team_B,Medium,P2
5597,Medium,0.6,0.59,1,0.78,0.67,0.69,P2,Team_B,Medium,P2
5598,Medium,0.6,0.46,4,0.88,0.54,0.52,P2,Team_A,Medium,P2
5599,Low,0.3,0.56,1,0.38,0.55,0.41,P2,Team_A,Medium,P2
5600,Low,0.3,0.38,3,0.83,0.81,0.75,P3,Team_A,Low,P3
5601,High,0.9,0.41,4,0.92,0.71,0.8,P2,Team_C,Medium,P2
5602,Low,0.3,0.36,1,0.94,0.92,0.79,P3,Team_B,Low,P3
5603,High,0.9,0.36,1,0.92,0.55,0.94,P2,Team_C,Medium,P2
5604,Low,0.3,0.34,1,0.95,0.96,0.89,P3,Team_C,Low,P3
5605,Low,0.3,0.34,1,0.56,0.59,0.93,P3,Team_B,Low,P3
5606,High,0.9,0.63,1,0.72,0.82,0.77,P1,Team_C,High,P1
5607,Low,0.3,0.7,1,0.59,0.88,0.6,P2,Team_A,Medium,P2
5608,Low,0.3,0.8,4,0.6,0.76,0.7,P2,Team_C,Medium,P2
5609,Low,0.3,0.49,1,0.39,0.68,0.93,P2,Team_B,Medium,P2
5610,Medium,0.6,0.48,4,0.62,0.91,0.98,P2,Team_A,Medium,P2
5611,High,0.9,0.66,4,0.69,0.71,0.46,P1,Team_A,High,P1
5612,Low,0.3,0.47,3,0.93,0.2,0.32,P2,Team_A,Medium,P2
5613,Low,0.3,0.16,1,0.53,0.37,0.72,P3,Team_B,Low,P3
5614,Medium,0.6,0.38,4,0.5,0.58,0.34,P2,Team_A,Medium,P2
5615,Low,0.3,0.91,1,0.55,0.76,0.32,P2,Team_C,Medium,P2
5616,Low,0.3,0.79,4,0.95,0.81,0.95,P2,Team_C,Medium,P2
5617,Medium,0.6,0.21,2,0.63,0.92,0.95,P2,Team_B,Medium,P2
5618,Low,0.3,0.69,4,0.81,0.83,0.58,P2,Team_A,Medium,P2
5619,Low,0.3,0.6,3,0.94,0.83,0.61,P2,Team_C,Medium,P2
5620,Medium,0.6,0.54,3,0.68,0.38,0.63,P2,Team_A,Medium,P2
5621,Low,0.3,0.4,2,0.78,0.93,0.53,P2,Team_C,Medium,P2
5622,High,0.9,0.41,3,0.67,0.78,0.37,P2,Team_B,Medium,P2
5623,Low,0.3,0.21,2,0.51,0.72,0.87,P3,Team_C,Low,P3
5624,Medium,0.6,0.3,2,0.54,0.56,0.43,P2,Team_A,Medium,P2
5625,Low,0.3,0.77,2,0.69,0.83,0.83,P2,Team_C,Medium,P2
5626,High,0.9,0.6,2,0.68,0.51,0.86,P2,Team_C,Medium,P2
5627,Low,0.3,0.57,1,0.64,0.92,0.66,P2,Team_C,Medium,P2
5628,Low,0.3,0.55,4,0.87,0.85,0.91,P2,Team_B,Medium,P2
5629,Low,0.3,0.22,2,0.65,0.59,0.42,P3,Team_A,Low,P3
5630,Low,0.3,0.79,1,0.86,0.75,0.69,P2,Team_A,Medium,P2
5631,Medium,0.6,0.58,4,0.57,0.73,0.68,P2,Team_B,Medium,P2
5632,Low,0.3,0.59,1,0.95,0.95,0.4,P2,Team_B,Medium,P2
5633,Low,0.3,0.69,3,0.69,0.74,0.68,P2,Team_A,Medium,P2
5634,Low,0.3,0.39,4,0.67,0.24,0.72,P3,Team_B,Low,P3
5635,Low,0.3,0.74,4,0.96,0.86,0.58,P2,Team_B,Medium,P2
5636,Medium,0.6,0.09,4,0.73,0.46,0.31,P2,Team_B,Medium,P2
5637,High,0.9,0.83,1,0.68,0.57,0.89,P1,Team_C,High,P1
5638,Low,0.3,0.45,3,0.69,0.54,0.91,P2,Team_B,Medium,P2
5639,Medium,0.6,0.64,2,0.75,0.66,0.37,P2,Team_B,Medium,P2
5640,Medium,0.6,0.78,1,0.78,0.84,0.84,P2,Team_C,Medium,P2
5641,Low,0.3,0.76,1,0.72,0.77,0.54,P2,Team_B,Medium,P2
5642,Low,0.3,0.67,2,0.87,0.92,0.72,P2,Team_C,Medium,P2
5643,High,0.9,0.7,4,0.6,0.89,0.7,P1,Team_C,High,P1
5644,Low,0.3,0.79,2,0.52,0.68,0.35,P2,Team_B,Medium,P2
5645,Low,0.3,0.13,3,0.55,0.8,0.61,P3,Team_B,Low,P3
5646,Low,0.3,0.43,3,0.86,0.36,0.69,P2,Team_C,Medium,P2
5647,Low,0.3,0.16,1,0.8,0.83,0.78,P3,Team_A,Low,P3
5648,Low,0.3,0.84,2,0.98,0.67,0.93,P2,Team_C,Medium,P2
5649,High,0.9,0.89,3,0.35,0.5,0.6,P1,Team_A,High,P1
5650,Medium,0.6,0.48,4,0.74,0.47,0.89,P2,Team_C,Medium,P2
5651,Medium,0.6,0.26,4,0.66,0.47,0.57,P2,Team_A,Medium,P2
5652,Low,0.3,0.52,2,0.91,0.88,0.61,P2,Team_C,Medium,P2
5653,Medium,0.6,0.3,2,0.74,0.89,0.39,P2,Team_B,Medium,P2
5654,High,0.9,0.46,3,0.8,0.64,0.88,P2,Team_C,Medium,P2
5655,Medium,0.6,0.04,1,0.75,0.85,0.52,P2,Team_A,Medium,P2
5656,Low,0.3,0.02,3,0.48,0.51,0.78,P3,Team_B,Low,P3
5657,Medium,0.6,0.14,2,0.59,0.86,0.74,P2,Team_A,Medium,P2
5658,Medium,0.6,0.29,2,0.88,0.95,0.82,P2,Team_C,Medium,P2
5659,Medium,0.6,0.86,4,0.41,0.48,0.67,P2,Team_B,Medium,P2
5660,Low,0.3,0.62,2,0.66,0.81,0.33,P2,Team_C,Medium,P2
5661,Low,0.3,0.26,4,0.96,0.58,0.92,P3,Team_B,Low,P3
5662,Medium,0.6,0.17,2,0.44,0.52,0.73,P2,Team_A,Medium,P2
5663,High,0.9,0.55,3,0.54,0.88,0.59,P2,Team_B,Medium,P2
5664,High,0.9,0.79,2,0.89,0.78,0.33,P1,Team_B,High,P1
5665,High,0.9,0.55,2,0.86,0.73,0.7,P2,Team_A,Medium,P2
5666,Low,0.3,0.45,4,0.46,0.34,0.93,P2,Team_B,Medium,P2
5667,Medium,0.6,0.59,3,0.87,0.48,0.96,P2,Team_B,Medium,P2
5668,Low,0.3,0.58,2,0.67,0.52,0.54,P2,Team_B,Medium,P2
5669,High,0.9,0.81,3,0.87,0.66,0.53,P1,Team_A,High,P1
5670,Medium,0.6,0.82,3,0.43,0.61,0.71,P2,Team_A,Medium,P2
5671,High,0.9,0.55,1,0.49,0.31,0.93,P2,Team_C,Medium,P2
5672,Low,0.3,0.46,1,0.85,0.29,0.91,P2,Team_C,Medium,P2
5673,Medium,0.6,0.46,4,0.85,0.51,0.36,P2,Team_C,Medium,P2
5674,Low,0.3,0.24,3,0.94,0.38,0.85,P3,Team_C,Low,P3
5675,Low,0.3,0.32,1,0.74,0.77,0.96,P3,Team_C,Low,P3
5676,Low,0.3,0.17,1,0.68,0.63,0.33,P3,Team_C,Low,P3
5677,Medium,0.6,0.86,4,0.81,0.51,0.54,P2,Team_C,Medium,P2
5678,High,0.9,0.37,2,0.98,0.63,0.71,P2,Team_B,Medium,P2
5679,Low,0.3,0.19,3,0.57,0.79,0.69,P3,Team_C,Low,P3
5680,High,0.9,0.48,3,0.66,0.35,0.77,P2,Team_C,Medium,P2
5681,High,0.9,0.16,4,0.88,0.4,0.62,P2,Team_B,Medium,P2
5682,Low,0.3,0.86,4,0.87,0.83,0.47,P2,Team_A,Medium,P2
5683,Low,0.3,0.73,1,0.6,0.72,0.51,P2,Team_A,Medium,P2
5684,Medium,0.6,0.73,2,0.95,0.96,0.85,P2,Team_C,Medium,P2
5685,High,0.9,0.68,1,0.6,0.79,0.31,P1,Team_C,High,P1
5686,Low,0.3,0.31,4,0.52,0.4,0.39,P3,Team_C,Low,P3
5687,High,0.9,0.64,4,0.85,0.55,0.51,P1,Team_C,High,P1
5688,Medium,0.6,0.3,1,0.59,0.35,0.56,P2,Team_C,Medium,P2
5689,Low,0.3,0.31,4,0.92,0.61,0.86,P3,Team_C,Low,P3
5690,Medium,0.6,0.54,1,0.59,0.62,0.38,P2,Team_A,Medium,P2
5691,High,0.9,0.15,3,0.38,0.46,0.74,P2,Team_A,Medium,P2
5692,High,0.9,0.62,4,0.65,0.73,0.42,P1,Team_B,High,P1
5693,Low,0.3,0.37,4,0.88,0.48,0.97,P3,Team_B,Low,P3
5694,Low,0.3,0.53,3,0.67,0.36,0.71,P2,Team_B,Medium,P2
5695,Low,0.3,0.3,3,0.68,0.93,0.98,P3,Team_A,Low,P3
5696,Medium,0.6,0.93,3,0.8,0.85,0.42,P2,Team_C,Medium,P2
5697,Medium,0.6,0.59,4,0.76,0.54,0.52,P2,Team_C,Medium,P2
5698,Medium,0.6,0.62,3,0.59,0.51,0.62,P2,Team_A,Medium,P2
5699,Low,0.3,0.4,4,0.54,0.59,0.39,P2,Team_C,Medium,P2
5700,Medium,0.6,0.89,3,0.87,0.92,0.4,P2,Team_C,Medium,P2
5701,Low,0.3,0.31,3,0.79,0.32,0.43,P3,Team_C,Low,P3
5702,High,0.9,0.5,1,0.96,0.51,0.81,P2,Team_C,Medium,P2
5703,High,0.9,0.28,2,0.91,0.13,0.4,P2,Team_B,Medium,P2
5704,Low,0.3,0.6,1,0.74,0.69,0.47,P2,Team_B,Medium,P2
5705,Low,0.3,0.73,1,0.94,0.4,0.69,P2,Team_A,Medium,P2
5706,High,0.9,0.61,3,0.64,0.79,0.79,P1,Team_B,High,P1
5707,Low,0.3,0.35,2,0.8,0.59,0.54,P3,Team_B,Low,P3
5708,Low,0.3,0.92,2,0.8,0.71,0.41,P2,Team_B,Medium,P2
5709,Low,0.3,0.25,2,0.74,0.79,0.65,P3,Team_A,Low,P3
5710,High,0.9,0.48,4,0.92,0.74,0.52,P2,Team_C,Medium,P2
5711,Low,0.3,0.6,4,0.76,0.52,0.97,P2,Team_C,Medium,P2
5712,High,0.9,0.88,3,0.66,0.48,0.46,P1,Team_A,High,P1
5713,Low,0.3,0.64,2,0.94,0.83,0.98,P2,Team_A,Medium,P2
5714,Medium,0.6,0.34,4,0.93,0.42,0.36,P2,Team_B,Medium,P2
5715,High,0.9,0.54,4,0.49,0.54,0.38,P2,Team_B,Medium,P2
5716,Low,0.3,0.4,3,0.94,0.36,0.87,P2,Team_B,Medium,P2
5717,Medium,0.6,0.08,1,0.74,0.5,0.73,P2,Team_C,Medium,P2
5718,Low,0.3,0.05,2,0.96,0.68,0.52,P3,Team_B,Low,P3
5719,Medium,0.6,0.52,1,0.87,0.59,0.51,P2,Team_C,Medium,P2
5720,High,0.9,0.71,1,0.37,0.49,0.39,P1,Team_C,High,P1
5721,High,0.9,0.9,1,0.75,0.64,0.4,P1,Team_B,High,P1
5722,High,0.9,0.09,3,0.64,0.81,0.77,P2,Team_B,Medium,P2
5723,Low,0.3,0.65,1,0.4,0.8,0.44,P2,Team_C,Medium,P2
5724,Low,0.3,0.6,2,0.93,0.83,0.78,P2,Team_C,Medium,P2
5725,Medium,0.6,0.22,1,0.84,0.63,0.32,P2,Team_C,Medium,P2
5726,Low,0.3,0.35,4,0.7,0.64,0.35,P3,Team_A,Low,P3
5727,Low,0.3,0.86,3,0.59,0.86,0.94,P2,Team_A,Medium,P2
5728,Medium,0.6,0.64,2,0.93,0.53,0.86,P2,Team_A,Medium,P2
5729,Low,0.3,0.22,2,0.89,0.74,0.4,P3,Team_A,Low,P3
5730,Medium,0.6,0.46,2,0.57,0.84,0.82,P2,Team_B,Medium,P2
5731,Low,0.3,0.41,4,0.58,0.91,0.55,P2,Team_B,Medium,P2
5732,Medium,0.6,0.17,3,0.62,0.68,0.79,P2,Team_B,Medium,P2
5733,Low,0.3,0.68,4,0.62,0.57,0.45,P2,Team_A,Medium,P2
5734,Medium,0.6,0.74,3,0.49,0.87,0.43,P2,Team_B,Medium,P2
5735,High,0.9,0.24,3,0.75,0.48,0.43,P2,Team_C,Medium,P2
5736,Medium,0.6,0.75,2,0.68,0.4,0.91,P2,Team_B,Medium,P2
5737,Medium,0.6,0.68,1,0.7,0.58,0.84,P2,Team_B,Medium,P2
5738,Medium,0.6,0.5,4,0.92,0.49,0.69,P2,Team_B,Medium,P2
5739,High,0.9,0.75,1,0.78,0.53,0.82,P1,Team_B,High,P1
5740,High,0.9,0.51,1,0.92,0.99,0.47,P2,Team_A,Medium,P2
5741,Medium,0.6,0.93,1,0.69,0.62,0.38,P2,Team_C,Medium,P2
5742,High,0.9,0.64,1,0.98,0.39,0.88,P1,Team_A,High,P1
5743,Low,0.3,0.64,1,0.62,0.77,0.61,P2,Team_A,Medium,P2
5744,Medium,0.6,0.74,1,0.5,0.41,0.98,P2,Team_C,Medium,P2
5745,Medium,0.6,0.44,2,0.7,0.85,0.95,P2,Team_B,Medium,P2
5746,Low,0.3,0.39,4,0.88,0.38,0.84,P3,Team_C,Low,P3
5747,Medium,0.6,0.43,4,0.61,0.61,0.89,P2,Team_B,Medium,P2
5748,Low,0.3,0.76,4,0.76,0.53,0.96,P2,Team_C,Medium,P2
5749,Medium,0.6,0.91,3,0.85,0.9,0.39,P2,Team_B,Medium,P2
5750,Low,0.3,0.68,3,0.92,0.84,0.57,P2,Team_C,Medium,P2
5751,High,0.9,0.46,4,0.75,0.56,0.99,P2,Team_A,Medium,P2
5752,Medium,0.6,0.32,2,0.7,0.77,0.74,P2,Team_C,Medium,P2
5753,Medium,0.6,0.9,1,0.85,0.82,0.34,P2,Team_C,Medium,P2
5754,Low,0.3,0.64,2,0.64,0.74,0.96,P2,Team_A,Medium,P2
5755,High,0.9,0.14,2,0.55,0.92,0.74,P2,Team_B,Medium,P2
5756,Medium,0.6,0.85,1,0.75,0.97,0.59,P2,Team_C,Medium,P2
5757,Medium,0.6,0.21,1,0.79,0.83,0.51,P2,Team_B,Medium,P2
5758,Low,0.3,0.23,3,0.89,0.67,0.93,P3,Team_A,Low,P3
5759,Low,0.3,0.73,4,0.75,0.75,0.89,P2,Team_C,Medium,P2
5760,High,0.9,0.17,4,0.72,0.46,0.67,P2,Team_C,Medium,P2
5761,Medium,0.6,0.24,3,0.83,0.83,0.43,P2,Team_B,Medium,P2
5762,Medium,0.6,0.29,2,0.64,0.74,0.94,P2,Team_B,Medium,P2
5763,Low,0.3,0.24,2,0.23,0.53,0.94,P3,Team_C,Low,P3
5764,Medium,0.6,0.34,2,0.65,0.51,0.53,P2,Team_C,Medium,P2
5765,Medium,0.6,0.52,2,0.86,0.73,0.69,P2,Team_B,Medium,P2
5766,Medium,0.6,0.02,4,0.7,0.7,0.74,P2,Team_B,Medium,P2
5767,Low,0.3,0.88,1,0.69,0.34,0.38,P2,Team_A,Medium,P2
5768,Low,0.3,0.41,2,0.72,0.98,0.92,P2,Team_B,Medium,P2
5769,High,0.9,0.67,1,0.73,0.74,0.39,P1,Team_C,High,P1
5770,Low,0.3,0.52,4,0.72,0.4,0.53,P2,Team_A,Medium,P2
5771,Medium,0.6,0.68,2,0.64,0.66,0.79,P2,Team_C,Medium,P2
5772,Medium,0.6,0.22,4,0.8,0.65,0.8,P2,Team_A,Medium,P2
5773,Low,0.3,0.71,2,0.67,0.51,0.66,P2,Team_C,Medium,P2
5774,Low,0.3,0.95,1,0.74,0.86,0.67,P2,Team_C,Medium,P2
5775,Medium,0.6,0.43,3,0.88,0.63,0.98,P2,Team_A,Medium,P2
5776,Medium,0.6,0.82,1,0.42,0.51,0.68,P2,Team_A,Medium,P2
5777,Low,0.3,0.53,1,0.79,0.43,0.48,P2,Team_C,Medium,P2
5778,Low,0.3,0.85,4,0.87,0.91,0.47,P2,Team_B,Medium,P2
5779,High,0.9,0.4,4,0.85,0.88,0.42,P2,Team_A,Medium,P2
5780,Medium,0.6,0.51,3,0.96,0.76,0.79,P2,Team_B,Medium,P2
5781,Medium,0.6,0.52,3,0.66,0.47,0.37,P2,Team_A,Medium,P2
5782,High,0.9,0.31,2,0.68,0.64,0.45,P2,Team_C,Medium,P2
5783,High,0.9,0.15,3,0.77,0.23,0.77,P2,Team_B,Medium,P2
5784,High,0.9,0.14,2,0.71,0.16,0.86,P2,Team_A,Medium,P2
5785,Low,0.3,0.85,1,0.37,0.77,0.77,P2,Team_C,Medium,P2
5786,Low,0.3,0.54,3,0.57,0.61,0.99,P2,Team_B,Medium,P2
5787,Low,0.3,0.74,2,0.5,0.58,0.96,P2,Team_A,Medium,P2
5788,Medium,0.6,0.54,1,0.76,0.95,0.86,P2,Team_C,Medium,P2
5789,Low,0.3,0.43,2,0.58,0.68,0.67,P2,Team_C,Medium,P2
5790,High,0.9,0.22,3,0.97,0.64,0.93,P2,Team_A,Medium,P2
5791,Low,0.3,0.2,2,0.55,0.27,0.86,P3,Team_C,Low,P3
5792,High,0.9,0.77,4,0.66,0.77,0.7,P1,Team_B,High,P1
5793,High,0.9,0.42,2,0.68,0.53,0.42,P2,Team_B,Medium,P2
5794,Medium,0.6,0.36,1,0.9,0.45,0.6,P2,Team_B,Medium,P2
5795,High,0.9,0.53,2,0.68,0.83,0.55,P2,Team_C,Medium,P2
5796,Medium,0.6,0.24,1,0.68,0.88,0.81,P2,Team_B,Medium,P2
5797,Medium,0.6,0.22,1,0.83,0.5,0.41,P2,Team_A,Medium,P2
5798,High,0.9,0.51,3,0.54,0.3,0.71,P2,Team_A,Medium,P2
5799,High,0.9,0.47,1,0.7,0.74,0.86,P2,Team_B,Medium,P2
5800,Low,0.3,0.76,2,0.75,0.75,0.68,P2,Team_A,Medium,P2
5801,Low,0.3,0.44,3,0.5,0.51,0.78,P2,Team_A,Medium,P2
5802,Medium,0.6,0.13,4,0.89,0.5,0.61,P2,Team_B,Medium,P2
5803,Low,0.3,0.51,3,0.86,0.46,0.37,P2,Team_A,Medium,P2
5804,Low,0.3,0.81,4,0.89,0.45,0.57,P2,Team_A,Medium,P2
5805,Low,0.3,0.48,3,0.45,0.67,0.47,P2,Team_B,Medium,P2
5806,Low,0.3,0.67,2,0.81,0.87,0.99,P2,Team_A,Medium,P2
5807,Low,0.3,0.6,4,0.55,0.69,0.52,P2,Team_A,Medium,P2
5808,High,0.9,0.32,4,0.3,0.45,0.35,P2,Team_B,Medium,P2
5809,Low,0.3,0.37,3,0.82,0.62,0.74,P3,Team_C,Low,P3
5810,Medium,0.6,0.29,3,0.76,0.69,0.68,P2,Team_A,Medium,P2
5811,High,0.9,0.57,2,0.79,0.56,0.64,P2,Team_A,Medium,P2
5812,High,0.9,0.55,3,0.67,0.74,0.75,P2,Team_C,Medium,P2
5813,Medium,0.6,0.56,1,0.53,0.45,0.94,P2,Team_B,Medium,P2
5814,Medium,0.6,0.79,1,0.58,0.67,0.59,P2,Team_C,Medium,P2
5815,Low,0.3,0.14,3,0.86,0.36,0.93,P3,Team_C,Low,P3
5816,Low,0.3,0.79,4,0.42,0.76,0.83,P2,Team_B,Medium,P2
5817,Medium,0.6,0.27,2,0.99,0.79,0.57,P2,Team_B,Medium,P2
5818,Medium,0.6,0.78,4,0.82,0.7,0.9,P2,Team_A,Medium,P2
5819,High,0.9,0.28,1,0.72,0.68,0.33,P2,Team_B,Medium,P2
5820,High,0.9,0.05,3,0.93,0.58,0.34,P2,Team_C,Medium,P2
5821,Low,0.3,0.2,4,0.92,0.36,0.58,P3,Team_A,Low,P3
5822,Low,0.3,0.38,4,0.67,0.91,0.71,P3,Team_A,Low,P3
5823,Medium,0.6,0.37,3,0.72,0.69,0.82,P2,Team_B,Medium,P2
5824,High,0.9,0.59,3,0.62,0.82,0.46,P2,Team_A,Medium,P2
5825,Low,0.3,0.36,3,0.74,0.72,0.7,P3,Team_A,Low,P3
5826,Low,0.3,0.3,3,0.5,0.45,0.49,P3,Team_B,Low,P3
5827,Low,0.3,0.33,1,0.89,0.45,0.54,P3,Team_A,Low,P3
5828,Low,0.3,0.68,3,0.97,0.74,0.82,P2,Team_C,Medium,P2
5829,Medium,0.6,0.17,3,0.68,0.68,0.76,P2,Team_B,Medium,P2
5830,Medium,0.6,0.47,4,0.67,0.4,0.66,P2,Team_C,Medium,P2
5831,Low,0.3,0.55,1,0.69,0.56,0.4,P2,Team_A,Medium,P2
5832,High,0.9,0.17,1,0.83,0.76,0.51,P2,Team_A,Medium,P2
5833,Medium,0.6,0.78,3,0.79,0.77,0.78,P2,Team_A,Medium,P2
5834,Low,0.3,0.79,4,0.9,0.61,0.79,P2,Team_A,Medium,P2
5835,Low,0.3,0.09,3,0.67,0.41,0.51,P3,Team_B,Low,P3
5836,High,0.9,0.35,2,0.88,0.66,0.65,P2,Team_C,Medium,P2
5837,Medium,0.6,0.76,4,0.79,0.31,0.37,P2,Team_C,Medium,P2
5838,High,0.9,0.46,3,0.31,0.89,0.76,P2,Team_B,Medium,P2
5839,Low,0.3,0.68,1,0.63,0.86,0.88,P2,Team_B,Medium,P2
5840,High,0.9,0.63,1,0.58,0.57,0.92,P1,Team_C,High,P1
5841,Low,0.3,0.8,4,0.98,0.81,0.79,P2,Team_B,Medium,P2
5842,Medium,0.6,0.71,1,0.93,0.51,0.31,P2,Team_C,Medium,P2
5843,Low,0.3,0.87,3,0.74,0.71,0.58,P2,Team_B,Medium,P2
5844,Low,0.3,0.11,1,0.72,0.75,0.77,P3,Team_B,Low,P3
5845,Medium,0.6,0.17,3,0.49,0.69,0.67,P2,Team_C,Medium,P2
5846,Medium,0.6,0.44,4,0.7,0.92,0.39,P2,Team_B,Medium,P2
5847,Medium,0.6,0.21,3,0.62,0.62,0.79,P2,Team_B,Medium,P2
5848,High,0.9,0.35,3,0.33,0.82,0.5,P2,Team_B,Medium,P2
5849,High,0.9,0.88,1,0.53,0.44,0.31,P1,Team_C,High,P1
5850,Low,0.3,0.22,1,0.33,0.7,0.97,P3,Team_A,Low,P3
5851,High,0.9,0.42,3,0.86,0.63,0.64,P2,Team_A,Medium,P2
5852,Medium,0.6,0.92,2,0.79,0.57,0.69,P2,Team_C,Medium,P2
5853,Medium,0.6,0.95,3,0.88,0.54,0.8,P2,Team_C,Medium,P2
5854,Medium,0.6,0.68,3,0.95,0.62,0.34,P2,Team_A,Medium,P2
5855,High,0.9,0.63,4,0.59,0.74,0.56,P1,Team_A,High,P1
5856,Low,0.3,0.82,4,0.68,0.61,0.34,P2,Team_C,Medium,P2
5857,Medium,0.6,0.21,4,0.55,0.71,0.84,P2,Team_C,Medium,P2
5858,High,0.9,0.41,4,0.47,0.83,0.45,P2,Team_A,Medium,P2
5859,High,0.9,0.58,4,0.72,0.8,0.63,P2,Team_B,Medium,P2
5860,Medium,0.6,0.8,2,0.75,0.44,0.75,P2,Team_C,Medium,P2
5861,Medium,0.6,0.63,3,0.62,0.67,0.41,P2,Team_A,Medium,P2
5862,Medium,0.6,0.7,4,0.87,0.71,0.59,P2,Team_C,Medium,P2
5863,Medium,0.6,0.27,4,0.51,0.44,0.85,P2,Team_A,Medium,P2
5864,Medium,0.6,0.44,1,0.69,0.46,0.56,P2,Team_A,Medium,P2
5865,Medium,0.6,0.47,4,0.97,0.8,0.83,P2,Team_C,Medium,P2
5866,Low,0.3,0.28,2,0.9,0.81,0.73,P3,Team_C,Low,P3
5867,Low,0.3,0.58,3,0.54,0.76,0.7,P2,Team_C,Medium,P2
5868,Low,0.3,0.16,1,0.84,0.59,0.91,P3,Team_B,Low,P3
5869,Medium,0.6,0.29,2,0.71,0.41,0.49,P2,Team_A,Medium,P2
5870,High,0.9,0.67,3,0.84,0.73,0.91,P1,Team_A,High,P1
5871,Medium,0.6,0.73,4,0.52,0.86,0.35,P2,Team_C,Medium,P2
5872,Low,0.3,0.74,2,0.57,0.73,0.94,P2,Team_A,Medium,P2
5873,High,0.9,0.15,2,0.42,0.67,0.35,P2,Team_A,Medium,P2
5874,Low,0.3,0.79,4,0.61,0.58,0.87,P2,Team_A,Medium,P2
5875,Medium,0.6,0.3,1,0.68,0.77,0.82,P2,Team_A,Medium,P2
5876,Medium,0.6,0.24,3,0.82,0.68,0.37,P2,Team_C,Medium,P2
5877,Low,0.3,0.39,2,0.42,0.79,0.59,P3,Team_A,Low,P3
5878,High,0.9,0.49,3,0.75,0.98,0.34,P2,Team_A,Medium,P2
5879,Medium,0.6,0.32,4,0.63,0.86,0.63,P2,Team_A,Medium,P2
5880,Medium,0.6,0.39,2,0.86,0.5,0.38,P2,Team_C,Medium,P2
5881,High,0.9,0.53,4,0.81,0.8,0.49,P2,Team_C,Medium,P2
5882,High,0.9,0.55,3,0.52,0.94,0.74,P2,Team_C,Medium,P2
5883,Low,0.3,0.84,3,0.7,0.75,0.31,P2,Team_C,Medium,P2
5884,Low,0.3,0.11,2,0.64,0.38,0.89,P3,Team_B,Low,P3
5885,Low,0.3,0.38,2,0.66,0.57,0.97,P3,Team_B,Low,P3
5886,Low,0.3,0.91,4,0.69,0.74,0.96,P2,Team_C,Medium,P2
5887,Low,0.3,0.12,4,0.91,0.67,0.34,P3,Team_A,Low,P3
5888,High,0.9,0.53,3,0.72,0.51,0.37,P2,Team_B,Medium,P2
5889,Low,0.3,0.43,1,0.9,0.93,0.85,P2,Team_B,Medium,P2
5890,High,0.9,0.53,1,0.95,0.78,0.85,P2,Team_A,Medium,P2
5891,Medium,0.6,0.91,1,0.98,0.69,0.59,P2,Team_B,Medium,P2
5892,Medium,0.6,0.58,1,0.85,0.83,0.98,P2,Team_B,Medium,P2
5893,Low,0.3,0.85,3,0.77,0.66,0.44,P2,Team_C,Medium,P2
5894,Low,0.3,0.89,3,0.79,0.75,0.59,P2,Team_C,Medium,P2
5895,Low,0.3,0.5,2,0.5,0.85,0.42,P2,Team_A,Medium,P2
5896,Low,0.3,0.16,1,0.87,0.96,0.86,P3,Team_C,Low,P3
5897,Medium,0.6,0.49,1,0.56,0.78,0.66,P2,Team_A,Medium,P2
5898,Medium,0.6,0.26,2,0.53,0.62,0.61,P2,Team_C,Medium,P2
5899,Low,0.3,0.31,2,0.74,0.76,0.7,P3,Team_B,Low,P3
5900,Medium,0.6,0.53,3,0.79,0.42,0.5,P2,Team_A,Medium,P2
5901,Medium,0.6,0.74,4,0.49,0.77,0.45,P2,Team_C,Medium,P2
5902,Low,0.3,0.93,2,0.96,0.51,0.71,P2,Team_C,Medium,P2
5903,Low,0.3,0.88,4,0.47,0.89,0.94,P2,Team_A,Medium,P2
5904,Low,0.3,0.9,1,0.47,0.75,0.78,P2,Team_A,Medium,P2
5905,Medium,0.6,0.63,4,0.59,0.77,0.44,P2,Team_A,Medium,P2
5906,High,0.9,0.28,3,0.64,0.56,0.32,P2,Team_C,Medium,P2
5907,Medium,0.6,0.69,2,0.76,0.59,0.37,P2,Team_B,Medium,P2
5908,Medium,0.6,0.9,1,0.71,0.4,0.61,P2,Team_B,Medium,P2
5909,Low,0.3,0.06,4,0.51,0.75,0.55,P3,Team_C,Low,P3
5910,Medium,0.6,0.48,1,0.95,0.4,0.73,P2,Team_C,Medium,P2
5911,High,0.9,0.73,3,0.69,0.76,0.58,P1,Team_C,High,P1
5912,Low,0.3,0.68,1,0.64,0.81,0.43,P2,Team_A,Medium,P2
5913,High,0.9,0.49,1,0.84,0.56,0.62,P2,Team_C,Medium,P2
5914,Low,0.3,0.36,2,0.76,0.73,0.69,P3,Team_A,Low,P3
5915,Low,0.3,0.51,1,0.43,0.14,0.43,P2,Team_C,Medium,P2
5916,Low,0.3,0.12,3,0.65,0.69,0.4,P3,Team_C,Low,P3
5917,Medium,0.6,0.91,4,0.63,0.6,0.88,P2,Team_B,Medium,P2
5918,High,0.9,0.43,3,0.94,0.57,0.53,P2,Team_A,Medium,P2
5919,Medium,0.6,0.48,1,0.9,0.75,0.69,P2,Team_B,Medium,P2
5920,Medium,0.6,0.52,4,0.45,0.67,0.83,P2,Team_C,Medium,P2
5921,Low,0.3,0.7,3,0.8,0.57,0.65,P2,Team_B,Medium,P2
5922,Medium,0.6,0.81,2,0.66,0.54,0.94,P2,Team_C,Medium,P2
5923,Medium,0.6,0.09,3,0.66,0.53,0.38,P2,Team_A,Medium,P2
5924,Low,0.3,0.27,1,0.66,0.29,0.7,P3,Team_A,Low,P3
5925,Low,0.3,0.17,1,0.62,0.29,0.73,P3,Team_A,Low,P3
5926,High,0.9,0.58,1,0.68,0.29,0.88,P2,Team_B,Medium,P2
5927,Medium,0.6,0.56,2,0.43,0.79,0.48,P2,Team_C,Medium,P2
5928,High,0.9,0.45,1,0.73,0.45,0.49,P2,Team_C,Medium,P2
5929,Low,0.3,0.43,1,0.67,0.96,0.77,P2,Team_A,Medium,P2
5930,Low,0.3,0.7,3,0.49,0.78,0.69,P2,Team_B,Medium,P2
5931,Low,0.3,0.17,3,0.82,0.63,0.83,P3,Team_C,Low,P3
5932,Low,0.3,0.23,2,0.69,0.82,0.85,P3,Team_C,Low,P3
5933,Medium,0.6,0.64,3,0.8,0.45,0.36,P2,Team_C,Medium,P2
5934,High,0.9,0.96,3,0.91,0.87,0.99,P1,Team_B,High,P1
5935,Low,0.3,0.43,3,0.85,0.8,0.31,P2,Team_B,Medium,P2
5936,High,0.9,0.19,4,0.89,0.88,0.67,P2,Team_C,Medium,P2
5937,High,0.9,0.48,1,0.34,0.41,0.85,P2,Team_A,Medium,P2
5938,Medium,0.6,0.7,2,0.89,0.62,0.55,P2,Team_C,Medium,P2
5939,Medium,0.6,0.15,2,0.79,0.75,0.51,P2,Team_A,Medium,P2
5940,Medium,0.6,0.48,2,0.59,0.76,0.35,P2,Team_A,Medium,P2
5941,High,0.9,0.77,4,0.9,0.48,0.53,P1,Team_C,High,P1
5942,High,0.9,0.65,2,0.87,0.49,0.78,P1,Team_A,High,P1
5943,Low,0.3,0.53,1,0.92,0.77,0.31,P2,Team_C,Medium,P2
5944,Low,0.3,0.62,1,0.64,0.95,0.63,P2,Team_B,Medium,P2
5945,Low,0.3,0.86,1,0.66,0.47,0.94,P2,Team_A,Medium,P2
5946,High,0.9,0.66,3,0.66,0.64,0.73,P1,Team_C,High,P1
5947,Low,0.3,0.62,2,0.82,0.41,0.88,P2,Team_A,Medium,P2
5948,High,0.9,0.67,1,0.27,0.39,0.89,P1,Team_A,High,P1
5949,Medium,0.6,0.68,4,0.61,0.71,0.47,P2,Team_A,Medium,P2
5950,High,0.9,0.45,2,0.76,0.46,0.55,P2,Team_B,Medium,P2
5951,Low,0.3,0.3,2,0.75,0.21,0.71,P3,Team_B,Low,P3
5952,High,0.9,0.42,3,0.68,0.38,0.45,P2,Team_C,Medium,P2
5953,Low,0.3,0.36,3,0.89,0.4,0.73,P3,Team_A,Low,P3
5954,Low,0.3,0.29,3,0.88,0.78,0.44,P3,Team_B,Low,P3
5955,Low,0.3,0.23,2,0.66,0.49,0.42,P3,Team_B,Low,P3
5956,Medium,0.6,0.66,3,0.66,0.64,0.91,P2,Team_B,Medium,P2
5957,High,0.9,0.57,4,0.72,0.59,0.34,P2,Team_B,Medium,P2
5958,Medium,0.6,0.52,2,0.95,0.27,0.32,P2,Team_C,Medium,P2
5959,Low,0.3,0.4,3,0.64,0.53,0.83,P2,Team_B,Medium,P2
5960,Medium,0.6,0.41,3,0.62,0.8,0.47,P2,Team_C,Medium,P2
5961,Medium,0.6,0.73,3,0.83,0.25,0.8,P2,Team_B,Medium,P2
5962,High,0.9,0.27,1,0.81,0.51,0.5,P2,Team_A,Medium,P2
5963,Low,0.3,0.76,1,0.34,0.95,0.4,P2,Team_A,Medium,P2
5964,Low,0.3,0.4,4,0.83,0.62,0.41,P2,Team_A,Medium,P2
5965,Low,0.3,0.67,2,0.91,0.47,0.77,P2,Team_B,Medium,P2
5966,Medium,0.6,0.17,4,0.95,0.68,0.63,P2,Team_A,Medium,P2
5967,High,0.9,0.62,3,0.85,0.35,0.63,P1,Team_A,High,P1
5968,Low,0.3,0.07,1,0.65,0.68,0.89,P3,Team_C,Low,P3
5969,Low,0.3,0.74,2,0.61,0.85,0.74,P2,Team_B,Medium,P2
5970,Low,0.3,0.76,1,0.8,0.72,0.75,P2,Team_A,Medium,P2
5971,Medium,0.6,0.69,2,0.79,0.68,0.91,P2,Team_A,Medium,P2
5972,Medium,0.6,0.57,3,0.91,0.86,0.87,P2,Team_B,Medium,P2
5973,Medium,0.6,0.64,3,0.33,0.75,0.57,P2,Team_C,Medium,P2
5974,High,0.9,0.48,4,0.63,0.81,0.31,P2,Team_A,Medium,P2
5975,Low,0.3,0.82,3,0.34,0.86,0.34,P2,Team_C,Medium,P2
5976,Medium,0.6,0.58,2,0.79,0.82,0.71,P2,Team_C,Medium,P2
5977,Medium,0.6,0.15,1,0.8,0.92,0.86,P2,Team_A,Medium,P2
5978,Medium,0.6,0.43,4,0.43,0.53,0.41,P2,Team_A,Medium,P2
5979,Low,0.3,0.57,2,0.98,0.37,0.38,P2,Team_A,Medium,P2
5980,Medium,0.6,0.28,1,0.75,0.92,0.37,P2,Team_A,Medium,P2
5981,High,0.9,0.37,3,0.89,0.55,0.82,P2,Team_C,Medium,P2
5982,Medium,0.6,0.53,4,0.58,0.65,0.71,P2,Team_A,Medium,P2
5983,Medium,0.6,0.47,4,0.6,0.82,0.74,P2,Team_C,Medium,P2
5984,Low,0.3,0.7,4,0.83,0.88,0.82,P2,Team_A,Medium,P2
5985,Medium,0.6,0.28,4,0.9,0.78,0.9,P2,Team_C,Medium,P2
5986,High,0.9,0.72,2,0.77,0.69,0.99,P1,Team_A,High,P1
5987,Medium,0.6,0.23,4,0.93,0.63,0.52,P2,Team_B,Medium,P2
5988,Medium,0.6,0.52,1,0.91,0.36,0.57,P2,Team_B,Medium,P2
5989,Medium,0.6,0.54,1,0.74,0.55,0.51,P2,Team_B,Medium,P2
5990,High,0.9,0.33,3,0.94,0.6,0.83,P2,Team_B,Medium,P2
5991,High,0.9,0.31,2,0.87,0.81,0.36,P2,Team_B,Medium,P2
5992,Low,0.3,0.56,1,0.78,0.74,0.53,P2,Team_B,Medium,P2
5993,Low,0.3,0.26,2,0.76,0.75,1.0,P3,Team_A,Low,P3
5994,Medium,0.6,0.85,1,0.52,0.61,0.32,P2,Team_B,Medium,P2
5995,Low,0.3,0.83,3,0.61,0.53,0.43,P2,Team_B,Medium,P2
5996,Medium,0.6,0.49,2,0.57,0.8,0.89,P2,Team_C,Medium,P2
5997,Medium,0.6,0.38,2,0.78,0.81,0.69,P2,Team_B,Medium,P2
5998,High,0.9,0.63,3,0.68,0.62,0.65,P1,Team_B,High,P1
5999,Low,0.3,0.69,3,0.75,0.63,0.59,P2,Team_A,Medium,P2
6000,Medium,0.6,0.56,3,0.66,0.44,0.75,P2,Team_B,Medium,P2
6001,High,0.9,0.07,3,0.46,0.94,0.95,P2,Team_A,Medium,P2
6002,Low,0.3,0.66,1,0.73,0.75,0.78,P2,Team_C,Medium,P2
6003,High,0.9,0.35,4,0.82,0.7,0.8,P2,Team_A,Medium,P2
6004,Low,0.3,0.23,4,0.76,0.73,0.77,P3,Team_C,Low,P3
6005,Low,0.3,0.43,4,0.26,0.97,0.52,P2,Team_A,Medium,P2
6006,Medium,0.6,0.26,4,0.79,0.58,0.42,P2,Team_A,Medium,P2
6007,Medium,0.6,0.55,3,0.58,0.91,0.87,P2,Team_B,Medium,P2
6008,High,0.9,0.19,4,0.76,0.24,0.67,P2,Team_B,Medium,P2
6009,High,0.9,0.07,1,0.9,0.56,0.63,P2,Team_B,Medium,P2
6010,Medium,0.6,0.52,1,0.88,0.46,0.86,P2,Team_A,Medium,P2
6011,Medium,0.6,0.49,2,0.83,0.72,0.84,P2,Team_B,Medium,P2
6012,Low,0.3,0.05,3,0.86,0.91,0.31,P3,Team_A,Low,P3
6013,Medium,0.6,0.38,2,0.72,0.84,0.78,P2,Team_B,Medium,P2
6014,Low,0.3,0.57,2,0.55,0.64,0.34,P2,Team_B,Medium,P2
6015,Medium,0.6,0.64,2,0.69,0.83,0.77,P2,Team_A,Medium,P2
6016,Medium,0.6,0.36,1,0.69,0.79,0.48,P2,Team_A,Medium,P2
6017,Low,0.3,0.63,3,0.69,0.25,0.34,P2,Team_A,Medium,P2
6018,Medium,0.6,0.0,4,0.35,0.71,0.95,P2,Team_A,Medium,P2
6019,Low,0.3,0.63,1,0.39,0.61,0.55,P2,Team_C,Medium,P2
6020,High,0.9,0.68,2,0.94,0.82,0.81,P1,Team_B,High,P1
6021,High,0.9,0.81,3,0.71,0.65,0.81,P1,Team_C,High,P1
6022,Low,0.3,0.91,4,0.99,0.84,0.36,P2,Team_A,Medium,P2
6023,Medium,0.6,0.83,4,0.48,0.77,0.6,P2,Team_A,Medium,P2
6024,High,0.9,0.36,4,0.81,0.46,0.78,P2,Team_A,Medium,P2
6025,Low,0.3,0.43,4,0.62,0.76,0.59,P2,Team_B,Medium,P2
6026,High,0.9,0.37,4,0.91,0.78,0.69,P2,Team_C,Medium,P2
6027,Low,0.3,0.59,3,0.7,0.72,0.6,P2,Team_A,Medium,P2
6028,High,0.9,0.5,2,0.91,0.79,0.38,P2,Team_A,Medium,P2
6029,High,0.9,0.68,3,0.97,0.71,0.69,P1,Team_C,High,P1
6030,Medium,0.6,0.34,2,0.66,0.66,0.99,P2,Team_B,Medium,P2
6031,Low,0.3,0.78,2,0.96,0.58,0.83,P2,Team_B,Medium,P2
6032,Medium,0.6,0.5,1,0.81,0.46,0.94,P2,Team_A,Medium,P2
6033,Medium,0.6,0.25,3,0.91,0.71,0.79,P2,Team_B,Medium,P2
6034,Medium,0.6,0.1,2,0.88,0.91,0.55,P2,Team_C,Medium,P2
6035,Low,0.3,0.13,3,0.44,0.84,0.53,P3,Team_B,Low,P3
6036,High,0.9,0.75,1,0.64,0.6,0.45,P1,Team_B,High,P1
6037,Medium,0.6,0.39,3,0.83,0.53,0.9,P2,Team_B,Medium,P2
6038,Medium,0.6,0.37,1,0.65,0.67,0.45,P2,Team_C,Medium,P2
6039,Low,0.3,0.43,2,0.51,0.72,0.98,P2,Team_C,Medium,P2
6040,Medium,0.6,0.48,2,0.36,0.51,0.31,P2,Team_B,Medium,P2
6041,Low,0.3,0.8,3,0.35,0.67,0.83,P2,Team_B,Medium,P2
6042,Low,0.3,0.51,4,0.74,0.91,0.57,P2,Team_B,Medium,P2
6043,Low,0.3,0.6,4,0.91,0.56,0.68,P2,Team_A,Medium,P2
6044,Medium,0.6,0.41,3,0.64,0.46,0.69,P2,Team_A,Medium,P2
6045,Low,0.3,0.41,4,0.75,0.71,0.4,P2,Team_B,Medium,P2
6046,Medium,0.6,0.45,1,0.65,0.87,0.35,P2,Team_C,Medium,P2
6047,Low,0.3,0.52,3,0.75,0.51,0.6,P2,Team_C,Medium,P2
6048,Medium,0.6,0.48,4,0.9,0.37,0.86,P2,Team_A,Medium,P2
6049,Low,0.3,0.46,4,0.89,0.56,0.47,P2,Team_A,Medium,P2
6050,Low,0.3,0.11,1,0.89,0.75,0.63,P3,Team_B,Low,P3
6051,Low,0.3,0.47,2,0.74,0.49,0.93,P2,Team_A,Medium,P2
6052,Low,0.3,0.22,1,0.85,0.74,0.43,P3,Team_C,Low,P3
6053,High,0.9,0.6,4,0.71,0.6,0.62,P2,Team_B,Medium,P2
6054,Medium,0.6,0.44,2,0.97,0.31,0.59,P2,Team_C,Medium,P2
6055,Medium,0.6,0.69,2,0.63,0.73,0.88,P2,Team_C,Medium,P2
6056,High,0.9,0.15,4,0.89,0.71,0.36,P2,Team_C,Medium,P2
6057,Low,0.3,0.75,1,0.7,0.75,0.62,P2,Team_B,Medium,P2
6058,Medium,0.6,0.76,3,0.49,0.87,0.65,P2,Team_C,Medium,P2
6059,High,0.9,0.37,4,0.8,0.71,0.81,P2,Team_C,Medium,P2
6060,High,0.9,0.15,2,0.65,0.32,0.83,P2,Team_A,Medium,P2
6061,Low,0.3,0.4,2,0.44,0.4,0.49,P2,Team_C,Medium,P2
6062,Medium,0.6,0.65,1,0.49,0.81,0.61,P2,Team_B,Medium,P2
6063,Low,0.3,0.8,4,0.58,0.49,0.31,P2,Team_B,Medium,P2
6064,High,0.9,0.47,4,0.82,0.9,0.51,P2,Team_B,Medium,P2
6065,Low,0.3,0.49,1,0.72,0.85,0.76,P2,Team_C,Medium,P2
6066,High,0.9,0.24,4,0.58,0.64,0.85,P2,Team_B,Medium,P2
6067,Medium,0.6,0.35,3,0.76,0.57,0.77,P2,Team_C,Medium,P2
6068,Low,0.3,0.29,3,0.76,0.63,0.7,P3,Team_A,Low,P3
6069,Low,0.3,0.09,4,0.87,0.83,0.32,P3,Team_B,Low,P3
6070,Low,0.3,0.54,1,0.85,0.74,0.34,P2,Team_A,Medium,P2
6071,Medium,0.6,0.8,1,0.76,0.68,0.54,P2,Team_A,Medium,P2
6072,Low,0.3,0.52,4,0.36,0.65,0.71,P2,Team_A,Medium,P2
6073,Low,0.3,0.75,1,0.79,0.54,0.7,P2,Team_C,Medium,P2
6074,Low,0.3,0.32,1,0.82,0.43,0.36,P3,Team_B,Low,P3
6075,Medium,0.6,0.77,2,0.64,0.77,0.74,P2,Team_C,Medium,P2
6076,High,0.9,0.29,4,0.86,0.92,0.51,P2,Team_A,Medium,P2
6077,Low,0.3,0.2,2,0.44,0.6,0.78,P3,Team_C,Low,P3
6078,Low,0.3,0.22,4,0.73,0.36,0.88,P3,Team_A,Low,P3
6079,High,0.9,0.76,3,0.89,0.69,0.33,P1,Team_B,High,P1
6080,High,0.9,0.36,3,0.81,0.65,0.96,P2,Team_C,Medium,P2
6081,Low,0.3,0.28,2,0.77,0.75,0.73,P3,Team_A,Low,P3
6082,High,0.9,0.34,3,0.78,0.6,0.91,P2,Team_C,Medium,P2
6083,Low,0.3,0.13,2,0.65,0.63,0.71,P3,Team_A,Low,P3
6084,Medium,0.6,0.3,3,0.5,0.5,0.97,P2,Team_A,Medium,P2
6085,High,0.9,0.39,2,0.9,0.52,0.48,P2,Team_A,Medium,P2
6086,High,0.9,0.34,4,0.8,0.91,0.88,P2,Team_C,Medium,P2
6087,Low,0.3,0.33,3,0.94,0.61,0.35,P3,Team_C,Low,P3
6088,Low,0.3,0.29,1,0.79,0.63,0.62,P3,Team_B,Low,P3
6089,Low,0.3,0.62,3,0.43,0.95,0.73,P2,Team_B,Medium,P2
6090,High,0.9,0.32,1,0.79,0.83,0.45,P2,Team_B,Medium,P2
6091,Medium,0.6,0.53,2,0.64,0.66,0.81,P2,Team_A,Medium,P2
6092,Low,0.3,0.3,4,0.93,0.4,0.7,P3,Team_C,Low,P3
6093,Low,0.3,0.11,1,0.88,0.37,0.83,P3,Team_B,Low,P3
6094,High,0.9,0.23,4,0.6,0.28,0.88,P2,Team_B,Medium,P2
6095,Low,0.3,0.27,1,0.91,0.82,0.35,P3,Team_B,Low,P3
6096,Medium,0.6,0.6,4,0.88,0.78,0.43,P2,Team_C,Medium,P2
6097,Medium,0.6,0.54,4,0.5,0.83,0.49,P2,Team_B,Medium,P2
6098,Medium,0.6,0.34,2,0.84,0.59,1.0,P2,Team_B,Medium,P2
6099,Low,0.3,0.71,4,0.75,0.42,0.7,P2,Team_A,Medium,P2
6100,Medium,0.6,0.5,4,0.89,0.72,0.46,P2,Team_A,Medium,P2
6101,Medium,0.6,0.33,3,0.76,0.66,0.85,P2,Team_C,Medium,P2
6102,Low,0.3,0.48,2,0.42,0.78,0.66,P2,Team_B,Medium,P2
6103,Medium,0.6,0.17,3,0.54,0.36,0.94,P2,Team_A,Medium,P2
6104,High,0.9,0.34,2,0.8,0.6,0.72,P2,Team_A,Medium,P2
6105,Low,0.3,0.19,3,0.47,0.3,0.51,P3,Team_A,Low,P3
6106,Medium,0.6,0.16,4,0.74,0.58,0.31,P2,Team_B,Medium,P2
6107,High,0.9,0.15,3,0.77,0.67,0.32,P2,Team_B,Medium,P2
6108,Low,0.3,0.37,2,0.37,0.62,0.45,P3,Team_B,Low,P3
6109,High,0.9,0.42,4,0.48,0.44,0.34,P2,Team_B,Medium,P2
6110,Medium,0.6,0.02,3,0.86,0.89,0.76,P2,Team_A,Medium,P2
6111,High,0.9,0.42,2,0.49,0.88,0.91,P2,Team_A,Medium,P2
6112,Low,0.3,0.48,3,0.49,0.77,0.39,P2,Team_C,Medium,P2
6113,Medium,0.6,0.3,4,0.73,0.9,0.59,P2,Team_A,Medium,P2
6114,High,0.9,0.57,4,0.71,0.87,0.64,P2,Team_B,Medium,P2
6115,High,0.9,0.55,2,0.53,0.83,0.36,P2,Team_A,Medium,P2
6116,Medium,0.6,0.32,2,0.8,0.19,0.55,P2,Team_B,Medium,P2
6117,Low,0.3,0.35,1,0.89,0.61,0.71,P3,Team_A,Low,P3
6118,Medium,0.6,0.32,2,0.51,0.27,0.99,P2,Team_A,Medium,P2
6119,Medium,0.6,0.05,2,0.86,0.66,0.87,P2,Team_A,Medium,P2
6120,Low,0.3,0.43,1,0.69,0.45,0.81,P2,Team_A,Medium,P2
6121,Low,0.3,0.76,4,0.66,0.78,0.45,P2,Team_B,Medium,P2
6122,Low,0.3,0.41,2,0.85,0.67,0.35,P2,Team_B,Medium,P2
6123,Medium,0.6,0.47,3,0.46,0.91,0.42,P2,Team_B,Medium,P2
6124,Low,0.3,0.14,1,0.62,0.63,0.44,P3,Team_C,Low,P3
6125,Low,0.3,0.31,3,0.61,0.8,0.71,P3,Team_A,Low,P3
6126,Low,0.3,0.91,2,0.72,0.91,0.84,P2,Team_C,Medium,P2
6127,Low,0.3,0.83,1,0.63,0.73,0.36,P2,Team_C,Medium,P2
6128,High,0.9,0.66,4,0.44,0.74,0.39,P1,Team_B,High,P1
6129,Low,0.3,0.06,4,0.72,0.59,0.71,P3,Team_B,Low,P3
6130,Low,0.3,0.17,4,0.69,0.51,1.0,P3,Team_C,Low,P3
6131,Medium,0.6,0.52,4,0.83,0.55,0.62,P2,Team_B,Medium,P2
6132,High,0.9,0.5,2,0.86,0.85,0.65,P2,Team_B,Medium,P2
6133,Medium,0.6,0.47,4,0.64,0.54,0.32,P2,Team_C,Medium,P2
6134,Medium,0.6,0.33,2,0.94,0.84,0.65,P2,Team_C,Medium,P2
6135,High,0.9,0.47,4,0.51,0.84,0.81,P2,Team_B,Medium,P2
6136,Medium,0.6,0.43,1,0.83,0.54,0.79,P2,Team_C,Medium,P2
6137,Medium,0.6,0.37,4,0.66,0.75,0.55,P2,Team_B,Medium,P2
6138,Low,0.3,0.45,1,0.41,0.54,0.67,P2,Team_C,Medium,P2
6139,High,0.9,0.73,3,0.64,0.74,0.45,P1,Team_C,High,P1
6140,Medium,0.6,0.8,3,0.64,0.84,0.62,P2,Team_A,Medium,P2
6141,High,0.9,0.88,3,0.59,0.47,0.5,P1,Team_B,High,P1
6142,Low,0.3,0.27,3,0.93,0.73,0.7,P3,Team_B,Low,P3
6143,Low,0.3,0.66,3,0.89,0.68,0.67,P2,Team_C,Medium,P2
6144,High,0.9,0.44,4,0.51,0.64,0.44,P2,Team_A,Medium,P2
6145,Low,0.3,0.47,2,0.7,0.72,0.67,P2,Team_A,Medium,P2
6146,High,0.9,0.68,3,0.87,0.86,0.56,P1,Team_C,High,P1
6147,High,0.9,0.47,1,0.31,0.86,0.45,P2,Team_B,Medium,P2
6148,Medium,0.6,0.41,1,0.78,0.43,0.63,P2,Team_C,Medium,P2
6149,Low,0.3,0.38,4,0.59,0.6,0.63,P3,Team_C,Low,P3
6150,High,0.9,0.31,1,0.67,0.54,0.72,P2,Team_A,Medium,P2
6151,Medium,0.6,0.51,2,0.68,0.84,0.44,P2,Team_C,Medium,P2
6152,High,0.9,0.27,3,0.66,0.77,0.3,P2,Team_A,Medium,P2
6153,Low,0.3,0.71,1,0.68,0.53,0.36,P2,Team_A,Medium,P2
6154,Low,0.3,0.53,2,0.9,0.58,0.43,P2,Team_B,Medium,P2
6155,Low,0.3,0.44,3,0.93,0.53,0.75,P2,Team_A,Medium,P2
6156,Medium,0.6,0.39,3,0.85,0.86,0.33,P2,Team_A,Medium,P2
6157,Medium,0.6,0.09,2,0.76,0.67,0.67,P2,Team_A,Medium,P2
6158,High,0.9,0.3,2,0.83,0.52,0.41,P2,Team_A,Medium,P2
6159,High,0.9,0.21,4,0.78,0.48,0.33,P2,Team_A,Medium,P2
6160,High,0.9,0.89,3,0.5,0.7,0.64,P1,Team_C,High,P1
6161,Low,0.3,0.19,3,0.54,0.55,0.31,P3,Team_A,Low,P3
6162,Medium,0.6,0.5,4,0.95,0.52,0.9,P2,Team_C,Medium,P2
6163,Medium,0.6,0.39,2,0.32,0.9,0.99,P2,Team_C,Medium,P2
6164,Low,0.3,0.33,1,0.5,0.42,0.68,P3,Team_B,Low,P3
6165,Medium,0.6,0.81,4,0.68,0.83,0.78,P2,Team_A,Medium,P2
6166,Low,0.3,0.28,2,0.82,0.8,0.84,P3,Team_B,Low,P3
6167,Low,0.3,0.47,3,0.81,0.87,0.69,P2,Team_C,Medium,P2
6168,High,0.9,0.75,4,0.64,0.4,0.59,P1,Team_A,High,P1
6169,Medium,0.6,0.39,2,0.89,0.66,0.78,P2,Team_B,Medium,P2
6170,Medium,0.6,0.74,4,0.89,0.69,0.48,P2,Team_C,Medium,P2
6171,Low,0.3,0.67,3,0.95,0.84,0.52,P2,Team_C,Medium,P2
6172,High,0.9,0.37,2,0.55,0.77,0.96,P2,Team_B,Medium,P2
6173,Low,0.3,0.51,4,0.64,0.81,0.48,P2,Team_A,Medium,P2
6174,High,0.9,0.22,2,0.88,0.63,0.65,P2,Team_A,Medium,P2
6175,High,0.9,0.68,1,0.6,0.76,0.41,P1,Team_B,High,P1
6176,High,0.9,0.31,3,0.56,0.71,0.31,P2,Team_C,Medium,P2
6177,High,0.9,0.48,2,0.68,0.7,0.78,P2,Team_B,Medium,P2
6178,Medium,0.6,0.18,2,0.72,0.71,0.33,P2,Team_A,Medium,P2
6179,Low,0.3,0.78,2,0.52,0.72,0.43,P2,Team_A,Medium,P2
6180,Medium,0.6,0.88,1,0.51,0.8,0.75,P2,Team_A,Medium,P2
6181,Medium,0.6,0.25,2,0.76,0.82,0.89,P2,Team_C,Medium,P2
6182,High,0.9,0.17,4,0.88,0.47,0.5,P2,Team_B,Medium,P2
6183,Medium,0.6,0.36,4,0.61,0.83,0.62,P2,Team_A,Medium,P2
6184,Medium,0.6,0.59,1,0.62,0.91,0.76,P2,Team_C,Medium,P2
6185,Medium,0.6,0.74,2,0.84,0.79,0.74,P2,Team_C,Medium,P2
6186,High,0.9,0.91,1,0.78,0.7,0.6,P1,Team_B,High,P1
6187,Medium,0.6,0.35,4,0.57,0.72,0.96,P2,Team_A,Medium,P2
6188,High,0.9,0.65,3,0.73,0.77,0.44,P1,Team_B,High,P1
6189,Low,0.3,0.59,4,0.41,0.69,0.68,P2,Team_C,Medium,P2
6190,Medium,0.6,0.57,2,0.7,0.48,0.53,P2,Team_C,Medium,P2
6191,Low,0.3,0.87,3,0.83,0.42,0.36,P2,Team_A,Medium,P2
6192,High,0.9,0.05,1,0.72,0.59,0.43,P2,Team_A,Medium,P2
6193,High,0.9,0.21,2,0.81,0.77,0.63,P2,Team_A,Medium,P2
6194,Low,0.3,0.66,1,0.75,0.62,0.56,P2,Team_C,Medium,P2
6195,Low,0.3,0.59,2,0.85,0.63,0.76,P2,Team_A,Medium,P2
6196,Low,0.3,0.7,1,0.34,0.8,0.56,P2,Team_C,Medium,P2
6197,Medium,0.6,0.92,2,0.55,0.79,0.82,P2,Team_B,Medium,P2
6198,Low,0.3,0.09,1,0.49,0.81,0.34,P3,Team_A,Low,P3
6199,High,0.9,0.65,2,0.68,0.92,0.98,P1,Team_C,High,P1
6200,High,0.9,0.67,1,0.69,0.66,0.59,P1,Team_C,High,P1
6201,Medium,0.6,0.55,2,0.79,0.95,0.67,P2,Team_B,Medium,P2
6202,High,0.9,0.72,4,0.9,0.84,0.71,P1,Team_C,High,P1
6203,Low,0.3,0.4,1,0.8,0.55,0.49,P2,Team_A,Medium,P2
6204,Low,0.3,0.32,4,0.93,0.93,0.67,P3,Team_C,Low,P3
6205,High,0.9,0.49,4,0.55,0.84,0.78,P2,Team_C,Medium,P2
6206,Medium,0.6,0.72,3,0.72,0.94,0.52,P2,Team_A,Medium,P2
6207,Low,0.3,0.52,1,0.63,0.81,0.78,P2,Team_C,Medium,P2
6208,Low,0.3,0.5,2,0.83,0.9,0.74,P2,Team_A,Medium,P2
6209,Low,0.3,0.37,2,0.44,0.65,0.59,P3,Team_A,Low,P3
6210,High,0.9,0.7,2,0.7,0.76,0.59,P1,Team_A,High,P1
6211,High,0.9,0.59,2,0.8,0.25,0.42,P2,Team_B,Medium,P2
6212,Medium,0.6,0.55,2,0.87,0.96,0.32,P2,Team_B,Medium,P2
6213,High,0.9,0.63,2,0.83,0.67,0.92,P1,Team_C,High,P1
6214,Low,0.3,0.49,2,0.99,0.61,0.38,P2,Team_B,Medium,P2
6215,Low,0.3,0.53,2,0.38,0.66,0.54,P2,Team_B,Medium,P2
6216,High,0.9,0.38,2,0.57,0.67,0.76,P2,Team_C,Medium,P2
6217,Medium,0.6,0.61,2,0.82,0.81,0.37,P2,Team_A,Medium,P2
6218,Low,0.3,0.65,3,0.5,0.61,0.78,P2,Team_B,Medium,P2
6219,Medium,0.6,0.76,2,0.67,0.38,0.72,P2,Team_B,Medium,P2
6220,High,0.9,0.5,3,0.79,0.97,0.72,P2,Team_C,Medium,P2
6221,High,0.9,0.7,4,0.59,0.34,0.8,P1,Team_A,High,P1
6222,Medium,0.6,0.7,3,0.85,0.89,0.89,P2,Team_C,Medium,P2
6223,Low,0.3,0.59,4,0.78,0.79,0.57,P2,Team_B,Medium,P2
6224,Medium,0.6,0.66,1,0.65,0.57,0.98,P2,Team_B,Medium,P2
6225,Low,0.3,0.29,1,0.69,0.49,0.95,P3,Team_B,Low,P3
6226,High,0.9,0.31,1,0.64,0.97,0.97,P2,Team_B,Medium,P2
6227,Low,0.3,0.88,2,0.39,0.47,0.7,P2,Team_C,Medium,P2
6228,Medium,0.6,0.56,1,0.59,0.63,0.67,P2,Team_B,Medium,P2
6229,Low,0.3,0.35,1,0.59,0.92,0.56,P3,Team_B,Low,P3
6230,High,0.9,0.51,4,0.38,0.37,0.35,P2,Team_B,Medium,P2
6231,Low,0.3,0.09,3,0.41,0.46,0.81,P3,Team_A,Low,P3
6232,High,0.9,0.57,2,0.74,0.61,0.55,P2,Team_B,Medium,P2
6233,High,0.9,0.42,4,0.8,0.8,0.75,P2,Team_B,Medium,P2
6234,High,0.9,0.84,4,0.57,0.97,0.79,P1,Team_A,High,P1
6235,Low,0.3,0.78,2,0.93,0.58,0.88,P2,Team_C,Medium,P2
6236,Low,0.3,0.47,4,0.59,0.56,0.85,P2,Team_C,Medium,P2
6237,Medium,0.6,0.86,4,0.46,0.84,0.44,P2,Team_B,Medium,P2
6238,High,0.9,0.41,4,0.88,0.84,0.95,P2,Team_B,Medium,P2
6239,High,0.9,0.11,3,0.79,0.85,0.38,P2,Team_C,Medium,P2
6240,High,0.9,0.37,1,0.7,0.76,0.53,P2,Team_B,Medium,P2
6241,High,0.9,0.07,4,0.95,0.61,0.44,P2,Team_C,Medium,P2
6242,Low,0.3,0.59,3,0.73,0.88,0.93,P2,Team_A,Medium,P2
6243,Low,0.3,0.62,2,0.58,0.74,0.74,P2,Team_B,Medium,P2
6244,Medium,0.6,0.17,1,0.9,0.53,0.56,P2,Team_C,Medium,P2
6245,Medium,0.6,0.59,1,0.84,0.33,0.64,P2,Team_A,Medium,P2
6246,Low,0.3,0.26,1,0.55,0.76,0.96,P3,Team_B,Low,P3
6247,Low,0.3,0.56,1,0.71,0.66,0.43,P2,Team_A,Medium,P2
6248,Low,0.3,0.46,3,0.89,0.87,0.76,P2,Team_C,Medium,P2
6249,High,0.9,0.88,2,0.62,0.38,0.3,P1,Team_A,High,P1
6250,Medium,0.6,0.36,3,0.51,0.75,0.69,P2,Team_C,Medium,P2
6251,Low,0.3,0.77,1,0.74,0.48,0.67,P2,Team_B,Medium,P2
6252,Low,0.3,0.43,4,0.74,0.6,0.57,P2,Team_C,Medium,P2
6253,Medium,0.6,0.62,2,0.74,0.66,0.88,P2,Team_B,Medium,P2
6254,Low,0.3,0.63,2,0.75,0.61,0.79,P2,Team_A,Medium,P2
6255,Low,0.3,0.34,2,0.39,0.78,0.49,P3,Team_C,Low,P3
6256,Low,0.3,0.37,2,0.87,0.81,0.97,P3,Team_A,Low,P3
6257,High,0.9,0.2,4,0.87,0.75,0.65,P2,Team_C,Medium,P2
6258,High,0.9,0.07,3,0.9,0.74,0.35,P2,Team_A,Medium,P2
6259,Medium,0.6,0.03,3,0.6,0.46,0.55,P2,Team_C,Medium,P2
6260,Low,0.3,0.26,2,0.68,0.65,0.6,P3,Team_C,Low,P3
6261,High,0.9,0.26,1,0.72,0.47,0.93,P2,Team_A,Medium,P2
6262,High,0.9,0.28,3,0.48,0.82,0.69,P2,Team_B,Medium,P2
6263,Medium,0.6,0.74,1,0.86,0.52,0.82,P2,Team_C,Medium,P2
6264,Medium,0.6,0.52,1,0.74,0.6,0.82,P2,Team_A,Medium,P2
6265,Medium,0.6,0.92,4,0.41,0.73,0.83,P2,Team_A,Medium,P2
6266,Low,0.3,0.17,1,0.77,0.65,0.71,P3,Team_A,Low,P3
6267,Low,0.3,0.5,3,0.83,0.63,0.98,P2,Team_B,Medium,P2
6268,Low,0.3,0.35,2,0.89,0.4,0.63,P3,Team_C,Low,P3
6269,High,0.9,0.87,4,0.72,0.84,0.8,P1,Team_A,High,P1
6270,Medium,0.6,0.66,2,0.7,0.36,0.9,P2,Team_B,Medium,P2
6271,Medium,0.6,0.22,4,0.66,0.82,0.57,P2,Team_B,Medium,P2
6272,Medium,0.6,0.25,2,0.75,0.6,0.35,P2,Team_B,Medium,P2
6273,High,0.9,0.45,3,0.67,0.39,0.44,P2,Team_B,Medium,P2
6274,Low,0.3,0.24,3,0.61,0.89,0.59,P3,Team_C,Low,P3
6275,Medium,0.6,0.53,4,0.65,0.39,0.84,P2,Team_A,Medium,P2
6276,High,0.9,0.65,4,0.78,0.51,0.66,P1,Team_C,High,P1
6277,Medium,0.6,0.46,2,0.81,0.68,0.65,P2,Team_C,Medium,P2
6278,Low,0.3,0.08,2,0.59,0.65,0.68,P3,Team_B,Low,P3
6279,Low,0.3,0.74,3,0.91,0.57,0.74,P2,Team_A,Medium,P2
6280,Medium,0.6,0.81,3,0.53,0.77,0.61,P2,Team_A,Medium,P2
6281,High,0.9,0.39,1,0.84,0.64,0.82,P2,Team_C,Medium,P2
6282,High,0.9,0.32,3,0.91,0.58,0.61,P2,Team_B,Medium,P2
6283,High,0.9,0.42,3,0.96,0.63,0.67,P2,Team_C,Medium,P2
6284,Medium,0.6,0.55,1,0.55,0.44,0.72,P2,Team_B,Medium,P2
6285,Low,0.3,0.5,2,0.66,0.92,0.75,P2,Team_B,Medium,P2
6286,Low,0.3,0.24,1,0.58,0.84,0.3,P3,Team_C,Low,P3
6287,Medium,0.6,0.5,2,0.75,0.3,0.91,P2,Team_A,Medium,P2
6288,Low,0.3,0.34,3,0.88,0.64,0.47,P3,Team_C,Low,P3
6289,Low,0.3,0.41,2,0.66,0.78,0.97,P2,Team_B,Medium,P2
6290,Low,0.3,0.89,2,0.83,0.95,0.44,P2,Team_A,Medium,P2
6291,Medium,0.6,0.36,1,0.85,0.61,0.32,P2,Team_B,Medium,P2
6292,Low,0.3,0.57,4,0.55,0.74,0.69,P2,Team_A,Medium,P2
6293,Medium,0.6,0.81,4,0.87,0.81,0.71,P2,Team_B,Medium,P2
6294,Medium,0.6,0.73,2,0.55,0.98,0.87,P2,Team_A,Medium,P2
6295,Medium,0.6,0.12,2,0.56,0.68,0.96,P2,Team_C,Medium,P2
6296,Medium,0.6,0.49,3,0.94,0.78,0.64,P2,Team_C,Medium,P2
6297,High,0.9,0.56,3,0.57,0.24,0.73,P2,Team_B,Medium,P2
6298,High,0.9,0.12,4,0.66,0.82,0.89,P2,Team_B,Medium,P2
6299,Low,0.3,0.56,2,0.72,0.67,0.6,P2,Team_C,Medium,P2
6300,Medium,0.6,0.68,1,0.9,0.83,0.8,P2,Team_B,Medium,P2
6301,Low,0.3,0.4,3,0.85,0.84,0.65,P2,Team_A,Medium,P2
6302,High,0.9,0.51,2,0.91,0.58,0.56,P2,Team_A,Medium,P2
6303,Low,0.3,0.82,1,0.6,0.68,0.89,P2,Team_C,Medium,P2
6304,Low,0.3,0.63,3,0.83,0.78,0.93,P2,Team_A,Medium,P2
6305,Medium,0.6,0.41,1,0.71,0.71,0.45,P2,Team_C,Medium,P2
6306,Medium,0.6,0.65,1,0.82,0.79,0.97,P2,Team_B,Medium,P2
6307,Low,0.3,0.41,4,0.81,0.79,0.47,P2,Team_C,Medium,P2
6308,High,0.9,0.17,4,0.43,0.91,0.34,P2,Team_C,Medium,P2
6309,Low,0.3,0.23,4,0.93,0.83,0.87,P3,Team_C,Low,P3
6310,Low,0.3,0.04,1,0.76,0.62,0.66,P3,Team_A,Low,P3
6311,Low,0.3,0.33,4,0.53,0.94,0.82,P3,Team_C,Low,P3
6312,Low,0.3,0.61,1,0.45,0.73,0.35,P2,Team_A,Medium,P2
6313,High,0.9,0.76,4,0.56,0.88,0.43,P1,Team_B,High,P1
6314,High,0.9,0.61,3,0.64,0.89,0.99,P1,Team_A,High,P1
6315,Medium,0.6,0.85,1,0.69,0.54,0.88,P2,Team_B,Medium,P2
6316,High,0.9,0.56,2,0.82,0.79,0.76,P2,Team_C,Medium,P2
6317,Medium,0.6,0.39,2,0.71,0.45,0.49,P2,Team_B,Medium,P2
6318,Medium,0.6,0.74,1,0.57,0.64,0.43,P2,Team_B,Medium,P2
6319,Medium,0.6,0.28,2,0.5,0.94,0.4,P2,Team_B,Medium,P2
6320,Medium,0.6,0.26,1,0.8,0.76,0.42,P2,Team_C,Medium,P2
6321,Low,0.3,0.38,3,0.62,0.93,0.86,P3,Team_A,Low,P3
6322,Low,0.3,0.08,2,0.68,0.55,0.57,P3,Team_B,Low,P3
6323,High,0.9,0.82,3,0.85,0.69,0.42,P1,Team_B,High,P1
6324,Medium,0.6,0.4,4,0.81,0.48,0.91,P2,Team_B,Medium,P2
6325,Low,0.3,0.08,4,0.63,0.63,0.73,P3,Team_A,Low,P3
6326,High,0.9,0.2,2,0.59,0.92,0.31,P2,Team_B,Medium,P2
6327,Low,0.3,0.4,4,0.79,0.6,0.71,P2,Team_B,Medium,P2
6328,Low,0.3,0.24,4,0.75,0.59,0.94,P3,Team_A,Low,P3
6329,Medium,0.6,0.87,3,0.73,0.81,0.74,P2,Team_C,Medium,P2
6330,Medium,0.6,0.64,1,0.94,0.91,0.84,P2,Team_B,Medium,P2
6331,Medium,0.6,0.18,2,0.5,0.8,0.81,P2,Team_C,Medium,P2
6332,Low,0.3,0.39,3,0.45,0.83,0.64,P3,Team_A,Low,P3
6333,High,0.9,0.42,4,0.8,0.68,0.44,P2,Team_B,Medium,P2
6334,High,0.9,0.48,2,0.66,0.81,0.78,P2,Team_C,Medium,P2
6335,Medium,0.6,0.07,2,0.39,0.56,0.99,P2,Team_C,Medium,P2
6336,Medium,0.6,0.61,4,0.63,0.43,0.48,P2,Team_B,Medium,P2
6337,Medium,0.6,0.47,4,0.87,0.51,0.91,P2,Team_C,Medium,P2
6338,Medium,0.6,0.12,2,0.91,0.84,0.82,P2,Team_B,Medium,P2
6339,Low,0.3,0.26,1,0.51,0.32,0.75,P3,Team_A,Low,P3
6340,Medium,0.6,0.65,1,0.89,0.83,0.98,P2,Team_A,Medium,P2
6341,Medium,0.6,0.28,2,0.62,0.71,0.91,P2,Team_B,Medium,P2
6342,Low,0.3,0.34,1,0.84,0.83,0.76,P3,Team_C,Low,P3
6343,Medium,0.6,0.68,3,0.6,0.78,0.57,P2,Team_C,Medium,P2
6344,Low,0.3,0.39,1,0.6,0.17,0.92,P3,Team_B,Low,P3
6345,Medium,0.6,0.75,2,0.52,0.6,0.58,P2,Team_C,Medium,P2
6346,High,0.9,0.23,1,0.81,0.46,0.7,P2,Team_B,Medium,P2
6347,Low,0.3,0.04,3,0.97,0.94,0.36,P3,Team_C,Low,P3
6348,High,0.9,0.77,1,0.54,0.36,0.36,P1,Team_A,High,P1
6349,Medium,0.6,0.23,3,0.71,0.48,0.82,P2,Team_B,Medium,P2
6350,Low,0.3,0.54,4,0.86,0.69,0.85,P2,Team_C,Medium,P2
6351,High,0.9,0.28,3,0.18,0.64,0.55,P2,Team_B,Medium,P2
6352,Low,0.3,0.62,4,0.86,0.5,0.71,P2,Team_A,Medium,P2
6353,Low,0.3,0.43,1,0.46,0.8,0.89,P2,Team_C,Medium,P2
6354,Low,0.3,0.58,2,0.88,0.58,0.81,P2,Team_A,Medium,P2
6355,Low,0.3,0.61,3,0.66,0.34,0.51,P2,Team_B,Medium,P2
6356,Low,0.3,0.51,4,0.86,0.51,0.61,P2,Team_B,Medium,P2
6357,High,0.9,0.16,2,0.6,0.95,0.56,P2,Team_A,Medium,P2
6358,Low,0.3,0.84,4,0.65,0.77,0.44,P2,Team_B,Medium,P2
6359,Medium,0.6,0.75,4,0.78,0.83,0.58,P2,Team_A,Medium,P2
6360,Low,0.3,0.89,1,0.69,0.53,0.93,P2,Team_B,Medium,P2
6361,Medium,0.6,0.33,4,0.81,0.87,0.68,P2,Team_C,Medium,P2
6362,High,0.9,0.72,1,0.55,0.74,0.35,P1,Team_C,High,P1
6363,Low,0.3,0.47,1,0.92,0.85,0.97,P2,Team_B,Medium,P2
6364,Low,0.3,0.68,2,0.79,0.84,0.67,P2,Team_A,Medium,P2
6365,High,0.9,0.38,1,0.93,0.79,0.52,P2,Team_A,Medium,P2
6366,High,0.9,0.58,4,0.68,0.91,0.87,P2,Team_C,Medium,P2
6367,Low,0.3,0.71,2,0.97,0.76,0.48,P2,Team_C,Medium,P2
6368,Low,0.3,0.32,4,0.96,0.36,0.38,P3,Team_C,Low,P3
6369,High,0.9,0.55,1,0.91,0.59,0.54,P2,Team_C,Medium,P2
6370,High,0.9,0.33,4,0.83,0.77,0.75,P2,Team_B,Medium,P2
6371,Medium,0.6,0.17,1,0.77,0.97,0.39,P2,Team_B,Medium,P2
6372,Low,0.3,0.58,2,0.63,0.22,0.71,P2,Team_B,Medium,P2
6373,High,0.9,0.32,2,0.74,0.81,0.84,P2,Team_A,Medium,P2
6374,Medium,0.6,0.19,4,0.77,0.6,0.58,P2,Team_B,Medium,P2
6375,High,0.9,0.52,1,0.76,0.89,0.45,P2,Team_A,Medium,P2
6376,High,0.9,0.36,1,0.39,0.76,0.54,P2,Team_C,Medium,P2
6377,Medium,0.6,0.81,4,0.79,0.65,0.78,P2,Team_B,Medium,P2
6378,Medium,0.6,0.65,1,0.63,0.78,0.75,P2,Team_A,Medium,P2
6379,Medium,0.6,0.45,2,0.93,0.94,0.84,P2,Team_A,Medium,P2
6380,High,0.9,0.89,1,0.79,0.39,0.91,P1,Team_C,High,P1
6381,Medium,0.6,0.53,3,0.62,0.73,0.98,P2,Team_B,Medium,P2
6382,Low,0.3,0.89,4,0.79,0.74,0.99,P2,Team_C,Medium,P2
6383,High,0.9,0.51,1,0.39,0.68,0.51,P2,Team_A,Medium,P2
6384,Medium,0.6,0.74,2,0.57,0.59,0.5,P2,Team_C,Medium,P2
6385,Low,0.3,0.67,4,0.73,0.66,0.6,P2,Team_C,Medium,P2
6386,Low,0.3,0.39,3,0.87,0.93,0.39,P3,Team_B,Low,P3
6387,Low,0.3,0.86,4,0.68,0.6,0.82,P2,Team_A,Medium,P2
6388,High,0.9,0.93,4,0.8,0.7,0.62,P1,Team_C,High,P1
6389,Low,0.3,0.43,4,0.79,0.77,0.57,P2,Team_A,Medium,P2
6390,Medium,0.6,0.66,1,0.38,0.77,0.76,P2,Team_B,Medium,P2
6391,High,0.9,0.37,4,0.56,0.32,0.91,P2,Team_B,Medium,P2
6392,High,0.9,0.82,4,0.96,0.72,0.63,P1,Team_B,High,P1
6393,Medium,0.6,0.26,2,0.91,0.49,0.42,P2,Team_B,Medium,P2
6394,Medium,0.6,0.63,4,0.76,0.92,0.45,P2,Team_C,Medium,P2
6395,Medium,0.6,0.24,2,0.86,0.92,0.33,P2,Team_B,Medium,P2
6396,Medium,0.6,0.63,4,0.98,0.81,0.75,P2,Team_A,Medium,P2
6397,Low,0.3,0.41,2,0.86,0.82,0.71,P2,Team_A,Medium,P2
6398,High,0.9,0.48,4,0.72,0.75,0.92,P2,Team_A,Medium,P2
6399,Low,0.3,0.2,3,0.59,0.92,0.89,P3,Team_B,Low,P3
6400,Medium,0.6,0.21,4,0.85,0.89,0.54,P2,Team_C,Medium,P2
6401,Medium,0.6,0.62,2,0.42,0.49,0.72,P2,Team_C,Medium,P2
6402,Low,0.3,0.28,2,0.57,0.27,0.82,P3,Team_B,Low,P3
6403,Low,0.3,0.91,3,0.63,0.87,0.46,P2,Team_B,Medium,P2
6404,High,0.9,0.61,3,0.56,0.85,0.88,P1,Team_C,High,P1
6405,Medium,0.6,0.78,2,0.7,0.77,0.98,P2,Team_A,Medium,P2
6406,Medium,0.6,0.6,1,0.82,0.53,0.69,P2,Team_C,Medium,P2
6407,High,0.9,0.49,2,0.84,0.77,0.56,P2,Team_B,Medium,P2
6408,Low,0.3,0.78,4,0.86,0.56,0.64,P2,Team_A,Medium,P2
6409,Medium,0.6,0.06,2,0.75,0.56,0.59,P2,Team_B,Medium,P2
6410,Low,0.3,0.79,2,0.73,0.87,0.75,P2,Team_A,Medium,P2
6411,Low,0.3,0.48,1,0.53,0.75,0.65,P2,Team_B,Medium,P2
6412,Medium,0.6,0.51,4,0.64,0.82,0.78,P2,Team_B,Medium,P2
6413,Medium,0.6,0.6,3,0.5,0.67,0.52,P2,Team_C,Medium,P2
6414,Medium,0.6,0.39,1,0.89,0.87,0.46,P2,Team_C,Medium,P2
6415,Low,0.3,0.67,1,0.89,0.7,0.77,P2,Team_B,Medium,P2
6416,High,0.9,0.7,2,0.82,0.74,0.46,P1,Team_B,High,P1
6417,Medium,0.6,0.17,4,0.6,0.93,0.85,P2,Team_A,Medium,P2
6418,Low,0.3,0.61,4,0.82,0.72,0.41,P2,Team_A,Medium,P2
6419,High,0.9,0.62,4,0.8,0.87,0.86,P1,Team_A,High,P1
6420,Low,0.3,0.57,3,0.74,0.56,0.4,P2,Team_A,Medium,P2
6421,Medium,0.6,0.16,4,0.88,0.95,0.41,P2,Team_A,Medium,P2
6422,Medium,0.6,0.22,4,0.52,0.74,0.45,P2,Team_B,Medium,P2
6423,Medium,0.6,0.67,2,0.73,0.82,0.61,P2,Team_A,Medium,P2
6424,Medium,0.6,0.6,3,0.65,0.63,0.56,P2,Team_A,Medium,P2
6425,High,0.9,0.17,3,0.69,0.53,0.78,P2,Team_C,Medium,P2
6426,High,0.9,0.09,3,0.89,0.72,0.53,P2,Team_B,Medium,P2
6427,Medium,0.6,0.88,3,0.62,0.49,0.77,P2,Team_A,Medium,P2
6428,Medium,0.6,0.24,3,0.93,0.69,0.79,P2,Team_C,Medium,P2
6429,Low,0.3,0.07,4,0.29,0.67,0.49,P3,Team_A,Low,P3
6430,Medium,0.6,0.84,3,0.81,0.88,0.84,P2,Team_A,Medium,P2
6431,Medium,0.6,0.32,4,0.93,0.89,0.57,P2,Team_C,Medium,P2
6432,Low,0.3,0.31,1,0.48,0.55,0.35,P3,Team_C,Low,P3
6433,Low,0.3,0.55,1,0.56,0.44,0.39,P2,Team_B,Medium,P2
6434,Low,0.3,0.39,2,0.58,0.46,0.94,P3,Team_B,Low,P3
6435,Low,0.3,0.46,4,0.81,0.9,0.8,P2,Team_C,Medium,P2
6436,High,0.9,0.46,4,0.62,0.79,0.78,P2,Team_A,Medium,P2
6437,Low,0.3,0.37,1,0.87,0.71,0.41,P3,Team_B,Low,P3
6438,Low,0.3,0.54,1,0.83,0.75,0.46,P2,Team_C,Medium,P2
6439,Medium,0.6,0.55,3,0.56,0.93,0.85,P2,Team_C,Medium,P2
6440,Low,0.3,0.63,1,0.75,0.66,0.35,P2,Team_A,Medium,P2
6441,Low,0.3,0.61,4,0.69,0.92,0.6,P2,Team_B,Medium,P2
6442,Medium,0.6,0.29,1,0.9,0.68,0.91,P2,Team_B,Medium,P2
6443,Medium,0.6,0.55,2,0.76,0.71,0.31,P2,Team_A,Medium,P2
6444,Low,0.3,0.45,3,0.77,0.4,0.49,P2,Team_A,Medium,P2
6445,Low,0.3,0.88,1,0.73,0.63,0.94,P2,Team_A,Medium,P2
6446,Low,0.3,0.14,1,0.53,0.19,0.55,P3,Team_B,Low,P3
6447,Low,0.3,0.22,2,0.92,0.75,0.78,P3,Team_C,Low,P3
6448,High,0.9,0.49,4,0.75,0.79,0.57,P2,Team_C,Medium,P2
6449,Medium,0.6,0.26,2,0.77,0.17,0.91,P2,Team_B,Medium,P2
6450,Low,0.3,0.1,2,0.55,0.83,0.65,P3,Team_B,Low,P3
6451,Low,0.3,0.08,4,0.4,0.76,0.89,P3,Team_C,Low,P3
6452,Medium,0.6,0.41,4,0.82,0.6,0.65,P2,Team_B,Medium,P2
6453,Low,0.3,0.37,1,0.94,0.88,0.69,P3,Team_B,Low,P3
6454,Low,0.3,0.71,2,0.84,0.78,0.55,P2,Team_C,Medium,P2
6455,Medium,0.6,0.34,4,0.84,0.49,0.45,P2,Team_B,Medium,P2
6456,High,0.9,0.29,2,0.51,0.31,0.96,P2,Team_C,Medium,P2
6457,Low,0.3,0.75,4,0.63,0.65,0.99,P2,Team_C,Medium,P2
6458,Low,0.3,0.82,1,0.83,0.61,0.6,P2,Team_A,Medium,P2
6459,High,0.9,0.31,4,0.82,0.96,0.62,P2,Team_C,Medium,P2
6460,Low,0.3,0.48,3,0.31,0.83,0.75,P2,Team_A,Medium,P2
6461,High,0.9,0.51,4,0.62,0.86,0.94,P2,Team_B,Medium,P2
6462,Low,0.3,0.33,1,0.81,0.32,0.37,P3,Team_A,Low,P3
6463,Medium,0.6,0.46,2,0.76,0.83,0.33,P2,Team_A,Medium,P2
6464,High,0.9,0.37,4,0.82,0.91,0.34,P2,Team_A,Medium,P2
6465,Medium,0.6,0.33,3,0.74,0.89,0.58,P2,Team_C,Medium,P2
6466,Medium,0.6,0.43,3,0.4,0.61,0.77,P2,Team_A,Medium,P2
6467,Low,0.3,0.46,2,0.9,0.81,0.96,P2,Team_B,Medium,P2
6468,Low,0.3,0.24,1,0.59,0.59,0.54,P3,Team_B,Low,P3
6469,High,0.9,0.69,2,0.51,0.85,0.96,P1,Team_C,High,P1
6470,Medium,0.6,0.64,2,0.66,0.51,0.61,P2,Team_B,Medium,P2
6471,High,0.9,0.86,2,0.53,0.62,0.42,P1,Team_B,High,P1
6472,Medium,0.6,0.57,4,0.65,0.61,0.96,P2,Team_B,Medium,P2
6473,Medium,0.6,0.37,1,0.8,0.87,0.79,P2,Team_C,Medium,P2
6474,Medium,0.6,0.16,1,0.66,0.93,0.32,P2,Team_B,Medium,P2
6475,Medium,0.6,0.65,2,0.79,0.83,0.44,P2,Team_C,Medium,P2
6476,Low,0.3,0.32,1,0.73,0.74,0.54,P3,Team_B,Low,P3
6477,High,0.9,0.49,3,0.62,0.63,0.92,P2,Team_A,Medium,P2
6478,High,0.9,0.78,1,0.58,0.69,0.39,P1,Team_C,High,P1
6479,High,0.9,0.63,2,0.46,0.76,0.5,P1,Team_B,High,P1
6480,High,0.9,0.46,1,0.93,0.71,0.77,P2,Team_A,Medium,P2
6481,High,0.9,0.84,4,0.5,0.89,0.72,P1,Team_C,High,P1
6482,Medium,0.6,0.2,1,0.69,0.44,0.47,P2,Team_A,Medium,P2
6483,Medium,0.6,0.84,1,0.93,0.44,0.74,P2,Team_C,Medium,P2
6484,Medium,0.6,0.77,4,0.39,0.71,0.69,P2,Team_C,Medium,P2
6485,High,0.9,0.36,4,0.47,0.58,0.62,P2,Team_C,Medium,P2
6486,Low,0.3,0.42,3,0.78,0.91,0.65,P2,Team_A,Medium,P2
6487,Medium,0.6,0.48,3,0.89,0.83,0.64,P2,Team_A,Medium,P2
6488,High,0.9,0.66,3,0.85,0.42,0.82,P1,Team_A,High,P1
6489,High,0.9,0.3,1,0.65,0.36,0.43,P2,Team_C,Medium,P2
6490,Low,0.3,0.86,3,0.87,0.9,0.53,P2,Team_C,Medium,P2
6491,Medium,0.6,0.24,1,0.69,0.76,0.35,P2,Team_C,Medium,P2
6492,Medium,0.6,0.56,2,0.43,0.47,0.42,P2,Team_B,Medium,P2
6493,Medium,0.6,0.59,4,0.9,0.82,0.6,P2,Team_B,Medium,P2
6494,Medium,0.6,0.65,1,0.78,0.96,0.78,P2,Team_C,Medium,P2
6495,Medium,0.6,0.19,4,0.92,0.73,0.65,P2,Team_B,Medium,P2
6496,Low,0.3,0.78,1,0.77,0.85,0.64,P2,Team_C,Medium,P2
6497,High,0.9,0.68,1,0.56,0.53,0.36,P1,Team_B,High,P1
6498,Low,0.3,0.72,1,0.5,0.6,0.54,P2,Team_A,Medium,P2
6499,Medium,0.6,0.52,2,0.59,0.98,0.73,P2,Team_B,Medium,P2
6500,Low,0.3,0.29,3,0.52,0.82,0.42,P3,Team_B,Low,P3
6501,Low,0.3,0.24,2,0.55,0.88,0.62,P3,Team_C,Low,P3
6502,High,0.9,0.16,1,0.82,0.98,0.6,P2,Team_C,Medium,P2
6503,Low,0.3,0.4,1,0.57,0.56,0.81,P2,Team_A,Medium,P2
6504,Low,0.3,0.71,1,0.91,0.66,0.63,P2,Team_B,Medium,P2
6505,Low,0.3,0.93,1,0.86,0.8,0.57,P2,Team_C,Medium,P2
6506,High,0.9,0.51,4,0.92,0.92,0.65,P2,Team_B,Medium,P2
6507,Medium,0.6,0.72,4,0.68,0.83,0.41,P2,Team_C,Medium,P2
6508,Low,0.3,0.24,1,0.59,0.62,0.99,P3,Team_A,Low,P3
6509,Medium,0.6,0.35,3,0.74,0.69,0.61,P2,Team_A,Medium,P2
6510,High,0.9,0.5,3,0.87,0.53,0.32,P2,Team_B,Medium,P2
6511,Medium,0.6,0.51,2,0.97,0.27,0.68,P2,Team_A,Medium,P2
6512,Low,0.3,0.64,4,0.95,0.37,0.81,P2,Team_A,Medium,P2
6513,Medium,0.6,0.55,1,0.76,0.81,0.69,P2,Team_B,Medium,P2
6514,High,0.9,0.73,2,0.77,0.86,0.81,P1,Team_C,High,P1
6515,Medium,0.6,0.7,3,0.81,0.65,0.86,P2,Team_C,Medium,P2
6516,Low,0.3,0.33,2,0.86,0.7,0.55,P3,Team_B,Low,P3
6517,Medium,0.6,0.29,2,0.51,0.62,0.37,P2,Team_B,Medium,P2
6518,Low,0.3,0.56,3,0.75,0.66,0.6,P2,Team_C,Medium,P2
6519,Low,0.3,0.78,4,0.5,0.75,0.75,P2,Team_C,Medium,P2
6520,Medium,0.6,0.71,2,0.87,0.71,0.32,P2,Team_B,Medium,P2
6521,High,0.9,0.49,3,0.74,0.69,0.96,P2,Team_B,Medium,P2
6522,Medium,0.6,0.17,4,0.75,0.86,0.62,P2,Team_A,Medium,P2
6523,Medium,0.6,0.3,2,0.63,0.55,0.61,P2,Team_C,Medium,P2
6524,Medium,0.6,0.37,3,0.88,0.75,0.4,P2,Team_A,Medium,P2
6525,High,0.9,0.59,3,0.81,0.42,0.73,P2,Team_A,Medium,P2
6526,Low,0.3,0.24,2,0.61,0.38,0.82,P3,Team_B,Low,P3
6527,High,0.9,0.29,4,0.68,0.39,0.4,P2,Team_B,Medium,P2
6528,Low,0.3,0.37,4,0.62,0.69,0.97,P3,Team_B,Low,P3
6529,Low,0.3,0.22,3,0.77,0.42,0.77,P3,Team_C,Low,P3
6530,Medium,0.6,0.3,4,0.91,0.57,0.42,P2,Team_C,Medium,P2
6531,High,0.9,0.68,1,0.6,0.83,0.82,P1,Team_B,High,P1
6532,Low,0.3,0.2,2,0.68,0.9,0.77,P3,Team_A,Low,P3
6533,High,0.9,0.79,2,0.26,0.76,0.75,P1,Team_A,High,P1
6534,Medium,0.6,0.62,1,0.57,0.74,0.63,P2,Team_C,Medium,P2
6535,Medium,0.6,0.91,3,0.81,0.8,0.66,P2,Team_B,Medium,P2
6536,High,0.9,0.29,1,0.72,0.9,0.55,P2,Team_C,Medium,P2
6537,Medium,0.6,0.47,2,0.5,0.92,0.96,P2,Team_B,Medium,P2
6538,High,0.9,0.56,2,0.9,0.33,0.65,P2,Team_C,Medium,P2
6539,High,0.9,0.31,1,0.49,0.71,0.61,P2,Team_C,Medium,P2
6540,High,0.9,0.9,1,0.98,0.27,0.85,P1,Team_B,High,P1
6541,Low,0.3,0.37,4,0.59,0.33,0.69,P3,Team_A,Low,P3
6542,Low,0.3,0.16,1,0.7,0.59,0.61,P3,Team_A,Low,P3
6543,Low,0.3,0.7,4,0.63,0.8,0.71,P2,Team_A,Medium,P2
6544,High,0.9,0.75,4,0.85,0.81,0.46,P1,Team_B,High,P1
6545,High,0.9,0.75,2,0.69,0.84,0.69,P1,Team_A,High,P1
6546,High,0.9,0.46,4,0.6,0.65,0.9,P2,Team_A,Medium,P2
6547,Low,0.3,0.6,2,0.48,0.98,0.77,P2,Team_A,Medium,P2
6548,High,0.9,0.79,2,0.54,0.74,0.67,P1,Team_C,High,P1
6549,High,0.9,0.73,2,0.77,0.87,0.52,P1,Team_B,High,P1
6550,Medium,0.6,0.5,3,0.66,0.63,0.34,P2,Team_B,Medium,P2
6551,Medium,0.6,0.96,3,0.63,0.76,0.42,P2,Team_B,Medium,P2
6552,Medium,0.6,0.52,1,0.45,0.7,0.62,P2,Team_B,Medium,P2
6553,Low,0.3,0.54,2,0.37,0.79,1.0,P2,Team_A,Medium,P2
6554,Low,0.3,0.4,4,0.59,0.64,0.51,P2,Team_C,Medium,P2
6555,Medium,0.6,0.68,3,0.79,0.93,0.52,P2,Team_C,Medium,P2
6556,Medium,0.6,0.66,3,0.55,0.45,0.94,P2,Team_C,Medium,P2
6557,Medium,0.6,0.26,1,0.9,0.65,0.35,P2,Team_A,Medium,P2
6558,Medium,0.6,0.55,2,0.51,0.71,0.73,P2,Team_B,Medium,P2
6559,High,0.9,0.37,1,0.74,0.62,0.86,P2,Team_A,Medium,P2
6560,High,0.9,0.88,3,0.78,0.86,0.78,P1,Team_A,High,P1
6561,Low,0.3,0.61,2,0.94,0.84,0.77,P2,Team_C,Medium,P2
6562,High,0.9,0.44,4,0.65,0.91,0.97,P2,Team_A,Medium,P2
6563,Medium,0.6,0.65,2,0.79,0.34,0.59,P2,Team_B,Medium,P2
6564,Low,0.3,0.23,4,0.89,0.34,0.68,P3,Team_C,Low,P3
6565,Medium,0.6,0.34,1,0.78,0.8,0.93,P2,Team_B,Medium,P2
6566,Medium,0.6,0.85,1,0.72,0.68,0.4,P2,Team_A,Medium,P2
6567,High,0.9,0.42,3,0.91,0.54,0.34,P2,Team_A,Medium,P2
6568,High,0.9,0.39,2,0.72,0.36,0.97,P2,Team_B,Medium,P2
6569,High,0.9,0.46,4,0.86,0.7,0.34,P2,Team_B,Medium,P2
6570,High,0.9,0.19,1,0.91,0.91,0.32,P2,Team_C,Medium,P2
6571,High,0.9,0.55,4,0.85,0.76,0.81,P2,Team_A,Medium,P2
6572,Low,0.3,0.29,2,0.67,0.53,0.97,P3,Team_B,Low,P3
6573,Low,0.3,0.68,1,0.66,0.79,0.44,P2,Team_B,Medium,P2
6574,Medium,0.6,0.92,4,0.91,0.86,0.31,P2,Team_C,Medium,P2
6575,Low,0.3,0.7,3,0.92,0.76,0.78,P2,Team_C,Medium,P2
6576,Low,0.3,0.5,2,0.89,0.47,0.76,P2,Team_B,Medium,P2
6577,Low,0.3,0.58,1,0.52,0.65,0.64,P2,Team_C,Medium,P2
6578,High,0.9,0.51,4,0.6,0.55,0.93,P2,Team_A,Medium,P2
6579,High,0.9,0.58,4,0.38,0.8,0.85,P2,Team_A,Medium,P2
6580,Medium,0.6,0.73,4,0.57,0.76,0.6,P2,Team_A,Medium,P2
6581,High,0.9,0.54,4,0.43,0.64,0.93,P2,Team_C,Medium,P2
6582,Low,0.3,0.44,4,0.68,0.77,0.55,P2,Team_B,Medium,P2
6583,High,0.9,0.77,3,0.45,0.63,1.0,P1,Team_A,High,P1
6584,Medium,0.6,0.68,2,0.68,0.61,0.46,P2,Team_C,Medium,P2
6585,Low,0.3,0.64,1,0.94,0.84,0.84,P2,Team_C,Medium,P2
6586,High,0.9,0.43,4,0.95,0.7,0.63,P2,Team_A,Medium,P2
6587,Low,0.3,0.22,2,0.59,0.55,1.0,P3,Team_A,Low,P3
6588,High,0.9,0.04,4,0.51,0.85,0.44,P2,Team_C,Medium,P2
6589,Low,0.3,0.85,2,0.79,0.73,0.56,P2,Team_A,Medium,P2
6590,Medium,0.6,0.44,3,0.76,0.85,0.94,P2,Team_B,Medium,P2
6591,Low,0.3,0.92,3,0.54,0.67,0.88,P2,Team_B,Medium,P2
6592,Low,0.3,0.71,4,0.85,0.87,0.59,P2,Team_C,Medium,P2
6593,High,0.9,0.23,1,0.89,0.47,0.86,P2,Team_B,Medium,P2
6594,Low,0.3,0.5,2,0.73,0.63,0.46,P2,Team_C,Medium,P2
6595,Medium,0.6,0.73,1,0.71,0.93,0.83,P2,Team_B,Medium,P2
6596,Low,0.3,0.63,3,0.7,0.77,0.94,P2,Team_B,Medium,P2
6597,High,0.9,0.45,2,0.56,0.54,0.79,P2,Team_B,Medium,P2
6598,Medium,0.6,0.55,2,0.55,0.82,0.97,P2,Team_C,Medium,P2
6599,Low,0.3,0.65,3,0.87,0.76,0.84,P2,Team_C,Medium,P2
6600,Low,0.3,0.78,4,0.92,0.79,0.41,P2,Team_C,Medium,P2
6601,Low,0.3,0.7,3,0.47,0.74,0.45,P2,Team_C,Medium,P2
6602,Low,0.3,0.86,2,0.58,0.51,0.7,P2,Team_C,Medium,P2
6603,High,0.9,0.17,4,0.83,0.88,0.49,P2,Team_B,Medium,P2
6604,Medium,0.6,0.3,3,0.94,0.61,0.37,P2,Team_A,Medium,P2
6605,Medium,0.6,0.25,4,0.87,0.74,0.74,P2,Team_B,Medium,P2
6606,Low,0.3,0.8,2,0.75,0.53,0.74,P2,Team_C,Medium,P2
6607,Low,0.3,0.61,4,0.9,0.63,0.49,P2,Team_A,Medium,P2
6608,High,0.9,0.73,3,0.68,0.45,0.36,P1,Team_A,High,P1
6609,Low,0.3,0.63,2,0.68,0.84,0.46,P2,Team_C,Medium,P2
6610,High,0.9,0.41,4,0.27,0.72,0.38,P2,Team_B,Medium,P2
6611,Low,0.3,0.52,4,0.91,0.89,0.44,P2,Team_C,Medium,P2
6612,Medium,0.6,0.74,2,0.84,0.74,0.8,P2,Team_C,Medium,P2
6613,Medium,0.6,0.52,4,0.83,0.9,0.51,P2,Team_C,Medium,P2
6614,Low,0.3,0.64,2,0.79,0.74,0.93,P2,Team_C,Medium,P2
6615,Medium,0.6,0.43,1,0.46,0.85,0.6,P2,Team_C,Medium,P2
6616,Medium,0.6,0.45,3,0.52,0.8,0.62,P2,Team_B,Medium,P2
6617,Low,0.3,0.46,4,0.64,0.57,0.83,P2,Team_B,Medium,P2
6618,High,0.9,0.38,3,0.88,0.52,0.7,P2,Team_C,Medium,P2
6619,High,0.9,0.19,3,0.72,0.46,0.76,P2,Team_A,Medium,P2
6620,Low,0.3,0.35,2,0.56,0.2,0.83,P3,Team_B,Low,P3
6621,Low,0.3,0.61,2,0.7,0.85,0.67,P2,Team_B,Medium,P2
6622,Low,0.3,0.11,3,0.5,0.74,0.4,P3,Team_B,Low,P3
6623,High,0.9,0.63,2,0.85,0.43,0.83,P1,Team_B,High,P1
6624,Low,0.3,0.73,2,0.84,0.64,0.38,P2,Team_C,Medium,P2
6625,Low,0.3,0.47,4,0.94,0.71,0.72,P2,Team_C,Medium,P2
6626,Medium,0.6,0.43,1,0.81,0.41,0.87,P2,Team_B,Medium,P2
6627,Low,0.3,0.95,1,0.39,0.3,0.63,P2,Team_C,Medium,P2
6628,Low,0.3,0.34,3,0.69,0.47,0.64,P3,Team_B,Low,P3
6629,Low,0.3,0.52,4,0.86,0.59,0.56,P2,Team_A,Medium,P2
6630,Low,0.3,0.12,2,0.66,0.71,0.92,P3,Team_A,Low,P3
6631,Medium,0.6,0.58,3,0.45,0.72,0.79,P2,Team_C,Medium,P2
6632,Low,0.3,0.36,3,0.64,0.83,0.61,P3,Team_C,Low,P3
6633,High,0.9,0.88,3,0.74,0.81,0.93,P1,Team_B,High,P1
6634,Medium,0.6,0.67,1,0.49,0.5,0.72,P2,Team_C,Medium,P2
6635,Medium,0.6,0.97,2,0.73,0.56,0.72,P2,Team_B,Medium,P2
6636,Medium,0.6,0.65,2,0.44,0.55,0.72,P2,Team_B,Medium,P2
6637,Low,0.3,0.79,4,0.9,0.54,0.73,P2,Team_B,Medium,P2
6638,High,0.9,0.83,3,0.62,0.76,0.5,P1,Team_C,High,P1
6639,High,0.9,0.41,2,0.73,0.95,0.94,P2,Team_A,Medium,P2
6640,High,0.9,0.33,4,0.74,0.83,0.48,P2,Team_A,Medium,P2
6641,Low,0.3,0.62,1,0.54,0.46,0.36,P2,Team_A,Medium,P2
6642,High,0.9,0.33,3,0.74,0.87,0.55,P2,Team_B,Medium,P2
6643,Medium,0.6,0.63,1,0.69,0.48,0.81,P2,Team_C,Medium,P2
6644,High,0.9,0.62,3,0.56,0.77,0.99,P1,Team_C,High,P1
6645,Medium,0.6,0.26,4,0.61,0.79,0.81,P2,Team_C,Medium,P2
6646,High,0.9,0.49,1,0.94,0.95,0.95,P2,Team_B,Medium,P2
6647,Low,0.3,0.41,2,0.82,0.33,0.44,P2,Team_B,Medium,P2
6648,High,0.9,0.65,2,0.52,0.91,0.98,P1,Team_C,High,P1
6649,Low,0.3,0.66,2,0.53,0.56,0.61,P2,Team_A,Medium,P2
6650,High,0.9,0.48,2,0.78,0.74,0.73,P2,Team_B,Medium,P2
6651,Low,0.3,0.83,3,0.69,0.93,0.75,P2,Team_A,Medium,P2
6652,Medium,0.6,0.5,4,0.7,0.12,0.52,P2,Team_A,Medium,P2
6653,Low,0.3,0.28,2,0.76,0.68,0.5,P3,Team_C,Low,P3
6654,Low,0.3,0.78,1,0.74,0.71,0.43,P2,Team_B,Medium,P2
6655,Medium,0.6,0.19,3,0.78,0.49,0.91,P2,Team_B,Medium,P2
6656,Medium,0.6,0.62,3,0.64,0.51,0.9,P2,Team_C,Medium,P2
6657,High,0.9,0.31,1,0.57,0.63,0.51,P2,Team_A,Medium,P2
6658,Medium,0.6,0.42,1,0.62,0.78,0.85,P2,Team_A,Medium,P2
6659,Medium,0.6,0.61,2,0.9,0.82,0.41,P2,Team_C,Medium,P2
6660,Medium,0.6,0.72,1,0.64,0.82,0.97,P2,Team_A,Medium,P2
6661,Low,0.3,0.28,3,0.79,0.43,0.71,P3,Team_B,Low,P3
6662,High,0.9,0.69,2,0.89,0.52,0.58,P1,Team_C,High,P1
6663,Medium,0.6,0.33,3,0.83,0.43,0.33,P2,Team_A,Medium,P2
6664,High,0.9,0.68,2,0.62,0.32,0.64,P1,Team_A,High,P1
6665,Low,0.3,0.46,1,0.51,0.68,0.46,P2,Team_C,Medium,P2
6666,Low,0.3,0.58,1,0.76,0.82,0.6,P2,Team_B,Medium,P2
6667,High,0.9,0.78,1,0.83,0.5,1.0,P1,Team_A,High,P1
6668,Medium,0.6,0.12,1,0.68,0.89,0.88,P2,Team_A,Medium,P2
6669,Low,0.3,0.37,1,0.83,0.6,0.37,P3,Team_C,Low,P3
6670,Medium,0.6,0.81,1,0.7,0.75,0.91,P2,Team_B,Medium,P2
6671,Medium,0.6,0.36,2,0.67,0.67,0.38,P2,Team_C,Medium,P2
6672,Low,0.3,0.5,3,0.76,0.58,0.99,P2,Team_C,Medium,P2
6673,Medium,0.6,0.6,4,0.34,0.64,0.75,P2,Team_B,Medium,P2
6674,High,0.9,0.67,4,0.47,0.25,0.6,P1,Team_C,High,P1
6675,Low,0.3,0.78,2,0.78,0.55,0.75,P2,Team_A,Medium,P2
6676,High,0.9,0.25,2,0.64,0.56,0.8,P2,Team_C,Medium,P2
6677,Low,0.3,0.09,4,0.69,0.79,0.78,P3,Team_B,Low,P3
6678,Low,0.3,0.79,3,0.82,0.54,0.72,P2,Team_C,Medium,P2
6679,Medium,0.6,0.2,1,0.73,0.6,0.49,P2,Team_B,Medium,P2
6680,Medium,0.6,0.81,3,0.74,0.73,0.38,P2,Team_B,Medium,P2
6681,Medium,0.6,0.36,4,0.58,0.73,0.4,P2,Team_C,Medium,P2
6682,High,0.9,0.97,3,0.87,0.71,0.82,P1,Team_A,High,P1
6683,Medium,0.6,0.63,3,0.76,0.35,0.97,P2,Team_B,Medium,P2
6684,High,0.9,0.25,3,0.76,0.86,0.55,P2,Team_B,Medium,P2
6685,Low,0.3,0.14,3,0.65,0.77,0.88,P3,Team_C,Low,P3
6686,Medium,0.6,0.13,3,0.69,0.41,0.41,P2,Team_B,Medium,P2
6687,Medium,0.6,0.29,3,0.85,0.57,0.38,P2,Team_A,Medium,P2
6688,Low,0.3,0.35,4,0.82,0.86,0.92,P3,Team_C,Low,P3
6689,Low,0.3,0.36,2,0.67,0.88,0.47,P3,Team_A,Low,P3
6690,Low,0.3,0.83,1,0.81,0.83,0.32,P2,Team_A,Medium,P2
6691,High,0.9,0.36,4,0.61,0.89,0.7,P2,Team_A,Medium,P2
6692,Medium,0.6,0.42,3,0.81,0.42,0.6,P2,Team_B,Medium,P2
6693,Low,0.3,0.67,3,0.74,0.71,0.69,P2,Team_C,Medium,P2
6694,Low,0.3,0.48,4,0.8,0.64,0.46,P2,Team_B,Medium,P2
6695,High,0.9,0.58,4,0.91,0.9,0.83,P2,Team_B,Medium,P2
6696,Low,0.3,0.63,3,0.86,0.31,0.49,P2,Team_C,Medium,P2
6697,Medium,0.6,0.71,2,0.56,0.7,0.64,P2,Team_A,Medium,P2
6698,Medium,0.6,0.47,4,0.55,0.27,0.93,P2,Team_B,Medium,P2
6699,High,0.9,0.6,2,0.45,0.94,0.33,P2,Team_A,Medium,P2
6700,Medium,0.6,0.72,1,0.47,0.71,0.99,P2,Team_C,Medium,P2
6701,Low,0.3,0.91,1,0.65,0.97,0.69,P2,Team_A,Medium,P2
6702,Low,0.3,0.85,3,0.73,0.69,0.53,P2,Team_C,Medium,P2
6703,Low,0.3,0.48,2,0.84,0.93,0.68,P2,Team_A,Medium,P2
6704,Medium,0.6,0.71,1,0.33,0.77,0.61,P2,Team_A,Medium,P2
6705,Low,0.3,0.88,1,0.74,0.6,0.72,P2,Team_A,Medium,P2
6706,Low,0.3,0.55,4,0.83,0.53,0.55,P2,Team_B,Medium,P2
6707,Medium,0.6,0.17,3,0.51,0.83,0.64,P2,Team_B,Medium,P2
6708,Low,0.3,0.42,1,0.59,0.93,0.86,P2,Team_B,Medium,P2
6709,Low,0.3,0.61,1,0.84,0.45,0.69,P2,Team_A,Medium,P2
6710,Medium,0.6,0.56,4,0.57,0.44,0.61,P2,Team_B,Medium,P2
6711,Low,0.3,0.54,4,0.74,0.64,0.6,P2,Team_C,Medium,P2
6712,High,0.9,0.21,1,0.82,0.68,0.96,P2,Team_B,Medium,P2
6713,Low,0.3,0.72,3,0.94,0.57,0.99,P2,Team_B,Medium,P2
6714,High,0.9,0.66,3,0.59,0.67,0.63,P1,Team_C,High,P1
6715,Low,0.3,0.57,4,0.74,0.58,0.48,P2,Team_C,Medium,P2
6716,Low,0.3,0.67,3,0.51,0.65,0.95,P2,Team_A,Medium,P2
6717,High,0.9,0.51,4,0.89,0.85,0.9,P2,Team_C,Medium,P2
6718,Low,0.3,0.79,2,0.86,0.84,0.64,P2,Team_C,Medium,P2
6719,High,0.9,0.26,4,0.7,0.39,0.65,P2,Team_C,Medium,P2
6720,High,0.9,0.43,2,0.64,0.77,0.88,P2,Team_A,Medium,P2
6721,Low,0.3,0.44,1,0.89,0.68,0.58,P2,Team_B,Medium,P2
6722,Medium,0.6,0.41,1,0.86,0.77,0.73,P2,Team_B,Medium,P2
6723,Low,0.3,0.52,2,0.76,0.71,0.69,P2,Team_A,Medium,P2
6724,High,0.9,0.41,2,0.65,0.7,0.34,P2,Team_B,Medium,P2
6725,High,0.9,0.8,4,0.85,0.87,0.66,P1,Team_A,High,P1
6726,Low,0.3,0.23,4,0.92,0.91,0.83,P3,Team_C,Low,P3
6727,Low,0.3,0.17,1,0.61,0.88,0.53,P3,Team_C,Low,P3
6728,High,0.9,0.84,2,0.35,0.5,0.88,P1,Team_A,High,P1
6729,Medium,0.6,0.11,4,0.76,0.79,0.97,P2,Team_B,Medium,P2
6730,Medium,0.6,0.14,4,0.82,0.61,0.77,P2,Team_C,Medium,P2
6731,High,0.9,0.34,2,0.36,0.87,0.98,P2,Team_B,Medium,P2
6732,Medium,0.6,0.35,3,0.57,0.48,0.91,P2,Team_C,Medium,P2
6733,Low,0.3,0.85,1,0.76,0.79,0.66,P2,Team_B,Medium,P2
6734,Low,0.3,0.6,4,0.9,0.7,0.34,P2,Team_B,Medium,P2
6735,High,0.9,0.53,4,0.57,0.87,0.89,P2,Team_A,Medium,P2
6736,Medium,0.6,0.36,3,0.8,0.54,0.99,P2,Team_C,Medium,P2
6737,High,0.9,0.81,3,0.55,0.74,0.43,P1,Team_C,High,P1
6738,Low,0.3,0.42,4,0.85,0.36,0.52,P2,Team_C,Medium,P2
6739,Medium,0.6,0.03,4,0.64,0.82,0.78,P2,Team_B,Medium,P2
6740,Medium,0.6,0.46,3,0.91,0.44,0.48,P2,Team_B,Medium,P2
6741,Medium,0.6,0.19,3,0.76,0.44,0.77,P2,Team_C,Medium,P2
6742,Low,0.3,0.71,3,0.96,0.61,0.61,P2,Team_C,Medium,P2
6743,High,0.9,0.16,1,0.82,0.64,0.39,P2,Team_B,Medium,P2
6744,Low,0.3,0.99,2,0.66,0.7,0.5,P2,Team_A,Medium,P2
6745,Medium,0.6,0.49,3,0.69,0.74,0.48,P2,Team_A,Medium,P2
6746,High,0.9,0.73,2,0.87,0.83,0.41,P1,Team_C,High,P1
6747,High,0.9,0.03,3,0.8,0.83,0.89,P2,Team_C,Medium,P2
6748,Medium,0.6,0.28,3,0.25,0.64,0.89,P2,Team_A,Medium,P2
6749,Medium,0.6,0.62,1,0.92,0.21,0.47,P2,Team_B,Medium,P2
6750,Medium,0.6,0.63,1,0.68,0.53,0.86,P2,Team_C,Medium,P2
6751,Low,0.3,0.72,1,0.43,0.65,0.68,P2,Team_A,Medium,P2
6752,High,0.9,0.48,3,0.84,0.58,0.77,P2,Team_A,Medium,P2
6753,Low,0.3,0.06,3,0.92,0.86,0.59,P3,Team_A,Low,P3
6754,Low,0.3,0.46,4,0.46,0.72,0.97,P2,Team_A,Medium,P2
6755,Low,0.3,0.64,1,0.44,0.52,0.93,P2,Team_C,Medium,P2
6756,Low,0.3,0.47,2,0.83,0.43,0.64,P2,Team_B,Medium,P2
6757,High,0.9,0.62,2,0.72,0.77,0.39,P1,Team_C,High,P1
6758,Low,0.3,0.7,3,0.47,0.44,0.66,P2,Team_A,Medium,P2
6759,High,0.9,0.24,4,0.98,0.34,0.3,P2,Team_C,Medium,P2
6760,Low,0.3,0.73,2,0.53,0.52,0.66,P2,Team_B,Medium,P2
6761,High,0.9,0.73,1,0.83,0.68,0.56,P1,Team_A,High,P1
6762,Medium,0.6,0.71,4,0.75,0.9,0.3,P2,Team_C,Medium,P2
6763,High,0.9,0.22,1,0.76,0.75,0.73,P2,Team_B,Medium,P2
6764,High,0.9,0.18,1,0.94,0.65,0.69,P2,Team_C,Medium,P2
6765,Low,0.3,0.08,2,0.63,0.59,0.69,P3,Team_B,Low,P3
6766,Low,0.3,0.16,2,0.51,0.68,1.0,P3,Team_A,Low,P3
6767,Medium,0.6,0.4,1,0.92,0.56,0.62,P2,Team_C,Medium,P2
6768,High,0.9,0.92,3,0.7,0.69,0.42,P1,Team_A,High,P1
6769,Medium,0.6,0.37,4,0.59,0.63,0.87,P2,Team_C,Medium,P2
6770,Low,0.3,0.2,4,0.95,0.59,0.6,P3,Team_B,Low,P3
6771,High,0.9,0.27,2,0.92,0.75,0.45,P2,Team_B,Medium,P2
6772,High,0.9,0.59,3,0.87,0.76,0.84,P2,Team_C,Medium,P2
6773,High,0.9,0.28,4,0.89,0.62,1.0,P2,Team_C,Medium,P2
6774,Medium,0.6,0.22,3,0.7,0.89,0.77,P2,Team_C,Medium,P2
6775,Medium,0.6,0.72,4,0.9,0.89,0.63,P2,Team_B,Medium,P2
6776,Medium,0.6,0.38,2,0.9,0.59,0.86,P2,Team_B,Medium,P2
6777,Low,0.3,0.54,1,0.44,0.37,0.91,P2,Team_C,Medium,P2
6778,Low,0.3,0.34,1,0.65,0.37,0.44,P3,Team_B,Low,P3
6779,Low,0.3,0.41,4,0.51,0.77,0.85,P2,Team_B,Medium,P2
6780,Medium,0.6,0.44,4,0.93,0.95,0.43,P2,Team_A,Medium,P2
6781,Low,0.3,0.77,1,0.82,0.72,0.78,P2,Team_C,Medium,P2
6782,High,0.9,0.43,4,0.44,0.57,0.73,P2,Team_A,Medium,P2
6783,High,0.9,0.86,2,0.82,0.53,0.88,P1,Team_C,High,P1
6784,Low,0.3,0.6,3,0.86,0.39,0.7,P2,Team_B,Medium,P2
6785,Low,0.3,0.69,3,0.55,0.88,0.66,P2,Team_C,Medium,P2
6786,Medium,0.6,0.55,2,0.95,0.73,0.91,P2,Team_A,Medium,P2
6787,High,0.9,0.35,1,0.92,0.6,0.95,P2,Team_B,Medium,P2
6788,Medium,0.6,0.48,1,0.88,0.68,0.55,P2,Team_B,Medium,P2
6789,Medium,0.6,0.45,1,0.53,0.42,0.6,P2,Team_A,Medium,P2
6790,Low,0.3,0.2,1,0.98,0.74,0.59,P3,Team_C,Low,P3
6791,Medium,0.6,0.42,3,0.83,0.82,0.43,P2,Team_B,Medium,P2
6792,High,0.9,0.17,1,0.55,0.36,0.91,P2,Team_C,Medium,P2
6793,High,0.9,0.72,4,0.69,0.69,0.97,P1,Team_C,High,P1
6794,Medium,0.6,0.53,1,0.35,0.67,0.52,P2,Team_A,Medium,P2
6795,Low,0.3,0.5,3,0.66,0.62,0.76,P2,Team_C,Medium,P2
6796,Low,0.3,0.94,3,0.38,0.79,0.69,P2,Team_C,Medium,P2
6797,High,0.9,0.91,3,0.84,0.37,0.7,P1,Team_B,High,P1
6798,Low,0.3,0.33,1,0.88,0.63,0.86,P3,Team_C,Low,P3
6799,High,0.9,0.33,4,0.71,0.46,0.5,P2,Team_A,Medium,P2
6800,Low,0.3,0.42,4,0.75,0.74,0.77,P2,Team_C,Medium,P2
6801,High,0.9,0.8,4,0.92,0.8,0.54,P1,Team_B,High,P1
6802,Low,0.3,0.67,4,0.94,0.7,0.98,P2,Team_C,Medium,P2
6803,Medium,0.6,0.36,1,0.83,0.73,0.54,P2,Team_B,Medium,P2
6804,Medium,0.6,0.33,2,0.79,0.63,0.85,P2,Team_A,Medium,P2
6805,Medium,0.6,0.57,2,0.71,0.66,0.46,P2,Team_C,Medium,P2
6806,Low,0.3,0.76,4,0.71,0.3,0.58,P2,Team_B,Medium,P2
6807,Low,0.3,0.37,3,0.88,0.55,0.51,P3,Team_B,Low,P3
6808,Low,0.3,0.46,3,0.78,0.67,0.58,P2,Team_B,Medium,P2
6809,Medium,0.6,0.63,4,0.52,0.83,0.75,P2,Team_C,Medium,P2
6810,Medium,0.6,0.64,1,0.75,0.52,0.93,P2,Team_C,Medium,P2
6811,Medium,0.6,0.3,2,0.64,0.7,0.38,P2,Team_A,Medium,P2
6812,Low,0.3,0.19,4,0.57,0.6,0.59,P3,Team_B,Low,P3
6813,Medium,0.6,0.28,2,0.69,0.97,0.63,P2,Team_B,Medium,P2
6814,Medium,0.6,0.81,3,0.81,0.69,0.36,P2,Team_A,Medium,P2
6815,High,0.9,0.83,2,0.91,0.78,0.66,P1,Team_A,High,P1
6816,Low,0.3,0.14,2,0.72,0.88,0.31,P3,Team_C,Low,P3
6817,Low,0.3,0.76,3,0.78,0.74,0.7,P2,Team_B,Medium,P2
6818,Low,0.3,0.24,2,0.74,0.45,0.61,P3,Team_B,Low,P3
6819,Low,0.3,0.61,3,0.56,0.9,0.74,P2,Team_C,Medium,P2
6820,Low,0.3,0.42,4,0.84,0.8,0.56,P2,Team_A,Medium,P2
6821,Medium,0.6,0.76,3,0.64,0.95,0.97,P2,Team_A,Medium,P2
6822,Medium,0.6,0.45,3,0.39,0.71,0.49,P2,Team_B,Medium,P2
6823,High,0.9,0.28,1,0.78,0.71,0.64,P2,Team_A,Medium,P2
6824,Medium,0.6,0.16,4,0.53,0.78,0.66,P2,Team_C,Medium,P2
6825,Medium,0.6,0.76,1,0.75,0.51,0.86,P2,Team_C,Medium,P2
6826,Medium,0.6,0.38,2,0.47,0.52,0.47,P2,Team_C,Medium,P2
6827,Low,0.3,0.49,1,0.84,0.9,0.57,P2,Team_A,Medium,P2
6828,High,0.9,0.8,2,0.38,0.64,0.89,P1,Team_B,High,P1
6829,Low,0.3,0.33,4,0.9,0.87,0.43,P3,Team_A,Low,P3
6830,Medium,0.6,0.53,1,0.84,0.55,0.65,P2,Team_A,Medium,P2
6831,High,0.9,0.72,3,0.72,0.38,0.55,P1,Team_B,High,P1
6832,Low,0.3,0.59,3,0.59,0.83,0.33,P2,Team_A,Medium,P2
6833,Low,0.3,0.92,4,0.83,0.52,0.45,P2,Team_C,Medium,P2
6834,Low,0.3,0.46,1,0.71,0.52,0.57,P2,Team_C,Medium,P2
6835,Low,0.3,0.35,1,0.86,0.54,0.52,P3,Team_C,Low,P3
6836,Medium,0.6,0.25,1,0.82,0.45,0.6,P2,Team_B,Medium,P2
6837,Low,0.3,0.51,3,0.42,0.46,0.58,P2,Team_B,Medium,P2
6838,Medium,0.6,0.51,3,0.76,0.31,0.49,P2,Team_A,Medium,P2
6839,High,0.9,0.68,2,0.8,0.53,0.39,P1,Team_C,High,P1
6840,Low,0.3,0.41,4,0.93,0.95,0.9,P2,Team_A,Medium,P2
6841,High,0.9,0.14,4,0.82,0.53,0.67,P2,Team_B,Medium,P2
6842,Medium,0.6,0.73,4,0.9,0.57,0.63,P2,Team_A,Medium,P2
6843,Medium,0.6,0.44,2,0.69,0.47,0.98,P2,Team_A,Medium,P2
6844,Medium,0.6,0.14,4,0.8,0.9,0.64,P2,Team_B,Medium,P2
6845,High,0.9,0.36,3,0.61,0.94,0.47,P2,Team_A,Medium,P2
6846,Medium,0.6,0.58,4,0.96,0.82,1.0,P2,Team_A,Medium,P2
6847,Low,0.3,0.34,4,0.84,0.62,0.67,P3,Team_C,Low,P3
6848,Medium,0.6,0.44,4,0.57,0.72,0.86,P2,Team_C,Medium,P2
6849,Medium,0.6,0.47,4,0.69,0.23,0.64,P2,Team_C,Medium,P2
6850,Low,0.3,0.76,1,0.75,0.6,0.46,P2,Team_B,Medium,P2
6851,High,0.9,0.46,1,0.61,0.89,0.58,P2,Team_C,Medium,P2
6852,High,0.9,0.65,3,0.66,0.56,0.47,P1,Team_A,High,P1
6853,Medium,0.6,0.45,4,0.92,0.69,0.33,P2,Team_B,Medium,P2
6854,Low,0.3,0.61,1,0.98,0.32,0.31,P2,Team_B,Medium,P2
6855,Medium,0.6,0.54,4,0.75,0.95,0.7,P2,Team_B,Medium,P2
6856,High,0.9,0.79,3,0.85,0.93,0.31,P1,Team_B,High,P1
6857,High,0.9,0.94,1,0.87,0.86,0.9,P1,Team_A,High,P1
6858,Medium,0.6,0.76,3,0.78,0.8,0.7,P2,Team_C,Medium,P2
6859,Medium,0.6,0.85,1,0.59,0.62,0.48,P2,Team_B,Medium,P2
6860,Low,0.3,0.52,4,0.7,0.56,0.58,P2,Team_C,Medium,P2
6861,Medium,0.6,0.22,2,0.64,0.63,0.9,P2,Team_A,Medium,P2
6862,Low,0.3,0.69,2,0.62,0.66,0.41,P2,Team_B,Medium,P2
6863,Medium,0.6,0.84,2,0.81,0.7,0.7,P2,Team_C,Medium,P2
6864,Low,0.3,0.3,4,0.7,0.41,0.89,P3,Team_C,Low,P3
6865,Medium,0.6,0.58,4,0.91,0.66,0.82,P2,Team_C,Medium,P2
6866,High,0.9,0.9,2,0.86,0.81,0.59,P1,Team_B,High,P1
6867,Medium,0.6,0.59,4,0.45,0.68,0.87,P2,Team_B,Medium,P2
6868,Medium,0.6,0.61,2,0.82,0.6,0.38,P2,Team_A,Medium,P2
6869,Medium,0.6,0.68,3,0.62,0.87,0.7,P2,Team_A,Medium,P2
6870,Low,0.3,0.94,1,0.81,0.85,0.7,P2,Team_B,Medium,P2
6871,High,0.9,0.68,4,0.79,0.45,0.76,P1,Team_A,High,P1
6872,Low,0.3,0.65,3,0.66,0.81,0.7,P2,Team_A,Medium,P2
6873,Medium,0.6,0.75,2,0.62,0.43,0.34,P2,Team_C,Medium,P2
6874,High,0.9,0.45,2,0.63,0.78,0.95,P2,Team_B,Medium,P2
6875,Medium,0.6,0.34,3,0.84,0.63,0.93,P2,Team_C,Medium,P2
6876,Low,0.3,0.12,2,0.56,0.87,0.79,P3,Team_B,Low,P3
6877,Low,0.3,0.47,4,0.5,0.48,0.68,P2,Team_A,Medium,P2
6878,Low,0.3,0.34,1,0.78,0.46,0.42,P3,Team_B,Low,P3
6879,Medium,0.6,0.31,4,0.8,0.27,0.76,P2,Team_B,Medium,P2
6880,High,0.9,0.5,4,0.66,0.84,0.51,P2,Team_B,Medium,P2
6881,High,0.9,0.28,1,0.67,0.8,0.43,P2,Team_C,Medium,P2
6882,Medium,0.6,0.78,1,0.9,0.56,0.34,P2,Team_B,Medium,P2
6883,Low,0.3,0.14,2,0.68,0.47,0.73,P3,Team_B,Low,P3
6884,Low,0.3,0.68,1,0.3,0.8,0.59,P2,Team_C,Medium,P2
6885,Low,0.3,0.33,4,0.91,0.79,0.49,P3,Team_A,Low,P3
6886,Medium,0.6,0.36,2,0.68,0.68,0.55,P2,Team_C,Medium,P2
6887,Medium,0.6,0.53,4,0.95,0.31,0.56,P2,Team_B,Medium,P2
6888,Low,0.3,0.63,4,0.88,0.54,0.33,P2,Team_A,Medium,P2
6889,High,0.9,0.38,4,0.88,0.81,0.38,P2,Team_A,Medium,P2
6890,Low,0.3,0.51,4,0.83,0.48,0.31,P2,Team_A,Medium,P2
6891,High,0.9,0.31,3,0.38,0.82,0.73,P2,Team_B,Medium,P2
6892,Low,0.3,0.53,2,0.84,0.75,0.92,P2,Team_B,Medium,P2
6893,Low,0.3,0.33,3,0.81,0.3,0.34,P3,Team_C,Low,P3
6894,Medium,0.6,0.93,2,0.58,0.44,0.86,P2,Team_B,Medium,P2
6895,Low,0.3,0.78,2,0.62,0.75,0.82,P2,Team_C,Medium,P2
6896,High,0.9,0.85,2,0.55,0.59,0.49,P1,Team_C,High,P1
6897,Low,0.3,0.14,3,0.56,0.36,0.64,P3,Team_A,Low,P3
6898,High,0.9,0.43,4,0.87,0.64,0.74,P2,Team_B,Medium,P2
6899,Low,0.3,0.66,3,0.82,0.4,0.84,P2,Team_A,Medium,P2
6900,High,0.9,0.42,1,0.77,0.66,0.78,P2,Team_A,Medium,P2
6901,Medium,0.6,0.43,4,0.6,0.52,0.71,P2,Team_C,Medium,P2
6902,High,0.9,0.42,4,0.93,0.75,0.51,P2,Team_B,Medium,P2
6903,High,0.9,0.62,1,0.71,0.62,1.0,P1,Team_A,High,P1
6904,Medium,0.6,0.44,2,0.75,0.64,0.64,P2,Team_B,Medium,P2
6905,Low,0.3,0.59,1,0.87,0.91,0.59,P2,Team_B,Medium,P2
6906,Low,0.3,0.81,3,0.53,0.72,0.47,P2,Team_A,Medium,P2
6907,Medium,0.6,0.88,1,0.65,0.88,0.34,P2,Team_A,Medium,P2
6908,Medium,0.6,0.35,2,0.6,0.68,0.52,P2,Team_A,Medium,P2
6909,High,0.9,0.48,1,0.79,0.86,0.37,P2,Team_A,Medium,P2
6910,High,0.9,0.48,2,0.88,0.64,0.45,P2,Team_B,Medium,P2
6911,High,0.9,0.52,4,0.76,0.62,0.38,P2,Team_C,Medium,P2
6912,Low,0.3,0.71,1,0.95,0.93,0.44,P2,Team_C,Medium,P2
6913,Low,0.3,0.35,4,0.88,0.58,0.88,P3,Team_B,Low,P3
6914,Medium,0.6,0.26,2,0.79,0.61,0.56,P2,Team_C,Medium,P2
6915,Low,0.3,0.91,3,0.56,0.77,0.61,P2,Team_B,Medium,P2
6916,Medium,0.6,0.75,1,0.44,0.78,0.62,P2,Team_B,Medium,P2
6917,Medium,0.6,0.56,3,0.82,0.76,0.64,P2,Team_A,Medium,P2
6918,High,0.9,0.42,1,0.88,0.69,0.6,P2,Team_B,Medium,P2
6919,Medium,0.6,0.47,2,0.88,0.97,0.36,P2,Team_A,Medium,P2
6920,Medium,0.6,0.08,2,0.66,0.59,0.32,P2,Team_C,Medium,P2
6921,Medium,0.6,0.32,1,0.81,0.95,0.69,P2,Team_B,Medium,P2
6922,Low,0.3,0.8,2,0.93,0.56,0.35,P2,Team_C,Medium,P2
6923,Low,0.3,0.51,3,0.6,0.58,0.43,P2,Team_B,Medium,P2
6924,Medium,0.6,0.25,3,0.51,0.49,0.36,P2,Team_A,Medium,P2
6925,Low,0.3,0.49,4,0.85,0.35,0.46,P2,Team_A,Medium,P2
6926,Low,0.3,0.57,3,0.96,0.75,0.98,P2,Team_A,Medium,P2
6927,Medium,0.6,0.51,3,0.91,0.82,0.57,P2,Team_B,Medium,P2
6928,Low,0.3,0.13,3,0.92,0.84,0.81,P3,Team_C,Low,P3
6929,High,0.9,0.66,2,0.55,0.44,0.72,P1,Team_B,High,P1
6930,Low,0.3,0.35,4,0.8,0.87,0.49,P3,Team_B,Low,P3
6931,High,0.9,0.38,3,0.56,0.84,0.78,P2,Team_A,Medium,P2
6932,High,0.9,0.27,1,0.62,0.7,0.75,P2,Team_B,Medium,P2
6933,Medium,0.6,0.38,2,0.74,0.65,0.9,P2,Team_A,Medium,P2
6934,Medium,0.6,0.46,1,0.67,0.65,0.42,P2,Team_B,Medium,P2
6935,Medium,0.6,0.4,2,0.49,0.5,0.87,P2,Team_B,Medium,P2
6936,Medium,0.6,0.15,2,0.71,0.87,0.46,P2,Team_C,Medium,P2
6937,Medium,0.6,0.36,2,0.72,0.81,0.32,P2,Team_C,Medium,P2
6938,Low,0.3,0.83,1,0.82,0.39,0.6,P2,Team_A,Medium,P2
6939,High,0.9,0.76,2,0.89,0.58,0.3,P1,Team_A,High,P1
6940,Medium,0.6,0.7,3,0.97,0.78,0.78,P2,Team_B,Medium,P2
6941,High,0.9,0.82,1,0.94,0.42,0.49,P1,Team_B,High,P1
6942,Medium,0.6,0.26,1,0.86,0.91,0.91,P2,Team_C,Medium,P2
6943,Low,0.3,0.83,4,0.35,0.32,0.98,P2,Team_B,Medium,P2
6944,Medium,0.6,0.53,3,0.88,0.68,0.91,P2,Team_C,Medium,P2
6945,Low,0.3,0.37,3,0.37,0.69,0.92,P3,Team_C,Low,P3
6946,Medium,0.6,0.55,4,0.66,0.82,0.89,P2,Team_C,Medium,P2
6947,High,0.9,0.4,2,0.7,0.45,0.87,P2,Team_B,Medium,P2
6948,Medium,0.6,0.96,2,0.53,0.51,0.62,P2,Team_A,Medium,P2
6949,Medium,0.6,0.07,3,0.87,0.49,0.44,P2,Team_C,Medium,P2
6950,Low,0.3,0.37,4,0.62,0.46,0.82,P3,Team_A,Low,P3
6951,Low,0.3,0.7,1,0.7,0.38,0.9,P2,Team_C,Medium,P2
6952,High,0.9,0.64,1,0.86,0.46,0.71,P1,Team_C,High,P1
6953,Medium,0.6,0.26,3,0.38,0.79,0.83,P2,Team_B,Medium,P2
6954,High,0.9,0.63,2,0.47,0.39,0.99,P1,Team_B,High,P1
6955,Low,0.3,0.56,3,0.8,0.65,0.88,P2,Team_B,Medium,P2
6956,Low,0.3,0.71,2,0.83,0.58,0.59,P2,Team_C,Medium,P2
6957,Low,0.3,0.19,4,0.81,0.63,0.87,P3,Team_C,Low,P3
6958,Medium,0.6,0.52,2,0.7,0.77,0.81,P2,Team_B,Medium,P2
6959,Medium,0.6,0.79,2,0.65,0.89,0.5,P2,Team_C,Medium,P2
6960,Low,0.3,0.48,3,0.72,0.44,0.66,P2,Team_A,Medium,P2
6961,High,0.9,0.73,2,0.83,0.89,0.39,P1,Team_A,High,P1
6962,Low,0.3,0.49,2,0.73,0.6,0.79,P2,Team_C,Medium,P2
6963,High,0.9,0.44,1,0.91,0.67,0.62,P2,Team_B,Medium,P2
6964,Low,0.3,0.77,3,0.7,0.67,1.0,P2,Team_C,Medium,P2
6965,Medium,0.6,0.35,4,0.74,0.72,0.94,P2,Team_B,Medium,P2
6966,High,0.9,0.18,1,0.79,0.75,0.58,P2,Team_C,Medium,P2
6967,Medium,0.6,0.32,2,0.44,0.68,0.68,P2,Team_C,Medium,P2
6968,Low,0.3,0.42,1,0.74,0.82,0.62,P2,Team_C,Medium,P2
6969,Medium,0.6,0.88,1,0.63,0.63,0.51,P2,Team_B,Medium,P2
6970,Low,0.3,0.65,3,0.66,0.42,0.58,P2,Team_A,Medium,P2
6971,High,0.9,0.52,2,0.74,0.51,0.31,P2,Team_A,Medium,P2
6972,Low,0.3,0.49,1,0.73,0.71,0.72,P2,Team_C,Medium,P2
6973,Medium,0.6,0.39,1,0.8,0.68,0.77,P2,Team_B,Medium,P2
6974,Medium,0.6,0.44,2,0.76,0.55,0.67,P2,Team_B,Medium,P2
6975,Low,0.3,0.66,4,0.45,0.82,0.8,P2,Team_A,Medium,P2
6976,Low,0.3,0.87,4,0.71,0.69,0.51,P2,Team_B,Medium,P2
6977,Medium,0.6,0.86,3,0.55,0.74,0.77,P2,Team_B,Medium,P2
6978,Low,0.3,0.8,1,0.82,0.75,0.9,P2,Team_C,Medium,P2
6979,Medium,0.6,0.35,4,0.72,0.57,0.86,P2,Team_B,Medium,P2
6980,High,0.9,0.27,3,0.39,0.42,0.63,P2,Team_C,Medium,P2
6981,Medium,0.6,0.18,1,0.94,0.29,0.85,P2,Team_A,Medium,P2
6982,Medium,0.6,0.14,4,0.78,0.66,0.32,P2,Team_B,Medium,P2
6983,Low,0.3,0.56,2,0.51,0.65,0.74,P2,Team_C,Medium,P2
6984,Low,0.3,0.67,3,0.39,0.83,0.41,P2,Team_B,Medium,P2
6985,Medium,0.6,0.43,1,0.62,0.68,0.49,P2,Team_A,Medium,P2
6986,High,0.9,0.52,2,0.53,0.75,0.54,P2,Team_A,Medium,P2
6987,High,0.9,0.42,4,0.67,0.67,0.72,P2,Team_C,Medium,P2
6988,Low,0.3,0.59,2,0.71,0.68,0.42,P2,Team_C,Medium,P2
6989,High,0.9,0.91,2,0.57,0.79,0.96,P1,Team_C,High,P1
6990,High,0.9,0.25,4,0.77,0.55,0.74,P2,Team_A,Medium,P2
6991,Low,0.3,0.56,3,0.86,0.61,0.54,P2,Team_C,Medium,P2
6992,Medium,0.6,0.41,3,0.92,0.44,0.89,P2,Team_B,Medium,P2
6993,Medium,0.6,0.59,1,0.71,0.84,0.53,P2,Team_C,Medium,P2
6994,Low,0.3,0.34,1,0.79,0.72,0.37,P3,Team_B,Low,P3
6995,High,0.9,0.46,2,0.7,0.54,0.31,P2,Team_B,Medium,P2
6996,Medium,0.6,0.5,3,0.73,0.76,0.39,P2,Team_A,Medium,P2
6997,Medium,0.6,0.61,3,0.7,0.45,0.4,P2,Team_C,Medium,P2
6998,Low,0.3,0.76,1,0.75,0.34,0.39,P2,Team_C,Medium,P2
6999,High,0.9,0.55,3,0.72,0.62,0.7,P2,Team_A,Medium,P2
7000,Medium,0.6,0.82,1,0.9,0.78,0.85,P2,Team_B,Medium,P2
7001,Low,0.3,0.48,3,0.82,0.87,0.75,P2,Team_B,Medium,P2
7002,Low,0.3,0.56,1,0.73,0.85,0.95,P2,Team_B,Medium,P2
7003,Low,0.3,0.58,1,0.71,0.78,0.79,P2,Team_B,Medium,P2
7004,Low,0.3,0.1,3,0.61,0.66,0.75,P3,Team_C,Low,P3
7005,Medium,0.6,0.94,2,0.55,0.65,0.63,P2,Team_C,Medium,P2
7006,Low,0.3,0.65,3,0.67,0.71,0.49,P2,Team_A,Medium,P2
7007,High,0.9,0.62,2,0.87,0.61,1.0,P1,Team_A,High,P1
7008,Medium,0.6,0.69,2,0.83,0.63,0.59,P2,Team_A,Medium,P2
7009,Medium,0.6,0.22,4,0.89,0.82,0.51,P2,Team_C,Medium,P2
7010,Low,0.3,0.29,4,0.84,0.7,0.81,P3,Team_C,Low,P3
7011,Low,0.3,0.69,4,0.9,0.75,0.99,P2,Team_B,Medium,P2
7012,Low,0.3,0.26,2,0.77,0.41,0.33,P3,Team_C,Low,P3
7013,Medium,0.6,0.38,2,0.63,0.88,0.38,P2,Team_C,Medium,P2
7014,Medium,0.6,0.86,1,0.74,0.51,0.7,P2,Team_C,Medium,P2
7015,Low,0.3,0.48,4,0.68,0.65,0.97,P2,Team_B,Medium,P2
7016,Medium,0.6,0.32,4,0.49,0.85,0.95,P2,Team_C,Medium,P2
7017,Low,0.3,0.86,3,0.68,0.52,0.73,P2,Team_B,Medium,P2
7018,Low,0.3,0.69,4,0.77,0.82,0.36,P2,Team_A,Medium,P2
7019,Medium,0.6,0.03,3,0.44,0.55,0.44,P2,Team_C,Medium,P2
7020,Low,0.3,0.15,2,0.53,0.79,0.41,P3,Team_C,Low,P3
7021,Low,0.3,0.55,4,0.87,0.49,0.88,P2,Team_B,Medium,P2
7022,Low,0.3,0.7,2,0.96,0.54,0.92,P2,Team_C,Medium,P2
7023,Low,0.3,0.55,3,0.88,0.41,0.94,P2,Team_A,Medium,P2
7024,Low,0.3,0.55,2,0.49,0.21,0.33,P2,Team_B,Medium,P2
7025,Low,0.3,0.56,4,0.67,0.93,0.74,P2,Team_B,Medium,P2
7026,Medium,0.6,0.38,1,0.48,0.5,0.76,P2,Team_C,Medium,P2
7027,Low,0.3,0.79,3,0.74,0.76,0.4,P2,Team_C,Medium,P2
7028,High,0.9,0.62,1,0.85,0.87,0.69,P1,Team_B,High,P1
7029,Low,0.3,0.15,2,0.77,0.86,0.43,P3,Team_C,Low,P3
7030,Low,0.3,0.62,4,0.7,0.43,0.49,P2,Team_B,Medium,P2
7031,Medium,0.6,0.61,3,0.57,0.95,0.34,P2,Team_B,Medium,P2
7032,Medium,0.6,0.29,3,0.98,0.42,0.69,P2,Team_B,Medium,P2
7033,Low,0.3,0.48,4,0.88,0.9,0.71,P2,Team_C,Medium,P2
7034,Low,0.3,0.23,4,0.71,0.76,0.51,P3,Team_A,Low,P3
7035,High,0.9,0.17,4,0.82,0.45,0.4,P2,Team_B,Medium,P2
7036,Medium,0.6,0.26,1,0.54,0.34,0.32,P2,Team_C,Medium,P2
7037,Low,0.3,0.59,4,0.46,0.7,0.56,P2,Team_A,Medium,P2
7038,High,0.9,0.07,4,0.61,0.71,0.45,P2,Team_B,Medium,P2
7039,Low,0.3,0.45,4,0.55,0.84,0.48,P2,Team_C,Medium,P2
7040,Medium,0.6,0.82,1,0.62,0.74,0.45,P2,Team_B,Medium,P2
7041,Medium,0.6,0.23,1,0.4,0.76,0.63,P2,Team_B,Medium,P2
7042,Medium,0.6,0.23,1,0.56,0.35,0.43,P2,Team_A,Medium,P2
7043,High,0.9,0.4,2,0.63,0.79,0.49,P2,Team_C,Medium,P2
7044,Medium,0.6,0.43,3,0.59,0.81,0.47,P2,Team_B,Medium,P2
7045,Low,0.3,0.58,1,0.79,0.8,0.53,P2,Team_B,Medium,P2
7046,High,0.9,0.55,3,0.79,0.37,0.46,P2,Team_B,Medium,P2
7047,Low,0.3,0.77,4,0.86,0.36,0.37,P2,Team_B,Medium,P2
7048,Low,0.3,0.61,1,0.92,0.7,0.76,P2,Team_A,Medium,P2
7049,Medium,0.6,0.72,3,0.91,0.73,0.81,P2,Team_A,Medium,P2
7050,Medium,0.6,0.47,1,0.79,0.84,0.33,P2,Team_A,Medium,P2
7051,Medium,0.6,0.11,3,0.31,0.97,0.52,P2,Team_B,Medium,P2
7052,Medium,0.6,0.32,1,0.46,0.63,0.85,P2,Team_C,Medium,P2
7053,Medium,0.6,0.87,1,0.92,0.82,0.55,P2,Team_C,Medium,P2
7054,Low,0.3,0.3,1,0.47,0.36,0.48,P3,Team_C,Low,P3
7055,Medium,0.6,0.85,4,0.7,0.76,0.82,P2,Team_A,Medium,P2
7056,Medium,0.6,0.61,2,0.48,0.84,0.66,P2,Team_B,Medium,P2
7057,Low,0.3,0.47,3,0.58,0.93,0.72,P2,Team_B,Medium,P2
7058,Low,0.3,0.29,2,0.83,0.92,0.5,P3,Team_B,Low,P3
7059,Low,0.3,0.43,4,0.66,0.78,0.55,P2,Team_C,Medium,P2
7060,Medium,0.6,0.77,3,0.9,0.58,0.63,P2,Team_B,Medium,P2
7061,Low,0.3,0.4,3,0.84,0.75,0.46,P2,Team_B,Medium,P2
7062,Low,0.3,0.53,4,0.84,0.56,0.8,P2,Team_B,Medium,P2
7063,Medium,0.6,0.13,4,0.82,0.84,0.79,P2,Team_C,Medium,P2
7064,Medium,0.6,0.51,1,0.72,0.92,0.51,P2,Team_B,Medium,P2
7065,Medium,0.6,0.77,3,0.73,0.74,0.59,P2,Team_A,Medium,P2
7066,High,0.9,0.78,4,0.88,0.61,0.43,P1,Team_B,High,P1
7067,Low,0.3,0.65,3,0.72,0.61,0.66,P2,Team_A,Medium,P2
7068,Medium,0.6,0.77,3,0.74,0.3,0.34,P2,Team_C,Medium,P2
7069,Medium,0.6,0.44,3,0.78,0.65,0.92,P2,Team_A,Medium,P2
7070,Medium,0.6,0.59,2,0.37,0.62,0.85,P2,Team_C,Medium,P2
7071,Low,0.3,0.71,2,0.82,0.65,0.39,P2,Team_B,Medium,P2
7072,High,0.9,0.46,1,0.68,0.88,0.66,P2,Team_A,Medium,P2
7073,Low,0.3,0.41,3,0.7,0.83,0.47,P2,Team_A,Medium,P2
7074,Low,0.3,0.99,2,0.25,0.5,0.78,P2,Team_B,Medium,P2
7075,Medium,0.6,0.33,2,0.86,0.85,0.57,P2,Team_C,Medium,P2
7076,Medium,0.6,0.66,3,0.68,0.16,0.74,P2,Team_A,Medium,P2
7077,Low,0.3,0.46,3,0.64,0.89,0.6,P2,Team_A,Medium,P2
7078,Medium,0.6,0.65,2,0.88,0.68,0.94,P2,Team_B,Medium,P2
7079,Low,0.3,0.59,4,0.33,0.71,0.54,P2,Team_C,Medium,P2
7080,High,0.9,0.56,1,0.85,0.75,0.46,P2,Team_B,Medium,P2
7081,Low,0.3,0.54,4,0.65,0.53,0.59,P2,Team_B,Medium,P2
7082,High,0.9,0.18,3,0.86,0.73,0.33,P2,Team_C,Medium,P2
7083,Medium,0.6,0.7,4,0.62,0.69,0.99,P2,Team_A,Medium,P2
7084,Medium,0.6,0.2,3,0.41,0.35,0.68,P2,Team_C,Medium,P2
7085,Low,0.3,0.38,1,0.69,0.71,0.43,P3,Team_A,Low,P3
7086,Low,0.3,0.55,3,0.85,0.88,0.64,P2,Team_C,Medium,P2
7087,High,0.9,0.3,3,0.82,0.77,0.31,P2,Team_A,Medium,P2
7088,Low,0.3,0.97,2,0.88,0.45,0.34,P2,Team_A,Medium,P2
7089,Medium,0.6,0.38,3,0.89,0.88,0.78,P2,Team_C,Medium,P2
7090,Low,0.3,0.76,2,0.92,0.51,0.56,P2,Team_B,Medium,P2
7091,Low,0.3,0.05,1,0.68,0.78,0.33,P3,Team_C,Low,P3
7092,High,0.9,0.85,3,0.91,0.78,0.37,P1,Team_C,High,P1
7093,Medium,0.6,0.54,2,0.85,0.61,0.84,P2,Team_C,Medium,P2
7094,Low,0.3,0.24,2,0.86,0.23,0.79,P3,Team_A,Low,P3
7095,Low,0.3,0.05,1,0.88,0.95,0.76,P3,Team_C,Low,P3
7096,Low,0.3,0.7,1,0.67,0.61,0.42,P2,Team_A,Medium,P2
7097,Low,0.3,0.46,3,0.8,0.93,0.48,P2,Team_A,Medium,P2
7098,Low,0.3,0.64,3,0.7,0.67,0.54,P2,Team_A,Medium,P2
7099,Medium,0.6,0.49,4,0.78,0.58,0.57,P2,Team_A,Medium,P2
7100,Medium,0.6,0.77,1,0.63,0.54,0.49,P2,Team_B,Medium,P2
7101,Low,0.3,0.51,1,0.8,0.81,0.44,P2,Team_B,Medium,P2
7102,High,0.9,0.23,1,0.63,0.78,0.96,P2,Team_A,Medium,P2
7103,Low,0.3,0.22,3,0.76,0.33,0.54,P3,Team_A,Low,P3
7104,Medium,0.6,0.25,1,0.55,0.61,0.7,P2,Team_B,Medium,P2
7105,Low,0.3,0.7,1,0.77,0.53,0.76,P2,Team_C,Medium,P2
7106,High,0.9,0.17,3,0.86,0.94,0.77,P2,Team_C,Medium,P2
7107,High,0.9,0.78,1,0.53,0.12,0.34,P1,Team_C,High,P1
7108,Low,0.3,0.29,4,0.89,0.64,0.62,P3,Team_C,Low,P3
7109,High,0.9,0.2,4,0.9,0.87,0.61,P2,Team_A,Medium,P2
7110,Medium,0.6,0.6,1,0.74,0.93,0.97,P2,Team_A,Medium,P2
7111,Medium,0.6,0.44,4,0.9,0.83,0.7,P2,Team_A,Medium,P2
7112,Medium,0.6,0.24,4,0.63,0.9,0.62,P2,Team_A,Medium,P2
7113,High,0.9,0.3,4,0.61,0.72,0.45,P2,Team_C,Medium,P2
7114,High,0.9,0.78,2,0.75,0.74,0.52,P1,Team_C,High,P1
7115,Medium,0.6,0.22,4,0.7,0.42,0.72,P2,Team_C,Medium,P2
7116,Low,0.3,0.32,1,0.66,0.46,0.89,P3,Team_B,Low,P3
7117,Low,0.3,0.75,2,0.81,0.76,0.35,P2,Team_C,Medium,P2
7118,High,0.9,0.5,3,0.71,0.85,0.52,P2,Team_A,Medium,P2
7119,High,0.9,0.39,4,0.23,0.67,0.91,P2,Team_A,Medium,P2
7120,High,0.9,0.6,1,0.79,0.4,0.74,P2,Team_B,Medium,P2
7121,Low,0.3,0.2,1,0.55,0.66,0.97,P3,Team_A,Low,P3
7122,High,0.9,0.48,4,0.65,0.52,0.97,P2,Team_C,Medium,P2
7123,Low,0.3,0.13,4,0.8,0.84,0.86,P3,Team_B,Low,P3
7124,Low,0.3,0.27,3,0.86,0.69,0.74,P3,Team_A,Low,P3
7125,Low,0.3,0.71,3,0.93,0.77,0.81,P2,Team_C,Medium,P2
7126,High,0.9,0.57,4,0.71,0.92,0.37,P2,Team_C,Medium,P2
7127,Medium,0.6,0.03,3,0.85,0.91,0.98,P2,Team_B,Medium,P2
7128,Medium,0.6,0.26,1,0.86,0.82,0.87,P2,Team_C,Medium,P2
7129,Medium,0.6,0.47,2,0.66,0.81,0.83,P2,Team_A,Medium,P2
7130,High,0.9,0.74,2,0.27,0.34,0.43,P1,Team_B,High,P1
7131,Low,0.3,0.58,1,0.65,0.44,0.78,P2,Team_C,Medium,P2
7132,Medium,0.6,0.38,1,0.6,0.6,0.81,P2,Team_B,Medium,P2
7133,High,0.9,0.8,1,0.64,0.41,0.92,P1,Team_B,High,P1
7134,Medium,0.6,0.45,1,0.45,0.77,0.32,P2,Team_C,Medium,P2
7135,Medium,0.6,0.59,3,0.53,0.93,0.64,P2,Team_C,Medium,P2
7136,Low,0.3,0.4,4,0.59,0.9,0.88,P2,Team_C,Medium,P2
7137,Low,0.3,0.49,3,0.76,0.49,0.82,P2,Team_C,Medium,P2
7138,Medium,0.6,0.41,3,0.88,0.89,0.36,P2,Team_C,Medium,P2
7139,Low,0.3,0.47,3,0.73,0.49,0.9,P2,Team_C,Medium,P2
7140,High,0.9,0.45,2,0.87,0.66,0.36,P2,Team_A,Medium,P2
7141,Medium,0.6,0.3,3,0.68,0.7,0.79,P2,Team_A,Medium,P2
7142,Low,0.3,0.12,3,0.23,0.72,0.51,P3,Team_C,Low,P3
7143,High,0.9,0.83,2,0.55,0.64,0.89,P1,Team_B,High,P1
7144,High,0.9,0.12,3,0.48,0.82,0.37,P2,Team_A,Medium,P2
7145,High,0.9,0.62,2,0.93,0.93,0.62,P1,Team_C,High,P1
7146,Low,0.3,0.6,1,0.89,0.9,0.41,P2,Team_C,Medium,P2
7147,Low,0.3,0.32,3,0.55,0.88,0.84,P3,Team_C,Low,P3
7148,Medium,0.6,0.54,2,0.82,0.5,0.68,P2,Team_C,Medium,P2
7149,Low,0.3,0.69,1,0.43,0.73,0.45,P2,Team_C,Medium,P2
7150,Medium,0.6,0.43,3,0.79,0.56,0.73,P2,Team_B,Medium,P2
7151,Medium,0.6,0.26,4,0.75,0.74,0.71,P2,Team_A,Medium,P2
7152,High,0.9,0.63,4,0.79,0.43,0.56,P1,Team_B,High,P1
7153,Low,0.3,0.27,1,0.45,0.44,0.97,P3,Team_A,Low,P3
7154,Medium,0.6,0.25,2,0.87,0.86,0.76,P2,Team_C,Medium,P2
7155,Low,0.3,0.86,2,0.66,0.65,0.61,P2,Team_A,Medium,P2
7156,High,0.9,0.5,3,0.72,0.72,0.97,P2,Team_B,Medium,P2
7157,Low,0.3,0.75,3,0.53,0.82,0.51,P2,Team_B,Medium,P2
7158,Medium,0.6,0.91,2,0.66,0.62,0.9,P2,Team_A,Medium,P2
7159,Low,0.3,0.38,4,0.71,0.88,0.96,P3,Team_C,Low,P3
7160,Low,0.3,0.72,1,0.55,0.75,0.61,P2,Team_C,Medium,P2
7161,Medium,0.6,0.14,1,0.87,0.71,0.94,P2,Team_B,Medium,P2
7162,Low,0.3,0.7,1,0.91,0.46,0.55,P2,Team_C,Medium,P2
7163,High,0.9,0.21,3,0.86,0.64,0.98,P2,Team_B,Medium,P2
7164,High,0.9,0.53,4,0.74,0.56,0.32,P2,Team_B,Medium,P2
7165,High,0.9,0.85,1,0.73,0.67,0.5,P1,Team_B,High,P1
7166,Medium,0.6,0.47,4,0.92,0.46,0.49,P2,Team_B,Medium,P2
7167,Low,0.3,0.39,1,0.66,0.27,0.5,P3,Team_B,Low,P3
7168,Low,0.3,0.47,1,0.75,0.87,0.67,P2,Team_B,Medium,P2
7169,High,0.9,0.47,3,0.69,0.35,0.32,P2,Team_C,Medium,P2
7170,Low,0.3,0.66,4,0.88,0.98,0.81,P2,Team_B,Medium,P2
7171,High,0.9,0.66,2,0.88,0.83,0.78,P1,Team_C,High,P1
7172,Low,0.3,0.47,3,0.6,0.85,0.8,P2,Team_A,Medium,P2
7173,Medium,0.6,0.34,2,0.73,0.95,0.53,P2,Team_A,Medium,P2
7174,Medium,0.6,0.45,3,0.37,0.47,0.94,P2,Team_B,Medium,P2
7175,High,0.9,0.57,1,0.78,0.62,0.94,P2,Team_C,Medium,P2
7176,Low,0.3,0.66,4,0.83,0.49,0.65,P2,Team_C,Medium,P2
7177,Medium,0.6,0.35,4,0.57,0.63,0.38,P2,Team_B,Medium,P2
7178,Low,0.3,0.65,4,0.88,0.85,0.69,P2,Team_A,Medium,P2
7179,Low,0.3,0.54,2,0.8,0.82,0.92,P2,Team_A,Medium,P2
7180,Medium,0.6,0.65,1,0.51,0.63,0.3,P2,Team_A,Medium,P2
7181,High,0.9,0.36,3,0.77,0.75,0.96,P2,Team_C,Medium,P2
7182,High,0.9,0.66,3,0.78,0.71,0.31,P1,Team_C,High,P1
7183,Low,0.3,0.32,3,0.65,0.86,0.91,P3,Team_B,Low,P3
7184,Low,0.3,0.84,1,0.62,0.85,0.48,P2,Team_A,Medium,P2
7185,Medium,0.6,0.09,4,0.76,0.85,0.39,P2,Team_A,Medium,P2
7186,High,0.9,0.67,1,0.41,0.5,0.68,P1,Team_C,High,P1
7187,Medium,0.6,0.75,2,0.81,0.86,0.74,P2,Team_A,Medium,P2
7188,Low,0.3,0.3,4,0.7,0.94,0.36,P3,Team_A,Low,P3
7189,Medium,0.6,0.49,1,0.79,0.55,0.76,P2,Team_C,Medium,P2
7190,High,0.9,0.42,2,0.64,0.49,0.64,P2,Team_B,Medium,P2
7191,Low,0.3,0.44,1,0.76,0.47,0.85,P2,Team_B,Medium,P2
7192,High,0.9,0.26,2,0.89,0.55,0.98,P2,Team_B,Medium,P2
7193,Medium,0.6,0.14,1,0.67,0.82,0.85,P2,Team_A,Medium,P2
7194,Medium,0.6,0.31,1,0.92,0.36,0.66,P2,Team_C,Medium,P2
7195,Medium,0.6,0.2,2,0.95,0.6,0.94,P2,Team_A,Medium,P2
7196,High,0.9,0.63,4,0.87,0.92,0.7,P1,Team_A,High,P1
7197,Low,0.3,0.58,2,0.5,0.54,0.72,P2,Team_A,Medium,P2
7198,Low,0.3,0.52,2,0.82,0.47,0.93,P2,Team_B,Medium,P2
7199,Medium,0.6,0.79,1,0.55,0.74,0.41,P2,Team_B,Medium,P2
7200,Low,0.3,0.67,1,0.49,0.9,0.78,P2,Team_A,Medium,P2
7201,High,0.9,0.26,4,0.62,0.67,0.95,P2,Team_A,Medium,P2
7202,Low,0.3,0.34,1,0.85,0.77,0.97,P3,Team_A,Low,P3
7203,High,0.9,0.52,2,0.85,0.45,0.37,P2,Team_B,Medium,P2
7204,Medium,0.6,0.3,2,0.72,0.59,0.88,P2,Team_A,Medium,P2
7205,Low,0.3,0.2,3,0.6,0.25,0.32,P3,Team_A,Low,P3
7206,Low,0.3,0.52,3,0.64,0.59,0.97,P2,Team_B,Medium,P2
7207,Low,0.3,0.47,1,0.75,0.85,0.79,P2,Team_B,Medium,P2
7208,Low,0.3,0.35,2,0.73,0.82,0.34,P3,Team_B,Low,P3
7209,Low,0.3,0.89,1,0.9,0.51,0.95,P2,Team_A,Medium,P2
7210,High,0.9,0.32,1,0.93,0.81,0.9,P2,Team_B,Medium,P2
7211,Low,0.3,0.23,4,0.84,0.78,0.74,P3,Team_C,Low,P3
7212,High,0.9,0.43,2,0.83,0.7,0.73,P2,Team_B,Medium,P2
7213,High,0.9,0.22,4,0.8,0.86,0.67,P2,Team_B,Medium,P2
7214,Low,0.3,0.31,2,0.79,0.79,0.93,P3,Team_C,Low,P3
7215,Low,0.3,0.6,1,0.82,0.63,0.88,P2,Team_A,Medium,P2
7216,Low,0.3,0.82,2,0.93,0.69,0.81,P2,Team_C,Medium,P2
7217,Medium,0.6,0.76,1,0.7,0.45,0.61,P2,Team_B,Medium,P2
7218,Medium,0.6,0.4,1,0.81,0.34,0.42,P2,Team_A,Medium,P2
7219,Low,0.3,0.51,3,0.56,0.45,0.57,P2,Team_B,Medium,P2
7220,Medium,0.6,0.3,2,0.52,0.88,0.6,P2,Team_A,Medium,P2
7221,Medium,0.6,0.77,4,0.8,0.38,0.63,P2,Team_B,Medium,P2
7222,Low,0.3,0.49,2,0.45,0.75,0.57,P2,Team_B,Medium,P2
7223,Medium,0.6,0.66,1,0.76,0.62,0.82,P2,Team_C,Medium,P2
7224,High,0.9,0.57,2,0.77,0.92,0.94,P2,Team_C,Medium,P2
7225,High,0.9,0.72,2,0.71,0.84,0.8,P1,Team_C,High,P1
7226,Low,0.3,0.6,1,0.83,0.88,0.69,P2,Team_C,Medium,P2
7227,High,0.9,0.73,1,0.48,0.85,0.9,P1,Team_B,High,P1
7228,Medium,0.6,0.76,2,0.67,0.89,0.46,P2,Team_A,Medium,P2
7229,High,0.9,0.49,2,0.77,0.67,0.44,P2,Team_B,Medium,P2
7230,Low,0.3,0.93,3,0.49,0.53,0.41,P2,Team_A,Medium,P2
7231,Medium,0.6,0.39,4,0.93,0.84,0.49,P2,Team_C,Medium,P2
7232,Low,0.3,0.21,4,0.72,0.64,0.51,P3,Team_B,Low,P3
7233,High,0.9,0.19,1,0.89,0.75,0.35,P2,Team_C,Medium,P2
7234,Low,0.3,0.56,4,0.71,0.84,0.58,P2,Team_A,Medium,P2
7235,Low,0.3,0.5,4,0.86,0.44,0.49,P2,Team_C,Medium,P2
7236,Medium,0.6,0.52,2,0.9,0.49,0.68,P2,Team_A,Medium,P2
7237,Medium,0.6,0.11,2,0.68,0.38,0.85,P2,Team_A,Medium,P2
7238,Medium,0.6,0.71,4,0.88,0.81,0.91,P2,Team_A,Medium,P2
7239,Medium,0.6,0.49,1,0.81,0.62,0.83,P2,Team_B,Medium,P2
7240,High,0.9,0.99,1,0.75,0.47,0.89,P1,Team_A,High,P1
7241,Medium,0.6,0.43,4,0.59,0.64,0.42,P2,Team_A,Medium,P2
7242,Medium,0.6,0.1,1,0.51,0.81,0.77,P2,Team_A,Medium,P2
7243,Low,0.3,0.56,4,0.95,0.69,0.81,P2,Team_C,Medium,P2
7244,Medium,0.6,0.49,2,0.98,0.29,0.51,P2,Team_A,Medium,P2
7245,Medium,0.6,0.09,3,0.78,0.15,0.83,P2,Team_A,Medium,P2
7246,Low,0.3,0.55,3,0.78,0.7,0.86,P2,Team_A,Medium,P2
7247,Low,0.3,0.8,2,0.26,0.75,0.93,P2,Team_A,Medium,P2
7248,Medium,0.6,0.05,1,0.75,0.78,0.6,P2,Team_A,Medium,P2
7249,High,0.9,0.72,4,0.42,0.96,0.63,P1,Team_C,High,P1
7250,Low,0.3,0.76,4,0.54,0.81,0.32,P2,Team_A,Medium,P2
7251,High,0.9,0.77,4,0.89,0.56,0.55,P1,Team_C,High,P1
7252,Low,0.3,0.65,2,0.7,0.63,0.88,P2,Team_A,Medium,P2
7253,Low,0.3,0.69,2,0.85,0.81,0.33,P2,Team_A,Medium,P2
7254,Low,0.3,0.4,3,0.79,0.14,0.47,P2,Team_A,Medium,P2
7255,Medium,0.6,0.43,1,0.92,0.7,0.35,P2,Team_B,Medium,P2
7256,Medium,0.6,0.13,4,0.66,0.96,0.32,P2,Team_C,Medium,P2
7257,Low,0.3,0.49,3,0.77,0.74,0.34,P2,Team_C,Medium,P2
7258,Low,0.3,0.25,3,0.98,0.63,0.43,P3,Team_C,Low,P3
7259,Medium,0.6,0.55,1,0.86,0.62,0.55,P2,Team_A,Medium,P2
7260,High,0.9,0.12,2,0.85,0.87,0.74,P2,Team_C,Medium,P2
7261,Medium,0.6,0.9,3,0.78,0.57,0.94,P2,Team_C,Medium,P2
7262,Low,0.3,0.44,3,0.42,0.48,0.69,P2,Team_A,Medium,P2
7263,Low,0.3,0.16,4,0.98,0.45,0.94,P3,Team_B,Low,P3
7264,High,0.9,0.74,1,0.36,0.68,0.33,P1,Team_C,High,P1
7265,High,0.9,0.76,1,0.34,0.72,0.44,P1,Team_C,High,P1
7266,Low,0.3,0.44,1,0.87,0.97,0.47,P2,Team_C,Medium,P2
7267,Low,0.3,0.85,1,0.9,0.52,0.7,P2,Team_B,Medium,P2
7268,Low,0.3,0.32,3,0.49,0.41,0.6,P3,Team_B,Low,P3
7269,High,0.9,0.71,4,0.57,0.77,0.7,P1,Team_C,High,P1
7270,Medium,0.6,0.35,4,0.9,0.65,0.87,P2,Team_A,Medium,P2
7271,Medium,0.6,0.27,1,0.95,0.82,0.76,P2,Team_C,Medium,P2
7272,Low,0.3,0.62,2,0.58,0.94,0.41,P2,Team_A,Medium,P2
7273,High,0.9,0.64,3,0.52,0.89,0.64,P1,Team_B,High,P1
7274,High,0.9,0.22,3,0.77,0.37,0.56,P2,Team_C,Medium,P2
7275,Low,0.3,0.5,4,0.74,0.67,0.8,P2,Team_C,Medium,P2
7276,Medium,0.6,0.61,3,0.41,0.75,0.81,P2,Team_B,Medium,P2
7277,Medium,0.6,0.6,3,0.77,0.77,0.6,P2,Team_A,Medium,P2
7278,Medium,0.6,0.56,1,0.82,0.82,0.39,P2,Team_A,Medium,P2
7279,High,0.9,0.56,3,0.67,0.74,0.4,P2,Team_A,Medium,P2
7280,Low,0.3,0.13,3,0.85,0.71,0.67,P3,Team_C,Low,P3
7281,Medium,0.6,0.31,3,0.8,0.76,0.47,P2,Team_C,Medium,P2
7282,High,0.9,0.28,4,0.79,0.61,0.46,P2,Team_B,Medium,P2
7283,Medium,0.6,0.88,2,0.68,0.69,0.81,P2,Team_B,Medium,P2
7284,Medium,0.6,0.75,3,0.22,0.85,0.77,P2,Team_A,Medium,P2
7285,Medium,0.6,0.32,2,0.41,0.6,0.31,P2,Team_C,Medium,P2
7286,Low,0.3,0.91,1,0.86,0.74,0.4,P2,Team_B,Medium,P2
7287,Medium,0.6,0.7,1,0.68,0.66,0.71,P2,Team_B,Medium,P2
7288,Low,0.3,0.86,2,0.96,0.84,0.36,P2,Team_B,Medium,P2
7289,Medium,0.6,0.81,1,0.95,0.9,0.73,P2,Team_B,Medium,P2
7290,Low,0.3,0.85,4,0.68,0.31,0.48,P2,Team_B,Medium,P2
7291,Medium,0.6,0.17,2,0.79,0.76,0.51,P2,Team_B,Medium,P2
7292,High,0.9,0.16,4,0.83,0.58,0.72,P2,Team_A,Medium,P2
7293,Medium,0.6,0.4,2,0.72,0.77,0.55,P2,Team_B,Medium,P2
7294,Medium,0.6,0.72,2,0.75,0.75,0.63,P2,Team_A,Medium,P2
7295,High,0.9,0.38,4,0.86,0.85,0.56,P2,Team_B,Medium,P2
7296,Low,0.3,0.22,3,0.63,0.23,0.65,P3,Team_C,Low,P3
7297,High,0.9,0.28,3,0.77,0.83,0.63,P2,Team_A,Medium,P2
7298,High,0.9,0.8,3,0.69,0.94,0.74,P1,Team_B,High,P1
7299,Medium,0.6,0.47,4,0.7,0.64,0.56,P2,Team_A,Medium,P2
7300,Medium,0.6,0.33,2,0.99,0.3,0.81,P2,Team_C,Medium,P2
7301,Low,0.3,0.15,3,0.85,0.57,0.59,P3,Team_C,Low,P3
7302,Medium,0.6,0.84,1,0.88,0.47,0.64,P2,Team_C,Medium,P2
7303,High,0.9,0.59,3,0.7,0.72,0.76,P2,Team_C,Medium,P2
7304,High,0.9,0.12,4,0.78,0.99,0.95,P2,Team_A,Medium,P2
7305,Low,0.3,0.12,4,0.77,0.94,0.74,P3,Team_C,Low,P3
7306,Low,0.3,0.8,2,0.81,0.89,0.43,P2,Team_C,Medium,P2
7307,Low,0.3,0.77,1,0.57,0.96,0.9,P2,Team_A,Medium,P2
7308,Low,0.3,0.55,4,0.69,0.84,0.68,P2,Team_B,Medium,P2
7309,High,0.9,0.59,3,0.95,0.29,0.38,P2,Team_C,Medium,P2
7310,Low,0.3,0.68,1,0.7,0.29,0.92,P2,Team_C,Medium,P2
7311,Medium,0.6,0.26,4,0.26,0.66,0.81,P2,Team_C,Medium,P2
7312,Medium,0.6,0.76,2,0.5,0.35,0.82,P2,Team_A,Medium,P2
7313,Medium,0.6,0.5,4,0.37,0.78,0.42,P2,Team_A,Medium,P2
7314,Low,0.3,0.63,2,0.82,0.29,0.48,P2,Team_C,Medium,P2
7315,Low,0.3,0.83,4,0.68,0.55,0.77,P2,Team_C,Medium,P2
7316,High,0.9,0.3,1,0.51,0.53,0.63,P2,Team_B,Medium,P2
7317,High,0.9,0.38,4,0.66,0.81,0.55,P2,Team_A,Medium,P2
7318,Low,0.3,0.67,4,0.73,0.89,0.66,P2,Team_B,Medium,P2
7319,Medium,0.6,0.84,4,0.9,0.51,0.78,P2,Team_C,Medium,P2
7320,Low,0.3,0.63,2,0.43,0.54,0.42,P2,Team_C,Medium,P2
7321,Low,0.3,0.57,3,0.65,0.55,0.72,P2,Team_C,Medium,P2
7322,Medium,0.6,0.26,3,0.71,0.78,0.31,P2,Team_B,Medium,P2
7323,Medium,0.6,0.74,2,0.64,0.67,1.0,P2,Team_A,Medium,P2
7324,High,0.9,0.11,2,0.93,0.51,0.93,P2,Team_C,Medium,P2
7325,Medium,0.6,0.49,2,0.73,0.45,1.0,P2,Team_C,Medium,P2
7326,Medium,0.6,0.83,3,0.92,0.42,0.94,P2,Team_C,Medium,P2
7327,High,0.9,0.27,3,0.59,0.78,0.92,P2,Team_C,Medium,P2
7328,Medium,0.6,0.16,2,0.49,0.67,0.42,P2,Team_B,Medium,P2
7329,Low,0.3,0.72,1,0.79,0.41,0.66,P2,Team_C,Medium,P2
7330,High,0.9,0.72,1,0.54,0.75,0.96,P1,Team_B,High,P1
7331,Low,0.3,0.33,3,0.99,0.85,0.32,P3,Team_A,Low,P3
7332,Low,0.3,0.63,4,0.74,0.56,0.62,P2,Team_C,Medium,P2
7333,High,0.9,0.51,4,0.48,0.47,0.99,P2,Team_A,Medium,P2
7334,High,0.9,0.76,4,0.45,0.51,0.91,P1,Team_A,High,P1
7335,High,0.9,0.82,4,0.88,0.78,0.52,P1,Team_B,High,P1
7336,High,0.9,0.2,1,0.57,0.72,0.79,P2,Team_C,Medium,P2
7337,Medium,0.6,0.42,1,0.58,0.56,0.34,P2,Team_C,Medium,P2
7338,Medium,0.6,0.67,1,0.68,0.97,0.33,P2,Team_B,Medium,P2
7339,Medium,0.6,0.4,3,0.89,0.86,0.49,P2,Team_C,Medium,P2
7340,Medium,0.6,0.76,4,0.79,0.78,0.41,P2,Team_C,Medium,P2
7341,Low,0.3,0.4,4,0.52,0.48,0.59,P2,Team_A,Medium,P2
7342,High,0.9,0.0,1,0.82,0.89,0.32,P2,Team_B,Medium,P2
7343,Low,0.3,0.73,1,0.78,0.72,0.31,P2,Team_A,Medium,P2
7344,Medium,0.6,0.16,4,0.74,0.67,0.41,P2,Team_C,Medium,P2
7345,Medium,0.6,0.21,3,0.77,0.51,0.76,P2,Team_B,Medium,P2
7346,Medium,0.6,0.39,2,0.54,0.42,0.54,P2,Team_A,Medium,P2
7347,High,0.9,0.32,4,0.79,0.51,0.49,P2,Team_C,Medium,P2
7348,Low,0.3,0.11,1,0.44,0.61,0.47,P3,Team_B,Low,P3
7349,High,0.9,0.49,3,0.8,0.77,0.53,P2,Team_C,Medium,P2
7350,Medium,0.6,0.49,4,0.69,0.69,0.63,P2,Team_A,Medium,P2
7351,Medium,0.6,0.52,4,0.56,0.65,0.42,P2,Team_C,Medium,P2
7352,Low,0.3,0.56,3,0.62,0.71,0.69,P2,Team_C,Medium,P2
7353,Medium,0.6,0.18,1,0.4,0.81,0.65,P2,Team_A,Medium,P2
7354,Low,0.3,0.54,4,0.79,0.65,0.35,P2,Team_B,Medium,P2
7355,Medium,0.6,0.51,3,0.9,0.64,0.8,P2,Team_C,Medium,P2
7356,Low,0.3,0.29,4,0.44,0.76,0.76,P3,Team_B,Low,P3
7357,Low,0.3,0.45,1,0.7,0.66,0.98,P2,Team_C,Medium,P2
7358,Low,0.3,0.86,4,0.92,0.95,0.78,P2,Team_A,Medium,P2
7359,High,0.9,0.19,3,0.56,0.91,0.39,P2,Team_B,Medium,P2
7360,Low,0.3,0.5,4,0.65,0.89,0.47,P2,Team_A,Medium,P2
7361,High,0.9,0.32,4,0.49,0.87,0.5,P2,Team_C,Medium,P2
7362,Medium,0.6,0.47,4,0.56,0.62,0.79,P2,Team_B,Medium,P2
7363,High,0.9,0.07,1,0.77,0.58,0.47,P2,Team_A,Medium,P2
7364,Medium,0.6,0.39,1,0.56,0.56,0.74,P2,Team_C,Medium,P2
7365,Low,0.3,0.34,4,0.81,0.7,0.31,P3,Team_A,Low,P3
7366,Low,0.3,0.65,3,0.64,0.52,0.36,P2,Team_B,Medium,P2
7367,Medium,0.6,0.53,2,0.78,0.32,0.54,P2,Team_B,Medium,P2
7368,Medium,0.6,0.1,1,0.57,0.5,0.68,P2,Team_C,Medium,P2
7369,Low,0.3,0.42,4,0.94,0.81,0.79,P2,Team_A,Medium,P2
7370,Medium,0.6,0.68,3,0.87,0.9,0.57,P2,Team_A,Medium,P2
7371,Low,0.3,0.36,4,0.94,0.72,0.56,P3,Team_B,Low,P3
7372,High,0.9,0.41,3,0.48,0.79,0.34,P2,Team_A,Medium,P2
7373,Medium,0.6,0.84,3,0.37,0.96,0.57,P2,Team_C,Medium,P2
7374,Low,0.3,0.5,4,0.74,0.82,0.36,P2,Team_B,Medium,P2
7375,Low,0.3,0.84,2,0.66,0.85,0.87,P2,Team_B,Medium,P2
7376,High,0.9,0.93,2,0.72,0.69,0.35,P1,Team_B,High,P1
7377,Medium,0.6,0.77,3,0.66,0.41,0.84,P2,Team_C,Medium,P2
7378,Medium,0.6,0.63,1,0.78,0.82,0.45,P2,Team_B,Medium,P2
7379,High,0.9,0.52,1,0.48,0.29,0.47,P2,Team_C,Medium,P2
7380,High,0.9,0.66,3,0.86,0.62,0.61,P1,Team_B,High,P1
7381,Medium,0.6,0.28,4,0.7,0.64,0.48,P2,Team_C,Medium,P2
7382,Low,0.3,0.16,2,0.67,0.68,0.73,P3,Team_A,Low,P3
7383,Low,0.3,0.22,4,0.82,0.84,0.92,P3,Team_A,Low,P3
7384,Low,0.3,0.5,4,0.75,0.7,0.82,P2,Team_A,Medium,P2
7385,High,0.9,0.69,1,0.66,0.68,0.7,P1,Team_A,High,P1
7386,High,0.9,0.52,4,0.89,0.63,0.86,P2,Team_B,Medium,P2
7387,Medium,0.6,0.18,2,0.87,0.93,0.43,P2,Team_B,Medium,P2
7388,Medium,0.6,0.36,3,0.69,0.99,0.95,P2,Team_A,Medium,P2
7389,Low,0.3,0.35,4,0.79,0.61,0.34,P3,Team_A,Low,P3
7390,Medium,0.6,0.43,2,0.6,0.72,0.88,P2,Team_A,Medium,P2
7391,Low,0.3,0.83,3,0.81,0.34,0.93,P2,Team_A,Medium,P2
7392,Medium,0.6,0.6,3,0.73,0.45,0.69,P2,Team_A,Medium,P2
7393,Medium,0.6,0.66,2,0.64,0.84,0.41,P2,Team_C,Medium,P2
7394,Low,0.3,0.48,3,0.79,0.37,0.85,P2,Team_C,Medium,P2
7395,Medium,0.6,0.2,4,0.44,0.23,0.5,P2,Team_A,Medium,P2
7396,High,0.9,0.82,3,0.85,0.81,0.98,P1,Team_A,High,P1
7397,Low,0.3,0.73,2,0.62,0.76,0.65,P2,Team_C,Medium,P2
7398,High,0.9,0.4,3,0.76,0.73,0.93,P2,Team_C,Medium,P2
7399,High,0.9,0.9,1,0.65,0.58,0.76,P1,Team_A,High,P1
7400,Medium,0.6,0.9,4,0.67,0.41,0.36,P2,Team_A,Medium,P2
7401,Low,0.3,0.79,4,0.52,0.53,0.92,P2,Team_B,Medium,P2
7402,Low,0.3,0.4,2,0.59,0.44,0.8,P2,Team_B,Medium,P2
7403,Medium,0.6,0.64,4,0.34,0.38,0.41,P2,Team_B,Medium,P2
7404,Low,0.3,0.22,3,0.54,0.54,0.85,P3,Team_B,Low,P3
7405,Medium,0.6,0.71,1,0.87,0.29,0.52,P2,Team_B,Medium,P2
7406,High,0.9,0.82,4,0.39,0.75,0.54,P1,Team_C,High,P1
7407,Low,0.3,0.23,2,0.91,0.58,0.58,P3,Team_C,Low,P3
7408,Low,0.3,0.59,1,0.47,0.73,0.79,P2,Team_B,Medium,P2
7409,Medium,0.6,0.83,2,0.83,0.77,0.45,P2,Team_C,Medium,P2
7410,Low,0.3,0.48,4,0.54,0.32,0.98,P2,Team_B,Medium,P2
7411,Low,0.3,0.29,4,0.86,0.67,0.74,P3,Team_B,Low,P3
7412,High,0.9,0.09,2,0.72,0.5,0.95,P2,Team_A,Medium,P2
7413,Low,0.3,0.46,2,0.55,0.63,0.55,P2,Team_B,Medium,P2
7414,Medium,0.6,0.5,1,0.52,0.61,0.4,P2,Team_C,Medium,P2
7415,Medium,0.6,0.17,3,0.82,0.69,0.91,P2,Team_C,Medium,P2
7416,Medium,0.6,0.89,1,0.11,0.62,0.49,P2,Team_C,Medium,P2
7417,Medium,0.6,0.44,2,0.95,0.87,0.53,P2,Team_A,Medium,P2
7418,Medium,0.6,0.5,3,0.9,0.64,0.61,P2,Team_C,Medium,P2
7419,High,0.9,0.4,4,0.64,0.49,0.69,P2,Team_C,Medium,P2
7420,Low,0.3,0.78,3,0.49,0.84,0.6,P2,Team_C,Medium,P2
7421,Medium,0.6,0.51,3,0.65,0.56,0.59,P2,Team_C,Medium,P2
7422,Low,0.3,0.81,1,0.83,0.76,0.39,P2,Team_B,Medium,P2
7423,High,0.9,0.8,1,0.61,0.61,0.54,P1,Team_A,High,P1
7424,Medium,0.6,0.13,2,0.83,0.71,0.75,P2,Team_B,Medium,P2
7425,High,0.9,0.73,4,0.57,0.54,0.51,P1,Team_B,High,P1
7426,Low,0.3,0.06,1,0.57,0.7,0.89,P3,Team_A,Low,P3
7427,Low,0.3,0.57,1,0.57,0.63,0.33,P2,Team_A,Medium,P2
7428,High,0.9,0.89,1,0.84,0.7,0.45,P1,Team_C,High,P1
7429,High,0.9,0.68,4,0.69,0.83,0.84,P1,Team_C,High,P1
7430,Medium,0.6,0.25,4,0.92,0.53,0.39,P2,Team_A,Medium,P2
7431,Low,0.3,0.38,1,0.26,0.9,0.92,P3,Team_B,Low,P3
7432,Low,0.3,0.51,3,0.81,0.43,0.94,P2,Team_C,Medium,P2
7433,High,0.9,0.46,1,0.51,0.9,0.73,P2,Team_B,Medium,P2
7434,Medium,0.6,0.65,4,0.84,0.64,0.4,P2,Team_C,Medium,P2
7435,Low,0.3,0.57,2,0.79,0.86,0.63,P2,Team_C,Medium,P2
7436,Low,0.3,0.47,1,0.64,0.75,0.57,P2,Team_C,Medium,P2
7437,Medium,0.6,0.17,1,0.52,0.93,0.95,P2,Team_A,Medium,P2
7438,Medium,0.6,0.45,3,0.65,0.44,0.49,P2,Team_C,Medium,P2
7439,Medium,0.6,0.74,3,0.93,0.59,0.69,P2,Team_A,Medium,P2
7440,Medium,0.6,0.66,2,0.72,0.67,0.63,P2,Team_C,Medium,P2
7441,Medium,0.6,0.66,2,0.9,0.82,0.62,P2,Team_A,Medium,P2
7442,Medium,0.6,0.18,4,0.48,0.64,0.41,P2,Team_B,Medium,P2
7443,Low,0.3,0.6,3,0.88,0.51,0.48,P2,Team_B,Medium,P2
7444,Medium,0.6,0.86,3,0.69,0.59,0.61,P2,Team_B,Medium,P2
7445,High,0.9,0.54,2,0.67,0.41,0.44,P2,Team_A,Medium,P2
7446,Low,0.3,0.33,1,0.71,0.37,0.82,P3,Team_A,Low,P3
7447,High,0.9,0.56,1,0.97,0.8,0.88,P2,Team_C,Medium,P2
7448,Medium,0.6,0.32,3,0.78,0.8,0.86,P2,Team_C,Medium,P2
7449,High,0.9,0.25,4,0.78,0.67,0.38,P2,Team_B,Medium,P2
7450,High,0.9,0.15,4,0.92,0.56,0.76,P2,Team_A,Medium,P2
7451,High,0.9,0.72,3,0.87,0.39,0.94,P1,Team_B,High,P1
7452,Low,0.3,0.21,2,0.82,0.43,0.7,P3,Team_B,Low,P3
7453,Low,0.3,0.21,4,0.8,0.57,0.31,P3,Team_B,Low,P3
7454,High,0.9,0.14,2,0.99,0.73,0.55,P2,Team_C,Medium,P2
7455,High,0.9,0.57,3,0.84,0.71,0.34,P2,Team_B,Medium,P2
7456,Medium,0.6,0.33,3,0.67,0.28,0.46,P2,Team_B,Medium,P2
7457,High,0.9,0.17,3,0.9,0.35,0.58,P2,Team_C,Medium,P2
7458,High,0.9,0.27,2,0.93,0.92,1.0,P2,Team_A,Medium,P2
7459,Low,0.3,0.44,1,0.6,0.5,0.46,P2,Team_C,Medium,P2
7460,Low,0.3,0.66,1,0.75,0.59,0.49,P2,Team_C,Medium,P2
7461,High,0.9,0.41,1,0.6,0.52,0.48,P2,Team_B,Medium,P2
7462,Medium,0.6,0.13,2,0.85,0.73,0.89,P2,Team_C,Medium,P2
7463,Low,0.3,0.35,2,0.84,0.6,0.84,P3,Team_A,Low,P3
7464,Medium,0.6,0.46,2,0.46,0.79,0.62,P2,Team_B,Medium,P2
7465,Low,0.3,0.57,4,0.45,0.89,0.84,P2,Team_A,Medium,P2
7466,High,0.9,0.3,3,0.65,0.89,0.61,P2,Team_C,Medium,P2
7467,Medium,0.6,0.45,1,0.34,0.6,0.66,P2,Team_C,Medium,P2
7468,Medium,0.6,0.39,2,0.99,0.63,0.74,P2,Team_C,Medium,P2
7469,Medium,0.6,0.54,3,0.69,0.87,0.4,P2,Team_C,Medium,P2
7470,Medium,0.6,0.31,2,0.68,0.47,0.97,P2,Team_C,Medium,P2
7471,Low,0.3,0.55,2,0.91,0.4,0.79,P2,Team_B,Medium,P2
7472,High,0.9,0.51,2,0.53,0.69,0.56,P2,Team_B,Medium,P2
7473,Medium,0.6,0.6,4,0.82,0.65,0.75,P2,Team_A,Medium,P2
7474,Medium,0.6,0.73,3,0.59,0.86,0.63,P2,Team_B,Medium,P2
7475,Low,0.3,0.73,1,0.7,0.85,0.62,P2,Team_B,Medium,P2
7476,High,0.9,0.43,3,0.97,0.6,0.78,P2,Team_A,Medium,P2
7477,Low,0.3,0.1,4,0.87,0.96,0.41,P3,Team_A,Low,P3
7478,Medium,0.6,0.74,2,0.51,0.41,0.32,P2,Team_C,Medium,P2
7479,Medium,0.6,0.63,1,0.77,0.66,0.66,P2,Team_A,Medium,P2
7480,Low,0.3,0.68,3,0.74,0.11,0.97,P2,Team_A,Medium,P2
7481,Low,0.3,0.79,3,0.74,0.72,0.94,P2,Team_B,Medium,P2
7482,Medium,0.6,0.92,3,0.74,0.64,0.64,P2,Team_A,Medium,P2
7483,Low,0.3,0.83,3,0.78,0.76,0.68,P2,Team_C,Medium,P2
7484,Low,0.3,0.29,4,0.47,0.53,0.65,P3,Team_C,Low,P3
7485,High,0.9,0.76,4,0.93,0.55,0.84,P1,Team_B,High,P1
7486,High,0.9,0.41,1,0.52,0.58,0.86,P2,Team_A,Medium,P2
7487,Medium,0.6,0.46,1,0.91,0.71,0.48,P2,Team_B,Medium,P2
7488,Medium,0.6,0.65,4,0.6,0.45,0.65,P2,Team_B,Medium,P2
7489,High,0.9,0.39,2,0.4,0.76,0.68,P2,Team_C,Medium,P2
7490,High,0.9,0.61,3,0.77,0.4,0.57,P1,Team_B,High,P1
7491,Medium,0.6,0.5,2,0.67,0.65,0.6,P2,Team_C,Medium,P2
7492,Low,0.3,0.45,1,0.69,0.61,0.73,P2,Team_A,Medium,P2
7493,Low,0.3,0.27,1,0.77,0.4,0.34,P3,Team_C,Low,P3
7494,High,0.9,0.28,3,0.84,0.58,0.92,P2,Team_B,Medium,P2
7495,Low,0.3,0.69,3,0.52,0.89,0.86,P2,Team_A,Medium,P2
7496,Low,0.3,0.34,2,0.54,0.87,0.54,P3,Team_C,Low,P3
7497,Low,0.3,0.86,1,0.58,0.75,0.54,P2,Team_B,Medium,P2
7498,Low,0.3,0.76,3,0.61,0.85,0.6,P2,Team_B,Medium,P2
7499,Medium,0.6,0.76,3,0.92,0.66,0.95,P2,Team_C,Medium,P2
7500,High,0.9,0.66,4,0.98,0.44,0.34,P1,Team_C,High,P1
7501,Medium,0.6,0.72,4,0.73,0.93,0.42,P2,Team_C,Medium,P2
7502,Low,0.3,0.57,1,0.89,0.61,0.94,P2,Team_A,Medium,P2
7503,Low,0.3,0.42,1,0.85,0.69,0.57,P2,Team_A,Medium,P2
7504,Low,0.3,0.22,4,0.75,0.69,0.84,P3,Team_B,Low,P3
7505,Medium,0.6,0.42,4,0.73,0.73,0.46,P2,Team_A,Medium,P2
7506,Low,0.3,0.15,2,0.73,0.92,0.43,P3,Team_B,Low,P3
7507,Medium,0.6,0.74,2,0.6,0.73,0.45,P2,Team_C,Medium,P2
7508,Low,0.3,0.48,3,0.58,0.72,0.64,P2,Team_C,Medium,P2
7509,Medium,0.6,0.7,1,0.76,0.67,0.65,P2,Team_A,Medium,P2
7510,Medium,0.6,0.19,1,0.82,0.78,0.33,P2,Team_C,Medium,P2
7511,Medium,0.6,0.19,4,0.85,0.6,0.75,P2,Team_B,Medium,P2
7512,Low,0.3,0.33,4,0.62,0.35,0.77,P3,Team_A,Low,P3
7513,High,0.9,0.73,1,0.67,0.83,0.76,P1,Team_A,High,P1
7514,Medium,0.6,0.27,1,0.73,0.97,0.95,P2,Team_B,Medium,P2
7515,Low,0.3,0.63,1,0.79,0.71,0.73,P2,Team_C,Medium,P2
7516,Medium,0.6,0.35,1,0.64,0.91,0.88,P2,Team_A,Medium,P2
7517,Low,0.3,0.64,4,0.66,0.49,0.32,P2,Team_B,Medium,P2
7518,Low,0.3,0.24,1,0.76,0.74,0.34,P3,Team_A,Low,P3
7519,Low,0.3,0.33,2,0.92,0.84,0.77,P3,Team_B,Low,P3
7520,Low,0.3,0.97,4,0.63,0.7,0.42,P2,Team_C,Medium,P2
7521,Medium,0.6,0.16,4,0.9,0.58,0.46,P2,Team_C,Medium,P2
7522,High,0.9,0.58,2,0.73,0.65,0.54,P2,Team_C,Medium,P2
7523,Low,0.3,0.1,3,0.81,0.96,0.33,P3,Team_A,Low,P3
7524,Low,0.3,0.21,2,0.73,0.78,0.46,P3,Team_A,Low,P3
7525,High,0.9,0.38,4,0.96,0.34,0.92,P2,Team_A,Medium,P2
7526,High,0.9,0.19,4,0.8,0.92,0.36,P2,Team_B,Medium,P2
7527,High,0.9,0.79,2,0.82,0.54,0.87,P1,Team_A,High,P1
7528,Medium,0.6,0.77,2,0.73,0.38,0.68,P2,Team_C,Medium,P2
7529,Medium,0.6,0.49,4,0.64,0.58,0.86,P2,Team_C,Medium,P2
7530,Medium,0.6,0.51,3,0.95,0.93,0.82,P2,Team_C,Medium,P2
7531,Medium,0.6,0.19,2,0.79,0.81,0.75,P2,Team_B,Medium,P2
7532,Low,0.3,0.52,4,0.88,0.48,0.74,P2,Team_C,Medium,P2
7533,Low,0.3,0.8,3,0.93,0.71,0.54,P2,Team_C,Medium,P2
7534,Medium,0.6,0.22,2,0.82,0.46,0.85,P2,Team_A,Medium,P2
7535,Low,0.3,0.69,1,0.82,0.79,0.35,P2,Team_A,Medium,P2
7536,Low,0.3,0.74,3,0.52,0.98,0.84,P2,Team_B,Medium,P2
7537,Medium,0.6,0.49,2,0.7,0.85,0.86,P2,Team_A,Medium,P2
7538,Low,0.3,0.93,2,0.75,0.6,0.33,P2,Team_C,Medium,P2
7539,Medium,0.6,0.45,2,0.45,0.49,0.78,P2,Team_B,Medium,P2
7540,Medium,0.6,0.22,3,0.92,0.82,0.65,P2,Team_B,Medium,P2
7541,Low,0.3,0.44,4,0.72,0.46,0.62,P2,Team_C,Medium,P2
7542,High,0.9,0.2,4,0.26,0.9,0.41,P2,Team_B,Medium,P2
7543,Low,0.3,0.47,1,0.94,0.91,0.82,P2,Team_A,Medium,P2
7544,Medium,0.6,0.08,2,0.88,0.76,0.52,P2,Team_A,Medium,P2
7545,Medium,0.6,0.68,1,0.89,0.66,0.88,P2,Team_B,Medium,P2
7546,High,0.9,0.5,1,0.87,0.89,0.39,P2,Team_C,Medium,P2
7547,High,0.9,0.47,3,0.98,0.86,0.34,P2,Team_B,Medium,P2
7548,Low,0.3,0.66,2,0.81,0.41,0.72,P2,Team_A,Medium,P2
7549,Medium,0.6,0.73,2,0.13,0.57,0.72,P2,Team_C,Medium,P2
7550,Medium,0.6,0.62,1,0.36,0.67,0.46,P2,Team_A,Medium,P2
7551,Medium,0.6,0.31,3,0.95,0.72,0.93,P2,Team_B,Medium,P2
7552,Low,0.3,0.45,4,0.67,0.69,0.64,P2,Team_A,Medium,P2
7553,Medium,0.6,0.24,2,0.6,0.83,0.92,P2,Team_A,Medium,P2
7554,Medium,0.6,0.45,1,0.6,0.84,0.42,P2,Team_C,Medium,P2
7555,Low,0.3,0.48,4,0.76,0.79,0.87,P2,Team_A,Medium,P2
7556,High,0.9,0.62,1,0.67,0.72,0.54,P1,Team_C,High,P1
7557,High,0.9,0.34,3,0.79,0.79,0.7,P2,Team_B,Medium,P2
7558,Low,0.3,0.9,3,0.42,0.55,0.8,P2,Team_B,Medium,P2
7559,High,0.9,0.55,1,0.82,0.57,0.6,P2,Team_C,Medium,P2
7560,Low,0.3,0.61,3,0.73,0.35,0.35,P2,Team_C,Medium,P2
7561,High,0.9,0.28,1,0.71,0.35,0.74,P2,Team_C,Medium,P2
7562,Medium,0.6,0.52,3,0.66,0.48,0.95,P2,Team_B,Medium,P2
7563,Low,0.3,0.73,1,0.93,0.78,0.43,P2,Team_A,Medium,P2
7564,High,0.9,0.73,3,0.52,0.57,0.97,P1,Team_B,High,P1
7565,Medium,0.6,0.35,3,0.36,0.71,1.0,P2,Team_A,Medium,P2
7566,Medium,0.6,0.55,2,0.69,0.82,0.97,P2,Team_B,Medium,P2
7567,Low,0.3,0.48,4,0.81,0.88,0.38,P2,Team_C,Medium,P2
7568,Medium,0.6,0.75,4,0.69,0.92,0.51,P2,Team_B,Medium,P2
7569,Low,0.3,0.7,1,0.72,0.24,0.52,P2,Team_A,Medium,P2
7570,Medium,0.6,0.39,3,0.9,0.46,0.88,P2,Team_A,Medium,P2
7571,High,0.9,0.58,3,0.69,0.45,0.62,P2,Team_C,Medium,P2
7572,Medium,0.6,0.03,1,0.91,0.53,0.76,P2,Team_C,Medium,P2
7573,Medium,0.6,0.61,1,0.7,0.58,0.38,P2,Team_A,Medium,P2
7574,Medium,0.6,0.45,1,0.8,0.64,0.67,P2,Team_A,Medium,P2
7575,High,0.9,0.46,3,0.57,0.55,0.33,P2,Team_B,Medium,P2
7576,Medium,0.6,0.87,3,0.81,0.74,0.82,P2,Team_C,Medium,P2
7577,Medium,0.6,0.72,3,0.89,0.62,0.54,P2,Team_A,Medium,P2
7578,High,0.9,0.77,4,0.87,0.72,0.83,P1,Team_B,High,P1
7579,Medium,0.6,0.6,3,0.66,0.85,0.95,P2,Team_A,Medium,P2
7580,Medium,0.6,0.08,3,0.95,0.51,0.61,P2,Team_C,Medium,P2
7581,Low,0.3,0.82,1,0.56,0.46,0.67,P2,Team_A,Medium,P2
7582,Low,0.3,0.7,4,0.42,0.87,0.71,P2,Team_C,Medium,P2
7583,Low,0.3,0.44,1,0.84,0.65,0.48,P2,Team_C,Medium,P2
7584,Medium,0.6,0.57,3,0.81,0.9,0.95,P2,Team_B,Medium,P2
7585,Medium,0.6,0.79,1,0.79,0.83,0.67,P2,Team_C,Medium,P2
7586,Low,0.3,0.81,2,0.88,0.67,0.98,P2,Team_A,Medium,P2
7587,Medium,0.6,0.38,2,0.99,0.38,0.55,P2,Team_C,Medium,P2
7588,High,0.9,0.36,3,0.66,0.73,0.54,P2,Team_C,Medium,P2
7589,Low,0.3,0.73,2,0.74,0.41,0.54,P2,Team_A,Medium,P2
7590,Medium,0.6,0.74,3,0.89,0.7,0.69,P2,Team_B,Medium,P2
7591,Medium,0.6,0.65,3,0.89,0.58,0.78,P2,Team_C,Medium,P2
7592,High,0.9,0.42,1,0.82,0.82,0.93,P2,Team_A,Medium,P2
7593,High,0.9,0.54,1,0.77,0.7,0.9,P2,Team_A,Medium,P2
7594,Medium,0.6,0.85,2,0.69,0.42,0.84,P2,Team_C,Medium,P2
7595,Low,0.3,0.85,1,0.61,0.55,0.72,P2,Team_A,Medium,P2
7596,Medium,0.6,0.5,3,0.76,0.56,0.73,P2,Team_B,Medium,P2
7597,High,0.9,0.72,3,0.62,0.32,0.37,P1,Team_A,High,P1
7598,Low,0.3,0.28,3,0.68,0.95,0.53,P3,Team_B,Low,P3
7599,Medium,0.6,0.07,3,0.85,0.96,0.62,P2,Team_A,Medium,P2
7600,Medium,0.6,0.33,4,0.75,0.7,0.82,P2,Team_B,Medium,P2
7601,Medium,0.6,0.53,2,0.79,0.66,0.46,P2,Team_C,Medium,P2
7602,Medium,0.6,0.3,2,0.72,0.42,0.42,P2,Team_C,Medium,P2
7603,Low,0.3,0.73,3,0.77,0.58,0.46,P2,Team_B,Medium,P2
7604,High,0.9,0.15,3,0.9,0.84,0.74,P2,Team_A,Medium,P2
7605,Medium,0.6,0.72,1,0.53,0.57,0.67,P2,Team_B,Medium,P2
7606,Low,0.3,0.4,1,0.95,0.82,0.86,P2,Team_C,Medium,P2
7607,Low,0.3,0.7,2,0.8,0.55,0.75,P2,Team_C,Medium,P2
7608,Low,0.3,0.76,1,0.77,0.61,0.63,P2,Team_C,Medium,P2
7609,High,0.9,0.15,4,0.84,0.13,0.68,P2,Team_A,Medium,P2
7610,Low,0.3,0.55,2,0.87,0.34,0.71,P2,Team_B,Medium,P2
7611,Medium,0.6,0.47,4,0.68,0.58,1.0,P2,Team_B,Medium,P2
7612,Medium,0.6,0.78,1,0.74,0.36,0.48,P2,Team_C,Medium,P2
7613,Medium,0.6,0.28,4,0.42,0.96,0.88,P2,Team_C,Medium,P2
7614,Medium,0.6,0.64,2,0.78,0.72,0.97,P2,Team_A,Medium,P2
7615,Medium,0.6,0.55,1,0.63,0.22,0.82,P2,Team_C,Medium,P2
7616,Low,0.3,0.38,1,0.68,0.65,0.74,P3,Team_A,Low,P3
7617,Low,0.3,0.13,1,0.54,0.71,0.62,P3,Team_C,Low,P3
7618,Medium,0.6,0.5,3,0.74,0.47,0.32,P2,Team_B,Medium,P2
7619,High,0.9,0.28,2,0.46,0.73,0.51,P2,Team_A,Medium,P2
7620,Low,0.3,0.63,3,0.91,0.82,0.59,P2,Team_C,Medium,P2
7621,Medium,0.6,0.79,2,0.66,0.39,0.9,P2,Team_B,Medium,P2
7622,High,0.9,0.47,2,0.86,0.5,0.94,P2,Team_C,Medium,P2
7623,Medium,0.6,0.55,2,0.94,0.79,0.8,P2,Team_C,Medium,P2
7624,High,0.9,0.47,2,0.95,0.79,0.73,P2,Team_A,Medium,P2
7625,Medium,0.6,0.82,1,0.89,0.89,0.33,P2,Team_B,Medium,P2
7626,Medium,0.6,0.25,1,0.51,0.53,0.97,P2,Team_A,Medium,P2
7627,Medium,0.6,0.33,2,0.88,0.75,0.46,P2,Team_C,Medium,P2
7628,Medium,0.6,0.2,1,0.34,0.48,0.81,P2,Team_B,Medium,P2
7629,Low,0.3,0.35,4,0.97,0.3,0.93,P3,Team_A,Low,P3
7630,Low,0.3,0.51,2,0.18,0.52,0.41,P2,Team_B,Medium,P2
7631,Medium,0.6,0.82,1,0.89,0.63,0.84,P2,Team_B,Medium,P2
7632,Low,0.3,0.64,3,0.8,0.68,0.57,P2,Team_A,Medium,P2
7633,High,0.9,0.4,2,0.89,0.91,0.7,P2,Team_C,Medium,P2
7634,Low,0.3,0.89,2,0.53,0.59,0.51,P2,Team_A,Medium,P2
7635,Medium,0.6,0.86,1,0.79,0.78,0.9,P2,Team_C,Medium,P2
7636,High,0.9,0.29,2,0.92,0.68,0.87,P2,Team_A,Medium,P2
7637,Medium,0.6,0.15,1,0.73,0.24,0.49,P2,Team_B,Medium,P2
7638,Medium,0.6,0.49,3,0.62,0.97,0.5,P2,Team_C,Medium,P2
7639,Low,0.3,0.49,3,0.68,0.73,0.85,P2,Team_B,Medium,P2
7640,Low,0.3,0.8,3,0.88,0.84,0.55,P2,Team_A,Medium,P2
7641,Medium,0.6,0.84,1,0.34,0.12,0.78,P2,Team_A,Medium,P2
7642,Medium,0.6,0.05,1,0.6,0.73,0.89,P2,Team_B,Medium,P2
7643,High,0.9,0.14,2,0.87,0.38,0.65,P2,Team_A,Medium,P2
7644,High,0.9,0.23,1,0.76,0.67,0.76,P2,Team_A,Medium,P2
7645,Medium,0.6,0.61,2,0.83,0.34,1.0,P2,Team_B,Medium,P2
7646,Low,0.3,0.28,1,0.66,0.82,0.54,P3,Team_B,Low,P3
7647,Medium,0.6,0.5,4,0.55,0.56,0.51,P2,Team_A,Medium,P2
7648,Medium,0.6,0.45,4,0.72,0.63,0.82,P2,Team_C,Medium,P2
7649,High,0.9,0.85,3,0.61,0.88,0.88,P1,Team_A,High,P1
7650,Medium,0.6,0.7,4,0.96,0.88,0.54,P2,Team_A,Medium,P2
7651,Medium,0.6,0.99,2,0.78,0.65,0.4,P2,Team_A,Medium,P2
7652,Low,0.3,0.69,2,0.34,0.85,0.78,P2,Team_C,Medium,P2
7653,Medium,0.6,0.82,1,0.77,0.48,0.59,P2,Team_A,Medium,P2
7654,Low,0.3,0.8,3,0.97,0.86,0.66,P2,Team_C,Medium,P2
7655,High,0.9,0.35,2,0.96,0.75,0.34,P2,Team_C,Medium,P2
7656,Low,0.3,0.2,4,0.7,0.74,0.45,P3,Team_B,Low,P3
7657,Low,0.3,0.8,1,0.91,0.54,0.74,P2,Team_A,Medium,P2
7658,Medium,0.6,0.8,1,0.51,0.6,0.89,P2,Team_B,Medium,P2
7659,Low,0.3,0.29,3,0.73,0.84,0.82,P3,Team_B,Low,P3
7660,Medium,0.6,0.52,4,0.84,0.79,0.76,P2,Team_B,Medium,P2
7661,High,0.9,0.75,2,0.8,0.8,0.7,P1,Team_A,High,P1
7662,Medium,0.6,0.62,4,0.45,0.82,0.4,P2,Team_A,Medium,P2
7663,High,0.9,0.46,2,0.79,0.44,0.41,P2,Team_C,Medium,P2
7664,Medium,0.6,0.83,1,0.94,0.71,0.68,P2,Team_B,Medium,P2
7665,Medium,0.6,0.5,4,0.62,0.89,0.94,P2,Team_B,Medium,P2
7666,Medium,0.6,0.61,1,0.51,0.47,0.59,P2,Team_B,Medium,P2
7667,Medium,0.6,0.1,4,0.83,0.43,0.35,P2,Team_C,Medium,P2
7668,Low,0.3,0.35,2,0.8,0.66,0.32,P3,Team_A,Low,P3
7669,Medium,0.6,0.61,2,0.48,0.74,0.44,P2,Team_C,Medium,P2
7670,Low,0.3,0.56,3,0.91,0.55,0.4,P2,Team_A,Medium,P2
7671,Medium,0.6,0.87,4,0.82,0.65,0.83,P2,Team_A,Medium,P2
7672,Medium,0.6,0.06,3,0.78,0.42,0.69,P2,Team_C,Medium,P2
7673,Low,0.3,0.96,4,0.29,0.65,0.99,P2,Team_A,Medium,P2
7674,Medium,0.6,0.26,1,0.4,0.87,0.69,P2,Team_B,Medium,P2
7675,Medium,0.6,0.12,3,0.58,0.82,0.87,P2,Team_B,Medium,P2
7676,Low,0.3,0.56,4,0.76,0.28,0.54,P2,Team_A,Medium,P2
7677,Low,0.3,0.45,1,0.72,0.65,0.73,P2,Team_B,Medium,P2
7678,Low,0.3,0.51,2,0.72,0.55,0.45,P2,Team_B,Medium,P2
7679,Medium,0.6,0.69,1,0.89,0.63,0.99,P2,Team_A,Medium,P2
7680,Low,0.3,0.55,2,0.51,0.75,0.61,P2,Team_C,Medium,P2
7681,High,0.9,0.72,3,0.83,0.9,0.7,P1,Team_B,High,P1
7682,High,0.9,0.36,2,0.86,0.88,0.91,P2,Team_C,Medium,P2
7683,Medium,0.6,0.1,1,0.79,0.67,0.76,P2,Team_A,Medium,P2
7684,Low,0.3,0.82,3,0.92,0.6,0.95,P2,Team_B,Medium,P2
7685,Medium,0.6,0.7,4,0.94,0.17,0.44,P2,Team_B,Medium,P2
7686,Medium,0.6,0.34,3,0.47,0.48,0.35,P2,Team_B,Medium,P2
7687,Medium,0.6,0.63,4,0.63,0.39,0.88,P2,Team_C,Medium,P2
7688,Low,0.3,0.08,1,0.89,0.62,0.82,P3,Team_C,Low,P3
7689,Medium,0.6,0.82,3,0.79,0.57,0.54,P2,Team_B,Medium,P2
7690,Low,0.3,0.9,2,0.18,0.62,0.46,P2,Team_C,Medium,P2
7691,Low,0.3,0.4,1,0.8,0.5,0.65,P2,Team_A,Medium,P2
7692,High,0.9,0.46,2,0.77,0.59,0.51,P2,Team_C,Medium,P2
7693,Medium,0.6,0.45,1,0.73,0.69,0.79,P2,Team_B,Medium,P2
7694,High,0.9,0.57,2,0.47,0.74,0.78,P2,Team_C,Medium,P2
7695,Medium,0.6,0.18,3,0.89,0.82,0.69,P2,Team_C,Medium,P2
7696,Low,0.3,0.26,4,0.8,0.55,0.66,P3,Team_A,Low,P3
7697,Low,0.3,0.35,1,0.48,0.7,0.41,P3,Team_B,Low,P3
7698,Low,0.3,0.81,4,0.88,0.78,0.84,P2,Team_B,Medium,P2
7699,Low,0.3,0.72,1,0.55,0.89,0.87,P2,Team_C,Medium,P2
7700,Low,0.3,0.7,1,0.52,0.51,0.91,P2,Team_A,Medium,P2
7701,Low,0.3,0.19,3,0.76,0.79,0.51,P3,Team_C,Low,P3
7702,Medium,0.6,0.42,3,0.63,0.63,0.71,P2,Team_C,Medium,P2
7703,Medium,0.6,0.45,3,0.89,0.47,0.78,P2,Team_B,Medium,P2
7704,Medium,0.6,0.4,2,0.91,0.97,0.97,P2,Team_A,Medium,P2
7705,High,0.9,0.74,3,0.85,0.54,0.37,P1,Team_C,High,P1
7706,High,0.9,0.23,1,0.46,0.38,0.61,P2,Team_B,Medium,P2
7707,Medium,0.6,0.66,2,0.61,0.94,0.81,P2,Team_A,Medium,P2
7708,Medium,0.6,0.64,4,0.65,0.59,0.35,P2,Team_A,Medium,P2
7709,Medium,0.6,0.9,2,0.4,0.34,0.67,P2,Team_A,Medium,P2
7710,High,0.9,0.76,1,0.86,0.79,0.7,P1,Team_A,High,P1
7711,Medium,0.6,0.26,2,0.59,0.39,0.66,P2,Team_C,Medium,P2
7712,Low,0.3,0.63,3,0.8,0.84,0.47,P2,Team_A,Medium,P2
7713,Medium,0.6,0.26,2,0.72,0.7,0.77,P2,Team_C,Medium,P2
7714,High,0.9,0.9,2,0.52,0.61,0.53,P1,Team_B,High,P1
7715,Low,0.3,0.79,2,0.67,0.35,0.85,P2,Team_A,Medium,P2
7716,High,0.9,0.25,2,0.96,0.53,0.88,P2,Team_B,Medium,P2
7717,High,0.9,0.5,4,0.83,0.86,0.49,P2,Team_A,Medium,P2
7718,Medium,0.6,0.43,2,0.63,0.81,0.87,P2,Team_A,Medium,P2
7719,Medium,0.6,0.46,2,0.31,0.72,0.84,P2,Team_C,Medium,P2
7720,Low,0.3,0.24,3,0.9,0.32,0.95,P3,Team_C,Low,P3
7721,Medium,0.6,0.3,1,0.46,0.74,0.96,P2,Team_C,Medium,P2
7722,Low,0.3,0.61,3,0.64,0.43,0.39,P2,Team_B,Medium,P2
7723,Low,0.3,0.14,1,0.84,0.74,0.33,P3,Team_A,Low,P3
7724,Medium,0.6,0.42,4,0.33,0.83,0.36,P2,Team_C,Medium,P2
7725,Medium,0.6,0.32,2,0.5,0.87,0.97,P2,Team_B,Medium,P2
7726,High,0.9,0.25,1,0.82,0.78,0.9,P2,Team_A,Medium,P2
7727,Medium,0.6,0.74,2,0.92,0.33,0.37,P2,Team_B,Medium,P2
7728,Low,0.3,0.63,3,0.43,0.83,0.85,P2,Team_A,Medium,P2
7729,High,0.9,0.74,3,0.77,0.83,0.42,P1,Team_A,High,P1
7730,Medium,0.6,0.66,1,0.81,0.67,0.6,P2,Team_A,Medium,P2
7731,High,0.9,0.62,4,0.9,0.7,0.79,P1,Team_A,High,P1
7732,Medium,0.6,0.41,2,0.46,0.79,0.34,P2,Team_C,Medium,P2
7733,High,0.9,0.3,4,0.91,0.91,0.74,P2,Team_A,Medium,P2
7734,Medium,0.6,0.56,2,0.62,0.74,0.72,P2,Team_C,Medium,P2
7735,High,0.9,0.54,2,0.97,0.68,0.83,P2,Team_A,Medium,P2
7736,Low,0.3,0.61,2,0.6,0.65,0.77,P2,Team_C,Medium,P2
7737,High,0.9,0.65,3,0.71,0.83,0.66,P1,Team_C,High,P1
7738,Low,0.3,0.25,2,0.83,0.34,0.75,P3,Team_B,Low,P3
7739,Low,0.3,0.24,3,0.98,0.92,0.96,P3,Team_C,Low,P3
7740,Medium,0.6,0.42,3,0.84,0.81,0.71,P2,Team_C,Medium,P2
7741,Medium,0.6,0.1,1,0.73,0.36,0.36,P2,Team_B,Medium,P2
7742,Low,0.3,0.55,2,0.56,0.93,0.32,P2,Team_A,Medium,P2
7743,High,0.9,0.79,4,0.62,0.84,0.63,P1,Team_C,High,P1
7744,Medium,0.6,0.79,3,0.49,0.77,0.92,P2,Team_C,Medium,P2
7745,Medium,0.6,0.33,4,0.73,0.84,0.36,P2,Team_C,Medium,P2
7746,Medium,0.6,0.37,1,0.7,0.63,0.37,P2,Team_C,Medium,P2
7747,Low,0.3,0.56,3,0.73,0.48,0.92,P2,Team_B,Medium,P2
7748,Medium,0.6,0.52,1,0.53,0.36,0.36,P2,Team_C,Medium,P2
7749,Medium,0.6,0.58,4,0.65,0.68,0.97,P2,Team_B,Medium,P2
7750,Low,0.3,0.24,3,0.85,0.96,1.0,P3,Team_B,Low,P3
7751,Medium,0.6,0.79,3,0.84,0.56,0.33,P2,Team_B,Medium,P2
7752,High,0.9,0.05,1,0.8,0.45,0.54,P2,Team_B,Medium,P2
7753,Medium,0.6,0.51,4,0.92,0.38,0.75,P2,Team_B,Medium,P2
7754,Medium,0.6,0.65,2,0.85,0.55,0.8,P2,Team_B,Medium,P2
7755,Low,0.3,0.67,2,0.71,0.55,0.38,P2,Team_A,Medium,P2
7756,Low,0.3,0.31,4,0.67,0.89,0.51,P3,Team_A,Low,P3
7757,Low,0.3,0.51,4,0.79,0.81,0.96,P2,Team_B,Medium,P2
7758,Medium,0.6,0.74,1,0.42,0.97,0.46,P2,Team_A,Medium,P2
7759,High,0.9,0.43,1,0.43,0.68,0.88,P2,Team_C,Medium,P2
7760,High,0.9,0.71,2,0.35,0.86,0.68,P1,Team_B,High,P1
7761,Medium,0.6,0.76,3,0.88,0.81,0.49,P2,Team_C,Medium,P2
7762,Low,0.3,0.41,3,0.89,0.62,0.63,P2,Team_A,Medium,P2
7763,High,0.9,0.3,2,0.6,0.52,0.46,P2,Team_A,Medium,P2
7764,Medium,0.6,0.3,3,0.79,0.63,0.83,P2,Team_B,Medium,P2
7765,High,0.9,0.36,3,0.78,0.52,0.48,P2,Team_B,Medium,P2
7766,High,0.9,0.67,3,0.87,0.68,0.76,P1,Team_B,High,P1
7767,High,0.9,0.59,3,0.63,0.78,0.89,P2,Team_A,Medium,P2
7768,Medium,0.6,0.25,1,0.98,0.34,0.81,P2,Team_B,Medium,P2
7769,Medium,0.6,0.91,1,0.85,0.52,0.88,P2,Team_B,Medium,P2
7770,Medium,0.6,0.6,4,0.44,0.8,0.48,P2,Team_A,Medium,P2
7771,High,0.9,0.92,2,0.59,0.91,0.81,P1,Team_A,High,P1
7772,High,0.9,0.58,1,0.95,0.93,0.38,P2,Team_A,Medium,P2
7773,Medium,0.6,0.76,1,0.71,0.59,0.31,P2,Team_B,Medium,P2
7774,Medium,0.6,0.79,1,0.84,0.66,0.85,P2,Team_C,Medium,P2
7775,Low,0.3,0.44,2,0.9,0.77,0.73,P2,Team_B,Medium,P2
7776,Medium,0.6,0.33,3,0.98,0.73,0.76,P2,Team_B,Medium,P2
7777,High,0.9,0.66,4,0.76,0.58,0.42,P1,Team_B,High,P1
7778,High,0.9,0.82,2,0.91,0.51,0.8,P1,Team_A,High,P1
7779,Medium,0.6,0.52,4,0.53,0.37,0.81,P2,Team_B,Medium,P2
7780,Medium,0.6,0.23,4,0.49,0.8,0.73,P2,Team_B,Medium,P2
7781,Low,0.3,0.53,4,0.7,0.5,0.97,P2,Team_A,Medium,P2
7782,Medium,0.6,0.66,2,0.78,0.75,0.31,P2,Team_B,Medium,P2
7783,Medium,0.6,0.86,1,0.44,0.33,0.79,P2,Team_B,Medium,P2
7784,Medium,0.6,0.53,4,0.81,0.41,0.83,P2,Team_B,Medium,P2
7785,Low,0.3,0.6,4,0.95,0.36,0.48,P2,Team_C,Medium,P2
7786,Medium,0.6,0.67,1,0.91,0.77,0.76,P2,Team_C,Medium,P2
7787,Low,0.3,0.6,3,0.52,0.65,0.93,P2,Team_B,Medium,P2
7788,Low,0.3,0.18,3,0.52,0.56,0.46,P3,Team_A,Low,P3
7789,High,0.9,0.66,4,0.96,0.52,0.36,P1,Team_A,High,P1
7790,Medium,0.6,0.37,3,0.82,0.86,0.79,P2,Team_A,Medium,P2
7791,Low,0.3,0.5,4,0.69,0.79,0.36,P2,Team_A,Medium,P2
7792,Low,0.3,0.31,4,0.66,0.68,0.36,P3,Team_A,Low,P3
7793,High,0.9,0.37,2,0.72,0.81,0.74,P2,Team_B,Medium,P2
7794,High,0.9,0.83,2,0.45,0.63,0.58,P1,Team_B,High,P1
7795,High,0.9,0.2,1,0.67,0.42,0.95,P2,Team_A,Medium,P2
7796,High,0.9,0.78,4,0.82,0.73,0.39,P1,Team_B,High,P1
7797,High,0.9,0.62,1,0.68,0.84,0.34,P1,Team_C,High,P1
7798,Low,0.3,0.42,4,0.77,0.51,0.55,P2,Team_A,Medium,P2
7799,Medium,0.6,0.91,4,0.85,0.42,0.31,P2,Team_A,Medium,P2
7800,Medium,0.6,0.39,1,0.51,0.85,0.35,P2,Team_B,Medium,P2
7801,Medium,0.6,0.89,1,0.69,0.52,0.65,P2,Team_B,Medium,P2
7802,Medium,0.6,0.55,1,0.47,0.88,0.84,P2,Team_B,Medium,P2
7803,Low,0.3,0.56,2,0.73,0.38,0.99,P2,Team_B,Medium,P2
7804,Low,0.3,0.08,2,0.63,0.45,0.99,P3,Team_A,Low,P3
7805,Medium,0.6,0.15,1,0.85,0.93,0.79,P2,Team_A,Medium,P2
7806,Medium,0.6,0.77,2,0.79,0.61,0.62,P2,Team_A,Medium,P2
7807,High,0.9,0.43,1,0.9,0.57,0.67,P2,Team_A,Medium,P2
7808,Medium,0.6,0.68,4,0.95,0.37,0.47,P2,Team_B,Medium,P2
7809,Low,0.3,0.54,2,0.94,0.55,0.77,P2,Team_B,Medium,P2
7810,Medium,0.6,0.37,3,0.65,0.48,0.72,P2,Team_A,Medium,P2
7811,Low,0.3,0.46,2,0.87,0.92,0.7,P2,Team_B,Medium,P2
7812,Low,0.3,0.44,2,0.75,0.61,0.41,P2,Team_A,Medium,P2
7813,High,0.9,0.4,3,0.66,0.57,0.5,P2,Team_C,Medium,P2
7814,Low,0.3,0.56,1,0.63,0.73,0.49,P2,Team_B,Medium,P2
7815,High,0.9,0.55,2,0.91,0.87,0.75,P2,Team_C,Medium,P2
7816,High,0.9,0.71,2,0.76,0.89,0.7,P1,Team_C,High,P1
7817,High,0.9,0.53,2,0.78,0.66,0.73,P2,Team_B,Medium,P2
7818,Low,0.3,0.76,2,0.64,0.95,0.72,P2,Team_A,Medium,P2
7819,Medium,0.6,0.57,4,0.89,0.79,0.79,P2,Team_C,Medium,P2
7820,Low,0.3,0.55,1,0.72,0.52,0.36,P2,Team_B,Medium,P2
7821,Low,0.3,0.2,2,0.75,0.42,0.96,P3,Team_B,Low,P3
7822,Low,0.3,0.48,2,0.39,0.78,0.58,P2,Team_C,Medium,P2
7823,High,0.9,0.17,3,0.96,0.93,0.92,P2,Team_B,Medium,P2
7824,High,0.9,0.33,2,0.86,0.87,0.44,P2,Team_B,Medium,P2
7825,High,0.9,0.57,2,0.81,0.82,0.78,P2,Team_A,Medium,P2
7826,Low,0.3,0.56,4,0.94,0.76,0.36,P2,Team_A,Medium,P2
7827,Medium,0.6,0.64,2,0.71,0.32,0.71,P2,Team_B,Medium,P2
7828,Low,0.3,0.18,4,0.55,0.55,0.82,P3,Team_B,Low,P3
7829,Low,0.3,0.37,2,0.69,0.86,0.45,P3,Team_A,Low,P3
7830,Medium,0.6,0.61,4,0.88,0.69,0.48,P2,Team_A,Medium,P2
7831,Medium,0.6,0.17,2,0.63,0.59,0.96,P2,Team_C,Medium,P2
7832,Low,0.3,0.33,1,0.93,0.91,0.46,P3,Team_A,Low,P3
7833,High,0.9,0.21,3,0.86,0.59,0.79,P2,Team_A,Medium,P2
7834,High,0.9,0.69,2,0.82,0.49,0.92,P1,Team_C,High,P1
7835,Medium,0.6,0.64,1,0.9,0.67,0.74,P2,Team_B,Medium,P2
7836,Low,0.3,0.29,1,0.52,0.84,0.95,P3,Team_A,Low,P3
7837,Medium,0.6,0.3,1,0.5,0.7,0.95,P2,Team_A,Medium,P2
7838,Medium,0.6,0.8,2,0.67,0.83,0.78,P2,Team_B,Medium,P2
7839,High,0.9,0.36,1,0.55,0.7,0.47,P2,Team_B,Medium,P2
7840,Low,0.3,0.13,2,0.74,0.66,0.5,P3,Team_A,Low,P3
7841,Low,0.3,0.42,1,0.54,0.66,0.52,P2,Team_A,Medium,P2
7842,Low,0.3,0.82,2,0.7,0.84,0.54,P2,Team_B,Medium,P2
7843,Medium,0.6,0.33,1,0.57,0.42,0.51,P2,Team_C,Medium,P2
7844,High,0.9,0.44,4,0.63,0.73,0.62,P2,Team_A,Medium,P2
7845,Medium,0.6,0.68,3,0.85,0.78,0.46,P2,Team_A,Medium,P2
7846,High,0.9,0.63,2,0.88,0.45,0.42,P1,Team_A,High,P1
7847,Low,0.3,0.73,3,0.15,0.78,0.45,P2,Team_C,Medium,P2
7848,Low,0.3,0.38,4,0.54,0.9,0.89,P3,Team_A,Low,P3
7849,Medium,0.6,0.59,1,0.9,0.63,0.9,P2,Team_B,Medium,P2
7850,Medium,0.6,0.54,2,0.78,0.58,0.44,P2,Team_A,Medium,P2
7851,Medium,0.6,0.71,3,0.62,0.94,0.91,P2,Team_A,Medium,P2
7852,Medium,0.6,0.3,4,0.68,0.75,0.88,P2,Team_C,Medium,P2
7853,Medium,0.6,0.11,1,0.87,0.75,0.81,P2,Team_C,Medium,P2
7854,High,0.9,0.55,3,0.76,0.49,0.63,P2,Team_C,Medium,P2
7855,Medium,0.6,0.6,3,0.89,0.62,0.36,P2,Team_A,Medium,P2
7856,Medium,0.6,0.06,3,0.53,0.7,0.57,P2,Team_B,Medium,P2
7857,Low,0.3,0.42,4,0.66,0.39,0.98,P2,Team_A,Medium,P2
7858,Low,0.3,0.16,1,0.69,0.92,0.78,P3,Team_B,Low,P3
7859,Medium,0.6,0.34,2,0.62,0.87,0.32,P2,Team_B,Medium,P2
7860,Medium,0.6,0.54,4,0.62,0.93,0.44,P2,Team_C,Medium,P2
7861,High,0.9,0.55,1,0.74,0.73,0.96,P2,Team_B,Medium,P2
7862,Low,0.3,0.18,3,0.77,0.43,0.68,P3,Team_A,Low,P3
7863,High,0.9,0.56,1,0.59,0.83,0.68,P2,Team_A,Medium,P2
7864,Low,0.3,0.29,4,0.7,0.54,0.96,P3,Team_B,Low,P3
7865,Low,0.3,0.87,3,0.59,0.85,0.77,P2,Team_B,Medium,P2
7866,Low,0.3,0.61,1,0.95,0.54,0.83,P2,Team_B,Medium,P2
7867,Medium,0.6,0.61,3,0.89,0.73,0.44,P2,Team_B,Medium,P2
7868,Low,0.3,0.9,2,0.73,0.81,0.46,P2,Team_A,Medium,P2
7869,Medium,0.6,0.19,4,0.59,0.86,0.41,P2,Team_A,Medium,P2
7870,Medium,0.6,0.5,3,0.71,0.52,0.48,P2,Team_A,Medium,P2
7871,Low,0.3,0.08,3,0.92,0.55,0.58,P3,Team_B,Low,P3
7872,Low,0.3,0.68,1,0.76,0.45,0.67,P2,Team_B,Medium,P2
7873,Low,0.3,0.78,1,0.68,0.78,0.72,P2,Team_A,Medium,P2
7874,Low,0.3,0.45,2,0.72,0.82,0.77,P2,Team_C,Medium,P2
7875,Medium,0.6,0.56,2,0.9,0.63,0.62,P2,Team_C,Medium,P2
7876,High,0.9,0.36,1,0.59,0.79,0.31,P2,Team_B,Medium,P2
7877,High,0.9,0.47,4,0.79,0.74,0.7,P2,Team_C,Medium,P2
7878,Low,0.3,0.77,2,0.64,0.38,0.8,P2,Team_B,Medium,P2
7879,High,0.9,0.79,2,0.61,0.66,0.7,P1,Team_A,High,P1
7880,Low,0.3,0.68,4,0.62,0.36,0.49,P2,Team_C,Medium,P2
7881,High,0.9,0.63,1,0.83,0.65,0.46,P1,Team_A,High,P1
7882,Medium,0.6,0.57,2,0.83,0.4,0.93,P2,Team_A,Medium,P2
7883,High,0.9,0.29,4,0.77,0.84,0.96,P2,Team_A,Medium,P2
7884,High,0.9,0.71,4,0.8,0.61,0.45,P1,Team_A,High,P1
7885,Medium,0.6,0.4,2,0.51,0.88,0.36,P2,Team_A,Medium,P2
7886,Medium,0.6,0.84,2,0.72,0.82,0.91,P2,Team_C,Medium,P2
7887,High,0.9,0.61,2,0.82,0.61,0.85,P1,Team_B,High,P1
7888,High,0.9,0.66,4,0.88,0.64,0.74,P1,Team_B,High,P1
7889,High,0.9,0.67,3,0.75,0.54,0.38,P1,Team_A,High,P1
7890,High,0.9,0.59,2,0.82,0.6,0.83,P2,Team_C,Medium,P2
7891,Low,0.3,0.76,1,0.4,0.83,0.72,P2,Team_B,Medium,P2
7892,Medium,0.6,0.59,2,0.85,0.51,0.91,P2,Team_A,Medium,P2
7893,Low,0.3,0.62,4,0.83,0.87,0.72,P2,Team_C,Medium,P2
7894,Medium,0.6,0.86,3,0.69,0.4,0.98,P2,Team_B,Medium,P2
7895,Medium,0.6,0.52,4,0.74,0.44,0.79,P2,Team_A,Medium,P2
7896,Low,0.3,0.08,4,0.6,0.84,0.79,P3,Team_B,Low,P3
7897,High,0.9,0.84,2,0.65,0.61,0.62,P1,Team_A,High,P1
7898,Low,0.3,0.13,4,0.59,0.84,0.97,P3,Team_A,Low,P3
7899,Medium,0.6,0.7,3,0.73,0.8,0.57,P2,Team_C,Medium,P2
7900,Medium,0.6,0.13,1,0.89,0.75,0.38,P2,Team_A,Medium,P2
7901,Medium,0.6,0.17,2,0.95,0.72,0.63,P2,Team_A,Medium,P2
7902,High,0.9,0.48,2,0.58,0.94,0.37,P2,Team_A,Medium,P2
7903,Low,0.3,0.66,4,0.97,0.77,0.36,P2,Team_A,Medium,P2
7904,Low,0.3,0.49,3,0.84,0.43,0.98,P2,Team_A,Medium,P2
7905,Medium,0.6,0.23,4,0.86,0.94,0.43,P2,Team_B,Medium,P2
7906,Medium,0.6,0.95,3,0.86,0.66,0.87,P2,Team_C,Medium,P2
7907,Medium,0.6,0.18,2,0.53,0.91,0.43,P2,Team_C,Medium,P2
7908,Medium,0.6,0.74,3,0.89,0.86,0.65,P2,Team_C,Medium,P2
7909,High,0.9,0.91,1,0.61,0.61,0.59,P1,Team_A,High,P1
7910,High,0.9,0.67,4,0.84,0.65,0.82,P1,Team_C,High,P1
7911,High,0.9,0.23,2,0.89,0.56,0.78,P2,Team_C,Medium,P2
7912,Low,0.3,0.26,4,0.57,0.84,0.7,P3,Team_C,Low,P3
7913,Medium,0.6,0.86,3,0.76,0.53,0.52,P2,Team_B,Medium,P2
7914,Medium,0.6,0.82,1,0.82,0.56,0.45,P2,Team_B,Medium,P2
7915,Low,0.3,0.81,1,0.6,0.83,0.67,P2,Team_A,Medium,P2
7916,High,0.9,0.25,3,0.67,0.53,0.78,P2,Team_B,Medium,P2
7917,High,0.9,0.36,3,0.99,0.91,0.35,P2,Team_A,Medium,P2
7918,High,0.9,0.58,1,0.68,0.88,0.37,P2,Team_A,Medium,P2
7919,High,0.9,0.48,2,0.65,0.77,0.55,P2,Team_A,Medium,P2
7920,Low,0.3,0.26,1,0.64,0.51,0.41,P3,Team_C,Low,P3
7921,Medium,0.6,0.67,2,0.61,0.34,0.38,P2,Team_C,Medium,P2
7922,Low,0.3,0.44,1,0.77,0.43,0.48,P2,Team_C,Medium,P2
7923,Medium,0.6,0.58,1,0.62,0.57,0.53,P2,Team_C,Medium,P2
7924,Medium,0.6,0.4,1,0.97,0.64,0.96,P2,Team_A,Medium,P2
7925,Low,0.3,0.15,1,0.54,0.53,0.45,P3,Team_C,Low,P3
7926,Medium,0.6,0.63,1,0.92,0.4,0.78,P2,Team_C,Medium,P2
7927,High,0.9,0.29,1,0.96,0.79,0.93,P2,Team_C,Medium,P2
7928,Low,0.3,0.25,2,0.63,0.93,0.92,P3,Team_C,Low,P3
7929,Medium,0.6,0.5,4,0.82,0.8,0.48,P2,Team_A,Medium,P2
7930,Low,0.3,0.38,3,0.53,0.87,0.93,P3,Team_A,Low,P3
7931,Medium,0.6,0.47,2,0.82,0.77,0.52,P2,Team_A,Medium,P2
7932,Low,0.3,0.55,1,0.91,0.26,0.76,P2,Team_B,Medium,P2
7933,Medium,0.6,0.86,4,0.81,0.82,0.83,P2,Team_C,Medium,P2
7934,Medium,0.6,0.43,2,0.38,0.27,0.76,P2,Team_B,Medium,P2
7935,Medium,0.6,0.39,3,0.89,0.95,0.4,P2,Team_C,Medium,P2
7936,High,0.9,0.28,2,0.84,0.56,0.34,P2,Team_A,Medium,P2
7937,High,0.9,0.67,3,0.44,0.99,0.94,P1,Team_A,High,P1
7938,High,0.9,0.76,3,0.9,0.7,0.62,P1,Team_C,High,P1
7939,Low,0.3,0.56,4,0.75,0.69,0.84,P2,Team_B,Medium,P2
7940,Low,0.3,0.4,2,0.77,0.41,0.39,P2,Team_A,Medium,P2
7941,Medium,0.6,0.69,3,0.91,0.81,0.37,P2,Team_C,Medium,P2
7942,High,0.9,0.43,4,0.67,0.63,0.42,P2,Team_A,Medium,P2
7943,Medium,0.6,0.57,1,0.86,0.49,0.97,P2,Team_A,Medium,P2
7944,Low,0.3,0.41,2,0.7,0.57,0.56,P2,Team_C,Medium,P2
7945,Medium,0.6,0.35,1,0.68,0.39,0.7,P2,Team_A,Medium,P2
7946,Low,0.3,0.48,3,0.63,0.86,0.83,P2,Team_C,Medium,P2
7947,Low,0.3,0.64,3,0.84,0.72,0.45,P2,Team_B,Medium,P2
7948,Low,0.3,0.38,3,0.74,0.83,0.41,P3,Team_A,Low,P3
7949,Low,0.3,0.26,3,0.77,0.85,0.34,P3,Team_B,Low,P3
7950,High,0.9,0.39,1,0.59,0.84,0.36,P2,Team_B,Medium,P2
7951,High,0.9,0.73,2,0.62,0.77,0.84,P1,Team_A,High,P1
7952,Low,0.3,0.25,3,0.81,0.77,0.45,P3,Team_A,Low,P3
7953,Low,0.3,0.65,2,0.94,0.84,0.44,P2,Team_A,Medium,P2
7954,Low,0.3,0.39,4,0.75,0.75,0.68,P3,Team_C,Low,P3
7955,High,0.9,0.31,1,0.77,0.57,0.49,P2,Team_B,Medium,P2
7956,Low,0.3,0.81,4,0.61,0.7,0.44,P2,Team_B,Medium,P2
7957,Low,0.3,0.58,3,0.49,0.76,0.87,P2,Team_B,Medium,P2
7958,Low,0.3,0.74,4,0.7,0.7,0.59,P2,Team_A,Medium,P2
7959,Medium,0.6,0.5,4,0.62,0.66,0.69,P2,Team_A,Medium,P2
7960,Low,0.3,0.25,1,0.63,0.89,0.82,P3,Team_C,Low,P3
7961,Medium,0.6,0.36,4,0.73,0.86,0.67,P2,Team_A,Medium,P2
7962,Low,0.3,0.71,3,0.72,0.78,0.46,P2,Team_A,Medium,P2
7963,High,0.9,0.68,4,0.58,0.36,0.76,P1,Team_C,High,P1
7964,Low,0.3,0.46,3,0.63,0.76,0.9,P2,Team_B,Medium,P2
7965,High,0.9,0.62,2,0.64,0.75,0.36,P1,Team_A,High,P1
7966,Low,0.3,0.69,3,0.79,0.75,0.7,P2,Team_C,Medium,P2
7967,Medium,0.6,0.19,3,0.86,0.83,0.62,P2,Team_B,Medium,P2
7968,Medium,0.6,0.52,3,0.73,0.62,0.65,P2,Team_A,Medium,P2
7969,Medium,0.6,0.65,3,0.66,0.31,0.35,P2,Team_C,Medium,P2
7970,Medium,0.6,0.65,1,0.66,0.86,0.62,P2,Team_B,Medium,P2
7971,Low,0.3,0.69,4,0.86,0.57,0.93,P2,Team_C,Medium,P2
7972,High,0.9,0.08,4,0.87,0.98,0.98,P2,Team_C,Medium,P2
7973,Low,0.3,0.34,3,0.22,0.74,0.52,P3,Team_C,Low,P3
7974,Low,0.3,0.36,4,0.73,0.58,0.47,P3,Team_A,Low,P3
7975,Low,0.3,0.42,2,0.92,0.66,0.92,P2,Team_B,Medium,P2
7976,High,0.9,0.26,2,0.92,0.63,0.42,P2,Team_A,Medium,P2
7977,High,0.9,0.65,1,0.84,0.5,0.66,P1,Team_B,High,P1
7978,High,0.9,0.55,2,0.84,0.71,0.79,P2,Team_C,Medium,P2
7979,Low,0.3,0.26,4,0.55,0.47,0.63,P3,Team_C,Low,P3
7980,Low,0.3,0.2,1,0.83,0.79,0.78,P3,Team_B,Low,P3
7981,Low,0.3,0.71,3,0.79,0.8,0.43,P2,Team_C,Medium,P2
7982,Low,0.3,0.42,2,0.48,0.81,0.94,P2,Team_A,Medium,P2
7983,Medium,0.6,0.93,3,0.53,0.62,0.61,P2,Team_C,Medium,P2
7984,Low,0.3,0.65,1,0.71,0.78,0.92,P2,Team_C,Medium,P2
7985,Medium,0.6,0.85,1,0.89,0.66,0.65,P2,Team_C,Medium,P2
7986,Low,0.3,0.52,2,0.65,0.59,0.65,P2,Team_B,Medium,P2
7987,Low,0.3,0.06,1,0.67,0.33,0.57,P3,Team_C,Low,P3
7988,Medium,0.6,0.31,1,0.54,0.76,0.53,P2,Team_C,Medium,P2
7989,Low,0.3,0.43,4,0.9,0.71,0.34,P2,Team_A,Medium,P2
7990,Medium,0.6,0.87,4,0.61,0.63,0.66,P2,Team_A,Medium,P2
7991,Medium,0.6,0.3,3,0.76,0.72,0.89,P2,Team_C,Medium,P2
7992,High,0.9,0.2,4,0.71,0.6,0.96,P2,Team_A,Medium,P2
7993,High,0.9,0.49,2,0.78,0.66,0.74,P2,Team_C,Medium,P2
7994,High,0.9,0.45,2,0.52,0.86,0.84,P2,Team_B,Medium,P2
7995,High,0.9,0.45,3,0.76,0.74,0.97,P2,Team_A,Medium,P2
7996,Medium,0.6,0.12,1,0.76,0.44,0.35,P2,Team_B,Medium,P2
7997,Low,0.3,0.81,4,0.7,0.89,0.9,P2,Team_B,Medium,P2
7998,Medium,0.6,0.46,1,0.83,0.74,0.86,P2,Team_B,Medium,P2
7999,Low,0.3,0.43,4,0.83,0.61,0.78,P2,Team_A,Medium,P2
8000,High,0.9,0.61,4,0.72,0.85,0.99,P1,Team_A,High,P1
8001,Medium,0.6,0.37,4,0.81,0.9,0.31,P2,Team_B,Medium,P2
8002,Low,0.3,0.52,2,0.85,0.54,0.54,P2,Team_A,Medium,P2
8003,High,0.9,0.71,2,0.77,0.57,0.36,P1,Team_C,High,P1
8004,Medium,0.6,0.12,4,0.83,0.82,0.95,P2,Team_C,Medium,P2
8005,Medium,0.6,0.24,2,0.89,0.69,0.81,P2,Team_C,Medium,P2
8006,Medium,0.6,0.54,1,0.78,0.47,0.87,P2,Team_C,Medium,P2
8007,High,0.9,0.76,4,0.8,0.17,0.65,P1,Team_B,High,P1
8008,Low,0.3,0.14,3,0.57,0.92,0.98,P3,Team_A,Low,P3
8009,Low,0.3,0.07,2,0.88,0.52,0.71,P3,Team_C,Low,P3
8010,High,0.9,0.53,1,0.74,0.56,0.48,P2,Team_C,Medium,P2
8011,High,0.9,0.58,4,0.8,0.66,0.98,P2,Team_C,Medium,P2
8012,High,0.9,0.5,3,0.8,0.84,0.68,P2,Team_B,Medium,P2
8013,Low,0.3,0.72,1,0.9,0.6,0.68,P2,Team_B,Medium,P2
8014,Medium,0.6,0.77,1,0.4,0.48,0.43,P2,Team_B,Medium,P2
8015,Low,0.3,0.57,2,0.65,0.91,0.64,P2,Team_B,Medium,P2
8016,High,0.9,0.16,2,0.25,0.56,0.8,P2,Team_A,Medium,P2
8017,Low,0.3,0.64,3,0.63,0.36,0.85,P2,Team_A,Medium,P2
8018,High,0.9,0.36,2,0.83,0.31,0.32,P2,Team_A,Medium,P2
8019,Medium,0.6,0.6,2,0.45,0.29,0.52,P2,Team_C,Medium,P2
8020,Low,0.3,0.13,4,0.74,0.54,0.93,P3,Team_B,Low,P3
8021,Medium,0.6,0.49,2,0.79,0.75,0.61,P2,Team_C,Medium,P2
8022,Low,0.3,0.57,1,0.31,0.63,0.64,P2,Team_C,Medium,P2
8023,Medium,0.6,0.7,4,0.78,0.84,0.73,P2,Team_A,Medium,P2
8024,High,0.9,0.95,1,0.72,0.67,0.98,P1,Team_A,High,P1
8025,Low,0.3,0.75,4,0.76,0.64,0.98,P2,Team_A,Medium,P2
8026,Medium,0.6,0.77,2,0.62,0.67,0.37,P2,Team_C,Medium,P2
8027,Medium,0.6,0.55,2,0.76,0.71,0.52,P2,Team_B,Medium,P2
8028,Medium,0.6,0.07,4,0.59,0.47,0.31,P2,Team_A,Medium,P2
8029,Low,0.3,0.93,4,0.89,0.51,0.53,P2,Team_B,Medium,P2
8030,Medium,0.6,0.86,2,0.78,0.66,0.42,P2,Team_C,Medium,P2
8031,Medium,0.6,0.9,2,0.77,0.89,0.53,P2,Team_C,Medium,P2
8032,Low,0.3,0.75,1,0.85,0.59,0.99,P2,Team_B,Medium,P2
8033,Low,0.3,0.69,4,0.84,0.78,0.7,P2,Team_A,Medium,P2
8034,High,0.9,0.49,3,0.59,0.63,0.56,P2,Team_C,Medium,P2
8035,Low,0.3,0.54,1,0.77,0.29,0.43,P2,Team_B,Medium,P2
8036,Low,0.3,0.37,4,0.88,0.52,0.38,P3,Team_A,Low,P3
8037,Low,0.3,0.35,2,0.73,0.84,0.64,P3,Team_B,Low,P3
8038,Low,0.3,0.51,2,0.66,0.78,0.89,P2,Team_A,Medium,P2
8039,Low,0.3,0.59,3,0.81,0.56,0.86,P2,Team_B,Medium,P2
8040,Medium,0.6,0.35,1,0.58,0.64,0.56,P2,Team_A,Medium,P2
8041,Low,0.3,0.6,3,0.73,0.76,0.4,P2,Team_A,Medium,P2
8042,Low,0.3,0.67,2,0.95,0.61,0.46,P2,Team_A,Medium,P2
8043,Medium,0.6,0.74,3,0.9,0.94,0.41,P2,Team_C,Medium,P2
8044,Low,0.3,0.1,1,0.9,0.48,0.87,P3,Team_C,Low,P3
8045,Low,0.3,0.25,4,0.93,0.75,0.92,P3,Team_A,Low,P3
8046,Medium,0.6,0.63,1,0.83,0.43,0.41,P2,Team_A,Medium,P2
8047,Medium,0.6,0.29,4,0.54,0.56,0.51,P2,Team_A,Medium,P2
8048,High,0.9,0.1,4,0.77,0.87,0.62,P2,Team_B,Medium,P2
8049,High,0.9,0.63,2,0.54,0.68,0.83,P1,Team_B,High,P1
8050,High,0.9,0.89,3,0.54,0.25,0.69,P1,Team_C,High,P1
8051,Medium,0.6,0.67,2,0.53,0.8,0.65,P2,Team_C,Medium,P2
8052,High,0.9,0.8,1,0.86,0.61,0.91,P1,Team_B,High,P1
8053,Low,0.3,0.45,1,0.52,0.82,0.62,P2,Team_C,Medium,P2
8054,Medium,0.6,0.07,3,0.47,0.64,0.83,P2,Team_C,Medium,P2
8055,Medium,0.6,0.45,4,0.83,0.32,0.79,P2,Team_C,Medium,P2
8056,Low,0.3,0.58,4,0.59,0.94,0.49,P2,Team_B,Medium,P2
8057,High,0.9,0.63,3,0.67,0.83,0.91,P1,Team_B,High,P1
8058,Low,0.3,0.19,3,0.83,0.76,0.84,P3,Team_C,Low,P3
8059,Medium,0.6,0.61,3,0.9,0.8,0.59,P2,Team_B,Medium,P2
8060,Low,0.3,0.46,2,0.59,0.7,0.36,P2,Team_C,Medium,P2
8061,Medium,0.6,0.41,3,0.83,0.99,0.75,P2,Team_B,Medium,P2
8062,Low,0.3,0.58,1,0.65,0.77,0.68,P2,Team_C,Medium,P2
8063,Medium,0.6,0.79,2,0.76,0.63,0.55,P2,Team_B,Medium,P2
8064,Medium,0.6,0.31,4,0.69,0.42,0.43,P2,Team_C,Medium,P2
8065,Low,0.3,0.26,2,0.41,0.74,0.46,P3,Team_B,Low,P3
8066,High,0.9,0.4,1,0.5,0.82,0.54,P2,Team_A,Medium,P2
8067,Low,0.3,0.63,4,0.38,0.27,0.45,P2,Team_B,Medium,P2
8068,Medium,0.6,0.08,2,0.8,0.37,0.45,P2,Team_C,Medium,P2
8069,High,0.9,0.67,3,0.67,0.35,0.72,P1,Team_B,High,P1
8070,High,0.9,0.59,4,0.86,0.92,0.58,P2,Team_C,Medium,P2
8071,Medium,0.6,0.15,4,0.78,0.42,0.32,P2,Team_B,Medium,P2
8072,Low,0.3,0.62,4,0.81,0.63,0.44,P2,Team_B,Medium,P2
8073,High,0.9,0.37,3,0.82,0.83,0.46,P2,Team_B,Medium,P2
8074,High,0.9,0.5,3,0.72,0.28,0.83,P2,Team_A,Medium,P2
8075,Medium,0.6,0.4,3,0.4,0.64,0.88,P2,Team_C,Medium,P2
8076,Low,0.3,0.45,1,0.51,0.92,0.35,P2,Team_A,Medium,P2
8077,High,0.9,0.66,1,0.64,0.75,0.47,P1,Team_A,High,P1
8078,Low,0.3,0.1,4,0.33,0.8,0.52,P3,Team_B,Low,P3
8079,Medium,0.6,0.44,2,0.91,0.8,0.71,P2,Team_B,Medium,P2
8080,Low,0.3,0.94,3,0.88,0.55,0.32,P2,Team_C,Medium,P2
8081,Medium,0.6,0.19,4,0.35,0.58,0.4,P2,Team_C,Medium,P2
8082,Medium,0.6,0.15,1,0.69,0.59,0.3,P2,Team_C,Medium,P2
8083,Low,0.3,0.45,4,0.73,0.79,0.36,P2,Team_A,Medium,P2
8084,Low,0.3,0.13,4,0.53,0.68,0.94,P3,Team_A,Low,P3
8085,Medium,0.6,0.65,2,0.37,0.88,0.36,P2,Team_B,Medium,P2
8086,Medium,0.6,0.47,2,0.66,0.78,0.7,P2,Team_A,Medium,P2
8087,High,0.9,0.6,4,0.89,0.61,0.96,P2,Team_A,Medium,P2
8088,Low,0.3,0.19,1,0.92,0.41,0.84,P3,Team_C,Low,P3
8089,Medium,0.6,0.35,3,0.48,0.86,0.94,P2,Team_B,Medium,P2
8090,Medium,0.6,0.68,1,0.81,0.53,0.99,P2,Team_C,Medium,P2
8091,Low,0.3,0.44,1,0.91,0.75,0.52,P2,Team_C,Medium,P2
8092,Medium,0.6,0.28,4,0.84,0.35,0.51,P2,Team_A,Medium,P2
8093,Medium,0.6,0.61,3,0.96,0.68,0.58,P2,Team_B,Medium,P2
8094,Low,0.3,0.19,2,0.72,0.82,0.56,P3,Team_A,Low,P3
8095,Medium,0.6,0.83,1,0.78,0.86,0.98,P2,Team_C,Medium,P2
8096,High,0.9,0.6,3,0.81,0.64,0.88,P2,Team_B,Medium,P2
8097,High,0.9,0.77,1,0.58,0.19,0.75,P1,Team_A,High,P1
8098,Low,0.3,0.75,2,0.74,0.88,0.3,P2,Team_C,Medium,P2
8099,Medium,0.6,0.68,4,0.8,0.7,0.63,P2,Team_A,Medium,P2
8100,Low,0.3,0.05,2,0.96,0.75,0.81,P3,Team_A,Low,P3
8101,Low,0.3,0.59,1,0.6,0.78,0.74,P2,Team_C,Medium,P2
8102,Medium,0.6,0.71,3,0.85,0.88,0.64,P2,Team_A,Medium,P2
8103,Low,0.3,0.45,2,0.92,0.44,0.3,P2,Team_B,Medium,P2
8104,Medium,0.6,0.5,3,0.49,0.83,0.42,P2,Team_A,Medium,P2
8105,High,0.9,0.7,4,0.79,0.37,0.66,P1,Team_C,High,P1
8106,Low,0.3,0.09,4,0.81,0.64,0.79,P3,Team_A,Low,P3
8107,Low,0.3,0.24,2,0.46,0.92,0.8,P3,Team_B,Low,P3
8108,Low,0.3,0.78,1,0.53,0.92,0.75,P2,Team_A,Medium,P2
8109,Medium,0.6,0.41,4,0.58,0.85,0.74,P2,Team_B,Medium,P2
8110,Low,0.3,0.33,3,0.85,0.92,0.4,P3,Team_C,Low,P3
8111,Low,0.3,0.11,4,0.78,0.68,0.76,P3,Team_B,Low,P3
8112,Medium,0.6,0.58,3,0.53,0.69,0.66,P2,Team_C,Medium,P2
8113,High,0.9,0.29,1,0.81,0.3,0.84,P2,Team_B,Medium,P2
8114,Low,0.3,0.86,3,0.86,0.36,0.4,P2,Team_A,Medium,P2
8115,Medium,0.6,0.4,1,0.68,0.45,0.69,P2,Team_C,Medium,P2
8116,High,0.9,0.6,3,0.81,0.51,0.45,P2,Team_A,Medium,P2
8117,Medium,0.6,0.43,4,0.56,0.43,0.9,P2,Team_C,Medium,P2
8118,Medium,0.6,0.34,2,0.66,0.78,0.31,P2,Team_C,Medium,P2
8119,High,0.9,0.82,3,0.64,0.53,0.53,P1,Team_B,High,P1
8120,Medium,0.6,0.22,2,0.77,0.6,0.45,P2,Team_B,Medium,P2
8121,Medium,0.6,0.79,1,0.82,0.73,0.99,P2,Team_C,Medium,P2
8122,Low,0.3,0.7,2,0.49,0.77,0.97,P2,Team_A,Medium,P2
8123,Medium,0.6,0.63,4,0.69,0.87,0.48,P2,Team_A,Medium,P2
8124,High,0.9,0.6,1,0.87,0.87,0.38,P2,Team_A,Medium,P2
8125,Low,0.3,0.26,1,0.9,0.76,0.34,P3,Team_A,Low,P3
8126,Low,0.3,0.68,2,0.49,0.74,0.93,P2,Team_B,Medium,P2
8127,Low,0.3,0.39,4,0.82,0.86,0.87,P3,Team_B,Low,P3
8128,Low,0.3,0.43,3,0.57,0.68,0.36,P2,Team_B,Medium,P2
8129,Low,0.3,0.72,1,0.48,0.76,0.76,P2,Team_A,Medium,P2
8130,Medium,0.6,0.11,4,0.78,0.37,0.45,P2,Team_A,Medium,P2
8131,Low,0.3,0.88,4,0.52,0.2,0.55,P2,Team_B,Medium,P2
8132,Medium,0.6,0.49,1,0.86,0.58,0.86,P2,Team_C,Medium,P2
8133,Medium,0.6,0.36,1,0.7,0.41,0.49,P2,Team_C,Medium,P2
8134,Medium,0.6,0.3,1,0.83,0.8,0.41,P2,Team_B,Medium,P2
8135,Low,0.3,0.14,2,0.74,0.77,0.95,P3,Team_B,Low,P3
8136,Low,0.3,0.32,1,0.61,0.5,0.57,P3,Team_C,Low,P3
8137,High,0.9,0.42,4,0.92,0.71,0.73,P2,Team_C,Medium,P2
8138,High,0.9,0.38,2,0.6,0.72,0.84,P2,Team_B,Medium,P2
8139,Low,0.3,0.27,2,0.59,0.59,0.44,P3,Team_C,Low,P3
8140,Low,0.3,0.64,2,0.77,0.46,0.52,P2,Team_C,Medium,P2
8141,High,0.9,0.6,3,0.63,0.63,0.52,P2,Team_B,Medium,P2
8142,Medium,0.6,0.71,4,0.89,0.75,0.76,P2,Team_B,Medium,P2
8143,High,0.9,0.75,4,0.84,0.77,0.82,P1,Team_C,High,P1
8144,High,0.9,0.48,1,0.92,0.92,0.77,P2,Team_A,Medium,P2
8145,Low,0.3,0.23,2,0.9,0.64,0.74,P3,Team_C,Low,P3
8146,Low,0.3,0.28,1,0.64,0.96,0.39,P3,Team_A,Low,P3
8147,Medium,0.6,0.44,4,0.8,0.6,0.77,P2,Team_B,Medium,P2
8148,High,0.9,0.34,1,0.81,0.47,0.33,P2,Team_C,Medium,P2
8149,Medium,0.6,0.89,4,0.85,0.72,0.57,P2,Team_B,Medium,P2
8150,Low,0.3,0.81,2,0.66,0.59,0.9,P2,Team_C,Medium,P2
8151,Medium,0.6,0.39,4,0.87,0.8,0.86,P2,Team_B,Medium,P2
8152,Medium,0.6,0.21,1,0.34,0.88,0.83,P2,Team_C,Medium,P2
8153,Medium,0.6,0.25,3,0.83,0.48,0.35,P2,Team_C,Medium,P2
8154,Medium,0.6,0.6,3,0.91,0.4,1.0,P2,Team_A,Medium,P2
8155,High,0.9,0.17,1,0.67,0.8,0.93,P2,Team_A,Medium,P2
8156,High,0.9,0.41,2,0.82,0.79,0.34,P2,Team_C,Medium,P2
8157,Low,0.3,0.77,1,0.7,0.99,0.5,P2,Team_C,Medium,P2
8158,Low,0.3,0.26,4,0.73,0.85,0.99,P3,Team_C,Low,P3
8159,Medium,0.6,0.34,2,0.24,0.38,0.98,P2,Team_B,Medium,P2
8160,Medium,0.6,0.49,2,0.68,0.42,0.41,P2,Team_B,Medium,P2
8161,Medium,0.6,0.85,2,0.75,0.57,0.75,P2,Team_C,Medium,P2
8162,Medium,0.6,0.38,4,0.5,0.76,0.65,P2,Team_B,Medium,P2
8163,Medium,0.6,0.39,2,0.76,0.67,0.35,P2,Team_B,Medium,P2
8164,Low,0.3,0.42,3,0.61,0.44,0.62,P2,Team_C,Medium,P2
8165,Low,0.3,0.64,2,0.91,0.7,0.65,P2,Team_C,Medium,P2
8166,Low,0.3,0.73,2,0.7,0.6,0.98,P2,Team_A,Medium,P2
8167,Medium,0.6,0.58,4,0.85,0.39,0.42,P2,Team_B,Medium,P2
8168,Low,0.3,0.11,4,0.65,0.37,0.31,P3,Team_A,Low,P3
8169,Medium,0.6,0.36,1,0.82,0.72,0.53,P2,Team_B,Medium,P2
8170,High,0.9,0.85,3,0.95,0.46,0.77,P1,Team_C,High,P1
8171,Low,0.3,0.49,1,0.7,0.8,0.82,P2,Team_C,Medium,P2
8172,Low,0.3,0.29,1,0.6,0.48,0.93,P3,Team_A,Low,P3
8173,High,0.9,0.07,3,0.96,0.54,0.44,P2,Team_A,Medium,P2
8174,Low,0.3,0.12,1,0.74,0.77,0.57,P3,Team_C,Low,P3
8175,High,0.9,0.88,4,0.51,0.65,0.7,P1,Team_B,High,P1
8176,Low,0.3,0.9,2,0.83,0.77,0.39,P2,Team_C,Medium,P2
8177,Medium,0.6,0.12,4,0.86,0.73,0.63,P2,Team_B,Medium,P2
8178,Low,0.3,0.61,3,0.83,0.48,0.97,P2,Team_A,Medium,P2
8179,High,0.9,0.42,1,0.73,0.83,0.75,P2,Team_A,Medium,P2
8180,High,0.9,0.39,1,0.88,0.38,0.79,P2,Team_C,Medium,P2
8181,Low,0.3,0.16,4,0.24,0.36,0.68,P3,Team_B,Low,P3
8182,Medium,0.6,0.41,2,0.72,0.87,0.81,P2,Team_C,Medium,P2
8183,Low,0.3,0.68,1,0.83,0.8,0.55,P2,Team_B,Medium,P2
8184,Low,0.3,0.64,1,0.75,0.92,0.62,P2,Team_B,Medium,P2
8185,Medium,0.6,0.09,1,0.51,0.67,0.88,P2,Team_A,Medium,P2
8186,High,0.9,0.59,2,0.71,0.45,0.6,P2,Team_A,Medium,P2
8187,Low,0.3,0.84,1,0.99,0.34,0.83,P2,Team_A,Medium,P2
8188,Low,0.3,0.67,4,0.93,0.8,0.81,P2,Team_A,Medium,P2
8189,Medium,0.6,0.58,4,0.72,0.59,0.74,P2,Team_C,Medium,P2
8190,High,0.9,0.57,4,0.78,0.75,0.69,P2,Team_A,Medium,P2
8191,Low,0.3,0.58,4,0.42,0.81,0.65,P2,Team_C,Medium,P2
8192,Low,0.3,0.29,2,0.37,0.6,0.57,P3,Team_A,Low,P3
8193,Low,0.3,0.61,3,0.8,0.61,0.32,P2,Team_C,Medium,P2
8194,Low,0.3,0.68,1,0.75,0.41,0.6,P2,Team_C,Medium,P2
8195,Medium,0.6,0.74,2,0.84,0.42,0.58,P2,Team_B,Medium,P2
8196,High,0.9,0.8,3,0.68,0.83,0.54,P1,Team_A,High,P1
8197,Low,0.3,0.06,4,0.68,0.7,0.71,P3,Team_B,Low,P3
8198,Low,0.3,0.23,2,0.88,0.62,0.56,P3,Team_B,Low,P3
8199,Low,0.3,0.76,2,0.79,0.63,0.82,P2,Team_C,Medium,P2
8200,Medium,0.6,0.74,1,0.66,0.86,0.48,P2,Team_A,Medium,P2
8201,Low,0.3,0.69,4,0.79,0.69,0.53,P2,Team_B,Medium,P2
8202,High,0.9,0.78,3,0.92,0.3,0.42,P1,Team_B,High,P1
8203,Low,0.3,0.54,1,0.88,0.87,0.73,P2,Team_A,Medium,P2
8204,Low,0.3,0.64,2,0.56,0.77,0.47,P2,Team_A,Medium,P2
8205,Low,0.3,0.03,2,0.82,0.24,0.77,P3,Team_B,Low,P3
8206,Medium,0.6,0.82,2,0.72,0.89,0.4,P2,Team_C,Medium,P2
8207,Medium,0.6,0.09,2,0.81,0.69,0.94,P2,Team_B,Medium,P2
8208,Low,0.3,0.58,1,0.84,0.49,0.74,P2,Team_B,Medium,P2
8209,Low,0.3,0.48,2,0.58,0.93,0.52,P2,Team_B,Medium,P2
8210,High,0.9,0.12,3,0.91,0.89,0.45,P2,Team_C,Medium,P2
8211,High,0.9,0.34,3,0.56,0.78,0.38,P2,Team_C,Medium,P2
8212,High,0.9,0.18,1,0.37,0.39,0.94,P2,Team_C,Medium,P2
8213,Low,0.3,0.53,2,0.95,0.87,0.53,P2,Team_B,Medium,P2
8214,Medium,0.6,0.71,2,0.89,0.7,0.76,P2,Team_A,Medium,P2
8215,Low,0.3,0.82,1,0.67,0.53,0.3,P2,Team_A,Medium,P2
8216,Low,0.3,0.65,3,0.91,0.44,0.99,P2,Team_A,Medium,P2
8217,Low,0.3,0.38,2,0.36,0.67,0.88,P3,Team_C,Low,P3
8218,Low,0.3,0.54,3,0.67,0.81,0.9,P2,Team_A,Medium,P2
8219,Low,0.3,0.57,4,0.63,0.55,0.4,P2,Team_C,Medium,P2
8220,Medium,0.6,0.33,2,0.61,0.58,0.83,P2,Team_C,Medium,P2
8221,Medium,0.6,0.65,2,0.71,0.25,0.73,P2,Team_C,Medium,P2
8222,High,0.9,0.35,2,0.47,0.86,0.73,P2,Team_C,Medium,P2
8223,Low,0.3,0.77,3,0.89,0.21,0.72,P2,Team_C,Medium,P2
8224,High,0.9,0.35,1,0.82,0.2,0.31,P2,Team_C,Medium,P2
8225,High,0.9,0.37,4,0.51,0.62,0.52,P2,Team_C,Medium,P2
8226,Medium,0.6,0.54,4,0.87,0.32,0.68,P2,Team_B,Medium,P2
8227,Medium,0.6,0.43,1,0.84,0.89,0.63,P2,Team_B,Medium,P2
8228,Low,0.3,0.43,4,0.44,0.71,0.3,P2,Team_B,Medium,P2
8229,Low,0.3,0.2,3,0.65,0.74,0.72,P3,Team_B,Low,P3
8230,Medium,0.6,0.24,3,0.85,0.58,0.71,P2,Team_B,Medium,P2
8231,Medium,0.6,0.18,4,0.68,0.62,0.89,P2,Team_A,Medium,P2
8232,Medium,0.6,0.72,1,0.73,0.86,0.94,P2,Team_B,Medium,P2
8233,Low,0.3,0.58,4,0.96,0.52,0.48,P2,Team_B,Medium,P2
8234,High,0.9,0.73,2,0.76,0.58,0.71,P1,Team_A,High,P1
8235,Low,0.3,0.53,1,0.9,0.72,0.42,P2,Team_A,Medium,P2
8236,Medium,0.6,0.59,3,0.69,0.65,0.49,P2,Team_B,Medium,P2
8237,Medium,0.6,0.66,3,0.58,0.84,0.48,P2,Team_A,Medium,P2
8238,Low,0.3,0.62,4,0.76,0.71,0.33,P2,Team_B,Medium,P2
8239,Low,0.3,0.11,2,0.67,0.68,0.83,P3,Team_C,Low,P3
8240,Low,0.3,0.39,4,0.36,0.58,0.71,P3,Team_C,Low,P3
8241,High,0.9,0.38,4,0.93,0.95,0.73,P2,Team_B,Medium,P2
8242,High,0.9,0.61,3,0.78,0.23,0.71,P1,Team_C,High,P1
8243,High,0.9,0.84,1,0.8,0.62,0.93,P1,Team_A,High,P1
8244,Low,0.3,0.92,1,0.64,0.77,0.69,P2,Team_B,Medium,P2
8245,Medium,0.6,0.91,2,0.82,0.81,0.96,P2,Team_C,Medium,P2
8246,Low,0.3,0.59,3,0.77,0.51,0.95,P2,Team_A,Medium,P2
8247,High,0.9,0.54,4,0.8,0.64,0.57,P2,Team_B,Medium,P2
8248,Medium,0.6,0.37,4,0.7,0.66,0.5,P2,Team_B,Medium,P2
8249,Medium,0.6,0.78,1,0.79,0.79,0.62,P2,Team_A,Medium,P2
8250,Medium,0.6,0.31,2,0.51,0.52,0.59,P2,Team_C,Medium,P2
8251,Low,0.3,0.32,1,0.58,0.39,0.9,P3,Team_B,Low,P3
8252,High,0.9,0.65,4,0.84,0.86,0.4,P1,Team_C,High,P1
8253,Low,0.3,0.46,2,0.4,0.8,0.99,P2,Team_C,Medium,P2
8254,Low,0.3,0.37,4,0.82,0.71,0.85,P3,Team_C,Low,P3
8255,Low,0.3,0.57,1,0.7,0.53,0.35,P2,Team_B,Medium,P2
8256,Medium,0.6,0.43,4,0.74,0.99,0.38,P2,Team_A,Medium,P2
8257,High,0.9,0.26,4,0.85,0.79,0.83,P2,Team_B,Medium,P2
8258,Low,0.3,0.05,2,0.83,0.77,0.89,P3,Team_A,Low,P3
8259,Medium,0.6,0.52,2,0.65,0.72,0.82,P2,Team_C,Medium,P2
8260,Low,0.3,0.38,3,0.79,0.92,0.82,P3,Team_B,Low,P3
8261,High,0.9,0.36,1,0.88,0.72,0.55,P2,Team_C,Medium,P2
8262,Low,0.3,0.17,3,0.8,0.74,0.68,P3,Team_C,Low,P3
8263,High,0.9,0.46,3,0.94,0.55,0.73,P2,Team_A,Medium,P2
8264,Medium,0.6,0.38,2,0.8,0.67,0.6,P2,Team_A,Medium,P2
8265,Low,0.3,0.27,1,0.75,0.32,0.85,P3,Team_B,Low,P3
8266,High,0.9,0.85,4,0.35,0.87,0.7,P1,Team_A,High,P1
8267,Low,0.3,0.27,2,0.76,0.61,0.81,P3,Team_B,Low,P3
8268,High,0.9,0.6,1,0.86,0.35,0.82,P2,Team_C,Medium,P2
8269,Medium,0.6,0.75,3,0.8,0.79,0.52,P2,Team_B,Medium,P2
8270,Low,0.3,0.6,1,0.35,0.92,0.88,P2,Team_A,Medium,P2
8271,Low,0.3,0.41,4,0.68,0.33,0.45,P2,Team_A,Medium,P2
8272,Medium,0.6,0.21,4,0.71,0.31,0.79,P2,Team_A,Medium,P2
8273,Low,0.3,0.61,1,0.58,0.87,0.47,P2,Team_C,Medium,P2
8274,Medium,0.6,0.69,2,0.64,0.68,0.83,P2,Team_C,Medium,P2
8275,Low,0.3,0.1,2,0.45,0.78,0.5,P3,Team_C,Low,P3
8276,Medium,0.6,0.77,3,0.76,0.76,0.34,P2,Team_A,Medium,P2
8277,High,0.9,0.24,3,0.88,0.56,0.6,P2,Team_B,Medium,P2
8278,Medium,0.6,0.07,1,0.69,0.89,0.35,P2,Team_A,Medium,P2
8279,Medium,0.6,0.62,1,0.75,0.57,0.46,P2,Team_C,Medium,P2
8280,Low,0.3,0.4,4,0.52,0.45,0.74,P2,Team_C,Medium,P2
8281,High,0.9,0.75,4,0.86,0.76,0.55,P1,Team_A,High,P1
8282,High,0.9,0.55,2,0.79,0.72,0.73,P2,Team_C,Medium,P2
8283,Low,0.3,0.3,2,0.22,0.89,0.52,P3,Team_C,Low,P3
8284,Medium,0.6,0.49,3,0.7,0.66,0.45,P2,Team_C,Medium,P2
8285,Low,0.3,0.34,2,0.53,0.68,0.58,P3,Team_A,Low,P3
8286,Medium,0.6,0.45,2,0.85,0.91,0.92,P2,Team_A,Medium,P2
8287,High,0.9,0.63,4,0.81,0.81,0.71,P1,Team_C,High,P1
8288,Low,0.3,0.71,2,0.55,0.59,0.92,P2,Team_A,Medium,P2
8289,Medium,0.6,0.31,1,0.69,0.69,0.71,P2,Team_C,Medium,P2
8290,Low,0.3,0.47,1,0.88,0.44,0.61,P2,Team_B,Medium,P2
8291,High,0.9,0.23,3,0.64,0.78,0.54,P2,Team_B,Medium,P2
8292,Medium,0.6,0.17,4,0.68,0.9,0.33,P2,Team_B,Medium,P2
8293,Medium,0.6,0.49,1,0.83,0.49,0.56,P2,Team_A,Medium,P2
8294,Medium,0.6,0.86,4,0.61,0.8,0.78,P2,Team_A,Medium,P2
8295,High,0.9,0.67,1,0.54,0.72,0.31,P1,Team_C,High,P1
8296,High,0.9,0.23,3,0.79,0.95,0.45,P2,Team_C,Medium,P2
8297,Low,0.3,0.12,2,0.87,0.91,0.66,P3,Team_A,Low,P3
8298,Medium,0.6,0.64,3,0.56,0.93,0.48,P2,Team_A,Medium,P2
8299,High,0.9,0.68,2,0.83,0.9,0.4,P1,Team_B,High,P1
8300,Low,0.3,0.31,2,0.94,0.52,0.9,P3,Team_C,Low,P3
8301,Medium,0.6,0.35,3,0.76,0.97,0.89,P2,Team_A,Medium,P2
8302,Medium,0.6,0.42,3,0.55,0.47,0.61,P2,Team_B,Medium,P2
8303,Low,0.3,0.76,3,0.78,0.41,0.64,P2,Team_B,Medium,P2
8304,High,0.9,0.19,1,0.78,0.35,0.53,P2,Team_C,Medium,P2
8305,High,0.9,0.11,4,0.87,0.93,0.43,P2,Team_C,Medium,P2
8306,Low,0.3,0.53,2,0.72,0.81,0.43,P2,Team_C,Medium,P2
8307,Medium,0.6,0.29,1,0.64,0.75,0.84,P2,Team_A,Medium,P2
8308,Low,0.3,0.23,1,0.92,0.41,0.32,P3,Team_B,Low,P3
8309,Medium,0.6,0.42,4,0.64,0.64,0.58,P2,Team_B,Medium,P2
8310,Low,0.3,0.5,3,0.64,0.84,0.52,P2,Team_C,Medium,P2
8311,Medium,0.6,0.61,1,0.86,0.78,0.54,P2,Team_A,Medium,P2
8312,Low,0.3,0.57,2,0.69,0.76,0.69,P2,Team_A,Medium,P2
8313,Low,0.3,0.48,3,0.66,0.12,0.81,P2,Team_A,Medium,P2
8314,Low,0.3,0.67,1,0.91,0.68,0.76,P2,Team_C,Medium,P2
8315,Medium,0.6,0.49,1,0.85,0.54,0.49,P2,Team_A,Medium,P2
8316,High,0.9,0.35,4,0.92,0.69,0.47,P2,Team_A,Medium,P2
8317,Low,0.3,0.18,2,0.49,0.92,0.99,P3,Team_B,Low,P3
8318,Low,0.3,0.36,2,0.7,0.73,0.78,P3,Team_A,Low,P3
8319,Medium,0.6,0.84,1,0.72,0.35,0.85,P2,Team_A,Medium,P2
8320,Low,0.3,0.56,1,0.66,0.75,0.37,P2,Team_A,Medium,P2
8321,High,0.9,0.37,1,0.81,0.29,0.36,P2,Team_A,Medium,P2
8322,Low,0.3,0.56,2,0.4,0.7,0.31,P2,Team_A,Medium,P2
8323,Medium,0.6,0.39,4,0.68,0.54,0.61,P2,Team_A,Medium,P2
8324,Medium,0.6,0.54,4,0.25,0.73,0.78,P2,Team_A,Medium,P2
8325,Medium,0.6,0.3,1,0.68,0.53,0.32,P2,Team_B,Medium,P2
8326,Medium,0.6,0.55,2,0.88,0.85,0.75,P2,Team_B,Medium,P2
8327,Medium,0.6,0.57,2,0.82,0.25,0.39,P2,Team_C,Medium,P2
8328,High,0.9,0.44,2,0.71,0.63,0.42,P2,Team_B,Medium,P2
8329,Medium,0.6,0.86,3,0.64,0.68,0.85,P2,Team_A,Medium,P2
8330,Low,0.3,0.42,2,0.39,0.81,0.65,P2,Team_A,Medium,P2
8331,Low,0.3,0.63,4,0.64,0.67,0.88,P2,Team_B,Medium,P2
8332,Low,0.3,0.35,3,0.83,0.95,1.0,P3,Team_B,Low,P3
8333,Medium,0.6,0.89,3,0.67,0.68,0.69,P2,Team_B,Medium,P2
8334,Low,0.3,0.29,1,0.61,0.58,0.84,P3,Team_B,Low,P3
8335,Medium,0.6,0.53,4,0.69,0.56,0.87,P2,Team_A,Medium,P2
8336,Low,0.3,0.69,4,0.51,0.78,0.33,P2,Team_C,Medium,P2
8337,Low,0.3,0.68,1,0.79,0.66,0.39,P2,Team_B,Medium,P2
8338,Medium,0.6,0.55,4,0.58,0.88,0.72,P2,Team_C,Medium,P2
8339,Medium,0.6,0.61,4,0.24,0.56,0.72,P2,Team_B,Medium,P2
8340,High,0.9,0.37,1,0.65,0.42,0.6,P2,Team_C,Medium,P2
8341,Medium,0.6,0.16,4,0.69,0.62,0.41,P2,Team_C,Medium,P2
8342,Low,0.3,0.39,4,0.62,0.52,1.0,P3,Team_A,Low,P3
8343,Medium,0.6,0.19,1,0.89,0.59,1.0,P2,Team_B,Medium,P2
8344,Medium,0.6,0.7,2,0.55,0.38,0.63,P2,Team_C,Medium,P2
8345,High,0.9,0.8,3,0.43,0.66,0.44,P1,Team_C,High,P1
8346,Low,0.3,0.74,2,0.77,0.95,0.34,P2,Team_A,Medium,P2
8347,Low,0.3,0.68,3,0.59,0.88,0.52,P2,Team_A,Medium,P2
8348,High,0.9,0.29,3,0.5,0.63,0.89,P2,Team_C,Medium,P2
8349,Low,0.3,0.86,2,0.67,0.74,0.88,P2,Team_C,Medium,P2
8350,Medium,0.6,0.17,1,0.9,0.27,0.92,P2,Team_C,Medium,P2
8351,Medium,0.6,0.28,2,0.78,0.9,0.76,P2,Team_B,Medium,P2
8352,Medium,0.6,0.12,1,0.91,0.42,0.85,P2,Team_B,Medium,P2
8353,Low,0.3,0.54,4,0.87,0.91,0.44,P2,Team_A,Medium,P2
8354,Medium,0.6,0.86,2,0.48,0.68,0.64,P2,Team_A,Medium,P2
8355,Medium,0.6,0.83,4,0.61,0.72,0.51,P2,Team_A,Medium,P2
8356,Medium,0.6,0.22,1,0.75,0.92,0.37,P2,Team_B,Medium,P2
8357,Low,0.3,0.66,2,0.85,0.33,0.79,P2,Team_A,Medium,P2
8358,High,0.9,0.85,2,0.82,0.72,0.8,P1,Team_C,High,P1
8359,Medium,0.6,0.87,2,0.48,0.79,0.36,P2,Team_B,Medium,P2
8360,High,0.9,0.94,4,0.92,0.66,0.55,P1,Team_B,High,P1
8361,Medium,0.6,0.54,1,0.68,0.51,0.62,P2,Team_B,Medium,P2
8362,Medium,0.6,0.55,4,0.73,0.96,0.99,P2,Team_C,Medium,P2
8363,Medium,0.6,0.62,3,0.5,0.6,0.74,P2,Team_A,Medium,P2
8364,Low,0.3,0.63,1,0.67,0.54,0.66,P2,Team_A,Medium,P2
8365,Low,0.3,0.43,4,0.46,0.95,0.53,P2,Team_C,Medium,P2
8366,High,0.9,0.12,2,0.43,0.51,0.97,P2,Team_B,Medium,P2
8367,High,0.9,0.72,4,0.89,0.55,0.96,P1,Team_B,High,P1
8368,High,0.9,0.84,3,0.78,0.61,0.71,P1,Team_C,High,P1
8369,Medium,0.6,0.39,4,0.8,0.73,0.96,P2,Team_B,Medium,P2
8370,High,0.9,0.9,4,0.77,0.83,0.99,P1,Team_C,High,P1
8371,Medium,0.6,0.45,3,0.9,0.94,0.84,P2,Team_B,Medium,P2
8372,Medium,0.6,0.87,2,0.57,0.95,0.93,P2,Team_A,Medium,P2
8373,High,0.9,0.59,1,0.79,0.9,0.42,P2,Team_A,Medium,P2
8374,Low,0.3,0.94,1,0.62,0.76,0.63,P2,Team_A,Medium,P2
8375,Medium,0.6,0.24,1,0.97,0.58,0.66,P2,Team_C,Medium,P2
8376,High,0.9,0.36,2,0.92,0.54,0.43,P2,Team_B,Medium,P2
8377,Low,0.3,0.45,3,0.89,0.88,0.53,P2,Team_A,Medium,P2
8378,Low,0.3,0.78,2,0.35,0.82,0.32,P2,Team_C,Medium,P2
8379,Medium,0.6,0.44,3,0.67,0.51,0.87,P2,Team_A,Medium,P2
8380,Low,0.3,0.73,4,0.52,0.84,0.96,P2,Team_C,Medium,P2
8381,High,0.9,0.56,2,0.74,0.77,0.94,P2,Team_C,Medium,P2
8382,Low,0.3,0.77,4,0.73,0.44,0.37,P2,Team_C,Medium,P2
8383,High,0.9,0.76,2,0.6,0.67,0.62,P1,Team_A,High,P1
8384,Medium,0.6,0.49,3,0.41,0.73,0.74,P2,Team_C,Medium,P2
8385,High,0.9,0.54,4,0.83,0.59,0.79,P2,Team_B,Medium,P2
8386,Medium,0.6,0.71,1,0.62,0.85,0.37,P2,Team_A,Medium,P2
8387,Low,0.3,0.21,4,0.93,0.73,0.59,P3,Team_C,Low,P3
8388,Low,0.3,0.2,3,0.94,0.48,0.9,P3,Team_A,Low,P3
8389,High,0.9,0.31,1,0.91,0.99,0.87,P2,Team_C,Medium,P2
8390,Medium,0.6,0.53,4,0.45,0.63,0.7,P2,Team_A,Medium,P2
8391,High,0.9,0.53,3,0.41,0.73,0.99,P2,Team_B,Medium,P2
8392,High,0.9,0.63,2,0.91,0.65,0.63,P1,Team_C,High,P1
8393,Medium,0.6,0.92,4,0.47,0.75,0.53,P2,Team_C,Medium,P2
8394,Medium,0.6,0.35,2,0.85,0.39,0.65,P2,Team_A,Medium,P2
8395,Medium,0.6,0.86,4,0.49,0.4,0.4,P2,Team_B,Medium,P2
8396,Low,0.3,0.18,2,0.54,0.77,0.36,P3,Team_A,Low,P3
8397,Low,0.3,0.65,1,0.77,0.64,0.97,P2,Team_C,Medium,P2
8398,Medium,0.6,0.76,2,0.54,0.63,0.99,P2,Team_C,Medium,P2
8399,Low,0.3,0.79,2,0.83,0.48,0.67,P2,Team_C,Medium,P2
8400,Low,0.3,0.42,3,0.85,0.52,0.66,P2,Team_A,Medium,P2
8401,High,0.9,0.36,4,0.62,0.65,0.7,P2,Team_A,Medium,P2
8402,Medium,0.6,0.54,4,0.79,0.71,0.32,P2,Team_A,Medium,P2
8403,Medium,0.6,0.62,2,0.89,0.65,0.77,P2,Team_C,Medium,P2
8404,Low,0.3,0.3,2,0.73,0.76,0.34,P3,Team_C,Low,P3
8405,High,0.9,0.77,4,0.88,0.86,0.62,P1,Team_B,High,P1
8406,Low,0.3,0.45,2,0.63,0.81,0.66,P2,Team_C,Medium,P2
8407,Medium,0.6,0.43,4,0.87,0.88,1.0,P2,Team_B,Medium,P2
8408,High,0.9,0.89,2,0.82,0.79,0.62,P1,Team_C,High,P1
8409,Low,0.3,0.08,2,0.74,0.87,0.82,P3,Team_C,Low,P3
8410,Medium,0.6,0.36,3,0.73,0.68,0.93,P2,Team_B,Medium,P2
8411,Low,0.3,0.51,3,0.95,0.88,0.81,P2,Team_A,Medium,P2
8412,Low,0.3,0.16,3,0.67,0.81,0.45,P3,Team_B,Low,P3
8413,Medium,0.6,0.22,3,0.64,0.5,0.78,P2,Team_A,Medium,P2
8414,Medium,0.6,0.31,1,0.77,0.96,0.55,P2,Team_C,Medium,P2
8415,Medium,0.6,0.81,4,0.48,0.83,0.45,P2,Team_C,Medium,P2
8416,Medium,0.6,0.6,3,0.59,0.55,0.38,P2,Team_C,Medium,P2
8417,Medium,0.6,0.8,2,0.5,0.61,0.78,P2,Team_B,Medium,P2
8418,Low,0.3,0.44,1,0.58,0.76,0.52,P2,Team_A,Medium,P2
8419,Medium,0.6,0.6,1,0.78,0.59,0.78,P2,Team_C,Medium,P2
8420,Low,0.3,0.72,4,0.93,0.67,0.98,P2,Team_B,Medium,P2
8421,High,0.9,0.65,1,0.65,0.51,0.37,P1,Team_A,High,P1
8422,High,0.9,0.73,4,0.76,0.9,0.63,P1,Team_A,High,P1
8423,Low,0.3,0.68,1,0.71,0.71,0.85,P2,Team_C,Medium,P2
8424,Low,0.3,0.58,2,0.88,0.73,0.99,P2,Team_C,Medium,P2
8425,Low,0.3,0.3,3,0.61,0.55,0.75,P3,Team_A,Low,P3
8426,High,0.9,0.38,2,0.84,0.68,0.82,P2,Team_B,Medium,P2
8427,Low,0.3,0.46,4,0.67,0.86,0.81,P2,Team_A,Medium,P2
8428,Medium,0.6,0.67,4,0.72,0.89,0.82,P2,Team_B,Medium,P2
8429,High,0.9,0.84,3,0.82,0.65,0.78,P1,Team_B,High,P1
8430,Medium,0.6,0.53,4,0.82,0.42,0.33,P2,Team_B,Medium,P2
8431,Low,0.3,0.3,3,0.6,0.42,0.64,P3,Team_C,Low,P3
8432,Low,0.3,0.46,3,0.47,0.58,0.73,P2,Team_C,Medium,P2
8433,Medium,0.6,0.31,4,0.6,0.81,0.32,P2,Team_C,Medium,P2
8434,Medium,0.6,0.59,3,0.58,0.95,0.85,P2,Team_C,Medium,P2
8435,High,0.9,0.36,4,0.7,0.92,0.94,P2,Team_B,Medium,P2
8436,Medium,0.6,0.61,4,0.71,0.6,0.96,P2,Team_B,Medium,P2
8437,Low,0.3,0.24,3,0.64,0.62,0.7,P3,Team_A,Low,P3
8438,High,0.9,0.75,4,0.92,0.91,0.73,P1,Team_C,High,P1
8439,High,0.9,0.25,3,0.57,0.77,0.86,P2,Team_C,Medium,P2
8440,Low,0.3,0.61,2,0.74,0.71,0.86,P2,Team_A,Medium,P2
8441,High,0.9,0.55,4,0.95,0.49,0.96,P2,Team_A,Medium,P2
8442,Low,0.3,0.25,2,0.65,0.53,0.93,P3,Team_B,Low,P3
8443,High,0.9,0.16,4,0.18,0.66,0.36,P2,Team_A,Medium,P2
8444,Low,0.3,0.29,4,0.65,0.78,0.84,P3,Team_C,Low,P3
8445,Low,0.3,0.82,2,0.47,0.95,0.93,P2,Team_B,Medium,P2
8446,Low,0.3,0.31,3,0.86,0.42,0.5,P3,Team_B,Low,P3
8447,Medium,0.6,0.46,1,0.55,0.82,0.81,P2,Team_C,Medium,P2
8448,Low,0.3,0.65,1,0.88,0.16,0.99,P2,Team_C,Medium,P2
8449,High,0.9,0.41,2,0.77,0.65,0.62,P2,Team_A,Medium,P2
8450,Low,0.3,0.27,1,0.89,0.73,0.85,P3,Team_A,Low,P3
8451,Low,0.3,0.24,1,0.7,0.54,0.87,P3,Team_B,Low,P3
8452,Low,0.3,0.43,3,0.72,0.46,0.69,P2,Team_A,Medium,P2
8453,High,0.9,0.16,3,0.59,0.68,0.41,P2,Team_B,Medium,P2
8454,Medium,0.6,0.9,2,0.51,0.61,0.8,P2,Team_B,Medium,P2
8455,Medium,0.6,0.56,4,0.93,0.69,0.98,P2,Team_C,Medium,P2
8456,Medium,0.6,0.84,3,0.7,0.54,0.51,P2,Team_C,Medium,P2
8457,High,0.9,0.64,3,0.69,0.31,0.72,P1,Team_C,High,P1
8458,High,0.9,0.79,4,0.78,0.72,0.69,P1,Team_A,High,P1
8459,Low,0.3,0.68,3,0.73,0.53,0.44,P2,Team_C,Medium,P2
8460,Medium,0.6,0.12,3,0.79,0.66,0.34,P2,Team_B,Medium,P2
8461,Medium,0.6,0.36,4,0.71,0.84,0.85,P2,Team_C,Medium,P2
8462,High,0.9,0.6,3,0.5,0.68,0.48,P2,Team_A,Medium,P2
8463,High,0.9,0.63,3,0.81,0.5,0.9,P1,Team_C,High,P1
8464,Medium,0.6,0.43,3,0.81,0.81,0.32,P2,Team_A,Medium,P2
8465,High,0.9,0.27,2,0.87,0.82,0.77,P2,Team_B,Medium,P2
8466,Medium,0.6,0.85,3,0.69,0.82,0.53,P2,Team_C,Medium,P2
8467,High,0.9,0.45,2,0.81,0.9,0.52,P2,Team_A,Medium,P2
8468,Medium,0.6,0.72,4,0.54,0.47,0.89,P2,Team_C,Medium,P2
8469,Medium,0.6,0.13,4,0.55,0.8,0.86,P2,Team_C,Medium,P2
8470,Low,0.3,0.33,3,0.84,0.61,0.64,P3,Team_C,Low,P3
8471,Low,0.3,0.03,2,0.75,0.74,0.74,P3,Team_C,Low,P3
8472,High,0.9,0.51,3,0.91,0.77,0.6,P2,Team_A,Medium,P2
8473,Medium,0.6,0.72,2,0.86,0.54,0.98,P2,Team_B,Medium,P2
8474,Low,0.3,0.6,3,0.85,0.61,0.8,P2,Team_B,Medium,P2
8475,Medium,0.6,0.43,3,0.77,0.73,0.94,P2,Team_B,Medium,P2
8476,High,0.9,0.54,2,0.58,0.51,0.83,P2,Team_C,Medium,P2
8477,Low,0.3,0.39,1,0.88,0.8,0.5,P3,Team_A,Low,P3
8478,High,0.9,0.53,1,0.5,0.79,0.68,P2,Team_C,Medium,P2
8479,High,0.9,0.19,1,0.53,0.78,0.39,P2,Team_B,Medium,P2
8480,Low,0.3,0.84,4,0.91,0.22,0.35,P2,Team_A,Medium,P2
8481,Low,0.3,0.3,3,0.84,0.98,0.97,P3,Team_A,Low,P3
8482,Low,0.3,0.41,3,0.91,0.56,0.34,P2,Team_C,Medium,P2
8483,Low,0.3,0.27,1,0.88,0.82,0.85,P3,Team_B,Low,P3
8484,Low,0.3,0.61,4,0.66,0.74,0.42,P2,Team_A,Medium,P2
8485,Low,0.3,0.62,2,0.63,0.92,0.54,P2,Team_C,Medium,P2
8486,High,0.9,0.2,3,0.58,0.72,0.68,P2,Team_C,Medium,P2
8487,Medium,0.6,0.75,1,0.67,0.63,0.88,P2,Team_C,Medium,P2
8488,Low,0.3,0.32,1,0.81,0.69,0.32,P3,Team_C,Low,P3
8489,Medium,0.6,0.25,3,0.54,0.58,0.91,P2,Team_C,Medium,P2
8490,Low,0.3,0.67,4,0.46,0.77,0.52,P2,Team_B,Medium,P2
8491,Medium,0.6,0.99,1,0.69,0.88,0.46,P2,Team_C,Medium,P2
8492,Low,0.3,0.83,3,0.24,0.55,0.74,P2,Team_A,Medium,P2
8493,Low,0.3,0.85,4,0.49,0.8,0.33,P2,Team_C,Medium,P2
8494,Low,0.3,0.23,4,0.9,0.44,0.38,P3,Team_A,Low,P3
8495,Medium,0.6,0.63,4,0.5,0.41,0.49,P2,Team_B,Medium,P2
8496,Medium,0.6,0.18,3,0.49,0.66,0.37,P2,Team_B,Medium,P2
8497,Medium,0.6,0.47,3,0.68,0.81,0.43,P2,Team_C,Medium,P2
8498,High,0.9,0.01,4,0.87,0.41,0.69,P2,Team_B,Medium,P2
8499,Low,0.3,0.28,4,0.48,0.62,0.5,P3,Team_B,Low,P3
8500,High,0.9,0.75,2,0.77,0.68,0.81,P1,Team_B,High,P1
8501,High,0.9,0.86,4,0.51,0.86,0.37,P1,Team_C,High,P1
8502,Low,0.3,0.76,2,0.8,0.68,0.63,P2,Team_B,Medium,P2
8503,Medium,0.6,0.23,3,0.93,0.75,0.99,P2,Team_A,Medium,P2
8504,Low,0.3,0.34,3,0.51,0.51,0.43,P3,Team_A,Low,P3
8505,Low,0.3,0.5,4,0.72,0.98,0.89,P2,Team_C,Medium,P2
8506,Low,0.3,0.51,3,0.9,0.43,0.7,P2,Team_B,Medium,P2
8507,Medium,0.6,0.7,2,0.84,0.95,0.68,P2,Team_A,Medium,P2
8508,Medium,0.6,0.24,3,0.92,0.78,0.33,P2,Team_A,Medium,P2
8509,Low,0.3,0.78,2,0.81,0.62,0.69,P2,Team_B,Medium,P2
8510,Low,0.3,0.63,2,0.74,0.67,0.82,P2,Team_C,Medium,P2
8511,Medium,0.6,0.88,1,0.83,0.59,0.46,P2,Team_C,Medium,P2
8512,Medium,0.6,0.18,4,0.8,0.7,0.32,P2,Team_C,Medium,P2
8513,Low,0.3,0.57,3,0.82,0.58,0.56,P2,Team_B,Medium,P2
8514,Medium,0.6,0.89,1,0.72,0.54,0.44,P2,Team_A,Medium,P2
8515,High,0.9,0.37,1,0.83,0.75,0.55,P2,Team_A,Medium,P2
8516,High,0.9,0.48,4,0.78,0.9,0.77,P2,Team_A,Medium,P2
8517,Medium,0.6,0.33,3,0.6,0.75,0.84,P2,Team_A,Medium,P2
8518,High,0.9,0.42,2,0.52,0.64,0.94,P2,Team_C,Medium,P2
8519,Medium,0.6,0.86,4,0.68,0.53,0.52,P2,Team_A,Medium,P2
8520,High,0.9,0.62,4,0.92,0.66,0.87,P1,Team_C,High,P1
8521,High,0.9,0.83,4,0.65,0.84,0.48,P1,Team_B,High,P1
8522,Medium,0.6,0.38,3,0.67,0.68,0.5,P2,Team_A,Medium,P2
8523,Medium,0.6,0.57,4,0.38,0.51,0.82,P2,Team_C,Medium,P2
8524,Medium,0.6,0.17,2,0.59,0.76,0.31,P2,Team_A,Medium,P2
8525,Medium,0.6,0.55,1,0.8,0.85,0.53,P2,Team_A,Medium,P2
8526,Low,0.3,0.62,2,0.74,0.72,0.35,P2,Team_C,Medium,P2
8527,High,0.9,0.84,4,0.61,0.58,0.72,P1,Team_A,High,P1
8528,High,0.9,0.42,4,0.71,0.71,0.52,P2,Team_A,Medium,P2
8529,High,0.9,0.84,1,0.84,0.73,0.41,P1,Team_A,High,P1
8530,Low,0.3,0.54,3,0.64,0.8,0.76,P2,Team_A,Medium,P2
8531,Low,0.3,0.03,1,0.63,0.5,0.95,P3,Team_C,Low,P3
8532,Medium,0.6,0.4,3,0.83,0.73,0.32,P2,Team_A,Medium,P2
8533,High,0.9,0.29,2,0.88,0.54,0.84,P2,Team_B,Medium,P2
8534,High,0.9,0.63,3,0.6,0.52,0.7,P1,Team_B,High,P1
8535,Medium,0.6,0.51,1,0.77,0.93,0.52,P2,Team_B,Medium,P2
8536,Low,0.3,0.29,1,0.62,0.72,0.4,P3,Team_B,Low,P3
8537,Low,0.3,0.27,2,0.87,0.71,0.64,P3,Team_A,Low,P3
8538,Medium,0.6,0.68,3,0.44,0.44,0.3,P2,Team_C,Medium,P2
8539,High,0.9,0.65,1,0.53,0.72,0.37,P1,Team_A,High,P1
8540,Medium,0.6,0.49,4,0.8,0.34,0.5,P2,Team_C,Medium,P2
8541,High,0.9,0.61,2,0.42,0.6,0.5,P1,Team_C,High,P1
8542,Low,0.3,0.66,2,0.69,0.77,0.55,P2,Team_A,Medium,P2
8543,High,0.9,0.37,3,0.51,0.91,0.95,P2,Team_B,Medium,P2
8544,Medium,0.6,0.87,1,0.79,0.24,0.66,P2,Team_C,Medium,P2
8545,Low,0.3,0.24,2,0.91,0.69,0.67,P3,Team_C,Low,P3
8546,Low,0.3,0.07,3,0.8,0.64,0.55,P3,Team_B,Low,P3
8547,Medium,0.6,0.65,2,0.84,0.69,0.6,P2,Team_B,Medium,P2
8548,Low,0.3,0.3,2,0.52,0.54,0.89,P3,Team_B,Low,P3
8549,Medium,0.6,0.32,1,0.96,0.88,0.35,P2,Team_B,Medium,P2
8550,High,0.9,0.29,1,0.91,0.82,0.8,P2,Team_A,Medium,P2
8551,Medium,0.6,0.51,1,0.6,0.69,0.98,P2,Team_B,Medium,P2
8552,Medium,0.6,0.42,1,0.53,0.51,0.5,P2,Team_C,Medium,P2
8553,Medium,0.6,0.41,2,0.83,0.7,0.78,P2,Team_C,Medium,P2
8554,Low,0.3,0.45,2,0.77,0.82,0.66,P2,Team_C,Medium,P2
8555,High,0.9,0.87,3,0.73,0.51,0.81,P1,Team_B,High,P1
8556,Low,0.3,0.64,2,0.85,0.64,0.83,P2,Team_A,Medium,P2
8557,Medium,0.6,0.56,2,0.7,0.77,0.86,P2,Team_B,Medium,P2
8558,High,0.9,0.51,3,0.78,0.61,0.74,P2,Team_A,Medium,P2
8559,Low,0.3,0.45,4,0.75,0.8,0.41,P2,Team_A,Medium,P2
8560,Low,0.3,0.17,1,0.75,0.45,0.88,P3,Team_A,Low,P3
8561,Low,0.3,0.52,4,0.83,0.78,0.65,P2,Team_B,Medium,P2
8562,Low,0.3,0.49,1,0.64,0.86,0.48,P2,Team_C,Medium,P2
8563,High,0.9,0.45,4,0.91,0.35,0.76,P2,Team_A,Medium,P2
8564,Medium,0.6,0.58,4,0.71,0.67,0.82,P2,Team_A,Medium,P2
8565,Low,0.3,0.72,4,0.89,0.33,0.89,P2,Team_A,Medium,P2
8566,Low,0.3,0.22,4,0.56,0.65,0.73,P3,Team_A,Low,P3
8567,Medium,0.6,0.82,4,0.56,0.31,0.95,P2,Team_A,Medium,P2
8568,High,0.9,0.73,3,0.58,0.81,0.46,P1,Team_C,High,P1
8569,Medium,0.6,0.63,4,0.94,0.59,0.52,P2,Team_B,Medium,P2
8570,Low,0.3,0.36,2,0.58,0.71,0.89,P3,Team_A,Low,P3
8571,Medium,0.6,0.47,2,0.25,0.26,0.66,P2,Team_A,Medium,P2
8572,High,0.9,0.91,3,0.62,0.66,0.53,P1,Team_B,High,P1
8573,Medium,0.6,0.72,2,0.83,0.8,0.53,P2,Team_C,Medium,P2
8574,Low,0.3,0.77,4,0.73,0.33,0.71,P2,Team_A,Medium,P2
8575,Medium,0.6,0.38,4,0.68,0.81,0.39,P2,Team_C,Medium,P2
8576,Medium,0.6,0.79,4,0.83,0.96,0.35,P2,Team_B,Medium,P2
8577,Low,0.3,0.42,2,0.47,0.75,0.3,P2,Team_B,Medium,P2
8578,Medium,0.6,0.23,1,0.88,0.84,0.63,P2,Team_C,Medium,P2
8579,Low,0.3,0.73,3,0.29,0.77,0.35,P2,Team_B,Medium,P2
8580,High,0.9,0.49,2,0.83,0.58,0.79,P2,Team_A,Medium,P2
8581,Medium,0.6,0.53,3,0.64,0.46,0.46,P2,Team_B,Medium,P2
8582,High,0.9,0.3,4,0.61,0.57,0.41,P2,Team_B,Medium,P2
8583,Medium,0.6,0.91,2,0.9,0.7,0.95,P2,Team_C,Medium,P2
8584,Low,0.3,0.18,1,0.91,0.6,0.62,P3,Team_B,Low,P3
8585,High,0.9,0.98,1,0.87,0.57,0.66,P1,Team_A,High,P1
8586,Low,0.3,0.3,3,0.95,0.76,0.6,P3,Team_A,Low,P3
8587,Low,0.3,0.38,3,0.61,0.82,0.49,P3,Team_A,Low,P3
8588,High,0.9,0.95,4,0.28,0.72,0.82,P1,Team_A,High,P1
8589,Low,0.3,0.25,1,0.43,0.75,0.97,P3,Team_C,Low,P3
8590,High,0.9,0.34,2,0.79,0.62,0.75,P2,Team_B,Medium,P2
8591,Low,0.3,0.5,1,0.49,0.55,0.98,P2,Team_C,Medium,P2
8592,Medium,0.6,0.49,1,0.74,0.7,0.53,P2,Team_C,Medium,P2
8593,Medium,0.6,0.53,1,0.86,0.45,0.4,P2,Team_A,Medium,P2
8594,Low,0.3,0.05,1,0.66,0.84,0.95,P3,Team_C,Low,P3
8595,Low,0.3,0.5,4,0.88,0.92,0.39,P2,Team_C,Medium,P2
8596,Medium,0.6,0.64,2,0.51,0.72,0.37,P2,Team_C,Medium,P2
8597,High,0.9,0.5,1,0.83,0.75,0.93,P2,Team_C,Medium,P2
8598,High,0.9,0.79,2,0.85,0.65,0.47,P1,Team_B,High,P1
8599,Medium,0.6,0.41,1,0.37,0.62,0.46,P2,Team_C,Medium,P2
8600,Medium,0.6,0.61,1,0.69,0.56,0.87,P2,Team_C,Medium,P2
8601,Medium,0.6,0.3,3,0.86,0.69,0.56,P2,Team_A,Medium,P2
8602,High,0.9,0.87,4,0.57,0.62,0.46,P1,Team_C,High,P1
8603,Low,0.3,0.75,1,0.43,0.39,0.37,P2,Team_B,Medium,P2
8604,High,0.9,0.27,3,0.44,0.82,0.61,P2,Team_B,Medium,P2
8605,Low,0.3,0.59,3,0.89,0.89,0.63,P2,Team_B,Medium,P2
8606,High,0.9,0.51,4,0.87,0.28,0.77,P2,Team_A,Medium,P2
8607,Low,0.3,0.32,4,0.87,0.81,0.65,P3,Team_A,Low,P3
8608,Medium,0.6,0.18,2,0.84,0.7,0.88,P2,Team_C,Medium,P2
8609,Medium,0.6,0.27,2,0.62,0.68,0.6,P2,Team_C,Medium,P2
8610,Medium,0.6,0.68,1,0.54,0.84,0.32,P2,Team_B,Medium,P2
8611,Medium,0.6,0.44,3,0.92,0.6,0.9,P2,Team_B,Medium,P2
8612,Medium,0.6,0.37,1,0.75,0.83,0.34,P2,Team_B,Medium,P2
8613,Low,0.3,0.92,3,0.45,0.67,0.47,P2,Team_A,Medium,P2
8614,Medium,0.6,0.79,3,0.5,0.73,0.47,P2,Team_B,Medium,P2
8615,Medium,0.6,0.79,4,0.68,0.6,0.44,P2,Team_A,Medium,P2
8616,Low,0.3,0.43,2,0.64,0.37,0.69,P2,Team_B,Medium,P2
8617,Medium,0.6,0.61,4,0.59,0.36,0.33,P2,Team_B,Medium,P2
8618,Medium,0.6,0.32,2,0.51,0.76,0.69,P2,Team_A,Medium,P2
8619,High,0.9,0.5,1,0.84,0.66,0.75,P2,Team_B,Medium,P2
8620,High,0.9,0.39,3,0.77,0.67,0.55,P2,Team_A,Medium,P2
8621,Low,0.3,0.49,1,0.78,0.21,0.51,P2,Team_A,Medium,P2
8622,Medium,0.6,0.45,3,0.85,0.82,0.84,P2,Team_C,Medium,P2
8623,Low,0.3,0.64,2,0.86,0.73,0.66,P2,Team_C,Medium,P2
8624,Medium,0.6,0.41,2,0.79,0.92,0.71,P2,Team_A,Medium,P2
8625,Medium,0.6,0.25,4,0.84,0.67,0.32,P2,Team_C,Medium,P2
8626,Low,0.3,0.29,3,0.59,0.52,0.48,P3,Team_C,Low,P3
8627,Medium,0.6,0.39,3,0.61,0.75,0.65,P2,Team_A,Medium,P2
8628,Low,0.3,0.24,2,0.8,0.46,0.58,P3,Team_B,Low,P3
8629,High,0.9,0.48,1,0.62,0.83,0.91,P2,Team_A,Medium,P2
8630,High,0.9,0.16,2,0.76,0.28,0.76,P2,Team_A,Medium,P2
8631,Low,0.3,0.32,2,0.85,0.47,0.77,P3,Team_B,Low,P3
8632,High,0.9,0.69,4,0.94,0.93,0.87,P1,Team_C,High,P1
8633,Medium,0.6,0.5,3,0.69,0.75,0.55,P2,Team_B,Medium,P2
8634,Low,0.3,0.68,3,0.72,0.62,0.49,P2,Team_C,Medium,P2
8635,High,0.9,0.66,4,0.79,0.79,0.59,P1,Team_C,High,P1
8636,Medium,0.6,0.68,4,0.52,0.6,0.88,P2,Team_B,Medium,P2
8637,Medium,0.6,0.48,2,0.57,0.89,0.55,P2,Team_A,Medium,P2
8638,Medium,0.6,0.26,3,0.79,0.53,0.44,P2,Team_B,Medium,P2
8639,Medium,0.6,0.72,4,0.67,0.85,0.41,P2,Team_B,Medium,P2
8640,Medium,0.6,0.43,1,0.86,0.74,0.39,P2,Team_C,Medium,P2
8641,High,0.9,0.48,3,0.63,0.66,0.66,P2,Team_B,Medium,P2
8642,Medium,0.6,0.21,3,0.86,0.66,0.61,P2,Team_C,Medium,P2
8643,Low,0.3,0.19,1,0.89,0.66,0.69,P3,Team_C,Low,P3
8644,Low,0.3,0.28,2,0.91,0.86,0.73,P3,Team_A,Low,P3
8645,Medium,0.6,0.48,3,0.9,0.91,0.62,P2,Team_B,Medium,P2
8646,Medium,0.6,0.42,1,0.62,0.96,0.8,P2,Team_C,Medium,P2
8647,Medium,0.6,0.09,1,0.93,0.78,0.57,P2,Team_A,Medium,P2
8648,Low,0.3,0.67,4,0.78,0.73,0.73,P2,Team_C,Medium,P2
8649,Medium,0.6,0.94,3,0.69,0.53,0.45,P2,Team_B,Medium,P2
8650,Medium,0.6,0.55,2,0.39,0.77,0.33,P2,Team_A,Medium,P2
8651,Medium,0.6,0.57,1,0.6,0.49,0.5,P2,Team_C,Medium,P2
8652,Low,0.3,0.75,2,0.76,0.63,0.43,P2,Team_B,Medium,P2
8653,Medium,0.6,0.44,4,0.84,0.32,0.7,P2,Team_A,Medium,P2
8654,Medium,0.6,0.14,3,0.89,0.81,0.95,P2,Team_C,Medium,P2
8655,Medium,0.6,0.31,3,0.78,0.54,0.49,P2,Team_C,Medium,P2
8656,Low,0.3,0.62,4,0.96,0.38,0.51,P2,Team_B,Medium,P2
8657,Medium,0.6,0.31,3,0.53,0.91,0.47,P2,Team_C,Medium,P2
8658,High,0.9,0.53,1,0.82,0.7,0.43,P2,Team_A,Medium,P2
8659,Low,0.3,0.6,3,0.88,0.45,0.96,P2,Team_A,Medium,P2
8660,Medium,0.6,0.6,4,0.89,0.73,0.8,P2,Team_B,Medium,P2
8661,Medium,0.6,0.71,3,0.7,0.82,0.83,P2,Team_A,Medium,P2
8662,Medium,0.6,0.54,2,0.82,0.66,0.39,P2,Team_A,Medium,P2
8663,Low,0.3,0.15,3,0.86,0.54,0.8,P3,Team_C,Low,P3
8664,Low,0.3,0.79,3,0.89,0.96,0.96,P2,Team_A,Medium,P2
8665,High,0.9,0.46,4,0.83,0.74,0.46,P2,Team_A,Medium,P2
8666,Low,0.3,0.58,4,0.96,0.79,0.84,P2,Team_A,Medium,P2
8667,High,0.9,0.6,1,0.73,0.46,0.34,P2,Team_B,Medium,P2
8668,Low,0.3,0.12,1,0.63,0.86,0.73,P3,Team_C,Low,P3
8669,Low,0.3,0.54,3,0.88,0.94,0.48,P2,Team_A,Medium,P2
8670,Low,0.3,0.51,1,0.61,0.54,0.94,P2,Team_B,Medium,P2
8671,Low,0.3,0.13,4,0.83,0.91,0.38,P3,Team_A,Low,P3
8672,Low,0.3,0.07,3,0.8,0.9,0.88,P3,Team_B,Low,P3
8673,High,0.9,0.13,1,0.91,0.63,0.65,P2,Team_B,Medium,P2
8674,High,0.9,0.42,3,0.73,0.76,0.89,P2,Team_A,Medium,P2
8675,Medium,0.6,0.72,3,0.67,0.66,0.36,P2,Team_A,Medium,P2
8676,High,0.9,0.06,1,0.86,0.78,0.35,P2,Team_A,Medium,P2
8677,High,0.9,0.23,1,0.64,0.76,0.87,P2,Team_B,Medium,P2
8678,Medium,0.6,0.36,1,0.44,0.85,0.34,P2,Team_A,Medium,P2
8679,Medium,0.6,0.44,1,0.9,0.61,0.74,P2,Team_B,Medium,P2
8680,Low,0.3,0.04,1,0.7,0.64,0.38,P3,Team_A,Low,P3
8681,Low,0.3,0.35,4,0.63,0.86,0.33,P3,Team_A,Low,P3
8682,Low,0.3,0.64,1,0.53,0.41,0.5,P2,Team_A,Medium,P2
8683,Medium,0.6,0.27,1,0.76,0.58,0.77,P2,Team_B,Medium,P2
8684,Medium,0.6,0.5,4,0.73,0.79,0.67,P2,Team_B,Medium,P2
8685,High,0.9,0.7,4,0.72,0.87,0.92,P1,Team_C,High,P1
8686,Low,0.3,0.32,3,0.87,0.79,0.69,P3,Team_C,Low,P3
8687,High,0.9,0.7,1,0.75,0.78,0.62,P1,Team_A,High,P1
8688,High,0.9,0.36,1,0.74,0.41,0.94,P2,Team_A,Medium,P2
8689,Medium,0.6,0.14,1,0.8,0.47,0.65,P2,Team_B,Medium,P2
8690,Low,0.3,0.4,4,0.74,0.7,0.61,P2,Team_A,Medium,P2
8691,High,0.9,0.14,2,0.82,0.36,0.64,P2,Team_A,Medium,P2
8692,Medium,0.6,0.12,1,0.72,0.46,0.48,P2,Team_A,Medium,P2
8693,Medium,0.6,0.72,3,0.63,0.64,0.79,P2,Team_B,Medium,P2
8694,Medium,0.6,0.42,2,0.82,0.56,0.64,P2,Team_C,Medium,P2
8695,Low,0.3,0.49,1,0.73,0.69,0.79,P2,Team_B,Medium,P2
8696,Low,0.3,0.17,3,0.87,0.81,0.32,P3,Team_C,Low,P3
8697,High,0.9,0.58,4,0.66,0.46,0.38,P2,Team_A,Medium,P2
8698,High,0.9,0.27,3,0.82,0.74,0.64,P2,Team_B,Medium,P2
8699,Medium,0.6,0.57,1,0.81,0.87,0.88,P2,Team_B,Medium,P2
8700,Medium,0.6,0.41,1,0.73,0.78,0.76,P2,Team_C,Medium,P2
8701,Medium,0.6,0.76,1,0.93,0.45,0.76,P2,Team_B,Medium,P2
8702,Medium,0.6,0.72,3,0.84,0.62,0.85,P2,Team_A,Medium,P2
8703,High,0.9,0.61,3,0.9,0.64,0.59,P1,Team_B,High,P1
8704,High,0.9,0.57,4,0.89,0.36,0.66,P2,Team_C,Medium,P2
8705,Low,0.3,0.49,4,0.69,0.37,0.5,P2,Team_C,Medium,P2
8706,Low,0.3,0.57,1,0.78,0.44,0.83,P2,Team_C,Medium,P2
8707,High,0.9,0.77,3,0.87,0.4,0.55,P1,Team_A,High,P1
8708,Low,0.3,0.92,4,0.86,0.68,0.83,P2,Team_C,Medium,P2
8709,Low,0.3,0.68,1,0.68,0.79,0.77,P2,Team_A,Medium,P2
8710,High,0.9,0.64,2,0.51,0.66,0.52,P1,Team_B,High,P1
8711,Medium,0.6,0.93,1,0.71,0.32,0.79,P2,Team_B,Medium,P2
8712,High,0.9,0.62,2,0.9,0.78,0.6,P1,Team_A,High,P1
8713,High,0.9,0.2,3,0.78,0.72,0.67,P2,Team_B,Medium,P2
8714,Low,0.3,0.4,2,0.89,0.53,0.57,P2,Team_B,Medium,P2
8715,Low,0.3,0.77,1,0.75,0.86,0.36,P2,Team_B,Medium,P2
8716,Medium,0.6,0.5,2,0.84,0.93,0.57,P2,Team_B,Medium,P2
8717,Low,0.3,0.58,3,0.58,0.62,0.85,P2,Team_C,Medium,P2
8718,Medium,0.6,0.52,4,0.76,0.38,0.75,P2,Team_C,Medium,P2
8719,Medium,0.6,0.44,3,0.63,0.67,0.53,P2,Team_B,Medium,P2
8720,Low,0.3,0.12,2,0.44,0.67,0.74,P3,Team_B,Low,P3
8721,Medium,0.6,0.39,2,0.67,0.59,0.32,P2,Team_B,Medium,P2
8722,Low,0.3,0.76,2,0.89,0.68,0.38,P2,Team_C,Medium,P2
8723,Medium,0.6,0.25,3,0.71,0.74,0.99,P2,Team_B,Medium,P2
8724,Low,0.3,0.78,4,0.87,0.77,0.87,P2,Team_B,Medium,P2
8725,Medium,0.6,0.64,3,0.59,0.81,0.59,P2,Team_B,Medium,P2
8726,Low,0.3,0.53,2,0.54,0.56,0.81,P2,Team_C,Medium,P2
8727,High,0.9,0.59,3,0.56,0.91,0.69,P2,Team_B,Medium,P2
8728,Low,0.3,0.39,2,0.73,0.73,0.56,P3,Team_A,Low,P3
8729,Medium,0.6,0.39,2,0.56,0.72,0.41,P2,Team_A,Medium,P2
8730,Low,0.3,0.23,1,0.75,0.77,0.83,P3,Team_A,Low,P3
8731,Medium,0.6,0.72,4,0.57,0.8,0.64,P2,Team_A,Medium,P2
8732,Low,0.3,0.44,3,0.81,0.57,0.54,P2,Team_B,Medium,P2
8733,High,0.9,0.57,4,0.94,0.87,0.77,P2,Team_A,Medium,P2
8734,Medium,0.6,0.09,4,0.62,0.72,0.33,P2,Team_A,Medium,P2
8735,High,0.9,0.46,3,0.82,0.82,0.48,P2,Team_A,Medium,P2
8736,Low,0.3,0.8,1,0.72,0.93,0.72,P2,Team_A,Medium,P2
8737,Low,0.3,0.19,4,0.9,0.78,0.64,P3,Team_A,Low,P3
8738,Low,0.3,0.79,1,0.73,0.51,0.51,P2,Team_A,Medium,P2
8739,Low,0.3,0.82,1,0.56,0.6,0.88,P2,Team_A,Medium,P2
8740,Low,0.3,0.27,3,0.71,0.75,0.6,P3,Team_B,Low,P3
8741,Low,0.3,0.36,4,0.83,0.28,0.31,P3,Team_B,Low,P3
8742,Medium,0.6,0.04,4,0.93,0.74,0.9,P2,Team_B,Medium,P2
8743,Low,0.3,0.59,2,0.66,0.95,0.68,P2,Team_C,Medium,P2
8744,Medium,0.6,0.38,1,0.79,0.72,0.67,P2,Team_C,Medium,P2
8745,High,0.9,0.73,3,0.66,0.39,0.66,P1,Team_C,High,P1
8746,Low,0.3,0.22,2,0.82,0.14,0.45,P3,Team_A,Low,P3
8747,High,0.9,0.45,2,0.89,0.84,0.38,P2,Team_B,Medium,P2
8748,Medium,0.6,0.44,2,0.65,0.51,0.87,P2,Team_A,Medium,P2
8749,High,0.9,0.3,2,0.86,0.84,0.66,P2,Team_C,Medium,P2
8750,Low,0.3,0.86,4,0.86,0.76,0.99,P2,Team_A,Medium,P2
8751,High,0.9,0.25,1,0.7,0.53,0.54,P2,Team_C,Medium,P2
8752,Low,0.3,0.27,1,0.76,0.74,0.82,P3,Team_A,Low,P3
8753,Medium,0.6,0.18,2,0.38,0.56,0.42,P2,Team_A,Medium,P2
8754,Low,0.3,0.63,4,0.74,0.83,0.33,P2,Team_A,Medium,P2
8755,Medium,0.6,0.54,1,0.9,0.78,0.47,P2,Team_A,Medium,P2
8756,High,0.9,0.66,2,0.79,0.85,0.49,P1,Team_B,High,P1
8757,High,0.9,0.87,3,0.75,0.74,0.47,P1,Team_A,High,P1
8758,Low,0.3,0.56,3,0.63,0.7,0.38,P2,Team_B,Medium,P2
8759,Medium,0.6,0.79,3,0.77,0.69,0.35,P2,Team_C,Medium,P2
8760,High,0.9,0.71,4,0.32,0.81,0.31,P1,Team_B,High,P1
8761,Low,0.3,0.63,3,0.71,0.97,0.38,P2,Team_B,Medium,P2
8762,Medium,0.6,0.67,3,0.5,0.54,0.77,P2,Team_B,Medium,P2
8763,Medium,0.6,0.24,3,0.66,0.75,0.87,P2,Team_A,Medium,P2
8764,Low,0.3,0.35,4,0.65,0.67,0.64,P3,Team_C,Low,P3
8765,High,0.9,0.2,3,0.78,0.67,0.96,P2,Team_A,Medium,P2
8766,Medium,0.6,0.81,1,0.85,0.91,0.66,P2,Team_C,Medium,P2
8767,Low,0.3,0.84,3,0.93,0.69,0.88,P2,Team_B,Medium,P2
8768,Medium,0.6,0.74,2,0.91,0.68,0.48,P2,Team_C,Medium,P2
8769,Medium,0.6,0.21,4,0.86,0.6,0.84,P2,Team_B,Medium,P2
8770,Medium,0.6,0.65,1,0.76,0.57,0.49,P2,Team_C,Medium,P2
8771,Medium,0.6,0.37,1,0.76,0.65,0.64,P2,Team_A,Medium,P2
8772,Medium,0.6,0.51,2,0.95,0.91,0.64,P2,Team_B,Medium,P2
8773,Low,0.3,0.53,4,0.47,0.56,0.83,P2,Team_B,Medium,P2
8774,Low,0.3,0.14,1,0.86,0.5,0.52,P3,Team_A,Low,P3
8775,Medium,0.6,0.82,4,0.93,0.58,0.81,P2,Team_A,Medium,P2
8776,Medium,0.6,0.3,1,0.4,0.7,0.43,P2,Team_A,Medium,P2
8777,Medium,0.6,0.67,2,0.81,0.91,0.37,P2,Team_C,Medium,P2
8778,High,0.9,0.66,1,0.76,0.69,0.59,P1,Team_B,High,P1
8779,Low,0.3,0.83,3,0.74,0.68,0.77,P2,Team_C,Medium,P2
8780,High,0.9,0.34,2,0.73,0.69,0.86,P2,Team_A,Medium,P2
8781,Low,0.3,0.43,3,0.8,0.57,0.99,P2,Team_B,Medium,P2
8782,Medium,0.6,0.67,2,0.76,0.56,0.72,P2,Team_A,Medium,P2
8783,Medium,0.6,0.72,3,0.88,0.84,0.71,P2,Team_B,Medium,P2
8784,Medium,0.6,0.2,3,0.89,0.67,0.72,P2,Team_C,Medium,P2
8785,Low,0.3,0.46,1,0.66,0.64,0.63,P2,Team_B,Medium,P2
8786,High,0.9,0.39,2,0.47,0.9,0.34,P2,Team_A,Medium,P2
8787,Medium,0.6,0.77,1,0.16,0.87,0.72,P2,Team_A,Medium,P2
8788,Medium,0.6,0.68,2,0.95,0.76,0.38,P2,Team_A,Medium,P2
8789,High,0.9,0.16,2,0.47,0.73,0.89,P2,Team_A,Medium,P2
8790,Medium,0.6,0.21,4,0.83,0.63,0.35,P2,Team_C,Medium,P2
8791,High,0.9,0.24,2,0.93,0.9,0.54,P2,Team_B,Medium,P2
8792,Low,0.3,0.12,3,0.81,0.25,0.9,P3,Team_B,Low,P3
8793,Low,0.3,0.28,2,0.73,0.72,0.67,P3,Team_C,Low,P3
8794,Medium,0.6,0.59,2,0.87,0.61,0.58,P2,Team_B,Medium,P2
8795,Medium,0.6,0.11,4,0.85,0.63,0.81,P2,Team_C,Medium,P2
8796,Medium,0.6,0.45,2,0.95,0.72,0.62,P2,Team_C,Medium,P2
8797,High,0.9,0.5,4,0.82,0.81,0.71,P2,Team_C,Medium,P2
8798,High,0.9,0.69,1,0.45,0.85,0.7,P1,Team_C,High,P1
8799,Medium,0.6,0.29,1,0.69,0.85,1.0,P2,Team_C,Medium,P2
8800,Low,0.3,0.1,1,0.41,0.75,0.63,P3,Team_B,Low,P3
8801,High,0.9,0.08,1,0.68,0.63,0.49,P2,Team_A,Medium,P2
8802,High,0.9,0.32,2,0.37,0.68,0.96,P2,Team_A,Medium,P2
8803,Low,0.3,0.37,4,0.83,0.36,0.62,P3,Team_B,Low,P3
8804,Low,0.3,0.23,1,0.81,0.5,0.61,P3,Team_B,Low,P3
8805,High,0.9,0.71,1,0.77,0.73,0.53,P1,Team_B,High,P1
8806,Low,0.3,0.8,1,0.57,0.27,0.53,P2,Team_B,Medium,P2
8807,High,0.9,0.19,3,0.49,0.69,0.71,P2,Team_B,Medium,P2
8808,High,0.9,0.09,3,0.62,0.8,0.83,P2,Team_A,Medium,P2
8809,High,0.9,0.7,4,0.85,0.5,0.67,P1,Team_B,High,P1
8810,Medium,0.6,0.44,3,0.55,0.55,0.82,P2,Team_B,Medium,P2
8811,Medium,0.6,0.64,1,0.62,0.79,0.35,P2,Team_B,Medium,P2
8812,Medium,0.6,0.46,2,0.83,0.57,0.81,P2,Team_B,Medium,P2
8813,Medium,0.6,0.36,1,0.69,0.83,0.58,P2,Team_A,Medium,P2
8814,High,0.9,0.27,1,0.97,0.66,0.74,P2,Team_C,Medium,P2
8815,Low,0.3,0.88,1,0.66,0.81,0.5,P2,Team_B,Medium,P2
8816,Medium,0.6,0.63,3,0.91,0.7,0.94,P2,Team_A,Medium,P2
8817,Medium,0.6,0.88,3,0.93,0.72,0.87,P2,Team_C,Medium,P2
8818,Medium,0.6,0.62,2,0.86,0.39,0.95,P2,Team_C,Medium,P2
8819,High,0.9,0.78,3,0.57,0.66,0.6,P1,Team_C,High,P1
8820,Low,0.3,0.15,4,0.71,0.78,0.56,P3,Team_B,Low,P3
8821,Low,0.3,0.4,1,0.68,0.83,0.66,P2,Team_B,Medium,P2
8822,Medium,0.6,0.57,2,0.71,0.71,0.43,P2,Team_B,Medium,P2
8823,Low,0.3,0.45,2,0.55,0.41,0.46,P2,Team_C,Medium,P2
8824,Low,0.3,0.3,1,0.06,0.57,0.82,P3,Team_B,Low,P3
8825,High,0.9,0.53,2,0.95,0.51,0.62,P2,Team_A,Medium,P2
8826,Low,0.3,0.9,3,0.65,0.49,0.58,P2,Team_A,Medium,P2
8827,Medium,0.6,0.74,3,0.54,0.72,0.46,P2,Team_A,Medium,P2
8828,High,0.9,0.77,1,0.79,0.51,0.87,P1,Team_A,High,P1
8829,Low,0.3,0.73,4,0.67,0.82,0.43,P2,Team_C,Medium,P2
8830,High,0.9,0.4,3,0.68,0.3,0.86,P2,Team_A,Medium,P2
8831,Low,0.3,0.89,1,0.87,0.64,0.68,P2,Team_C,Medium,P2
8832,Medium,0.6,0.73,1,0.42,0.77,0.93,P2,Team_C,Medium,P2
8833,High,0.9,0.55,3,0.96,0.6,0.46,P2,Team_B,Medium,P2
8834,Medium,0.6,0.4,3,0.55,0.95,0.45,P2,Team_A,Medium,P2
8835,Medium,0.6,0.46,3,0.95,0.88,0.99,P2,Team_C,Medium,P2
8836,Low,0.3,0.68,2,0.62,0.63,0.72,P2,Team_B,Medium,P2
8837,High,0.9,0.48,1,0.64,0.65,0.59,P2,Team_A,Medium,P2
8838,High,0.9,0.28,2,0.7,0.64,0.67,P2,Team_C,Medium,P2
8839,High,0.9,0.45,2,0.84,0.72,0.57,P2,Team_A,Medium,P2
8840,Low,0.3,0.51,2,0.75,0.33,0.89,P2,Team_C,Medium,P2
8841,Low,0.3,0.8,3,0.68,0.53,0.36,P2,Team_B,Medium,P2
8842,Medium,0.6,0.93,4,0.65,0.21,0.38,P2,Team_C,Medium,P2
8843,Low,0.3,0.51,2,0.8,0.53,0.52,P2,Team_C,Medium,P2
8844,Medium,0.6,0.68,3,0.69,0.92,0.66,P2,Team_C,Medium,P2
8845,Medium,0.6,0.43,1,0.86,0.83,0.71,P2,Team_B,Medium,P2
8846,Medium,0.6,0.43,4,0.56,0.34,0.87,P2,Team_A,Medium,P2
8847,Low,0.3,0.84,4,0.33,0.53,0.44,P2,Team_A,Medium,P2
8848,Medium,0.6,0.24,3,0.91,0.29,0.48,P2,Team_C,Medium,P2
8849,Medium,0.6,0.3,3,0.78,0.63,0.77,P2,Team_B,Medium,P2
8850,Medium,0.6,0.89,2,0.66,0.74,0.93,P2,Team_C,Medium,P2
8851,Low,0.3,0.5,2,0.92,0.54,0.66,P2,Team_B,Medium,P2
8852,High,0.9,0.56,2,0.87,0.75,0.65,P2,Team_C,Medium,P2
8853,High,0.9,0.53,3,0.78,0.66,0.78,P2,Team_A,Medium,P2
8854,High,0.9,0.69,1,0.59,0.74,0.58,P1,Team_A,High,P1
8855,Medium,0.6,0.91,4,0.49,0.55,0.46,P2,Team_B,Medium,P2
8856,Low,0.3,0.67,3,0.41,0.5,0.63,P2,Team_A,Medium,P2
8857,Low,0.3,0.18,3,0.51,0.7,0.99,P3,Team_A,Low,P3
8858,High,0.9,0.4,3,0.74,0.54,0.82,P2,Team_C,Medium,P2
8859,Low,0.3,0.88,3,0.7,0.54,0.6,P2,Team_A,Medium,P2
8860,Low,0.3,0.57,2,0.83,0.79,0.54,P2,Team_B,Medium,P2
8861,Medium,0.6,0.31,1,0.86,0.56,0.55,P2,Team_B,Medium,P2
8862,High,0.9,0.25,3,0.93,0.55,0.91,P2,Team_A,Medium,P2
8863,Low,0.3,0.35,4,0.9,0.91,0.94,P3,Team_B,Low,P3
8864,High,0.9,0.26,2,0.86,0.67,0.61,P2,Team_A,Medium,P2
8865,High,0.9,0.79,1,0.41,0.67,0.32,P1,Team_C,High,P1
8866,Medium,0.6,0.43,4,0.96,0.64,0.69,P2,Team_A,Medium,P2
8867,Medium,0.6,0.86,4,0.84,0.81,0.53,P2,Team_A,Medium,P2
8868,High,0.9,0.34,1,0.44,0.56,0.9,P2,Team_B,Medium,P2
8869,Low,0.3,0.85,1,0.68,0.83,0.33,P2,Team_C,Medium,P2
8870,Low,0.3,0.42,4,0.64,0.39,0.63,P2,Team_C,Medium,P2
8871,Low,0.3,0.48,3,0.69,0.63,0.67,P2,Team_B,Medium,P2
8872,Medium,0.6,0.56,3,0.85,0.53,0.82,P2,Team_B,Medium,P2
8873,High,0.9,0.71,4,0.43,0.74,0.83,P1,Team_C,High,P1
8874,Medium,0.6,0.26,2,0.28,0.86,0.36,P2,Team_B,Medium,P2
8875,Low,0.3,0.95,4,0.9,0.62,0.48,P2,Team_A,Medium,P2
8876,Low,0.3,0.63,3,0.56,0.88,0.92,P2,Team_B,Medium,P2
8877,Low,0.3,0.73,4,0.68,0.64,0.4,P2,Team_C,Medium,P2
8878,Medium,0.6,0.46,1,0.64,0.86,0.32,P2,Team_B,Medium,P2
8879,Medium,0.6,0.75,2,0.68,0.71,0.92,P2,Team_A,Medium,P2
8880,Low,0.3,0.39,2,0.65,0.87,0.53,P3,Team_B,Low,P3
8881,Low,0.3,0.42,4,0.46,0.54,0.71,P2,Team_C,Medium,P2
8882,Low,0.3,0.58,1,0.67,0.48,0.9,P2,Team_A,Medium,P2
8883,Low,0.3,0.45,1,0.51,0.8,0.56,P2,Team_B,Medium,P2
8884,Low,0.3,0.33,4,0.83,0.54,0.84,P3,Team_C,Low,P3
8885,Low,0.3,0.62,1,0.91,0.33,0.6,P2,Team_C,Medium,P2
8886,Low,0.3,0.24,4,0.82,0.5,0.98,P3,Team_A,Low,P3
8887,Low,0.3,0.96,3,0.83,0.69,0.94,P2,Team_B,Medium,P2
8888,Medium,0.6,0.45,4,0.92,0.87,0.62,P2,Team_C,Medium,P2
8889,Medium,0.6,0.5,3,0.76,0.64,0.8,P2,Team_C,Medium,P2
8890,Medium,0.6,0.54,4,0.47,0.8,0.9,P2,Team_A,Medium,P2
8891,Medium,0.6,0.53,2,0.63,0.89,0.69,P2,Team_C,Medium,P2
8892,Medium,0.6,0.49,2,0.82,0.69,0.69,P2,Team_A,Medium,P2
8893,High,0.9,0.24,2,0.9,0.62,0.91,P2,Team_B,Medium,P2
8894,Medium,0.6,0.87,1,0.79,0.76,0.49,P2,Team_A,Medium,P2
8895,Low,0.3,0.58,2,0.64,0.54,0.65,P2,Team_B,Medium,P2
8896,Low,0.3,0.42,2,0.61,0.67,0.48,P2,Team_C,Medium,P2
8897,Low,0.3,0.23,2,0.76,0.58,0.77,P3,Team_B,Low,P3
8898,Low,0.3,0.38,4,0.86,0.68,0.82,P3,Team_B,Low,P3
8899,High,0.9,0.79,1,0.69,0.78,0.49,P1,Team_B,High,P1
8900,Low,0.3,0.51,3,0.71,0.44,0.61,P2,Team_B,Medium,P2
8901,Medium,0.6,0.19,3,0.83,0.28,0.96,P2,Team_C,Medium,P2
8902,High,0.9,0.21,1,0.39,0.89,0.99,P2,Team_B,Medium,P2
8903,Medium,0.6,0.26,3,0.71,0.6,0.31,P2,Team_B,Medium,P2
8904,Medium,0.6,0.4,2,0.9,0.39,0.66,P2,Team_C,Medium,P2
8905,Medium,0.6,0.22,2,0.78,0.59,0.83,P2,Team_B,Medium,P2
8906,Medium,0.6,0.67,3,0.83,0.55,0.76,P2,Team_B,Medium,P2
8907,Low,0.3,0.7,3,0.58,0.52,0.38,P2,Team_C,Medium,P2
8908,High,0.9,0.63,3,0.74,0.45,0.96,P1,Team_C,High,P1
8909,Low,0.3,0.48,3,0.87,0.78,0.37,P2,Team_A,Medium,P2
8910,High,0.9,0.12,4,0.84,0.64,0.85,P2,Team_B,Medium,P2
8911,High,0.9,0.24,3,0.62,0.53,0.64,P2,Team_C,Medium,P2
8912,Low,0.3,0.28,4,0.48,0.82,0.58,P3,Team_A,Low,P3
8913,High,0.9,0.63,1,0.79,0.82,0.47,P1,Team_A,High,P1
8914,Medium,0.6,0.48,4,0.78,0.62,0.74,P2,Team_A,Medium,P2
8915,Medium,0.6,0.09,3,0.67,0.95,0.6,P2,Team_C,Medium,P2
8916,Low,0.3,0.69,4,0.56,0.88,0.8,P2,Team_B,Medium,P2
8917,High,0.9,0.31,3,0.59,0.89,0.72,P2,Team_B,Medium,P2
8918,Low,0.3,0.54,3,0.69,0.62,0.64,P2,Team_B,Medium,P2
8919,High,0.9,0.38,2,0.76,0.8,0.32,P2,Team_B,Medium,P2
8920,Low,0.3,0.49,4,0.54,0.76,0.68,P2,Team_C,Medium,P2
8921,Medium,0.6,0.35,2,0.49,0.8,0.56,P2,Team_C,Medium,P2
8922,High,0.9,0.26,4,0.46,0.53,0.33,P2,Team_C,Medium,P2
8923,Low,0.3,0.7,2,0.57,0.87,0.82,P2,Team_A,Medium,P2
8924,High,0.9,0.29,1,0.7,0.73,0.87,P2,Team_A,Medium,P2
8925,Low,0.3,0.38,2,0.52,0.77,0.74,P3,Team_B,Low,P3
8926,High,0.9,0.62,4,0.74,0.59,0.93,P1,Team_C,High,P1
8927,Low,0.3,0.28,4,0.93,0.41,0.36,P3,Team_C,Low,P3
8928,Medium,0.6,0.35,1,0.48,0.54,0.38,P2,Team_A,Medium,P2
8929,Low,0.3,0.55,2,0.79,0.86,0.35,P2,Team_A,Medium,P2
8930,Low,0.3,0.54,2,0.62,0.31,0.54,P2,Team_C,Medium,P2
8931,Low,0.3,0.95,3,0.83,0.4,0.78,P2,Team_C,Medium,P2
8932,Medium,0.6,0.86,4,0.91,0.84,0.54,P2,Team_C,Medium,P2
8933,Low,0.3,0.71,2,0.8,0.8,0.88,P2,Team_A,Medium,P2
8934,High,0.9,0.12,3,0.52,0.75,0.34,P2,Team_C,Medium,P2
8935,Low,0.3,0.9,2,0.63,0.66,0.51,P2,Team_B,Medium,P2
8936,High,0.9,0.5,4,0.32,0.72,0.55,P2,Team_A,Medium,P2
8937,High,0.9,0.32,1,0.86,0.89,0.4,P2,Team_B,Medium,P2
8938,High,0.9,0.18,1,0.69,0.24,0.8,P2,Team_B,Medium,P2
8939,High,0.9,0.1,4,0.87,0.86,0.61,P2,Team_B,Medium,P2
8940,Low,0.3,0.37,2,0.68,0.61,0.94,P3,Team_A,Low,P3
8941,Low,0.3,0.53,3,0.72,0.64,0.63,P2,Team_A,Medium,P2
8942,High,0.9,0.56,4,0.72,0.83,0.55,P2,Team_C,Medium,P2
8943,Low,0.3,0.76,3,0.74,0.43,0.96,P2,Team_C,Medium,P2
8944,High,0.9,0.35,1,0.95,0.8,0.31,P2,Team_C,Medium,P2
8945,Low,0.3,0.12,4,0.76,0.85,0.95,P3,Team_A,Low,P3
8946,Low,0.3,0.06,4,0.72,0.56,0.5,P3,Team_A,Low,P3
8947,Medium,0.6,0.71,2,0.88,0.74,0.31,P2,Team_A,Medium,P2
8948,Low,0.3,0.27,4,0.91,0.81,0.66,P3,Team_A,Low,P3
8949,High,0.9,0.56,2,0.8,0.61,0.77,P2,Team_A,Medium,P2
8950,Low,0.3,0.75,1,0.61,0.87,0.62,P2,Team_A,Medium,P2
8951,Medium,0.6,0.66,4,0.83,0.84,0.52,P2,Team_B,Medium,P2
8952,Medium,0.6,0.64,2,0.58,0.85,0.47,P2,Team_B,Medium,P2
8953,Low,0.3,0.4,2,0.61,0.76,0.47,P2,Team_B,Medium,P2
8954,Low,0.3,0.45,4,0.48,0.41,0.39,P2,Team_A,Medium,P2
8955,Low,0.3,0.84,4,0.79,0.76,0.92,P2,Team_C,Medium,P2
8956,Low,0.3,0.82,2,0.81,0.7,0.87,P2,Team_C,Medium,P2
8957,High,0.9,0.51,3,0.92,0.43,0.69,P2,Team_C,Medium,P2
8958,High,0.9,0.5,2,0.89,0.91,0.67,P2,Team_B,Medium,P2
8959,Medium,0.6,0.52,2,0.76,0.45,0.39,P2,Team_A,Medium,P2
8960,Low,0.3,0.73,1,0.89,0.74,0.41,P2,Team_B,Medium,P2
8961,Medium,0.6,0.23,4,0.8,0.86,0.5,P2,Team_B,Medium,P2
8962,Low,0.3,0.84,4,0.59,0.24,0.37,P2,Team_C,Medium,P2
8963,Low,0.3,0.38,4,0.78,0.66,0.61,P3,Team_A,Low,P3
8964,Low,0.3,0.65,3,0.86,0.8,0.72,P2,Team_C,Medium,P2
8965,Medium,0.6,0.34,4,0.88,0.75,0.33,P2,Team_C,Medium,P2
8966,High,0.9,0.66,1,0.49,0.74,0.64,P1,Team_A,High,P1
8967,Medium,0.6,0.38,1,0.95,0.48,0.67,P2,Team_B,Medium,P2
8968,Low,0.3,0.54,1,0.83,0.72,0.66,P2,Team_B,Medium,P2
8969,Medium,0.6,0.4,3,0.65,0.63,0.82,P2,Team_A,Medium,P2
8970,Low,0.3,0.65,2,0.61,0.68,0.31,P2,Team_C,Medium,P2
8971,Medium,0.6,0.45,3,0.77,0.79,0.49,P2,Team_C,Medium,P2
8972,High,0.9,0.46,1,0.65,0.43,0.87,P2,Team_B,Medium,P2
8973,Low,0.3,0.62,3,0.65,0.61,0.82,P2,Team_C,Medium,P2
8974,Low,0.3,0.37,4,0.37,0.35,0.5,P3,Team_B,Low,P3
8975,High,0.9,0.57,4,0.68,0.86,0.48,P2,Team_B,Medium,P2
8976,High,0.9,0.38,1,0.76,0.92,0.44,P2,Team_C,Medium,P2
8977,Low,0.3,0.12,4,0.52,0.25,0.66,P3,Team_C,Low,P3
8978,Medium,0.6,0.36,4,0.45,0.55,0.56,P2,Team_C,Medium,P2
8979,High,0.9,0.14,2,0.86,0.64,0.87,P2,Team_A,Medium,P2
8980,High,0.9,0.44,4,0.94,0.62,0.47,P2,Team_C,Medium,P2
8981,Medium,0.6,0.32,3,0.79,0.84,0.86,P2,Team_B,Medium,P2
8982,Medium,0.6,0.41,3,0.41,0.88,0.99,P2,Team_C,Medium,P2
8983,Low,0.3,0.44,2,0.73,0.51,0.43,P2,Team_C,Medium,P2
8984,High,0.9,0.83,4,0.64,0.62,0.82,P1,Team_C,High,P1
8985,High,0.9,0.47,1,0.81,0.83,0.42,P2,Team_C,Medium,P2
8986,Low,0.3,0.45,1,0.77,0.69,0.32,P2,Team_C,Medium,P2
8987,Medium,0.6,0.54,4,0.58,0.84,0.72,P2,Team_C,Medium,P2
8988,Low,0.3,0.78,2,0.65,0.77,0.4,P2,Team_A,Medium,P2
8989,High,0.9,0.23,3,0.95,0.63,0.5,P2,Team_C,Medium,P2
8990,Medium,0.6,0.33,1,0.84,0.9,0.48,P2,Team_A,Medium,P2
8991,High,0.9,0.18,2,0.45,0.46,0.64,P2,Team_B,Medium,P2
8992,High,0.9,0.77,1,0.51,0.51,0.51,P1,Team_B,High,P1
8993,Medium,0.6,0.44,4,0.21,0.76,0.45,P2,Team_A,Medium,P2
8994,Low,0.3,0.66,3,0.64,0.83,0.81,P2,Team_A,Medium,P2
8995,Low,0.3,0.45,4,0.56,0.26,0.72,P2,Team_B,Medium,P2
8996,Medium,0.6,0.37,4,0.87,0.49,0.86,P2,Team_B,Medium,P2
8997,Low,0.3,0.25,4,0.76,0.63,0.54,P3,Team_C,Low,P3
8998,High,0.9,0.5,2,0.53,0.76,0.74,P2,Team_A,Medium,P2
8999,Medium,0.6,0.69,3,0.21,0.73,0.75,P2,Team_C,Medium,P2
9000,High,0.9,0.69,3,0.43,0.67,0.6,P1,Team_B,High,P1
9001,Medium,0.6,0.83,4,0.42,0.63,0.85,P2,Team_B,Medium,P2
9002,High,0.9,0.74,1,0.83,0.59,0.34,P1,Team_C,High,P1
9003,High,0.9,0.86,2,0.55,0.58,0.57,P1,Team_C,High,P1
9004,Low,0.3,0.62,4,0.47,0.55,0.66,P2,Team_A,Medium,P2
9005,High,0.9,0.78,1,0.54,0.74,0.99,P1,Team_C,High,P1
9006,Low,0.3,0.74,3,0.74,0.39,0.69,P2,Team_B,Medium,P2
9007,Low,0.3,0.71,3,0.67,0.79,0.81,P2,Team_C,Medium,P2
9008,Low,0.3,0.89,1,0.7,0.66,0.41,P2,Team_A,Medium,P2
9009,Low,0.3,0.4,3,0.64,0.57,0.47,P2,Team_B,Medium,P2
9010,Low,0.3,0.52,1,0.56,0.66,0.48,P2,Team_A,Medium,P2
9011,High,0.9,0.45,3,0.85,0.66,0.94,P2,Team_A,Medium,P2
9012,High,0.9,0.69,2,0.49,0.67,0.83,P1,Team_A,High,P1
9013,Medium,0.6,0.52,4,0.5,0.6,0.33,P2,Team_A,Medium,P2
9014,High,0.9,0.79,3,0.62,0.44,0.78,P1,Team_A,High,P1
9015,Low,0.3,0.59,2,0.74,0.38,0.92,P2,Team_A,Medium,P2
9016,High,0.9,0.42,1,0.89,0.66,0.48,P2,Team_B,Medium,P2
9017,Low,0.3,0.86,2,0.94,0.69,0.76,P2,Team_B,Medium,P2
9018,High,0.9,0.64,2,0.88,0.95,0.35,P1,Team_B,High,P1
9019,Low,0.3,0.27,4,0.85,0.77,0.75,P3,Team_A,Low,P3
9020,Low,0.3,0.37,4,0.68,0.28,0.58,P3,Team_A,Low,P3
9021,High,0.9,0.28,2,0.81,0.58,0.71,P2,Team_A,Medium,P2
9022,Low,0.3,0.46,1,0.92,0.82,0.59,P2,Team_A,Medium,P2
9023,Medium,0.6,0.77,3,0.85,0.94,0.38,P2,Team_C,Medium,P2
9024,Low,0.3,0.72,3,0.59,0.87,0.41,P2,Team_C,Medium,P2
9025,Medium,0.6,0.6,3,0.62,0.87,0.46,P2,Team_B,Medium,P2
9026,Medium,0.6,0.24,2,0.94,0.48,0.37,P2,Team_B,Medium,P2
9027,High,0.9,0.85,4,0.46,0.61,0.65,P1,Team_A,High,P1
9028,High,0.9,0.46,2,0.83,0.9,0.79,P2,Team_C,Medium,P2
9029,Low,0.3,0.66,2,0.84,0.59,0.41,P2,Team_A,Medium,P2
9030,High,0.9,0.29,4,0.62,0.63,0.95,P2,Team_A,Medium,P2
9031,Medium,0.6,0.72,2,0.77,0.94,0.94,P2,Team_C,Medium,P2
9032,Medium,0.6,0.11,3,0.89,0.84,0.59,P2,Team_C,Medium,P2
9033,Medium,0.6,0.16,4,0.48,0.74,0.94,P2,Team_A,Medium,P2
9034,Medium,0.6,0.54,4,0.9,0.75,1.0,P2,Team_C,Medium,P2
9035,High,0.9,0.45,3,0.58,0.92,0.49,P2,Team_C,Medium,P2
9036,Low,0.3,0.38,4,0.7,0.49,0.6,P3,Team_A,Low,P3
9037,Low,0.3,0.14,2,0.97,0.62,0.49,P3,Team_A,Low,P3
9038,Low,0.3,0.1,4,0.83,0.8,0.4,P3,Team_B,Low,P3
9039,Medium,0.6,0.46,2,0.87,0.66,0.53,P2,Team_B,Medium,P2
9040,Medium,0.6,0.92,4,0.65,0.53,0.63,P2,Team_B,Medium,P2
9041,Low,0.3,0.51,1,0.66,0.24,0.61,P2,Team_C,Medium,P2
9042,Medium,0.6,0.16,3,0.82,0.78,0.88,P2,Team_C,Medium,P2
9043,High,0.9,0.62,1,0.74,0.51,0.78,P1,Team_A,High,P1
9044,High,0.9,0.54,2,0.67,0.66,0.93,P2,Team_B,Medium,P2
9045,High,0.9,0.62,3,0.56,0.7,0.3,P1,Team_C,High,P1
9046,Medium,0.6,0.72,4,0.54,0.7,0.84,P2,Team_B,Medium,P2
9047,Medium,0.6,0.52,3,0.89,0.49,0.51,P2,Team_A,Medium,P2
9048,Medium,0.6,0.46,1,0.81,0.81,0.76,P2,Team_A,Medium,P2
9049,Medium,0.6,0.24,2,0.49,0.95,0.53,P2,Team_B,Medium,P2
9050,Medium,0.6,0.04,1,0.73,0.88,0.75,P2,Team_B,Medium,P2
9051,Low,0.3,0.19,2,0.34,0.75,0.49,P3,Team_C,Low,P3
9052,Low,0.3,0.82,1,0.71,0.39,0.48,P2,Team_C,Medium,P2
9053,Low,0.3,0.71,2,0.69,0.55,0.3,P2,Team_C,Medium,P2
9054,High,0.9,0.64,1,0.75,0.8,0.72,P1,Team_C,High,P1
9055,High,0.9,0.4,4,0.6,0.96,0.61,P2,Team_A,Medium,P2
9056,Low,0.3,0.74,2,0.79,0.47,0.86,P2,Team_C,Medium,P2
9057,Low,0.3,0.61,3,0.76,0.93,0.56,P2,Team_C,Medium,P2
9058,Low,0.3,0.82,2,0.74,0.87,0.52,P2,Team_C,Medium,P2
9059,Low,0.3,0.7,3,0.52,0.68,0.66,P2,Team_A,Medium,P2
9060,Low,0.3,0.63,2,0.95,0.89,0.61,P2,Team_C,Medium,P2
9061,Medium,0.6,0.68,3,0.71,0.72,0.54,P2,Team_C,Medium,P2
9062,Medium,0.6,0.88,4,0.68,0.58,0.57,P2,Team_B,Medium,P2
9063,High,0.9,0.37,3,0.65,0.93,0.67,P2,Team_B,Medium,P2
9064,Low,0.3,0.74,1,0.33,0.81,0.78,P2,Team_B,Medium,P2
9065,Low,0.3,0.59,4,0.67,0.76,0.98,P2,Team_B,Medium,P2
9066,Low,0.3,0.32,1,0.93,0.32,0.45,P3,Team_C,Low,P3
9067,Low,0.3,0.87,4,0.72,0.54,0.76,P2,Team_B,Medium,P2
9068,High,0.9,0.44,2,0.39,0.79,0.63,P2,Team_B,Medium,P2
9069,Low,0.3,0.18,4,0.6,0.59,0.8,P3,Team_C,Low,P3
9070,Low,0.3,0.87,3,0.97,0.79,0.37,P2,Team_C,Medium,P2
9071,High,0.9,0.88,1,0.79,0.54,0.79,P1,Team_B,High,P1
9072,Low,0.3,0.62,4,0.82,0.41,0.64,P2,Team_A,Medium,P2
9073,Low,0.3,0.25,1,0.78,0.55,0.39,P3,Team_A,Low,P3
9074,High,0.9,0.36,2,0.76,0.6,0.47,P2,Team_B,Medium,P2
9075,Medium,0.6,0.05,2,0.88,0.78,0.67,P2,Team_A,Medium,P2
9076,Low,0.3,0.26,2,0.8,0.8,0.52,P3,Team_C,Low,P3
9077,Medium,0.6,0.74,2,0.98,0.51,0.54,P2,Team_B,Medium,P2
9078,High,0.9,0.54,3,0.98,0.67,0.98,P2,Team_B,Medium,P2
9079,High,0.9,0.72,1,0.57,0.39,0.92,P1,Team_C,High,P1
9080,High,0.9,0.41,3,0.69,0.63,0.42,P2,Team_B,Medium,P2
9081,High,0.9,0.61,3,0.91,0.43,0.81,P1,Team_C,High,P1
9082,Low,0.3,0.46,4,0.66,0.82,0.4,P2,Team_C,Medium,P2
9083,Low,0.3,0.93,4,0.8,0.81,0.85,P2,Team_B,Medium,P2
9084,Medium,0.6,0.6,3,0.89,0.69,0.97,P2,Team_B,Medium,P2
9085,Low,0.3,0.69,3,0.53,0.86,0.95,P2,Team_B,Medium,P2
9086,Medium,0.6,0.82,4,0.5,0.4,0.32,P2,Team_C,Medium,P2
9087,High,0.9,0.44,3,0.76,0.85,0.38,P2,Team_B,Medium,P2
9088,Low,0.3,0.61,1,0.74,0.58,0.53,P2,Team_C,Medium,P2
9089,Low,0.3,0.63,1,0.82,0.72,0.65,P2,Team_C,Medium,P2
9090,High,0.9,0.68,1,0.65,0.96,0.49,P1,Team_B,High,P1
9091,Medium,0.6,0.58,4,0.81,0.65,0.48,P2,Team_C,Medium,P2
9092,Medium,0.6,0.72,4,0.84,0.42,0.32,P2,Team_C,Medium,P2
9093,Low,0.3,0.43,1,0.62,0.83,0.63,P2,Team_B,Medium,P2
9094,Medium,0.6,0.43,1,0.74,0.85,0.46,P2,Team_C,Medium,P2
9095,Medium,0.6,0.8,4,0.74,0.55,0.58,P2,Team_C,Medium,P2
9096,Low,0.3,0.64,2,0.91,0.43,0.4,P2,Team_B,Medium,P2
9097,Low,0.3,0.6,4,0.81,0.72,0.92,P2,Team_A,Medium,P2
9098,High,0.9,0.12,4,0.7,0.17,0.94,P2,Team_A,Medium,P2
9099,Medium,0.6,0.72,1,0.98,0.7,0.79,P2,Team_A,Medium,P2
9100,High,0.9,0.53,2,0.7,0.79,0.71,P2,Team_A,Medium,P2
9101,Low,0.3,0.21,1,0.95,0.83,0.37,P3,Team_A,Low,P3
9102,Medium,0.6,0.25,3,0.84,0.54,0.61,P2,Team_C,Medium,P2
9103,Low,0.3,0.35,3,0.48,0.38,0.93,P3,Team_A,Low,P3
9104,Medium,0.6,0.81,2,0.71,0.83,0.49,P2,Team_B,Medium,P2
9105,Medium,0.6,0.78,2,0.63,0.92,0.94,P2,Team_B,Medium,P2
9106,High,0.9,0.22,1,0.62,0.79,0.88,P2,Team_C,Medium,P2
9107,Low,0.3,0.52,4,0.61,0.91,0.34,P2,Team_B,Medium,P2
9108,High,0.9,0.52,4,0.74,0.73,0.34,P2,Team_C,Medium,P2
9109,Medium,0.6,0.33,1,0.74,0.69,0.57,P2,Team_C,Medium,P2
9110,High,0.9,0.59,2,0.88,0.8,0.94,P2,Team_C,Medium,P2
9111,Medium,0.6,0.33,1,0.89,0.76,0.31,P2,Team_C,Medium,P2
9112,Medium,0.6,0.72,2,0.87,0.51,0.72,P2,Team_A,Medium,P2
9113,Medium,0.6,0.17,2,0.73,0.55,0.88,P2,Team_B,Medium,P2
9114,Low,0.3,0.7,1,0.97,0.76,0.46,P2,Team_A,Medium,P2
9115,Low,0.3,0.76,1,0.64,0.82,0.87,P2,Team_B,Medium,P2
9116,High,0.9,0.21,3,0.7,0.32,0.87,P2,Team_A,Medium,P2
9117,High,0.9,0.49,4,0.58,0.69,0.49,P2,Team_C,Medium,P2
9118,Medium,0.6,0.17,2,0.41,0.65,0.94,P2,Team_B,Medium,P2
9119,Medium,0.6,0.53,2,0.73,0.85,0.37,P2,Team_A,Medium,P2
9120,High,0.9,0.24,4,0.7,0.49,0.38,P2,Team_A,Medium,P2
9121,Low,0.3,0.62,1,0.57,0.15,0.53,P2,Team_A,Medium,P2
9122,Medium,0.6,0.7,4,0.44,0.78,0.43,P2,Team_B,Medium,P2
9123,High,0.9,0.39,3,0.37,0.58,0.94,P2,Team_B,Medium,P2
9124,Low,0.3,0.27,3,0.61,0.26,0.66,P3,Team_A,Low,P3
9125,Medium,0.6,0.49,3,0.35,0.52,0.95,P2,Team_C,Medium,P2
9126,High,0.9,0.24,2,0.63,0.52,0.45,P2,Team_A,Medium,P2
9127,High,0.9,0.83,4,0.76,0.88,0.83,P1,Team_C,High,P1
9128,Low,0.3,0.17,3,0.76,0.87,0.82,P3,Team_A,Low,P3
9129,Medium,0.6,0.76,3,0.81,0.35,0.91,P2,Team_A,Medium,P2
9130,Low,0.3,0.36,3,0.61,0.45,0.99,P3,Team_B,Low,P3
9131,Low,0.3,0.15,3,0.97,0.71,0.81,P3,Team_B,Low,P3
9132,Medium,0.6,0.28,2,0.48,0.75,0.74,P2,Team_B,Medium,P2
9133,Low,0.3,0.1,3,0.55,0.8,0.74,P3,Team_B,Low,P3
9134,Medium,0.6,0.11,4,0.92,0.76,0.93,P2,Team_B,Medium,P2
9135,Low,0.3,0.46,4,0.43,0.4,0.95,P2,Team_B,Medium,P2
9136,Medium,0.6,0.37,2,0.62,0.41,0.61,P2,Team_C,Medium,P2
9137,Low,0.3,0.54,4,0.48,0.64,0.49,P2,Team_B,Medium,P2
9138,Medium,0.6,0.47,2,0.81,0.25,0.62,P2,Team_C,Medium,P2
9139,Low,0.3,0.34,3,0.93,0.67,0.67,P3,Team_B,Low,P3
9140,Low,0.3,0.53,1,0.69,0.42,0.35,P2,Team_B,Medium,P2
9141,Medium,0.6,0.48,4,0.89,0.8,0.73,P2,Team_B,Medium,P2
9142,Medium,0.6,0.27,1,0.78,0.97,0.98,P2,Team_C,Medium,P2
9143,Low,0.3,0.21,1,0.66,0.95,0.31,P3,Team_A,Low,P3
9144,Low,0.3,0.61,1,0.79,0.38,0.37,P2,Team_C,Medium,P2
9145,High,0.9,0.46,1,0.63,0.66,0.7,P2,Team_C,Medium,P2
9146,Medium,0.6,0.47,3,0.73,0.66,0.84,P2,Team_C,Medium,P2
9147,High,0.9,0.17,1,0.64,0.85,0.59,P2,Team_C,Medium,P2
9148,High,0.9,0.19,4,0.5,0.75,0.63,P2,Team_A,Medium,P2
9149,High,0.9,0.87,4,0.82,0.67,0.58,P1,Team_C,High,P1
9150,Low,0.3,0.17,3,0.88,0.87,0.49,P3,Team_B,Low,P3
9151,Medium,0.6,0.31,1,0.81,0.68,0.47,P2,Team_C,Medium,P2
9152,Low,0.3,0.42,3,0.57,0.56,0.71,P2,Team_A,Medium,P2
9153,High,0.9,0.56,1,0.71,0.44,0.34,P2,Team_C,Medium,P2
9154,Medium,0.6,0.58,4,0.74,0.84,0.89,P2,Team_B,Medium,P2
9155,Medium,0.6,0.61,3,0.72,0.66,0.7,P2,Team_C,Medium,P2
9156,Low,0.3,0.07,1,0.7,0.5,0.79,P3,Team_C,Low,P3
9157,Medium,0.6,0.15,1,0.55,0.81,0.53,P2,Team_A,Medium,P2
9158,Medium,0.6,0.78,1,0.61,0.38,0.62,P2,Team_C,Medium,P2
9159,Medium,0.6,0.76,2,0.94,0.93,0.45,P2,Team_A,Medium,P2
9160,High,0.9,0.51,2,0.67,0.66,0.96,P2,Team_C,Medium,P2
9161,Medium,0.6,0.41,1,0.69,0.55,0.69,P2,Team_C,Medium,P2
9162,Medium,0.6,0.55,1,0.81,0.8,0.9,P2,Team_C,Medium,P2
9163,Low,0.3,0.12,3,0.68,0.61,0.49,P3,Team_A,Low,P3
9164,Low,0.3,0.82,1,0.87,0.86,0.61,P2,Team_A,Medium,P2
9165,High,0.9,0.58,3,0.98,0.73,0.67,P2,Team_A,Medium,P2
9166,Medium,0.6,0.3,4,0.65,0.94,0.45,P2,Team_A,Medium,P2
9167,High,0.9,0.41,2,0.88,0.9,0.94,P2,Team_C,Medium,P2
9168,Low,0.3,0.79,1,0.87,0.6,0.96,P2,Team_A,Medium,P2
9169,High,0.9,0.88,2,0.85,0.69,0.58,P1,Team_A,High,P1
9170,Medium,0.6,0.56,1,0.63,0.71,0.44,P2,Team_B,Medium,P2
9171,High,0.9,0.34,1,0.59,0.75,0.33,P2,Team_B,Medium,P2
9172,Low,0.3,0.87,1,0.77,0.85,0.42,P2,Team_B,Medium,P2
9173,Low,0.3,0.48,4,0.85,0.96,0.86,P2,Team_A,Medium,P2
9174,High,0.9,0.62,2,0.68,0.48,0.8,P1,Team_B,High,P1
9175,Low,0.3,0.17,2,0.81,0.88,0.95,P3,Team_B,Low,P3
9176,Low,0.3,0.83,4,0.62,0.48,0.34,P2,Team_C,Medium,P2
9177,Medium,0.6,0.1,4,0.44,0.23,0.32,P2,Team_B,Medium,P2
9178,Low,0.3,0.93,4,0.68,0.76,0.59,P2,Team_A,Medium,P2
9179,Low,0.3,0.62,3,0.86,0.53,0.36,P2,Team_B,Medium,P2
9180,Low,0.3,0.66,2,0.68,0.5,0.7,P2,Team_A,Medium,P2
9181,Medium,0.6,0.65,4,0.92,0.79,0.65,P2,Team_A,Medium,P2
9182,Medium,0.6,0.35,2,0.8,0.86,0.89,P2,Team_A,Medium,P2
9183,Low,0.3,0.28,3,0.81,0.48,0.33,P3,Team_A,Low,P3
9184,Low,0.3,0.85,4,0.83,0.97,1.0,P2,Team_A,Medium,P2
9185,High,0.9,0.28,2,0.74,0.62,0.44,P2,Team_C,Medium,P2
9186,Medium,0.6,0.57,2,0.59,0.64,0.82,P2,Team_A,Medium,P2
9187,Medium,0.6,0.54,3,0.25,0.75,0.51,P2,Team_A,Medium,P2
9188,Low,0.3,0.24,4,0.79,0.89,0.87,P3,Team_B,Low,P3
9189,High,0.9,0.29,3,0.73,0.41,0.92,P2,Team_C,Medium,P2
9190,Low,0.3,0.37,1,0.8,0.34,0.33,P3,Team_B,Low,P3
9191,High,0.9,0.49,1,0.9,0.46,0.49,P2,Team_A,Medium,P2
9192,Low,0.3,0.69,2,0.75,0.6,0.65,P2,Team_C,Medium,P2
9193,Low,0.3,0.28,2,0.72,0.46,0.8,P3,Team_C,Low,P3
9194,High,0.9,0.43,1,0.67,0.65,0.63,P2,Team_C,Medium,P2
9195,Medium,0.6,0.53,3,0.45,0.58,0.8,P2,Team_B,Medium,P2
9196,High,0.9,0.89,4,0.79,0.67,0.47,P1,Team_A,High,P1
9197,Medium,0.6,0.19,4,0.9,0.56,0.33,P2,Team_A,Medium,P2
9198,Low,0.3,0.59,4,0.71,0.84,0.98,P2,Team_A,Medium,P2
9199,Low,0.3,0.34,1,0.63,0.85,0.53,P3,Team_C,Low,P3
9200,Low,0.3,0.41,4,0.64,0.98,0.61,P2,Team_A,Medium,P2
9201,High,0.9,0.09,4,0.85,0.9,0.91,P2,Team_A,Medium,P2
9202,High,0.9,0.36,1,0.65,0.89,0.94,P2,Team_A,Medium,P2
9203,Medium,0.6,0.58,3,0.46,0.76,0.75,P2,Team_B,Medium,P2
9204,Medium,0.6,0.78,2,0.69,0.66,0.39,P2,Team_A,Medium,P2
9205,Low,0.3,0.44,2,0.85,0.85,0.44,P2,Team_C,Medium,P2
9206,Low,0.3,0.37,3,0.77,0.85,0.79,P3,Team_A,Low,P3
9207,Medium,0.6,0.58,1,0.91,0.52,0.64,P2,Team_B,Medium,P2
9208,High,0.9,0.89,1,0.49,0.79,0.37,P1,Team_A,High,P1
9209,Low,0.3,0.72,3,0.93,0.52,0.38,P2,Team_A,Medium,P2
9210,Low,0.3,0.23,4,0.79,0.71,0.6,P3,Team_C,Low,P3
9211,Medium,0.6,0.7,4,0.73,0.86,0.68,P2,Team_B,Medium,P2
9212,Low,0.3,0.83,4,0.56,0.67,0.49,P2,Team_A,Medium,P2
9213,High,0.9,0.6,1,0.66,0.79,0.44,P2,Team_C,Medium,P2
9214,Medium,0.6,0.43,3,0.75,0.69,0.69,P2,Team_A,Medium,P2
9215,Medium,0.6,0.47,3,0.82,0.77,0.65,P2,Team_A,Medium,P2
9216,Low,0.3,0.54,1,0.78,0.86,0.43,P2,Team_A,Medium,P2
9217,Medium,0.6,0.51,2,0.68,0.47,0.48,P2,Team_A,Medium,P2
9218,High,0.9,0.16,1,0.78,0.68,0.31,P2,Team_B,Medium,P2
9219,Low,0.3,0.23,2,0.69,0.66,0.85,P3,Team_A,Low,P3
9220,Medium,0.6,0.35,3,0.45,0.58,0.44,P2,Team_A,Medium,P2
9221,High,0.9,0.75,3,0.79,0.44,0.92,P1,Team_A,High,P1
9222,Medium,0.6,0.34,1,0.65,0.58,0.38,P2,Team_B,Medium,P2
9223,Medium,0.6,0.52,4,0.88,0.89,0.72,P2,Team_A,Medium,P2
9224,Low,0.3,0.2,3,0.96,0.51,0.66,P3,Team_B,Low,P3
9225,Medium,0.6,0.54,3,0.89,0.91,0.86,P2,Team_B,Medium,P2
9226,High,0.9,0.98,3,0.92,0.6,0.81,P1,Team_B,High,P1
9227,Low,0.3,0.87,4,0.79,0.3,0.86,P2,Team_A,Medium,P2
9228,Low,0.3,0.28,4,0.86,0.33,0.91,P3,Team_A,Low,P3
9229,Low,0.3,0.21,2,0.81,0.9,0.79,P3,Team_A,Low,P3
9230,Medium,0.6,0.49,4,0.82,0.92,0.43,P2,Team_B,Medium,P2
9231,Low,0.3,0.5,4,0.65,0.59,0.82,P2,Team_B,Medium,P2
9232,Low,0.3,0.54,2,0.82,0.46,0.59,P2,Team_C,Medium,P2
9233,Low,0.3,0.58,1,0.84,0.99,0.75,P2,Team_C,Medium,P2
9234,Medium,0.6,0.16,3,0.69,0.61,0.61,P2,Team_B,Medium,P2
9235,Medium,0.6,0.69,4,0.8,0.71,0.48,P2,Team_C,Medium,P2
9236,High,0.9,0.49,1,0.91,0.6,0.85,P2,Team_B,Medium,P2
9237,Low,0.3,0.84,1,0.39,0.68,0.88,P2,Team_B,Medium,P2
9238,Low,0.3,0.15,2,0.89,0.72,0.34,P3,Team_C,Low,P3
9239,Medium,0.6,0.64,1,0.7,0.89,0.53,P2,Team_B,Medium,P2
9240,Low,0.3,0.45,2,0.74,0.56,0.43,P2,Team_A,Medium,P2
9241,Low,0.3,0.43,2,0.79,0.76,0.76,P2,Team_B,Medium,P2
9242,Medium,0.6,0.31,3,0.81,0.87,0.4,P2,Team_A,Medium,P2
9243,Low,0.3,0.69,1,0.61,0.54,0.81,P2,Team_C,Medium,P2
9244,High,0.9,0.48,2,0.82,0.96,0.54,P2,Team_B,Medium,P2
9245,Low,0.3,0.57,4,0.9,0.86,0.49,P2,Team_A,Medium,P2
9246,Low,0.3,0.77,3,0.96,0.74,0.8,P2,Team_B,Medium,P2
9247,High,0.9,0.29,3,0.97,0.79,1.0,P2,Team_B,Medium,P2
9248,Medium,0.6,0.5,2,0.92,0.54,0.91,P2,Team_C,Medium,P2
9249,Medium,0.6,0.9,2,0.69,0.85,0.57,P2,Team_A,Medium,P2
9250,High,0.9,0.38,1,0.3,0.37,0.99,P2,Team_B,Medium,P2
9251,Medium,0.6,0.84,1,0.97,0.59,0.72,P2,Team_A,Medium,P2
9252,High,0.9,0.73,1,0.94,0.23,0.47,P1,Team_B,High,P1
9253,Medium,0.6,0.6,2,0.75,0.56,0.45,P2,Team_C,Medium,P2
9254,Low,0.3,0.2,4,0.71,0.79,0.49,P3,Team_B,Low,P3
9255,High,0.9,0.68,3,0.86,0.45,0.83,P1,Team_B,High,P1
9256,High,0.9,0.31,3,0.85,0.51,0.53,P2,Team_C,Medium,P2
9257,Low,0.3,0.4,1,0.56,0.69,0.8,P2,Team_B,Medium,P2
9258,High,0.9,0.57,2,0.71,0.66,0.8,P2,Team_A,Medium,P2
9259,Medium,0.6,0.13,3,0.59,0.7,0.95,P2,Team_B,Medium,P2
9260,Low,0.3,0.44,1,0.61,0.84,0.9,P2,Team_A,Medium,P2
9261,Medium,0.6,0.62,4,0.58,0.54,0.35,P2,Team_B,Medium,P2
9262,Low,0.3,0.76,2,0.82,0.45,0.61,P2,Team_A,Medium,P2
9263,Low,0.3,0.71,4,0.8,0.67,0.47,P2,Team_A,Medium,P2
9264,Low,0.3,0.27,4,0.69,0.65,0.95,P3,Team_B,Low,P3
9265,Low,0.3,0.34,1,0.8,0.95,0.94,P3,Team_C,Low,P3
9266,Low,0.3,0.33,3,0.61,0.65,0.38,P3,Team_A,Low,P3
9267,Low,0.3,0.2,1,0.7,0.85,0.95,P3,Team_B,Low,P3
9268,High,0.9,0.2,3,0.86,0.91,0.88,P2,Team_B,Medium,P2
9269,Low,0.3,0.32,2,0.76,0.81,0.75,P3,Team_B,Low,P3
9270,High,0.9,0.28,3,0.6,0.56,0.76,P2,Team_B,Medium,P2
9271,High,0.9,0.47,1,0.74,0.77,0.58,P2,Team_A,Medium,P2
9272,High,0.9,0.65,2,0.83,0.93,0.81,P1,Team_C,High,P1
9273,Low,0.3,0.55,4,0.79,0.49,0.5,P2,Team_C,Medium,P2
9274,Medium,0.6,0.62,2,0.76,0.57,0.95,P2,Team_A,Medium,P2
9275,Low,0.3,0.41,2,0.46,0.6,0.62,P2,Team_B,Medium,P2
9276,Low,0.3,0.86,1,0.69,0.7,0.88,P2,Team_B,Medium,P2
9277,High,0.9,0.31,1,0.4,0.53,0.63,P2,Team_B,Medium,P2
9278,Low,0.3,0.45,3,0.67,0.71,0.64,P2,Team_A,Medium,P2
9279,Low,0.3,0.48,1,0.64,0.4,0.45,P2,Team_C,Medium,P2
9280,Medium,0.6,0.82,2,0.64,0.55,0.71,P2,Team_A,Medium,P2
9281,High,0.9,0.22,2,0.96,0.75,0.38,P2,Team_C,Medium,P2
9282,Medium,0.6,0.86,3,0.93,0.46,0.32,P2,Team_B,Medium,P2
9283,Medium,0.6,0.44,3,0.7,0.96,0.61,P2,Team_B,Medium,P2
9284,High,0.9,0.78,2,0.75,0.89,0.89,P1,Team_A,High,P1
9285,Low,0.3,0.72,2,0.49,0.69,0.97,P2,Team_B,Medium,P2
9286,High,0.9,0.13,2,0.63,0.84,0.37,P2,Team_B,Medium,P2
9287,Medium,0.6,0.19,4,0.59,0.64,0.94,P2,Team_A,Medium,P2
9288,Medium,0.6,0.21,3,0.65,0.7,0.36,P2,Team_C,Medium,P2
9289,Medium,0.6,0.66,4,0.72,0.57,0.41,P2,Team_B,Medium,P2
9290,Low,0.3,0.2,2,0.77,0.66,0.81,P3,Team_A,Low,P3
9291,Low,0.3,0.48,4,0.65,0.84,0.94,P2,Team_B,Medium,P2
9292,Low,0.3,0.23,2,0.75,0.39,0.36,P3,Team_A,Low,P3
9293,Medium,0.6,0.55,3,0.62,0.71,0.34,P2,Team_A,Medium,P2
9294,High,0.9,0.44,2,0.63,0.32,0.52,P2,Team_C,Medium,P2
9295,Low,0.3,0.8,2,0.59,0.7,0.95,P2,Team_A,Medium,P2
9296,Medium,0.6,0.68,2,0.71,0.79,0.48,P2,Team_B,Medium,P2
9297,Medium,0.6,0.34,2,0.71,0.49,0.46,P2,Team_B,Medium,P2
9298,Low,0.3,0.14,1,0.86,0.86,0.64,P3,Team_A,Low,P3
9299,Low,0.3,0.36,2,0.7,0.63,0.83,P3,Team_B,Low,P3
9300,Low,0.3,0.56,4,0.89,0.73,0.83,P2,Team_B,Medium,P2
9301,Low,0.3,0.48,3,0.71,0.64,0.87,P2,Team_A,Medium,P2
9302,Low,0.3,0.69,4,0.94,0.48,0.89,P2,Team_C,Medium,P2
9303,High,0.9,0.72,1,0.65,0.6,0.79,P1,Team_A,High,P1
9304,Medium,0.6,0.54,1,0.38,0.61,0.46,P2,Team_C,Medium,P2
9305,High,0.9,0.41,4,0.81,0.77,0.95,P2,Team_A,Medium,P2
9306,Low,0.3,0.83,4,0.52,0.82,0.73,P2,Team_B,Medium,P2
9307,Low,0.3,0.54,1,0.86,0.98,0.53,P2,Team_A,Medium,P2
9308,Medium,0.6,0.36,1,0.83,0.36,0.67,P2,Team_B,Medium,P2
9309,Low,0.3,0.47,2,0.64,0.89,0.91,P2,Team_A,Medium,P2
9310,Medium,0.6,0.12,2,0.65,0.65,0.35,P2,Team_B,Medium,P2
9311,Medium,0.6,0.61,4,0.64,0.91,0.83,P2,Team_C,Medium,P2
9312,Medium,0.6,0.75,2,0.86,0.45,0.73,P2,Team_B,Medium,P2
9313,High,0.9,0.58,1,0.73,0.76,0.6,P2,Team_C,Medium,P2
9314,Low,0.3,0.79,3,0.8,0.74,0.52,P2,Team_A,Medium,P2
9315,Low,0.3,0.25,2,0.51,0.46,0.31,P3,Team_A,Low,P3
9316,Medium,0.6,0.9,3,0.56,0.36,0.5,P2,Team_B,Medium,P2
9317,High,0.9,0.59,3,0.32,0.17,0.35,P2,Team_B,Medium,P2
9318,Medium,0.6,0.54,3,0.96,0.77,0.89,P2,Team_C,Medium,P2
9319,High,0.9,0.9,1,0.54,0.56,0.34,P1,Team_A,High,P1
9320,Low,0.3,0.81,2,0.75,0.74,0.45,P2,Team_C,Medium,P2
9321,High,0.9,0.2,4,0.71,0.53,0.93,P2,Team_B,Medium,P2
9322,Low,0.3,0.44,4,0.75,0.91,0.62,P2,Team_A,Medium,P2
9323,Low,0.3,0.44,2,0.7,0.52,0.36,P2,Team_C,Medium,P2
9324,High,0.9,0.38,3,0.91,0.88,0.93,P2,Team_B,Medium,P2
9325,Low,0.3,0.82,3,0.52,0.69,0.86,P2,Team_A,Medium,P2
9326,Medium,0.6,0.32,2,0.83,0.72,0.48,P2,Team_C,Medium,P2
9327,High,0.9,0.88,1,0.94,0.94,0.86,P1,Team_A,High,P1
9328,Low,0.3,0.63,1,0.72,0.77,0.69,P2,Team_B,Medium,P2
9329,Low,0.3,0.56,3,0.67,0.45,0.48,P2,Team_C,Medium,P2
9330,Low,0.3,0.47,2,0.7,0.54,0.34,P2,Team_C,Medium,P2
9331,Low,0.3,0.76,1,0.87,0.69,0.98,P2,Team_B,Medium,P2
9332,High,0.9,0.71,2,0.58,0.39,0.66,P1,Team_B,High,P1
9333,Low,0.3,0.6,4,0.52,0.74,0.34,P2,Team_C,Medium,P2
9334,High,0.9,0.52,4,0.83,0.46,0.81,P2,Team_C,Medium,P2
9335,Medium,0.6,0.83,3,0.95,0.96,0.5,P2,Team_A,Medium,P2
9336,Medium,0.6,0.47,4,0.79,0.5,0.51,P2,Team_A,Medium,P2
9337,High,0.9,0.38,1,0.97,0.59,0.39,P2,Team_A,Medium,P2
9338,Medium,0.6,0.5,1,0.81,0.97,0.83,P2,Team_C,Medium,P2
9339,High,0.9,0.42,4,0.72,0.6,0.43,P2,Team_C,Medium,P2
9340,Low,0.3,0.44,4,0.53,0.56,0.85,P2,Team_B,Medium,P2
9341,Medium,0.6,0.75,3,0.77,0.6,0.92,P2,Team_C,Medium,P2
9342,Low,0.3,0.16,2,0.72,0.5,0.97,P3,Team_C,Low,P3
9343,Medium,0.6,0.34,2,0.95,0.5,0.34,P2,Team_A,Medium,P2
9344,Low,0.3,0.92,1,0.88,0.74,0.94,P2,Team_B,Medium,P2
9345,Low,0.3,0.35,2,0.94,0.56,0.89,P3,Team_A,Low,P3
9346,High,0.9,0.74,2,0.59,0.9,0.56,P1,Team_A,High,P1
9347,Low,0.3,0.24,2,0.84,0.74,0.39,P3,Team_C,Low,P3
9348,High,0.9,0.44,2,0.86,0.83,0.93,P2,Team_B,Medium,P2
9349,Low,0.3,0.54,3,0.94,0.83,0.55,P2,Team_A,Medium,P2
9350,High,0.9,0.44,3,0.8,0.56,0.48,P2,Team_B,Medium,P2
9351,Medium,0.6,0.42,3,0.67,0.29,0.87,P2,Team_B,Medium,P2
9352,Medium,0.6,0.7,2,0.85,0.76,0.78,P2,Team_B,Medium,P2
9353,Low,0.3,0.65,2,0.82,0.41,0.56,P2,Team_B,Medium,P2
9354,Medium,0.6,0.25,1,0.91,0.76,0.66,P2,Team_B,Medium,P2
9355,High,0.9,0.4,2,0.59,0.43,0.51,P2,Team_B,Medium,P2
9356,High,0.9,0.15,2,0.76,0.23,0.5,P2,Team_A,Medium,P2
9357,High,0.9,0.11,4,0.67,0.4,0.43,P2,Team_B,Medium,P2
9358,High,0.9,0.59,1,0.87,0.57,0.78,P2,Team_A,Medium,P2
9359,Low,0.3,0.97,1,0.53,0.97,0.81,P2,Team_B,Medium,P2
9360,Low,0.3,0.63,1,0.45,0.55,0.84,P2,Team_C,Medium,P2
9361,Low,0.3,0.65,1,0.91,0.68,0.89,P2,Team_A,Medium,P2
9362,Medium,0.6,0.57,2,0.54,0.51,0.43,P2,Team_B,Medium,P2
9363,High,0.9,0.25,3,0.62,0.6,0.43,P2,Team_C,Medium,P2
9364,Low,0.3,0.2,2,0.91,0.67,0.48,P3,Team_C,Low,P3
9365,Low,0.3,0.35,2,0.92,0.94,0.71,P3,Team_A,Low,P3
9366,High,0.9,0.25,3,0.93,0.83,1.0,P2,Team_B,Medium,P2
9367,Medium,0.6,0.56,1,0.9,0.8,0.59,P2,Team_A,Medium,P2
9368,Low,0.3,0.18,4,0.36,0.59,0.68,P3,Team_A,Low,P3
9369,Medium,0.6,0.52,1,0.92,0.48,0.34,P2,Team_B,Medium,P2
9370,Medium,0.6,0.51,2,0.84,0.5,0.54,P2,Team_B,Medium,P2
9371,Medium,0.6,0.15,3,0.86,0.54,0.77,P2,Team_C,Medium,P2
9372,Low,0.3,0.43,3,0.9,0.59,0.47,P2,Team_C,Medium,P2
9373,Low,0.3,0.19,1,0.84,0.7,0.49,P3,Team_A,Low,P3
9374,High,0.9,0.29,1,0.63,0.78,0.47,P2,Team_A,Medium,P2
9375,Low,0.3,0.07,2,0.8,0.65,0.38,P3,Team_C,Low,P3
9376,High,0.9,0.49,2,0.91,0.68,0.86,P2,Team_C,Medium,P2
9377,Medium,0.6,0.67,1,0.81,0.85,0.79,P2,Team_B,Medium,P2
9378,Medium,0.6,0.76,1,0.77,0.45,0.93,P2,Team_A,Medium,P2
9379,Low,0.3,0.82,4,0.8,0.75,0.74,P2,Team_C,Medium,P2
9380,Medium,0.6,0.18,2,0.71,0.32,0.95,P2,Team_A,Medium,P2
9381,Medium,0.6,0.59,3,0.69,0.76,0.51,P2,Team_B,Medium,P2
9382,Low,0.3,0.31,2,0.73,0.82,0.88,P3,Team_B,Low,P3
9383,High,0.9,0.37,2,0.44,0.93,0.91,P2,Team_C,Medium,P2
9384,High,0.9,0.75,2,0.78,0.71,0.34,P1,Team_B,High,P1
9385,Medium,0.6,0.63,1,0.77,0.66,0.66,P2,Team_C,Medium,P2
9386,Low,0.3,0.67,1,0.33,0.87,0.86,P2,Team_A,Medium,P2
9387,Medium,0.6,0.45,4,0.9,0.83,0.96,P2,Team_C,Medium,P2
9388,High,0.9,0.63,3,0.75,0.56,0.81,P1,Team_C,High,P1
9389,Medium,0.6,0.86,4,0.63,0.78,0.33,P2,Team_B,Medium,P2
9390,Low,0.3,0.23,2,0.39,0.59,0.38,P3,Team_C,Low,P3
9391,Low,0.3,0.74,2,0.6,0.4,0.76,P2,Team_C,Medium,P2
9392,High,0.9,0.64,1,0.78,0.68,0.58,P1,Team_A,High,P1
9393,Medium,0.6,0.31,4,0.95,0.82,0.67,P2,Team_A,Medium,P2
9394,High,0.9,0.27,2,0.65,0.8,0.69,P2,Team_B,Medium,P2
9395,Medium,0.6,0.59,4,0.91,0.7,0.53,P2,Team_B,Medium,P2
9396,Low,0.3,0.26,1,0.67,0.76,0.87,P3,Team_B,Low,P3
9397,Low,0.3,0.65,4,0.88,0.36,0.4,P2,Team_C,Medium,P2
9398,High,0.9,0.5,4,0.51,0.33,0.71,P2,Team_B,Medium,P2
9399,Low,0.3,0.56,3,0.73,0.72,0.84,P2,Team_C,Medium,P2
9400,Medium,0.6,0.49,2,0.47,0.64,0.55,P2,Team_B,Medium,P2
9401,Medium,0.6,0.59,4,0.92,0.86,0.53,P2,Team_C,Medium,P2
9402,High,0.9,0.19,2,0.72,0.95,0.79,P2,Team_A,Medium,P2
9403,High,0.9,0.34,4,0.83,0.98,0.7,P2,Team_C,Medium,P2
9404,Low,0.3,0.36,2,0.83,0.48,0.48,P3,Team_B,Low,P3
9405,High,0.9,0.63,3,0.67,0.75,0.76,P1,Team_B,High,P1
9406,Low,0.3,0.26,4,0.88,0.61,0.72,P3,Team_B,Low,P3
9407,High,0.9,0.33,1,0.48,0.7,0.91,P2,Team_C,Medium,P2
9408,High,0.9,0.54,4,0.92,0.75,0.55,P2,Team_C,Medium,P2
9409,Low,0.3,0.4,4,0.34,0.55,0.65,P2,Team_A,Medium,P2
9410,Low,0.3,0.35,4,0.52,0.64,0.99,P3,Team_A,Low,P3
9411,Medium,0.6,0.63,1,0.76,0.81,0.62,P2,Team_A,Medium,P2
9412,Medium,0.6,0.74,4,0.83,0.7,0.77,P2,Team_C,Medium,P2
9413,Low,0.3,0.68,3,0.74,0.94,0.92,P2,Team_C,Medium,P2
9414,Low,0.3,0.26,4,0.66,0.37,0.89,P3,Team_B,Low,P3
9415,High,0.9,0.58,4,0.9,0.58,0.39,P2,Team_B,Medium,P2
9416,High,0.9,0.19,1,0.83,0.81,0.75,P2,Team_B,Medium,P2
9417,Low,0.3,0.48,4,0.93,0.61,0.53,P2,Team_A,Medium,P2
9418,Low,0.3,0.62,4,0.8,0.35,0.4,P2,Team_A,Medium,P2
9419,High,0.9,0.68,3,0.97,0.79,0.63,P1,Team_C,High,P1
9420,Low,0.3,0.31,3,0.65,0.82,0.78,P3,Team_C,Low,P3
9421,Medium,0.6,0.02,3,0.81,0.58,0.69,P2,Team_A,Medium,P2
9422,Low,0.3,0.72,3,0.87,0.63,0.86,P2,Team_B,Medium,P2
9423,High,0.9,0.34,2,0.24,0.68,0.53,P2,Team_A,Medium,P2
9424,Low,0.3,0.49,3,0.79,0.74,0.82,P2,Team_B,Medium,P2
9425,High,0.9,0.49,3,0.47,0.85,0.34,P2,Team_C,Medium,P2
9426,High,0.9,0.52,3,0.76,0.75,0.31,P2,Team_A,Medium,P2
9427,Medium,0.6,0.55,1,0.65,0.5,0.38,P2,Team_C,Medium,P2
9428,High,0.9,0.7,1,0.88,0.9,0.89,P1,Team_A,High,P1
9429,Low,0.3,0.58,1,0.73,0.18,0.33,P2,Team_B,Medium,P2
9430,Medium,0.6,0.69,1,0.57,0.84,0.41,P2,Team_B,Medium,P2
9431,Low,0.3,0.66,1,0.71,0.7,0.89,P2,Team_B,Medium,P2
9432,Medium,0.6,0.46,3,0.94,0.93,0.58,P2,Team_C,Medium,P2
9433,Medium,0.6,0.13,4,0.83,0.84,0.48,P2,Team_A,Medium,P2
9434,High,0.9,0.25,1,0.56,0.8,0.75,P2,Team_A,Medium,P2
9435,Low,0.3,0.46,1,0.57,0.8,0.48,P2,Team_B,Medium,P2
9436,Low,0.3,0.41,3,0.4,0.58,0.83,P2,Team_A,Medium,P2
9437,Medium,0.6,0.7,3,0.61,0.6,0.64,P2,Team_C,Medium,P2
9438,Low,0.3,0.28,2,0.58,0.82,0.76,P3,Team_C,Low,P3
9439,High,0.9,0.03,2,0.72,0.67,0.6,P2,Team_C,Medium,P2
9440,High,0.9,0.43,3,0.71,0.37,0.41,P2,Team_C,Medium,P2
9441,Low,0.3,0.18,3,0.87,0.72,0.46,P3,Team_B,Low,P3
9442,Low,0.3,0.51,1,0.5,0.82,0.5,P2,Team_B,Medium,P2
9443,Low,0.3,0.4,4,0.76,0.33,0.8,P2,Team_A,Medium,P2
9444,High,0.9,0.36,2,0.72,0.85,0.47,P2,Team_A,Medium,P2
9445,Medium,0.6,0.41,1,0.6,0.86,0.92,P2,Team_A,Medium,P2
9446,High,0.9,0.59,2,0.73,0.5,0.55,P2,Team_B,Medium,P2
9447,High,0.9,0.6,3,0.83,0.72,0.64,P2,Team_B,Medium,P2
9448,Medium,0.6,0.26,2,0.47,0.79,0.86,P2,Team_C,Medium,P2
9449,Medium,0.6,0.56,3,0.82,0.7,0.92,P2,Team_A,Medium,P2
9450,Low,0.3,0.98,1,0.54,0.74,0.85,P2,Team_C,Medium,P2
9451,High,0.9,0.3,1,0.43,0.9,0.75,P2,Team_A,Medium,P2
9452,Medium,0.6,0.5,3,0.61,0.69,0.81,P2,Team_C,Medium,P2
9453,Medium,0.6,0.39,2,0.92,0.23,0.61,P2,Team_A,Medium,P2
9454,Low,0.3,0.63,1,0.49,0.92,0.38,P2,Team_A,Medium,P2
9455,Medium,0.6,0.71,1,0.67,0.8,0.59,P2,Team_A,Medium,P2
9456,Medium,0.6,0.45,3,0.4,0.51,0.85,P2,Team_C,Medium,P2
9457,Low,0.3,0.59,2,0.78,0.12,0.57,P2,Team_B,Medium,P2
9458,Medium,0.6,0.7,1,0.84,0.96,0.91,P2,Team_B,Medium,P2
9459,Medium,0.6,0.63,4,0.89,0.81,0.51,P2,Team_A,Medium,P2
9460,Low,0.3,0.46,1,0.56,0.75,0.67,P2,Team_A,Medium,P2
9461,High,0.9,0.72,2,0.6,0.23,0.47,P1,Team_C,High,P1
9462,Low,0.3,0.63,4,0.46,0.8,0.65,P2,Team_A,Medium,P2
9463,Medium,0.6,0.13,2,0.79,0.64,0.56,P2,Team_C,Medium,P2
9464,Low,0.3,0.69,3,0.67,0.7,0.5,P2,Team_C,Medium,P2
9465,Medium,0.6,0.66,2,0.65,0.8,0.83,P2,Team_B,Medium,P2
9466,Low,0.3,0.78,3,0.6,0.71,0.71,P2,Team_B,Medium,P2
9467,Medium,0.6,0.68,4,0.3,0.64,0.9,P2,Team_C,Medium,P2
9468,High,0.9,0.24,2,0.86,0.45,0.72,P2,Team_A,Medium,P2
9469,Low,0.3,0.33,4,0.78,0.5,0.52,P3,Team_B,Low,P3
9470,Low,0.3,0.2,4,0.48,0.62,0.54,P3,Team_B,Low,P3
9471,Medium,0.6,0.67,4,0.32,0.62,0.7,P2,Team_C,Medium,P2
9472,High,0.9,0.58,4,0.81,0.74,0.35,P2,Team_C,Medium,P2
9473,Medium,0.6,0.34,1,0.37,0.32,0.58,P2,Team_B,Medium,P2
9474,Medium,0.6,0.74,4,0.83,0.74,0.66,P2,Team_A,Medium,P2
9475,Medium,0.6,0.41,2,0.68,0.56,0.84,P2,Team_B,Medium,P2
9476,Medium,0.6,0.35,2,0.84,0.73,0.78,P2,Team_C,Medium,P2
9477,Low,0.3,0.12,2,0.81,0.64,0.37,P3,Team_A,Low,P3
9478,High,0.9,0.53,2,0.78,0.92,0.75,P2,Team_A,Medium,P2
9479,Low,0.3,0.66,3,0.95,0.68,0.7,P2,Team_A,Medium,P2
9480,Low,0.3,0.95,4,0.78,0.9,0.32,P2,Team_C,Medium,P2
9481,High,0.9,0.53,1,0.9,0.47,1.0,P2,Team_A,Medium,P2
9482,Medium,0.6,0.64,3,0.65,0.96,0.98,P2,Team_C,Medium,P2
9483,High,0.9,0.34,4,0.61,0.22,0.99,P2,Team_A,Medium,P2
9484,Medium,0.6,0.59,4,0.84,0.91,0.69,P2,Team_A,Medium,P2
9485,High,0.9,0.38,1,0.96,0.33,0.87,P2,Team_A,Medium,P2
9486,Medium,0.6,0.08,1,0.69,0.93,0.48,P2,Team_A,Medium,P2
9487,Medium,0.6,0.49,1,0.59,0.38,0.43,P2,Team_B,Medium,P2
9488,Medium,0.6,0.38,3,0.91,0.72,0.49,P2,Team_B,Medium,P2
9489,Medium,0.6,0.43,4,0.87,0.74,0.54,P2,Team_A,Medium,P2
9490,High,0.9,0.37,4,0.89,0.37,0.31,P2,Team_B,Medium,P2
9491,Medium,0.6,0.55,2,0.44,0.32,0.38,P2,Team_C,Medium,P2
9492,Medium,0.6,0.29,4,0.69,0.66,0.31,P2,Team_A,Medium,P2
9493,Medium,0.6,0.34,1,0.24,0.84,0.38,P2,Team_A,Medium,P2
9494,Low,0.3,0.57,3,0.58,0.72,0.69,P2,Team_C,Medium,P2
9495,High,0.9,0.9,4,0.96,0.34,0.34,P1,Team_B,High,P1
9496,Low,0.3,0.06,3,0.88,0.69,0.45,P3,Team_A,Low,P3
9497,Low,0.3,0.54,2,0.97,0.94,0.79,P2,Team_B,Medium,P2
9498,High,0.9,0.42,4,0.81,0.79,0.41,P2,Team_C,Medium,P2
9499,Low,0.3,0.41,1,0.49,0.96,0.72,P2,Team_C,Medium,P2
9500,High,0.9,0.63,1,0.88,0.7,0.34,P1,Team_C,High,P1
9501,Low,0.3,0.77,2,0.66,0.64,0.33,P2,Team_C,Medium,P2
9502,Medium,0.6,0.15,2,0.42,0.97,0.87,P2,Team_C,Medium,P2
9503,High,0.9,0.77,2,0.63,0.43,0.77,P1,Team_C,High,P1
9504,Medium,0.6,0.51,3,0.67,0.52,0.64,P2,Team_A,Medium,P2
9505,High,0.9,0.44,2,0.82,0.54,0.58,P2,Team_C,Medium,P2
9506,Low,0.3,0.65,2,0.87,0.55,0.97,P2,Team_C,Medium,P2
9507,Medium,0.6,0.61,4,0.78,0.76,0.87,P2,Team_C,Medium,P2
9508,Low,0.3,0.15,4,0.88,0.93,0.75,P3,Team_A,Low,P3
9509,High,0.9,0.58,2,0.5,0.59,0.37,P2,Team_B,Medium,P2
9510,Low,0.3,0.46,2,0.56,0.73,0.45,P2,Team_C,Medium,P2
9511,Medium,0.6,0.32,2,0.83,0.35,0.64,P2,Team_C,Medium,P2
9512,High,0.9,0.4,2,0.52,0.79,0.87,P2,Team_C,Medium,P2
9513,High,0.9,0.93,1,0.72,0.79,0.47,P1,Team_C,High,P1
9514,Medium,0.6,0.79,1,0.89,0.78,0.94,P2,Team_B,Medium,P2
9515,Low,0.3,0.44,4,0.65,0.85,0.44,P2,Team_C,Medium,P2
9516,Low,0.3,0.49,2,0.6,0.64,0.53,P2,Team_B,Medium,P2
9517,Low,0.3,0.62,3,0.57,0.6,0.57,P2,Team_B,Medium,P2
9518,High,0.9,0.78,1,0.81,0.88,0.58,P1,Team_B,High,P1
9519,Low,0.3,0.5,3,0.62,0.55,0.59,P2,Team_C,Medium,P2
9520,Medium,0.6,0.25,4,0.71,0.75,0.5,P2,Team_B,Medium,P2
9521,Low,0.3,0.52,4,0.81,0.5,0.36,P2,Team_B,Medium,P2
9522,Medium,0.6,0.42,2,0.88,0.96,0.9,P2,Team_A,Medium,P2
9523,Low,0.3,0.51,4,0.82,0.73,0.34,P2,Team_C,Medium,P2
9524,Medium,0.6,0.53,3,0.58,0.93,0.95,P2,Team_B,Medium,P2
9525,High,0.9,0.69,4,0.84,0.83,0.84,P1,Team_A,High,P1
9526,Medium,0.6,0.54,3,0.74,0.57,0.47,P2,Team_B,Medium,P2
9527,Medium,0.6,0.45,3,0.69,0.6,0.99,P2,Team_C,Medium,P2
9528,Low,0.3,0.62,2,0.57,0.9,0.56,P2,Team_C,Medium,P2
9529,Low,0.3,0.33,4,0.81,0.63,0.81,P3,Team_B,Low,P3
9530,Low,0.3,0.81,3,0.91,0.56,0.66,P2,Team_A,Medium,P2
9531,High,0.9,0.86,1,0.66,0.72,0.42,P1,Team_C,High,P1
9532,Low,0.3,0.48,3,0.8,0.71,0.87,P2,Team_C,Medium,P2
9533,Low,0.3,0.23,2,0.84,0.46,0.58,P3,Team_C,Low,P3
9534,Medium,0.6,0.16,1,0.76,0.73,0.51,P2,Team_B,Medium,P2
9535,Low,0.3,0.52,1,0.52,0.83,0.95,P2,Team_A,Medium,P2
9536,High,0.9,0.8,3,0.79,0.54,0.81,P1,Team_B,High,P1
9537,Low,0.3,0.2,1,0.66,0.51,0.72,P3,Team_C,Low,P3
9538,Low,0.3,0.28,2,0.49,0.26,0.62,P3,Team_A,Low,P3
9539,High,0.9,0.81,2,0.84,0.4,0.76,P1,Team_A,High,P1
9540,Medium,0.6,0.53,4,0.84,0.66,0.93,P2,Team_B,Medium,P2
9541,Medium,0.6,0.43,4,0.37,0.61,0.98,P2,Team_C,Medium,P2
9542,Medium,0.6,0.51,1,0.74,0.61,0.78,P2,Team_A,Medium,P2
9543,Medium,0.6,0.29,3,0.78,0.49,0.73,P2,Team_B,Medium,P2
9544,Medium,0.6,0.46,4,0.83,0.82,0.81,P2,Team_A,Medium,P2
9545,Low,0.3,0.45,4,0.66,0.6,0.98,P2,Team_C,Medium,P2
9546,Low,0.3,0.25,2,0.9,0.34,0.99,P3,Team_A,Low,P3
9547,Medium,0.6,0.18,4,0.71,0.93,0.96,P2,Team_A,Medium,P2
9548,Medium,0.6,0.24,1,0.77,0.58,0.8,P2,Team_A,Medium,P2
9549,High,0.9,0.38,1,0.42,0.79,0.47,P2,Team_C,Medium,P2
9550,Low,0.3,0.58,3,0.59,0.6,0.4,P2,Team_B,Medium,P2
9551,High,0.9,0.58,2,0.81,0.56,0.58,P2,Team_C,Medium,P2
9552,High,0.9,0.67,3,0.35,0.72,0.52,P1,Team_A,High,P1
9553,Medium,0.6,0.26,3,0.32,0.81,0.89,P2,Team_C,Medium,P2
9554,Low,0.3,0.05,1,0.77,0.61,0.51,P3,Team_B,Low,P3
9555,High,0.9,0.78,1,0.69,0.66,0.31,P1,Team_C,High,P1
9556,High,0.9,0.68,4,0.79,0.88,0.88,P1,Team_A,High,P1
9557,Medium,0.6,0.89,1,0.65,0.8,0.6,P2,Team_A,Medium,P2
9558,Low,0.3,0.66,1,0.81,0.53,0.52,P2,Team_A,Medium,P2
9559,High,0.9,0.28,3,0.93,0.52,0.73,P2,Team_A,Medium,P2
9560,Low,0.3,0.55,3,0.86,0.56,0.32,P2,Team_C,Medium,P2
9561,Medium,0.6,0.36,2,0.75,0.83,0.86,P2,Team_B,Medium,P2
9562,Low,0.3,0.82,4,0.95,0.76,0.91,P2,Team_A,Medium,P2
9563,Medium,0.6,0.43,3,0.78,0.67,0.41,P2,Team_C,Medium,P2
9564,Low,0.3,0.57,4,0.59,0.9,0.78,P2,Team_A,Medium,P2
9565,Medium,0.6,0.6,4,0.58,0.66,0.63,P2,Team_C,Medium,P2
9566,Medium,0.6,0.4,3,0.67,0.81,0.54,P2,Team_C,Medium,P2
9567,Low,0.3,0.09,1,0.8,0.7,0.69,P3,Team_C,Low,P3
9568,Low,0.3,0.49,2,0.75,0.42,0.93,P2,Team_A,Medium,P2
9569,High,0.9,0.31,1,0.83,0.73,0.31,P2,Team_A,Medium,P2
9570,Medium,0.6,0.42,4,0.28,0.73,0.94,P2,Team_C,Medium,P2
9571,High,0.9,0.35,3,0.97,0.48,0.39,P2,Team_B,Medium,P2
9572,Medium,0.6,0.44,1,0.65,0.64,0.93,P2,Team_C,Medium,P2
9573,Low,0.3,0.57,1,0.9,0.51,0.77,P2,Team_B,Medium,P2
9574,Low,0.3,0.86,1,0.9,0.73,0.72,P2,Team_C,Medium,P2
9575,Medium,0.6,0.68,3,0.68,0.82,0.99,P2,Team_B,Medium,P2
9576,Medium,0.6,0.85,2,0.43,0.53,0.61,P2,Team_B,Medium,P2
9577,Medium,0.6,0.45,2,0.88,0.82,0.94,P2,Team_C,Medium,P2
9578,High,0.9,0.51,1,0.86,0.78,0.93,P2,Team_A,Medium,P2
9579,High,0.9,0.39,1,0.7,0.49,0.6,P2,Team_A,Medium,P2
9580,Low,0.3,0.95,2,0.74,0.46,0.44,P2,Team_B,Medium,P2
9581,High,0.9,0.49,2,0.71,0.27,0.31,P2,Team_A,Medium,P2
9582,High,0.9,0.22,3,0.91,0.56,0.67,P2,Team_C,Medium,P2
9583,High,0.9,0.34,3,0.78,0.44,0.9,P2,Team_C,Medium,P2
9584,Medium,0.6,0.74,4,0.79,0.73,0.45,P2,Team_A,Medium,P2
9585,Low,0.3,0.29,4,0.48,0.64,0.76,P3,Team_C,Low,P3
9586,Low,0.3,0.32,2,0.96,0.61,0.89,P3,Team_B,Low,P3
9587,Low,0.3,0.59,1,0.78,0.51,0.99,P2,Team_A,Medium,P2
9588,Low,0.3,0.74,3,0.44,0.59,0.62,P2,Team_A,Medium,P2
9589,Medium,0.6,0.2,3,0.97,0.49,0.64,P2,Team_A,Medium,P2
9590,High,0.9,0.51,1,0.9,0.88,0.38,P2,Team_B,Medium,P2
9591,Low,0.3,0.45,4,0.66,0.68,0.97,P2,Team_C,Medium,P2
9592,High,0.9,0.76,4,0.54,0.76,0.6,P1,Team_A,High,P1
9593,Low,0.3,0.66,4,0.39,0.37,0.55,P2,Team_A,Medium,P2
9594,High,0.9,0.48,4,0.69,0.68,0.73,P2,Team_C,Medium,P2
9595,Low,0.3,0.78,4,0.76,0.62,0.99,P2,Team_B,Medium,P2
9596,Low,0.3,0.14,2,0.58,0.77,0.86,P3,Team_A,Low,P3
9597,Low,0.3,0.77,3,0.67,0.7,0.93,P2,Team_C,Medium,P2
9598,Medium,0.6,0.26,1,0.75,0.88,0.61,P2,Team_B,Medium,P2
9599,Low,0.3,0.14,1,0.42,0.87,0.74,P3,Team_A,Low,P3
9600,Low,0.3,0.53,4,0.74,0.63,0.72,P2,Team_C,Medium,P2
9601,Low,0.3,0.89,3,0.66,0.51,0.5,P2,Team_B,Medium,P2
9602,Low,0.3,0.63,2,0.71,0.57,0.72,P2,Team_B,Medium,P2
9603,Low,0.3,0.23,4,0.78,0.56,0.8,P3,Team_C,Low,P3
9604,Low,0.3,0.2,2,0.46,0.71,0.91,P3,Team_B,Low,P3
9605,Medium,0.6,0.46,3,0.69,0.51,0.87,P2,Team_C,Medium,P2
9606,Low,0.3,0.3,1,0.84,0.92,0.79,P3,Team_B,Low,P3
9607,Medium,0.6,0.09,3,0.72,0.58,0.42,P2,Team_C,Medium,P2
9608,Medium,0.6,0.33,1,0.87,0.4,0.5,P2,Team_A,Medium,P2
9609,Low,0.3,0.27,3,0.62,0.69,0.92,P3,Team_B,Low,P3
9610,Medium,0.6,0.09,4,0.86,0.94,0.93,P2,Team_B,Medium,P2
9611,Low,0.3,0.38,4,0.62,0.37,0.94,P3,Team_B,Low,P3
9612,Low,0.3,0.09,4,0.76,0.55,0.61,P3,Team_B,Low,P3
9613,Medium,0.6,0.3,4,0.86,0.46,0.69,P2,Team_C,Medium,P2
9614,Medium,0.6,0.29,1,0.95,0.37,0.72,P2,Team_B,Medium,P2
9615,Medium,0.6,0.31,1,0.86,0.82,0.86,P2,Team_B,Medium,P2
9616,High,0.9,0.8,2,0.65,0.67,0.57,P1,Team_A,High,P1
9617,Medium,0.6,0.41,2,0.98,0.82,0.4,P2,Team_B,Medium,P2
9618,Low,0.3,0.16,3,0.84,0.91,0.87,P3,Team_C,Low,P3
9619,Medium,0.6,0.77,3,0.47,0.36,0.97,P2,Team_C,Medium,P2
9620,Medium,0.6,0.24,4,0.79,0.71,0.97,P2,Team_C,Medium,P2
9621,High,0.9,0.28,2,0.72,0.67,0.54,P2,Team_C,Medium,P2
9622,Medium,0.6,0.3,3,0.79,0.58,0.88,P2,Team_A,Medium,P2
9623,High,0.9,0.66,2,0.75,0.71,0.69,P1,Team_C,High,P1
9624,Medium,0.6,0.69,4,0.87,0.35,0.44,P2,Team_C,Medium,P2
9625,Medium,0.6,0.68,2,0.79,0.61,0.56,P2,Team_B,Medium,P2
9626,High,0.9,0.16,2,0.98,0.47,0.41,P2,Team_B,Medium,P2
9627,Medium,0.6,0.76,4,0.9,0.95,0.9,P2,Team_A,Medium,P2
9628,Low,0.3,0.65,1,0.31,0.62,0.31,P2,Team_B,Medium,P2
9629,Medium,0.6,0.22,2,0.54,0.7,0.71,P2,Team_A,Medium,P2
9630,Medium,0.6,0.03,1,0.66,0.34,0.82,P2,Team_B,Medium,P2
9631,Medium,0.6,0.54,1,0.81,0.7,0.87,P2,Team_A,Medium,P2
9632,Low,0.3,0.35,4,0.91,0.7,0.95,P3,Team_C,Low,P3
9633,Medium,0.6,0.34,1,0.8,0.78,0.85,P2,Team_C,Medium,P2
9634,Low,0.3,0.18,3,0.72,0.69,0.41,P3,Team_C,Low,P3
9635,High,0.9,0.38,3,0.85,0.64,0.36,P2,Team_C,Medium,P2
9636,Low,0.3,0.65,3,0.8,0.9,0.52,P2,Team_B,Medium,P2
9637,Low,0.3,0.52,1,0.94,0.68,0.52,P2,Team_C,Medium,P2
9638,Low,0.3,0.46,2,0.87,0.82,0.35,P2,Team_B,Medium,P2
9639,Low,0.3,0.48,2,0.6,0.78,0.55,P2,Team_A,Medium,P2
9640,High,0.9,0.4,3,0.94,0.61,0.75,P2,Team_C,Medium,P2
9641,High,0.9,0.87,2,0.75,0.59,0.95,P1,Team_C,High,P1
9642,Medium,0.6,0.07,1,0.72,0.35,0.52,P2,Team_B,Medium,P2
9643,Low,0.3,0.74,4,0.79,0.5,0.67,P2,Team_A,Medium,P2
9644,Medium,0.6,0.62,1,0.62,0.27,0.6,P2,Team_A,Medium,P2
9645,High,0.9,0.32,1,0.47,0.72,0.68,P2,Team_C,Medium,P2
9646,Medium,0.6,0.78,3,0.42,0.24,0.45,P2,Team_C,Medium,P2
9647,Low,0.3,0.31,4,0.56,0.46,0.59,P3,Team_C,Low,P3
9648,Low,0.3,0.5,1,0.78,0.7,0.61,P2,Team_B,Medium,P2
9649,Medium,0.6,0.45,2,0.69,0.82,0.84,P2,Team_A,Medium,P2
9650,Low,0.3,0.45,1,0.16,0.71,0.64,P2,Team_A,Medium,P2
9651,High,0.9,0.24,4,0.63,0.98,0.83,P2,Team_B,Medium,P2
9652,Low,0.3,0.42,1,0.6,0.61,0.59,P2,Team_A,Medium,P2
9653,Medium,0.6,0.63,1,0.57,0.43,0.32,P2,Team_B,Medium,P2
9654,High,0.9,0.25,1,0.57,0.7,0.87,P2,Team_C,Medium,P2
9655,Low,0.3,0.54,2,0.39,0.71,0.4,P2,Team_A,Medium,P2
9656,Low,0.3,0.11,4,0.77,0.82,0.98,P3,Team_C,Low,P3
9657,High,0.9,0.23,2,0.63,0.41,0.6,P2,Team_B,Medium,P2
9658,Medium,0.6,0.72,2,0.87,0.47,0.35,P2,Team_A,Medium,P2
9659,High,0.9,0.4,1,0.52,0.72,0.46,P2,Team_A,Medium,P2
9660,High,0.9,0.64,2,0.8,0.71,0.43,P1,Team_B,High,P1
9661,High,0.9,0.68,3,0.73,0.83,0.97,P1,Team_B,High,P1
9662,Medium,0.6,0.81,3,0.5,0.84,0.53,P2,Team_C,Medium,P2
9663,High,0.9,0.75,1,0.38,0.38,0.98,P1,Team_A,High,P1
9664,Low,0.3,0.72,2,0.56,0.39,0.43,P2,Team_C,Medium,P2
9665,Medium,0.6,0.44,4,0.74,0.62,0.92,P2,Team_C,Medium,P2
9666,High,0.9,0.35,4,0.79,0.9,0.97,P2,Team_B,Medium,P2
9667,Medium,0.6,0.95,2,0.76,0.9,0.55,P2,Team_B,Medium,P2
9668,High,0.9,0.7,3,0.82,0.47,0.75,P1,Team_A,High,P1
9669,Low,0.3,0.64,4,0.7,0.71,0.46,P2,Team_A,Medium,P2
9670,Medium,0.6,0.49,2,0.75,0.62,0.4,P2,Team_B,Medium,P2
9671,High,0.9,0.5,3,0.88,0.55,0.33,P2,Team_A,Medium,P2
9672,High,0.9,0.13,3,0.76,0.54,0.47,P2,Team_B,Medium,P2
9673,Low,0.3,0.93,4,0.64,0.79,0.95,P2,Team_C,Medium,P2
9674,High,0.9,0.85,4,0.63,0.61,0.87,P1,Team_A,High,P1
9675,Medium,0.6,0.16,1,0.97,0.68,0.73,P2,Team_A,Medium,P2
9676,Medium,0.6,0.57,2,0.78,0.88,0.73,P2,Team_B,Medium,P2
9677,Medium,0.6,0.53,1,0.73,0.33,0.86,P2,Team_A,Medium,P2
9678,Medium,0.6,0.32,2,0.49,0.65,0.62,P2,Team_C,Medium,P2
9679,High,0.9,0.59,2,0.66,0.39,0.7,P2,Team_C,Medium,P2
9680,High,0.9,0.69,2,0.58,0.72,0.81,P1,Team_A,High,P1
9681,Medium,0.6,0.87,3,0.54,0.67,0.68,P2,Team_A,Medium,P2
9682,High,0.9,0.5,2,0.74,0.88,0.63,P2,Team_C,Medium,P2
9683,Medium,0.6,0.82,4,0.71,0.67,0.61,P2,Team_C,Medium,P2
9684,Low,0.3,0.56,4,0.81,0.71,0.52,P2,Team_B,Medium,P2
9685,Low,0.3,0.44,4,0.83,0.62,0.98,P2,Team_B,Medium,P2
9686,High,0.9,0.11,2,0.87,0.73,0.48,P2,Team_C,Medium,P2
9687,Low,0.3,0.94,4,0.74,0.65,0.4,P2,Team_B,Medium,P2
9688,Low,0.3,0.36,3,0.71,0.64,0.34,P3,Team_A,Low,P3
9689,Low,0.3,0.56,4,0.6,0.45,0.86,P2,Team_A,Medium,P2
9690,High,0.9,0.34,3,0.87,0.78,0.42,P2,Team_A,Medium,P2
9691,Medium,0.6,0.68,2,0.6,0.6,0.68,P2,Team_A,Medium,P2
9692,Low,0.3,0.8,4,0.61,0.89,0.53,P2,Team_B,Medium,P2
9693,Low,0.3,0.53,2,0.82,0.46,0.36,P2,Team_C,Medium,P2
9694,Medium,0.6,0.7,3,0.43,0.56,0.56,P2,Team_C,Medium,P2
9695,Medium,0.6,0.27,1,0.89,0.59,0.89,P2,Team_C,Medium,P2
9696,Low,0.3,0.45,3,0.79,0.89,0.72,P2,Team_A,Medium,P2
9697,Low,0.3,0.26,4,0.77,0.47,0.84,P3,Team_B,Low,P3
9698,High,0.9,0.54,1,0.55,0.66,0.48,P2,Team_A,Medium,P2
9699,Medium,0.6,0.45,1,0.71,0.92,0.53,P2,Team_B,Medium,P2
9700,High,0.9,0.43,3,0.84,0.92,0.81,P2,Team_B,Medium,P2
9701,Low,0.3,0.24,3,0.74,0.76,0.85,P3,Team_C,Low,P3
9702,Low,0.3,0.44,1,0.87,0.69,0.75,P2,Team_B,Medium,P2
9703,Medium,0.6,0.74,3,0.53,0.16,0.96,P2,Team_A,Medium,P2
9704,Low,0.3,0.75,4,0.61,0.39,0.79,P2,Team_A,Medium,P2
9705,Medium,0.6,0.09,1,0.52,0.39,0.67,P2,Team_A,Medium,P2
9706,Low,0.3,0.72,2,0.62,0.54,0.92,P2,Team_C,Medium,P2
9707,Medium,0.6,0.43,3,0.66,0.81,0.53,P2,Team_C,Medium,P2
9708,Medium,0.6,0.12,4,0.71,0.76,0.76,P2,Team_A,Medium,P2
9709,High,0.9,0.46,2,0.84,0.86,0.63,P2,Team_A,Medium,P2
9710,Low,0.3,0.54,2,0.69,0.79,0.96,P2,Team_B,Medium,P2
9711,Low,0.3,0.36,4,0.87,0.6,0.53,P3,Team_B,Low,P3
9712,Medium,0.6,0.68,3,0.97,0.59,0.85,P2,Team_C,Medium,P2
9713,Medium,0.6,0.46,1,0.56,0.65,0.94,P2,Team_B,Medium,P2
9714,Low,0.3,0.43,3,0.91,0.88,0.73,P2,Team_C,Medium,P2
9715,Medium,0.6,0.64,3,0.69,0.71,0.91,P2,Team_B,Medium,P2
9716,Low,0.3,0.62,4,0.76,0.53,0.64,P2,Team_A,Medium,P2
9717,High,0.9,0.3,4,0.78,0.68,0.44,P2,Team_B,Medium,P2
9718,Low,0.3,0.82,1,0.75,0.83,0.83,P2,Team_C,Medium,P2
9719,Medium,0.6,0.58,3,0.34,0.86,0.66,P2,Team_B,Medium,P2
9720,Low,0.3,0.61,3,0.6,0.7,0.56,P2,Team_A,Medium,P2
9721,Medium,0.6,0.64,4,0.5,0.64,0.78,P2,Team_B,Medium,P2
9722,High,0.9,0.57,3,0.56,0.65,0.37,P2,Team_B,Medium,P2
9723,Medium,0.6,0.84,1,0.77,0.49,0.71,P2,Team_A,Medium,P2
9724,Low,0.3,0.31,3,0.45,0.69,0.45,P3,Team_B,Low,P3
9725,Medium,0.6,0.2,1,0.79,0.58,0.95,P2,Team_C,Medium,P2
9726,Low,0.3,0.48,1,0.92,0.39,0.39,P2,Team_C,Medium,P2
9727,Low,0.3,0.71,1,0.73,0.67,0.96,P2,Team_B,Medium,P2
9728,Medium,0.6,0.99,1,0.67,0.78,0.61,P2,Team_B,Medium,P2
9729,High,0.9,0.76,3,0.84,0.46,0.77,P1,Team_A,High,P1
9730,High,0.9,0.45,1,0.88,0.74,0.88,P2,Team_A,Medium,P2
9731,Low,0.3,0.08,4,0.65,0.69,0.34,P3,Team_C,Low,P3
9732,Medium,0.6,0.33,1,0.79,0.79,0.92,P2,Team_B,Medium,P2
9733,Low,0.3,0.39,1,0.72,0.82,0.43,P3,Team_B,Low,P3
9734,High,0.9,0.49,3,0.52,0.72,0.7,P2,Team_B,Medium,P2
9735,Medium,0.6,0.35,4,0.96,0.21,0.49,P2,Team_A,Medium,P2
9736,Medium,0.6,0.52,1,0.53,0.92,0.4,P2,Team_C,Medium,P2
9737,High,0.9,0.27,1,0.89,0.09,0.91,P2,Team_A,Medium,P2
9738,High,0.9,0.62,2,0.74,0.94,0.9,P1,Team_A,High,P1
9739,Medium,0.6,0.61,1,0.71,0.6,0.65,P2,Team_A,Medium,P2
9740,High,0.9,0.79,4,0.83,0.49,0.92,P1,Team_C,High,P1
9741,Medium,0.6,0.94,2,0.51,0.58,0.93,P2,Team_C,Medium,P2
9742,Medium,0.6,0.33,4,0.9,0.79,0.4,P2,Team_A,Medium,P2
9743,Low,0.3,0.51,4,0.83,0.67,0.64,P2,Team_C,Medium,P2
9744,Medium,0.6,0.35,1,0.47,0.7,0.66,P2,Team_C,Medium,P2
9745,High,0.9,0.52,2,0.88,0.45,0.72,P2,Team_C,Medium,P2
9746,High,0.9,0.51,1,0.83,0.77,0.34,P2,Team_A,Medium,P2
9747,Low,0.3,0.32,1,0.82,0.64,0.72,P3,Team_C,Low,P3
9748,High,0.9,0.9,2,0.56,0.28,0.48,P1,Team_C,High,P1
9749,Low,0.3,0.58,2,0.91,0.78,0.61,P2,Team_A,Medium,P2
9750,Medium,0.6,0.63,2,0.57,0.59,0.52,P2,Team_C,Medium,P2
9751,High,0.9,0.83,3,0.77,0.58,0.47,P1,Team_A,High,P1
9752,Medium,0.6,0.49,4,0.65,0.58,0.82,P2,Team_A,Medium,P2
9753,High,0.9,0.84,3,0.58,0.66,0.35,P1,Team_A,High,P1
9754,Medium,0.6,0.3,1,0.76,0.83,0.65,P2,Team_B,Medium,P2
9755,Low,0.3,0.14,2,0.66,0.55,0.74,P3,Team_C,Low,P3
9756,High,0.9,0.91,1,0.5,0.53,0.43,P1,Team_A,High,P1
9757,Low,0.3,0.33,2,0.87,0.79,0.82,P3,Team_A,Low,P3
9758,High,0.9,0.15,1,0.84,0.53,0.95,P2,Team_C,Medium,P2
9759,Low,0.3,0.31,2,0.71,0.7,0.36,P3,Team_A,Low,P3
9760,Low,0.3,0.6,1,0.82,0.86,0.52,P2,Team_C,Medium,P2
9761,Medium,0.6,0.25,2,0.73,0.41,0.36,P2,Team_A,Medium,P2
9762,Medium,0.6,0.74,2,0.9,0.33,0.78,P2,Team_B,Medium,P2
9763,Low,0.3,0.31,4,0.57,0.73,0.83,P3,Team_A,Low,P3
9764,Medium,0.6,0.69,4,0.75,0.68,0.59,P2,Team_A,Medium,P2
9765,Low,0.3,0.6,1,0.78,0.92,0.66,P2,Team_B,Medium,P2
9766,High,0.9,0.1,1,0.77,0.39,0.76,P2,Team_A,Medium,P2
9767,Medium,0.6,0.69,4,0.8,0.77,0.36,P2,Team_C,Medium,P2
9768,Low,0.3,0.68,4,0.62,0.81,0.99,P2,Team_B,Medium,P2
9769,High,0.9,0.88,3,0.69,0.77,0.61,P1,Team_C,High,P1
9770,Low,0.3,0.3,2,0.61,0.89,0.8,P3,Team_C,Low,P3
9771,Low,0.3,0.64,4,0.44,0.46,0.87,P2,Team_A,Medium,P2
9772,Low,0.3,0.21,1,0.66,0.6,0.69,P3,Team_C,Low,P3
9773,Medium,0.6,0.38,1,0.83,0.73,0.57,P2,Team_A,Medium,P2
9774,Low,0.3,0.29,3,0.64,0.62,0.79,P3,Team_C,Low,P3
9775,Medium,0.6,0.68,2,0.77,0.89,0.46,P2,Team_C,Medium,P2
9776,Medium,0.6,0.9,2,0.84,0.57,0.87,P2,Team_B,Medium,P2
9777,Medium,0.6,0.35,2,0.58,0.89,0.44,P2,Team_C,Medium,P2
9778,Low,0.3,0.78,1,0.75,0.37,0.41,P2,Team_A,Medium,P2
9779,Medium,0.6,0.19,1,0.86,0.72,0.68,P2,Team_B,Medium,P2
9780,Low,0.3,0.54,2,0.89,0.8,0.91,P2,Team_C,Medium,P2
9781,Low,0.3,0.33,1,0.84,0.71,0.99,P3,Team_C,Low,P3
9782,Low,0.3,0.75,1,0.75,0.51,0.87,P2,Team_C,Medium,P2
9783,Medium,0.6,0.6,1,0.82,0.86,0.47,P2,Team_C,Medium,P2
9784,Low,0.3,0.17,4,0.53,0.92,0.92,P3,Team_C,Low,P3
9785,Low,0.3,0.22,3,0.68,0.86,0.34,P3,Team_C,Low,P3
9786,Low,0.3,0.68,2,0.83,0.5,0.42,P2,Team_C,Medium,P2
9787,High,0.9,0.19,1,0.89,0.85,0.57,P2,Team_B,Medium,P2
9788,Medium,0.6,0.95,3,0.19,0.91,0.7,P2,Team_C,Medium,P2
9789,Medium,0.6,0.92,1,0.62,0.93,0.95,P2,Team_C,Medium,P2
9790,Low,0.3,0.67,2,0.47,0.7,0.35,P2,Team_A,Medium,P2
9791,Medium,0.6,0.42,1,0.9,0.75,0.43,P2,Team_B,Medium,P2
9792,Low,0.3,0.59,2,0.97,0.49,0.98,P2,Team_C,Medium,P2
9793,Medium,0.6,0.55,3,0.43,0.38,0.89,P2,Team_C,Medium,P2
9794,Medium,0.6,0.75,4,0.63,0.74,0.57,P2,Team_C,Medium,P2
9795,High,0.9,0.78,3,0.59,0.9,0.92,P1,Team_B,High,P1
9796,Medium,0.6,0.45,3,0.49,0.68,0.48,P2,Team_B,Medium,P2
9797,Low,0.3,0.58,3,0.77,0.63,0.46,P2,Team_A,Medium,P2
9798,Low,0.3,0.49,1,0.76,0.94,0.83,P2,Team_B,Medium,P2
9799,Low,0.3,0.68,1,0.64,0.68,0.66,P2,Team_B,Medium,P2
9800,High,0.9,0.5,2,0.69,0.69,0.67,P2,Team_A,Medium,P2
9801,High,0.9,0.69,2,0.95,0.5,0.35,P1,Team_C,High,P1
9802,Low,0.3,0.87,2,0.87,0.92,0.55,P2,Team_A,Medium,P2
9803,High,0.9,0.21,4,0.85,0.65,0.75,P2,Team_C,Medium,P2
9804,Medium,0.6,0.12,2,0.83,0.61,0.78,P2,Team_A,Medium,P2
9805,High,0.9,0.73,4,0.61,0.85,0.77,P1,Team_C,High,P1
9806,High,0.9,0.53,2,0.65,0.74,0.8,P2,Team_A,Medium,P2
9807,High,0.9,0.26,2,0.92,0.36,0.7,P2,Team_C,Medium,P2
9808,Medium,0.6,0.15,1,0.87,0.35,0.39,P2,Team_C,Medium,P2
9809,High,0.9,0.63,3,0.84,0.96,0.73,P1,Team_C,High,P1
9810,Low,0.3,0.78,3,0.61,0.65,0.71,P2,Team_A,Medium,P2
9811,Low,0.3,0.72,1,0.52,0.49,0.67,P2,Team_A,Medium,P2
9812,Medium,0.6,0.18,3,0.92,0.71,0.65,P2,Team_C,Medium,P2
9813,Low,0.3,0.71,3,0.89,0.91,0.77,P2,Team_A,Medium,P2
9814,Medium,0.6,0.63,3,0.68,0.78,0.8,P2,Team_C,Medium,P2
9815,High,0.9,0.31,3,0.75,0.79,0.68,P2,Team_A,Medium,P2
9816,Low,0.3,0.91,4,0.71,0.71,0.68,P2,Team_C,Medium,P2
9817,High,0.9,0.77,3,0.61,0.74,0.83,P1,Team_C,High,P1
9818,Low,0.3,0.34,2,0.71,0.83,0.96,P3,Team_B,Low,P3
9819,Medium,0.6,0.51,1,0.64,0.83,0.41,P2,Team_B,Medium,P2
9820,Low,0.3,0.57,3,0.83,0.77,0.4,P2,Team_B,Medium,P2
9821,Medium,0.6,0.21,4,0.65,0.55,0.71,P2,Team_C,Medium,P2
9822,High,0.9,0.06,3,0.28,0.83,0.35,P2,Team_B,Medium,P2
9823,Medium,0.6,0.73,1,0.44,0.52,0.33,P2,Team_A,Medium,P2
9824,Medium,0.6,0.2,4,0.71,0.36,0.38,P2,Team_B,Medium,P2
9825,Medium,0.6,0.63,4,0.89,0.9,0.61,P2,Team_B,Medium,P2
9826,Low,0.3,0.72,3,0.89,0.74,0.6,P2,Team_A,Medium,P2
9827,Medium,0.6,0.52,2,0.76,0.11,0.49,P2,Team_A,Medium,P2
9828,High,0.9,0.6,4,0.46,0.27,0.56,P2,Team_C,Medium,P2
9829,Medium,0.6,0.36,2,0.81,0.48,0.67,P2,Team_A,Medium,P2
9830,Low,0.3,0.31,2,0.62,0.86,0.47,P3,Team_C,Low,P3
9831,High,0.9,0.74,4,0.91,0.57,0.97,P1,Team_B,High,P1
9832,Medium,0.6,0.21,2,0.97,0.79,0.68,P2,Team_B,Medium,P2
9833,Low,0.3,0.31,4,0.48,0.36,0.88,P3,Team_B,Low,P3
9834,Low,0.3,0.09,2,0.69,0.58,0.87,P3,Team_C,Low,P3
9835,Medium,0.6,0.82,1,0.58,0.51,0.34,P2,Team_B,Medium,P2
9836,Medium,0.6,0.34,4,0.89,0.92,0.78,P2,Team_A,Medium,P2
9837,Low,0.3,0.6,2,0.91,0.41,0.51,P2,Team_C,Medium,P2
9838,Medium,0.6,0.07,2,0.83,0.63,0.31,P2,Team_B,Medium,P2
9839,Low,0.3,0.17,1,0.92,0.84,0.31,P3,Team_B,Low,P3
9840,Medium,0.6,0.96,4,0.58,0.49,0.33,P2,Team_B,Medium,P2
9841,Medium,0.6,0.71,4,0.71,0.84,0.88,P2,Team_B,Medium,P2
9842,High,0.9,0.31,1,0.79,0.89,0.48,P2,Team_C,Medium,P2
9843,High,0.9,0.34,1,0.74,0.51,0.65,P2,Team_C,Medium,P2
9844,Low,0.3,0.29,3,0.91,0.8,0.6,P3,Team_A,Low,P3
9845,High,0.9,0.61,4,0.97,0.38,0.67,P1,Team_C,High,P1
9846,Low,0.3,0.5,1,0.31,0.82,0.9,P2,Team_A,Medium,P2
9847,Medium,0.6,0.05,4,0.81,0.86,0.57,P2,Team_B,Medium,P2
9848,High,0.9,0.61,4,0.89,0.24,0.36,P1,Team_C,High,P1
9849,Low,0.3,0.98,3,0.73,0.39,0.35,P2,Team_B,Medium,P2
9850,Low,0.3,0.41,1,0.82,0.44,0.59,P2,Team_C,Medium,P2
9851,Medium,0.6,0.53,1,0.64,0.64,0.95,P2,Team_B,Medium,P2
9852,Medium,0.6,0.86,2,0.83,0.36,0.85,P2,Team_C,Medium,P2
9853,Medium,0.6,0.12,4,0.7,0.89,0.83,P2,Team_B,Medium,P2
9854,High,0.9,0.23,2,0.74,0.59,0.45,P2,Team_B,Medium,P2
9855,High,0.9,0.21,3,0.88,0.39,0.76,P2,Team_C,Medium,P2
9856,Medium,0.6,0.9,1,0.75,0.61,0.55,P2,Team_A,Medium,P2
9857,Low,0.3,0.68,4,0.79,0.7,0.55,P2,Team_B,Medium,P2
9858,High,0.9,0.82,2,0.88,0.71,0.57,P1,Team_B,High,P1
9859,High,0.9,0.49,4,0.67,0.82,0.58,P2,Team_C,Medium,P2
9860,Medium,0.6,0.41,3,0.63,0.67,0.68,P2,Team_C,Medium,P2
9861,High,0.9,0.17,3,0.92,0.72,0.9,P2,Team_A,Medium,P2
9862,Medium,0.6,0.66,1,0.54,0.84,0.81,P2,Team_A,Medium,P2
9863,Low,0.3,0.63,3,0.31,0.81,0.36,P2,Team_B,Medium,P2
9864,Low,0.3,0.7,1,0.71,0.31,0.85,P2,Team_C,Medium,P2
9865,Low,0.3,0.55,1,0.86,0.37,0.61,P2,Team_A,Medium,P2
9866,High,0.9,0.54,2,0.88,0.77,0.54,P2,Team_C,Medium,P2
9867,Medium,0.6,0.28,1,0.48,0.94,0.43,P2,Team_C,Medium,P2
9868,Low,0.3,0.64,1,0.9,0.68,0.62,P2,Team_C,Medium,P2
9869,Medium,0.6,0.38,2,0.61,0.78,0.71,P2,Team_C,Medium,P2
9870,Medium,0.6,0.32,4,0.81,0.75,0.49,P2,Team_C,Medium,P2
9871,High,0.9,0.5,3,0.9,0.98,0.9,P2,Team_A,Medium,P2
9872,Low,0.3,0.41,3,0.55,0.75,0.69,P2,Team_A,Medium,P2
9873,Medium,0.6,0.53,2,0.82,0.76,0.58,P2,Team_C,Medium,P2
9874,Low,0.3,0.25,3,0.74,0.57,0.88,P3,Team_A,Low,P3
9875,Medium,0.6,0.57,4,0.51,0.63,0.54,P2,Team_B,Medium,P2
9876,Medium,0.6,0.8,2,0.69,0.54,1.0,P2,Team_A,Medium,P2
9877,Medium,0.6,0.51,3,0.97,0.78,0.78,P2,Team_C,Medium,P2
9878,Medium,0.6,0.51,3,0.6,0.85,0.74,P2,Team_B,Medium,P2
9879,Medium,0.6,0.48,1,0.68,0.89,0.32,P2,Team_A,Medium,P2
9880,Medium,0.6,0.64,1,0.79,0.93,0.92,P2,Team_C,Medium,P2
9881,Medium,0.6,0.6,3,0.8,0.65,0.32,P2,Team_A,Medium,P2
9882,Low,0.3,0.86,2,0.7,0.24,0.98,P2,Team_C,Medium,P2
9883,High,0.9,0.64,3,0.67,0.53,0.96,P1,Team_A,High,P1
9884,Low,0.3,0.37,2,0.73,0.68,0.37,P3,Team_C,Low,P3
9885,Medium,0.6,0.66,4,0.79,0.89,0.76,P2,Team_B,Medium,P2
9886,High,0.9,0.77,1,0.59,0.76,0.8,P1,Team_A,High,P1
9887,Low,0.3,0.77,1,0.71,0.43,0.9,P2,Team_B,Medium,P2
9888,Low,0.3,0.81,3,0.89,0.84,0.74,P2,Team_B,Medium,P2
9889,Low,0.3,0.58,4,0.46,0.69,0.7,P2,Team_A,Medium,P2
9890,Low,0.3,0.78,4,0.97,0.59,0.99,P2,Team_C,Medium,P2
9891,High,0.9,0.56,3,0.58,0.6,0.35,P2,Team_A,Medium,P2
9892,Low,0.3,0.4,1,0.8,0.43,0.49,P2,Team_A,Medium,P2
9893,Low,0.3,0.69,3,0.74,0.19,0.97,P2,Team_A,Medium,P2
9894,Low,0.3,0.96,4,0.9,0.53,0.34,P2,Team_B,Medium,P2
9895,Low,0.3,0.43,1,0.79,0.37,0.68,P2,Team_B,Medium,P2
9896,Medium,0.6,0.6,1,0.85,0.82,0.72,P2,Team_B,Medium,P2
9897,Low,0.3,0.57,4,0.31,0.47,0.85,P2,Team_A,Medium,P2
9898,High,0.9,0.79,3,0.79,0.65,0.8,P1,Team_B,High,P1
9899,High,0.9,0.7,2,0.62,0.96,0.5,P1,Team_B,High,P1
9900,Low,0.3,0.42,4,0.83,0.76,0.94,P2,Team_B,Medium,P2
9901,Medium,0.6,0.42,1,0.72,0.78,0.53,P2,Team_B,Medium,P2
9902,Low,0.3,0.4,1,0.91,0.44,0.49,P2,Team_B,Medium,P2
9903,High,0.9,0.88,2,0.82,0.71,0.86,P1,Team_C,High,P1
9904,Low,0.3,0.12,3,0.44,0.64,0.36,P3,Team_A,Low,P3
9905,Medium,0.6,0.67,4,0.86,0.69,0.54,P2,Team_C,Medium,P2
9906,Medium,0.6,0.55,4,0.27,0.46,0.54,P2,Team_C,Medium,P2
9907,Medium,0.6,0.72,2,0.9,0.67,0.63,P2,Team_A,Medium,P2
9908,Medium,0.6,0.39,1,0.35,0.6,0.68,P2,Team_B,Medium,P2
9909,Medium,0.6,0.75,3,0.68,0.6,0.44,P2,Team_A,Medium,P2
9910,High,0.9,0.47,1,0.53,0.75,0.51,P2,Team_C,Medium,P2
9911,Medium,0.6,0.72,1,0.85,0.63,0.9,P2,Team_A,Medium,P2
9912,Low,0.3,0.37,1,0.72,0.2,0.9,P3,Team_A,Low,P3
9913,Medium,0.6,0.47,3,0.67,0.31,0.9,P2,Team_A,Medium,P2
9914,Medium,0.6,0.68,3,0.62,0.79,0.4,P2,Team_A,Medium,P2
9915,Medium,0.6,0.64,2,0.66,0.8,0.74,P2,Team_A,Medium,P2
9916,Low,0.3,0.25,1,0.67,0.6,0.99,P3,Team_C,Low,P3
9917,Low,0.3,0.72,3,0.85,0.55,0.9,P2,Team_B,Medium,P2
9918,Low,0.3,0.32,3,0.7,0.42,0.44,P3,Team_B,Low,P3
9919,Medium,0.6,0.41,2,0.8,0.73,0.7,P2,Team_A,Medium,P2
9920,High,0.9,0.62,4,0.6,0.66,0.71,P1,Team_B,High,P1
9921,Low,0.3,0.53,3,0.89,0.91,0.74,P2,Team_C,Medium,P2
9922,Medium,0.6,0.39,3,0.67,0.29,0.78,P2,Team_C,Medium,P2
9923,Low,0.3,0.17,4,0.89,0.73,0.62,P3,Team_A,Low,P3
9924,Medium,0.6,0.03,3,0.56,0.83,0.62,P2,Team_C,Medium,P2
9925,Low,0.3,0.39,2,0.96,0.84,0.31,P3,Team_A,Low,P3
9926,High,0.9,0.23,3,0.84,0.68,0.71,P2,Team_C,Medium,P2
9927,Medium,0.6,0.06,3,0.73,0.18,0.58,P2,Team_C,Medium,P2
9928,High,0.9,0.71,1,0.56,0.65,0.47,P1,Team_C,High,P1
9929,Medium,0.6,0.15,3,0.74,0.76,0.95,P2,Team_C,Medium,P2
9930,Low,0.3,0.72,2,0.82,0.52,0.49,P2,Team_C,Medium,P2
9931,Low,0.3,0.45,3,0.78,0.46,0.67,P2,Team_C,Medium,P2
9932,High,0.9,0.86,3,0.93,0.55,0.42,P1,Team_A,High,P1
9933,Medium,0.6,0.49,1,0.79,0.43,0.87,P2,Team_B,Medium,P2
9934,Low,0.3,0.61,1,0.87,0.44,0.94,P2,Team_B,Medium,P2
9935,Low,0.3,0.57,4,0.69,0.83,0.91,P2,Team_A,Medium,P2
9936,Medium,0.6,0.71,2,0.81,0.58,0.92,P2,Team_B,Medium,P2
9937,Medium,0.6,0.87,1,0.61,0.52,0.54,P2,Team_B,Medium,P2
9938,Low,0.3,0.24,4,0.83,0.86,0.35,P3,Team_A,Low,P3
9939,High,0.9,0.27,2,0.84,0.59,0.43,P2,Team_A,Medium,P2
9940,Low,0.3,0.38,4,0.7,0.96,0.99,P3,Team_C,Low,P3
9941,High,0.9,0.6,1,0.69,0.5,0.41,P2,Team_B,Medium,P2
9942,Medium,0.6,0.22,2,0.41,0.75,0.99,P2,Team_C,Medium,P2
9943,High,0.9,0.52,2,0.69,0.77,0.71,P2,Team_A,Medium,P2
9944,Low,0.3,0.79,2,0.77,0.81,0.86,P2,Team_A,Medium,P2
9945,Medium,0.6,0.6,3,0.94,0.49,0.31,P2,Team_B,Medium,P2
9946,Medium,0.6,0.53,4,0.41,0.98,0.44,P2,Team_A,Medium,P2
9947,Medium,0.6,0.26,2,0.5,0.86,0.39,P2,Team_B,Medium,P2
9948,High,0.9,0.29,1,0.57,0.92,0.98,P2,Team_C,Medium,P2
9949,Low,0.3,0.61,4,0.66,0.46,0.68,P2,Team_B,Medium,P2
9950,Medium,0.6,0.51,2,0.68,0.61,0.89,P2,Team_A,Medium,P2
9951,Low,0.3,0.46,2,0.52,0.68,0.39,P2,Team_B,Medium,P2
9952,Medium,0.6,0.56,1,0.83,0.48,0.86,P2,Team_C,Medium,P2
9953,High,0.9,0.7,1,0.63,0.87,0.49,P1,Team_C,High,P1
9954,Low,0.3,0.84,2,0.89,0.36,0.4,P2,Team_A,Medium,P2
9955,High,0.9,0.61,4,0.96,0.82,0.63,P1,Team_A,High,P1
9956,High,0.9,0.45,4,0.71,0.65,0.91,P2,Team_A,Medium,P2
9957,Medium,0.6,0.59,3,0.61,0.8,0.69,P2,Team_A,Medium,P2
9958,Medium,0.6,0.34,2,0.85,0.88,0.8,P2,Team_A,Medium,P2
9959,Medium,0.6,0.41,4,0.8,0.58,0.63,P2,Team_C,Medium,P2
9960,High,0.9,0.46,2,0.94,0.61,0.68,P2,Team_C,Medium,P2
9961,Low,0.3,0.46,3,0.66,0.75,0.84,P2,Team_B,Medium,P2
9962,High,0.9,0.36,3,0.95,0.3,0.58,P2,Team_B,Medium,P2
9963,Low,0.3,0.23,1,0.63,0.63,0.47,P3,Team_C,Low,P3
9964,Medium,0.6,0.31,4,0.74,0.8,0.98,P2,Team_B,Medium,P2
9965,Medium,0.6,0.23,1,0.77,0.91,0.51,P2,Team_B,Medium,P2
9966,Medium,0.6,0.14,3,0.43,0.8,0.48,P2,Team_B,Medium,P2
9967,Medium,0.6,0.49,2,0.79,0.45,0.44,P2,Team_A,Medium,P2
9968,High,0.9,0.59,1,0.77,0.46,0.73,P2,Team_C,Medium,P2
9969,High,0.9,0.28,2,0.36,0.36,0.85,P2,Team_B,Medium,P2
9970,Medium,0.6,0.93,2,0.56,0.49,0.96,P2,Team_C,Medium,P2
9971,Low,0.3,0.2,1,0.39,0.69,0.96,P3,Team_C,Low,P3
9972,Medium,0.6,0.55,4,0.79,0.43,0.46,P2,Team_B,Medium,P2
9973,Medium,0.6,0.57,2,0.81,0.6,0.47,P2,Team_C,Medium,P2
9974,High,0.9,0.04,2,0.47,0.77,0.6,P2,Team_C,Medium,P2
9975,Medium,0.6,0.5,2,0.7,0.82,0.45,P2,Team_C,Medium,P2
9976,Low,0.3,0.3,1,0.9,0.89,0.93,P3,Team_B,Low,P3
9977,High,0.9,0.72,4,0.84,0.79,0.67,P1,Team_B,High,P1
9978,High,0.9,0.83,1,0.53,0.65,0.85,P1,Team_B,High,P1
9979,Low,0.3,0.81,4,0.66,0.85,0.57,P2,Team_A,Medium,P2
9980,Low,0.3,0.24,2,0.4,0.76,0.42,P3,Team_B,Low,P3
9981,High,0.9,0.48,2,0.91,0.96,0.88,P2,Team_A,Medium,P2
9982,Medium,0.6,0.73,3,0.72,0.92,0.84,P2,Team_B,Medium,P2
9983,High,0.9,0.15,3,0.9,0.87,0.97,P2,Team_C,Medium,P2
9984,High,0.9,0.18,2,0.87,0.29,0.38,P2,Team_A,Medium,P2
9985,Medium,0.6,0.75,1,0.73,0.89,0.94,P2,Team_C,Medium,P2
9986,Low,0.3,0.86,3,0.97,0.41,0.84,P2,Team_A,Medium,P2
9987,High,0.9,0.68,2,0.69,0.74,0.63,P1,Team_B,High,P1
9988,Low,0.3,0.36,2,0.57,0.34,0.35,P3,Team_B,Low,P3
9989,Low,0.3,0.71,2,0.71,0.54,0.63,P2,Team_C,Medium,P2
9990,Low,0.3,0.18,3,0.63,0.6,0.85,P3,Team_A,Low,P3
9991,Medium,0.6,0.46,4,0.88,0.6,0.36,P2,Team_C,Medium,P2
9992,High,0.9,0.56,3,0.74,0.83,0.82,P2,Team_A,Medium,P2
9993,Low,0.3,0.6,2,0.74,0.57,0.52,P2,Team_A,Medium,P2
9994,Medium,0.6,0.93,4,0.77,0.31,0.3,P2,Team_C,Medium,P2
9995,Low,0.3,0.9,1,0.83,0.61,0.74,P2,Team_C,Medium,P2
9996,Low,0.3,0.84,3,0.83,0.87,0.91,P2,Team_B,Medium,P2
9997,Low,0.3,0.61,3,0.58,0.56,0.3,P2,Team_A,Medium,P2
9998,Low,0.3,0.79,4,0.67,0.39,0.8,P2,Team_A,Medium,P2
9999,High,0.9,0.33,2,0.42,0.71,0.61,P2,Team_A,Medium,P2
10000,Low,0.3,0.16,3,0.84,0.42,0.36,P3,Team_C,Low,P3
10001,Low,0.3,0.58,1,0.68,0.9,0.78,P2,Team_A,Medium,P2
10002,Low,0.3,0.85,1,0.9,0.17,0.69,P2,Team_C,Medium,P2
10003,Low,0.3,0.32,2,0.68,0.74,1.0,P3,Team_A,Low,P3
10004,Low,0.3,0.57,1,0.82,0.91,0.32,P2,Team_A,Medium,P2
10005,Low,0.3,0.74,1,0.9,0.54,0.95,P2,Team_A,Medium,P2
10006,Medium,0.6,0.71,1,0.59,0.49,0.36,P2,Team_A,Medium,P2
10007,High,0.9,0.45,2,0.81,0.54,0.74,P2,Team_A,Medium,P2
10008,Low,0.3,0.72,2,0.72,0.58,0.75,P2,Team_B,Medium,P2
10009,Medium,0.6,0.32,2,0.68,0.53,0.93,P2,Team_C,Medium,P2
10010,Low,0.3,0.61,2,0.83,0.86,0.35,P2,Team_A,Medium,P2
10011,Medium,0.6,0.62,1,0.37,0.46,0.39,P2,Team_A,Medium,P2
10012,Medium,0.6,0.22,2,0.86,0.94,0.87,P2,Team_A,Medium,P2
10013,High,0.9,0.41,3,0.88,0.13,0.6,P2,Team_A,Medium,P2
10014,Low,0.3,0.69,2,0.68,0.67,0.48,P2,Team_A,Medium,P2
10015,High,0.9,0.86,4,0.85,0.58,0.78,P1,Team_B,High,P1
10016,Medium,0.6,0.5,2,0.57,0.91,0.55,P2,Team_B,Medium,P2
10017,Medium,0.6,0.6,1,0.66,0.36,0.58,P2,Team_A,Medium,P2
10018,Low,0.3,0.4,2,0.51,0.11,0.94,P2,Team_C,Medium,P2
10019,Medium,0.6,0.3,1,0.83,0.7,0.96,P2,Team_B,Medium,P2
10020,Low,0.3,0.43,4,0.65,0.49,0.98,P2,Team_C,Medium,P2
10021,Low,0.3,0.35,3,0.72,0.67,0.96,P3,Team_A,Low,P3
10022,Low,0.3,0.89,3,0.88,0.79,0.51,P2,Team_B,Medium,P2
10023,Low,0.3,0.77,4,0.55,0.32,0.9,P2,Team_C,Medium,P2
10024,Medium,0.6,0.56,1,0.94,0.88,0.35,P2,Team_A,Medium,P2
10025,Medium,0.6,0.33,3,0.64,0.79,0.4,P2,Team_B,Medium,P2
10026,High,0.9,0.5,2,0.77,0.88,0.38,P2,Team_A,Medium,P2
10027,Low,0.3,0.23,2,0.85,0.55,0.66,P3,Team_B,Low,P3
10028,Low,0.3,0.26,2,0.72,0.87,0.37,P3,Team_C,Low,P3
10029,Low,0.3,0.73,1,0.85,0.5,0.95,P2,Team_C,Medium,P2
10030,High,0.9,0.73,4,0.88,0.94,0.6,P1,Team_A,High,P1
10031,Low,0.3,0.64,2,0.85,0.78,0.88,P2,Team_B,Medium,P2
10032,High,0.9,0.49,2,0.85,0.66,0.69,P2,Team_C,Medium,P2
10033,High,0.9,0.83,1,0.82,0.84,0.87,P1,Team_C,High,P1
10034,High,0.9,0.3,4,0.65,0.53,0.98,P2,Team_A,Medium,P2
10035,High,0.9,0.27,3,0.8,0.9,0.78,P2,Team_B,Medium,P2
10036,Low,0.3,0.3,3,0.84,0.28,0.96,P3,Team_C,Low,P3
10037,High,0.9,0.42,1,0.45,0.61,0.57,P2,Team_B,Medium,P2
10038,Medium,0.6,0.33,2,0.8,0.86,0.78,P2,Team_A,Medium,P2
10039,Low,0.3,0.52,1,0.52,0.65,0.44,P2,Team_C,Medium,P2
10040,Medium,0.6,0.67,3,0.84,0.99,0.82,P2,Team_C,Medium,P2
10041,Medium,0.6,0.25,1,0.72,0.32,0.78,P2,Team_A,Medium,P2
10042,Medium,0.6,0.61,4,0.79,0.67,0.63,P2,Team_A,Medium,P2
10043,Low,0.3,0.88,4,0.97,0.38,0.52,P2,Team_B,Medium,P2
10044,High,0.9,0.48,2,0.78,0.68,0.63,P2,Team_B,Medium,P2
10045,Low,0.3,0.3,1,0.84,0.94,0.52,P3,Team_A,Low,P3
10046,Medium,0.6,0.78,2,0.51,0.72,0.82,P2,Team_C,Medium,P2
10047,Low,0.3,0.08,3,0.83,0.82,0.44,P3,Team_C,Low,P3
10048,Medium,0.6,0.16,3,0.53,0.68,0.3,P2,Team_C,Medium,P2
10049,Low,0.3,0.56,1,0.81,0.64,0.47,P2,Team_B,Medium,P2
10050,Low,0.3,0.79,3,0.86,0.69,0.59,P2,Team_C,Medium,P2
10051,High,0.9,0.35,1,0.6,0.61,0.49,P2,Team_A,Medium,P2
10052,Low,0.3,0.6,3,0.82,0.57,0.47,P2,Team_B,Medium,P2
10053,High,0.9,0.67,4,0.83,0.57,0.98,P1,Team_A,High,P1
10054,Low,0.3,0.36,2,0.9,0.66,0.93,P3,Team_B,Low,P3
10055,High,0.9,0.29,2,0.93,0.64,0.36,P2,Team_C,Medium,P2
10056,High,0.9,0.19,2,0.85,0.69,0.69,P2,Team_C,Medium,P2
10057,High,0.9,0.6,1,0.41,0.44,0.59,P2,Team_A,Medium,P2
10058,Low,0.3,0.5,3,0.84,0.67,0.65,P2,Team_A,Medium,P2
10059,Low,0.3,0.31,3,0.56,0.71,0.86,P3,Team_A,Low,P3
10060,High,0.9,0.32,3,0.91,0.71,0.65,P2,Team_C,Medium,P2
10061,Low,0.3,0.75,1,0.92,0.47,1.0,P2,Team_B,Medium,P2
10062,Medium,0.6,0.18,4,0.28,0.92,0.81,P2,Team_A,Medium,P2
10063,Low,0.3,0.45,3,0.73,0.82,0.89,P2,Team_B,Medium,P2
10064,High,0.9,0.27,2,0.63,0.31,0.68,P2,Team_C,Medium,P2
10065,High,0.9,0.35,1,0.68,0.54,0.92,P2,Team_C,Medium,P2
10066,Low,0.3,0.64,4,0.87,0.82,0.85,P2,Team_B,Medium,P2
10067,High,0.9,0.85,4,0.58,0.75,0.73,P1,Team_C,High,P1
10068,Medium,0.6,0.84,1,0.86,0.4,0.38,P2,Team_A,Medium,P2
10069,Low,0.3,0.5,3,0.88,0.94,0.35,P2,Team_B,Medium,P2
10070,Low,0.3,0.83,2,0.84,0.49,0.92,P2,Team_B,Medium,P2
10071,Low,0.3,0.85,3,0.73,0.44,0.35,P2,Team_A,Medium,P2
10072,High,0.9,0.6,1,0.78,0.48,0.3,P2,Team_B,Medium,P2
10073,Low,0.3,0.44,3,0.93,0.45,0.77,P2,Team_C,Medium,P2
10074,High,0.9,0.51,4,0.63,0.76,0.39,P2,Team_C,Medium,P2
10075,Low,0.3,0.14,1,0.47,0.72,0.38,P3,Team_C,Low,P3
10076,High,0.9,0.74,1,0.85,0.64,0.53,P1,Team_B,High,P1
10077,High,0.9,0.6,3,0.7,0.87,0.41,P2,Team_A,Medium,P2
10078,Medium,0.6,0.82,4,0.82,0.93,0.75,P2,Team_A,Medium,P2
10079,Low,0.3,0.26,2,0.71,0.48,0.51,P3,Team_C,Low,P3
10080,High,0.9,0.81,3,0.94,0.8,0.35,P1,Team_B,High,P1
10081,Low,0.3,0.6,4,0.74,0.76,0.79,P2,Team_A,Medium,P2
10082,Medium,0.6,0.32,3,0.75,0.5,0.83,P2,Team_A,Medium,P2
10083,Medium,0.6,0.23,1,0.41,0.85,0.74,P2,Team_B,Medium,P2
10084,Medium,0.6,0.92,4,0.64,0.38,0.94,P2,Team_C,Medium,P2
10085,Medium,0.6,0.41,2,0.82,0.71,0.52,P2,Team_C,Medium,P2
10086,High,0.9,0.52,4,0.79,0.46,0.56,P2,Team_A,Medium,P2
10087,Low,0.3,0.49,4,0.43,0.84,0.6,P2,Team_B,Medium,P2
10088,Medium,0.6,0.48,2,0.68,0.82,0.89,P2,Team_A,Medium,P2
10089,Low,0.3,0.56,4,0.78,0.81,0.32,P2,Team_B,Medium,P2
10090,High,0.9,0.54,3,0.74,0.19,0.86,P2,Team_C,Medium,P2
10091,Low,0.3,0.6,2,0.57,0.81,0.61,P2,Team_C,Medium,P2
10092,Medium,0.6,0.69,4,0.94,0.8,0.39,P2,Team_B,Medium,P2
10093,High,0.9,0.38,4,0.83,0.63,0.7,P2,Team_B,Medium,P2
10094,Medium,0.6,0.95,3,0.78,0.55,0.53,P2,Team_A,Medium,P2
10095,Low,0.3,0.74,4,0.69,0.57,0.74,P2,Team_A,Medium,P2
10096,High,0.9,0.54,3,0.38,0.7,0.37,P2,Team_B,Medium,P2
10097,High,0.9,0.48,1,0.58,0.37,0.67,P2,Team_A,Medium,P2
10098,Low,0.3,0.32,3,0.87,0.78,0.34,P3,Team_C,Low,P3
10099,High,0.9,0.34,3,0.64,0.49,0.6,P2,Team_A,Medium,P2
10100,Low,0.3,0.54,3,0.78,0.22,0.7,P2,Team_B,Medium,P2
10101,Low,0.3,0.56,3,0.75,1.0,0.66,P2,Team_B,Medium,P2
10102,Low,0.3,0.95,3,0.6,0.46,0.91,P2,Team_A,Medium,P2
10103,Medium,0.6,0.3,1,0.83,0.2,0.3,P2,Team_C,Medium,P2
10104,Low,0.3,0.32,4,0.43,0.65,0.89,P3,Team_B,Low,P3
10105,Medium,0.6,0.74,2,0.87,0.44,0.5,P2,Team_A,Medium,P2
10106,High,0.9,0.41,4,0.67,0.81,0.37,P2,Team_C,Medium,P2
10107,High,0.9,0.36,4,0.47,0.91,0.38,P2,Team_B,Medium,P2
10108,Low,0.3,0.68,2,0.8,0.38,0.86,P2,Team_B,Medium,P2
10109,Medium,0.6,0.82,2,0.83,0.86,0.59,P2,Team_B,Medium,P2
10110,Medium,0.6,0.42,3,0.51,0.79,0.79,P2,Team_A,Medium,P2
10111,High,0.9,0.37,3,0.93,0.68,0.76,P2,Team_B,Medium,P2
10112,Medium,0.6,0.74,2,0.48,0.63,0.7,P2,Team_A,Medium,P2
10113,High,0.9,0.51,1,0.47,0.77,0.86,P2,Team_A,Medium,P2
10114,Low,0.3,0.52,1,0.63,0.5,0.3,P2,Team_A,Medium,P2
10115,High,0.9,0.74,4,0.69,0.67,0.47,P1,Team_A,High,P1
10116,High,0.9,0.86,2,0.79,0.69,0.98,P1,Team_B,High,P1
10117,High,0.9,0.5,2,0.77,0.76,0.62,P2,Team_C,Medium,P2
10118,Medium,0.6,0.62,3,0.76,0.74,0.4,P2,Team_B,Medium,P2
10119,Low,0.3,0.39,2,0.86,0.92,0.96,P3,Team_C,Low,P3
10120,High,0.9,0.9,1,0.39,0.65,0.88,P1,Team_B,High,P1
10121,Low,0.3,0.74,3,0.85,0.94,0.5,P2,Team_B,Medium,P2
10122,Low,0.3,0.35,2,0.57,0.57,0.61,P3,Team_B,Low,P3
10123,Low,0.3,0.34,2,0.84,0.47,0.71,P3,Team_A,Low,P3
10124,Medium,0.6,0.93,3,0.68,0.7,0.95,P2,Team_B,Medium,P2
10125,High,0.9,0.72,4,0.68,0.54,0.31,P1,Team_C,High,P1
10126,Low,0.3,0.74,2,0.88,0.59,0.9,P2,Team_B,Medium,P2
10127,Low,0.3,0.49,4,0.93,0.21,0.58,P2,Team_A,Medium,P2
10128,High,0.9,0.6,4,0.84,0.63,0.35,P2,Team_C,Medium,P2
10129,Low,0.3,0.04,4,0.81,0.68,0.86,P3,Team_A,Low,P3
10130,Low,0.3,0.12,4,0.93,0.94,0.63,P3,Team_A,Low,P3
10131,Medium,0.6,0.45,3,0.73,0.27,0.35,P2,Team_C,Medium,P2
10132,Medium,0.6,0.34,4,0.49,0.76,0.65,P2,Team_A,Medium,P2
10133,Low,0.3,0.3,3,0.64,0.73,0.63,P3,Team_A,Low,P3
10134,Low,0.3,0.6,1,0.75,0.48,0.63,P2,Team_A,Medium,P2
10135,Low,0.3,0.78,1,0.89,0.72,0.31,P2,Team_C,Medium,P2
10136,Low,0.3,0.57,4,0.79,0.69,0.35,P2,Team_B,Medium,P2
10137,Medium,0.6,0.03,4,0.59,0.67,0.98,P2,Team_A,Medium,P2
10138,Low,0.3,0.85,3,0.74,0.7,0.87,P2,Team_C,Medium,P2
10139,Low,0.3,0.48,4,0.66,0.86,0.49,P2,Team_B,Medium,P2
10140,Low,0.3,0.09,3,0.89,0.34,0.87,P3,Team_C,Low,P3
10141,Low,0.3,0.53,3,0.8,0.89,0.98,P2,Team_B,Medium,P2
10142,Medium,0.6,0.72,1,0.96,0.81,0.78,P2,Team_A,Medium,P2
10143,Medium,0.6,0.15,1,0.79,0.42,0.74,P2,Team_A,Medium,P2
10144,Medium,0.6,0.16,1,0.59,0.88,0.92,P2,Team_A,Medium,P2
10145,Low,0.3,0.58,4,0.56,0.48,0.35,P2,Team_B,Medium,P2
10146,Medium,0.6,0.73,1,0.45,0.85,0.68,P2,Team_C,Medium,P2
10147,Medium,0.6,0.93,1,0.69,0.61,0.42,P2,Team_A,Medium,P2
10148,Medium,0.6,0.65,1,0.61,0.72,0.76,P2,Team_B,Medium,P2
10149,Low,0.3,0.42,3,0.49,0.52,0.61,P2,Team_B,Medium,P2
10150,Low,0.3,0.39,3,0.89,0.85,0.86,P3,Team_A,Low,P3
10151,High,0.9,0.61,1,0.88,0.71,0.55,P1,Team_B,High,P1
10152,Low,0.3,0.51,4,0.83,0.8,0.79,P2,Team_B,Medium,P2
10153,Low,0.3,0.43,2,0.8,0.83,0.33,P2,Team_C,Medium,P2
10154,Low,0.3,0.76,3,0.73,0.91,0.37,P2,Team_C,Medium,P2
10155,Low,0.3,0.42,1,0.92,0.8,0.69,P2,Team_B,Medium,P2
10156,High,0.9,0.12,4,0.63,0.79,0.79,P2,Team_A,Medium,P2
10157,Medium,0.6,0.34,3,0.74,0.49,0.37,P2,Team_B,Medium,P2
10158,Low,0.3,0.56,3,0.51,0.9,0.55,P2,Team_B,Medium,P2
10159,Medium,0.6,0.24,4,0.78,0.49,0.52,P2,Team_A,Medium,P2
10160,Medium,0.6,0.7,3,0.83,0.38,0.3,P2,Team_B,Medium,P2
10161,High,0.9,0.66,3,0.86,0.55,0.84,P1,Team_A,High,P1
10162,High,0.9,0.21,3,0.74,0.89,0.36,P2,Team_B,Medium,P2
10163,High,0.9,0.89,2,0.55,0.62,0.99,P1,Team_C,High,P1
10164,High,0.9,0.44,4,0.85,0.47,0.96,P2,Team_A,Medium,P2
10165,Low,0.3,0.78,3,0.62,0.63,0.36,P2,Team_A,Medium,P2
10166,Low,0.3,0.38,2,0.76,0.64,0.76,P3,Team_A,Low,P3
10167,High,0.9,0.49,4,0.66,0.53,0.93,P2,Team_B,Medium,P2
10168,High,0.9,0.08,1,0.69,0.61,0.78,P2,Team_C,Medium,P2
10169,Medium,0.6,0.61,1,0.81,0.68,0.72,P2,Team_C,Medium,P2
10170,Low,0.3,0.46,2,0.71,0.7,0.64,P2,Team_C,Medium,P2
10171,Medium,0.6,0.31,2,0.54,0.59,0.33,P2,Team_A,Medium,P2
10172,Medium,0.6,0.5,1,0.82,0.76,0.81,P2,Team_C,Medium,P2
10173,High,0.9,0.84,3,0.55,0.69,0.4,P1,Team_C,High,P1
10174,Low,0.3,0.43,2,0.65,0.78,0.56,P2,Team_C,Medium,P2
10175,Medium,0.6,0.23,2,0.9,0.9,0.93,P2,Team_B,Medium,P2
10176,Low,0.3,0.65,1,0.64,0.96,0.7,P2,Team_A,Medium,P2
10177,Medium,0.6,0.63,4,0.7,0.77,0.67,P2,Team_C,Medium,P2
10178,Medium,0.6,0.38,1,0.59,0.66,0.85,P2,Team_B,Medium,P2
10179,High,0.9,0.61,1,0.55,0.64,0.75,P1,Team_B,High,P1
10180,Medium,0.6,0.64,3,0.78,0.43,0.48,P2,Team_B,Medium,P2
10181,Low,0.3,0.65,2,0.81,0.57,0.54,P2,Team_B,Medium,P2
10182,High,0.9,0.62,1,0.72,0.65,0.97,P1,Team_A,High,P1
10183,High,0.9,0.27,2,0.6,0.78,0.71,P2,Team_A,Medium,P2
10184,Medium,0.6,0.5,2,0.79,0.62,0.77,P2,Team_A,Medium,P2
10185,Medium,0.6,0.6,2,0.8,0.84,0.98,P2,Team_C,Medium,P2
10186,Medium,0.6,0.75,4,0.83,0.66,0.55,P2,Team_A,Medium,P2
10187,Low,0.3,0.69,4,0.81,0.88,0.9,P2,Team_B,Medium,P2
10188,Low,0.3,0.83,2,0.76,0.42,0.8,P2,Team_A,Medium,P2
10189,Low,0.3,0.51,2,0.26,0.82,0.7,P2,Team_A,Medium,P2
10190,High,0.9,0.81,3,0.74,0.27,0.76,P1,Team_B,High,P1
10191,High,0.9,0.22,2,0.74,0.76,0.34,P2,Team_A,Medium,P2
10192,Low,0.3,0.81,1,0.66,0.79,0.33,P2,Team_C,Medium,P2
10193,Medium,0.6,0.29,2,0.79,0.57,0.45,P2,Team_C,Medium,P2
10194,Low,0.3,0.46,2,0.92,0.55,0.32,P2,Team_C,Medium,P2
10195,Medium,0.6,0.37,1,0.98,0.38,0.53,P2,Team_C,Medium,P2
10196,High,0.9,0.12,1,0.52,0.81,0.6,P2,Team_A,Medium,P2
10197,Medium,0.6,0.5,2,0.81,0.84,0.46,P2,Team_A,Medium,P2
10198,High,0.9,0.13,3,0.87,0.76,0.59,P2,Team_A,Medium,P2
10199,Low,0.3,0.48,2,0.84,0.69,0.43,P2,Team_C,Medium,P2
10200,High,0.9,0.74,4,0.62,0.81,0.93,P1,Team_A,High,P1
10201,High,0.9,0.36,2,0.83,0.65,0.37,P2,Team_C,Medium,P2
10202,Low,0.3,0.13,3,0.48,0.82,0.67,P3,Team_A,Low,P3
10203,Medium,0.6,0.57,2,0.73,0.59,0.82,P2,Team_A,Medium,P2
10204,High,0.9,0.49,4,0.84,0.62,0.32,P2,Team_B,Medium,P2
10205,Low,0.3,0.25,1,0.98,0.34,0.52,P3,Team_B,Low,P3
10206,Low,0.3,0.1,2,0.23,0.37,0.61,P3,Team_C,Low,P3
10207,Low,0.3,0.63,1,0.74,0.38,0.44,P2,Team_A,Medium,P2
10208,Medium,0.6,0.4,4,0.66,0.79,0.76,P2,Team_A,Medium,P2
10209,Medium,0.6,0.8,4,0.78,0.49,0.33,P2,Team_B,Medium,P2
10210,High,0.9,0.2,2,0.54,0.53,0.66,P2,Team_B,Medium,P2
10211,Low,0.3,0.58,2,0.83,0.38,0.8,P2,Team_B,Medium,P2
10212,High,0.9,0.33,1,0.64,0.74,0.53,P2,Team_A,Medium,P2
10213,Low,0.3,0.38,3,0.67,0.6,0.97,P3,Team_B,Low,P3
10214,Medium,0.6,0.51,3,0.71,0.61,0.65,P2,Team_C,Medium,P2
10215,Medium,0.6,0.88,2,0.94,0.79,0.87,P2,Team_B,Medium,P2
10216,Low,0.3,0.47,1,0.82,0.77,0.69,P2,Team_A,Medium,P2
10217,Medium,0.6,0.27,2,0.9,0.62,0.73,P2,Team_C,Medium,P2
10218,High,0.9,0.85,4,0.74,0.58,0.66,P1,Team_B,High,P1
10219,High,0.9,0.49,1,0.84,0.92,0.95,P2,Team_C,Medium,P2
10220,Medium,0.6,0.57,1,0.65,0.56,0.61,P2,Team_C,Medium,P2
10221,Medium,0.6,0.76,1,0.4,0.28,0.31,P2,Team_B,Medium,P2
10222,Low,0.3,0.47,2,0.73,0.43,0.94,P2,Team_C,Medium,P2
10223,Low,0.3,0.5,1,0.31,0.61,0.69,P2,Team_A,Medium,P2
10224,Low,0.3,0.29,4,0.64,0.72,0.86,P3,Team_B,Low,P3
10225,Medium,0.6,0.36,4,0.48,0.48,0.57,P2,Team_B,Medium,P2
10226,Low,0.3,0.16,2,0.66,0.68,0.72,P3,Team_B,Low,P3
10227,Low,0.3,0.63,2,0.54,0.81,0.72,P2,Team_C,Medium,P2
10228,High,0.9,0.13,2,0.5,0.92,0.74,P2,Team_C,Medium,P2
10229,Low,0.3,0.42,4,0.95,0.77,0.82,P2,Team_C,Medium,P2
10230,Medium,0.6,0.5,3,0.78,0.78,0.56,P2,Team_A,Medium,P2
10231,Low,0.3,0.84,1,0.85,0.76,0.76,P2,Team_C,Medium,P2
10232,Medium,0.6,0.75,3,0.86,0.72,0.42,P2,Team_A,Medium,P2
10233,Low,0.3,0.49,4,0.68,0.62,0.55,P2,Team_A,Medium,P2
10234,Low,0.3,0.82,4,0.84,0.76,0.98,P2,Team_B,Medium,P2
10235,Medium,0.6,0.04,2,0.74,0.94,0.31,P2,Team_A,Medium,P2
10236,Low,0.3,0.52,1,0.84,0.52,0.53,P2,Team_C,Medium,P2
10237,High,0.9,0.67,4,0.55,0.66,0.51,P1,Team_A,High,P1
10238,Low,0.3,0.81,1,0.34,0.83,0.99,P2,Team_B,Medium,P2
10239,Medium,0.6,0.22,2,0.49,0.56,0.64,P2,Team_B,Medium,P2
10240,High,0.9,0.34,2,0.75,0.72,0.69,P2,Team_B,Medium,P2
10241,High,0.9,0.49,1,0.87,0.43,0.56,P2,Team_C,Medium,P2
10242,High,0.9,0.46,3,0.59,0.59,0.81,P2,Team_B,Medium,P2
10243,High,0.9,0.85,3,0.65,0.8,0.84,P1,Team_C,High,P1
10244,Medium,0.6,0.48,4,0.75,0.24,0.89,P2,Team_B,Medium,P2
10245,High,0.9,0.16,2,0.7,0.76,0.64,P2,Team_B,Medium,P2
10246,Medium,0.6,0.43,3,0.5,0.85,0.71,P2,Team_C,Medium,P2
10247,Low,0.3,0.21,1,0.74,0.8,0.41,P3,Team_C,Low,P3
10248,High,0.9,0.54,3,0.81,0.69,0.59,P2,Team_A,Medium,P2
10249,Medium,0.6,0.58,2,0.37,0.67,0.64,P2,Team_A,Medium,P2
10250,High,0.9,0.13,4,0.79,0.94,0.52,P2,Team_B,Medium,P2
10251,Medium,0.6,0.61,2,0.91,0.8,0.73,P2,Team_C,Medium,P2
10252,Low,0.3,0.12,4,0.47,0.72,0.84,P3,Team_B,Low,P3
10253,Low,0.3,0.06,4,0.7,0.67,0.85,P3,Team_A,Low,P3
10254,Low,0.3,0.42,3,0.96,0.79,1.0,P2,Team_A,Medium,P2
10255,High,0.9,0.44,2,0.48,0.71,0.42,P2,Team_C,Medium,P2
10256,Medium,0.6,0.07,3,0.81,0.55,0.99,P2,Team_B,Medium,P2
10257,Medium,0.6,0.61,1,0.95,0.63,0.69,P2,Team_B,Medium,P2
10258,Low,0.3,0.77,2,0.8,0.69,0.32,P2,Team_B,Medium,P2
10259,Medium,0.6,0.43,1,0.46,0.65,0.59,P2,Team_A,Medium,P2
10260,Low,0.3,0.94,1,0.55,0.76,0.67,P2,Team_B,Medium,P2
10261,Medium,0.6,0.74,4,0.83,0.94,0.46,P2,Team_A,Medium,P2
10262,Medium,0.6,0.6,4,0.65,0.71,0.84,P2,Team_A,Medium,P2
10263,High,0.9,0.22,4,0.22,0.72,0.42,P2,Team_B,Medium,P2
10264,Low,0.3,0.72,2,0.58,0.74,0.45,P2,Team_A,Medium,P2
10265,Low,0.3,0.16,3,0.64,0.76,0.43,P3,Team_A,Low,P3
10266,Medium,0.6,0.39,1,0.49,0.24,0.86,P2,Team_A,Medium,P2
10267,High,0.9,0.32,4,0.75,0.86,0.4,P2,Team_B,Medium,P2
10268,Medium,0.6,0.57,3,0.51,0.56,0.38,P2,Team_C,Medium,P2
10269,Medium,0.6,0.47,1,0.95,0.5,0.76,P2,Team_C,Medium,P2
10270,Low,0.3,0.52,1,0.54,0.77,0.65,P2,Team_C,Medium,P2
10271,Low,0.3,0.15,4,0.89,0.68,0.57,P3,Team_A,Low,P3
10272,Low,0.3,0.17,2,0.62,0.58,0.36,P3,Team_B,Low,P3
10273,Medium,0.6,0.81,3,0.65,0.63,0.75,P2,Team_B,Medium,P2
10274,Low,0.3,0.11,3,0.83,0.9,0.57,P3,Team_C,Low,P3
10275,High,0.9,0.36,1,0.66,0.84,0.75,P2,Team_C,Medium,P2
10276,Medium,0.6,0.63,3,0.67,0.59,0.85,P2,Team_B,Medium,P2
10277,Medium,0.6,0.23,2,0.9,0.42,0.74,P2,Team_B,Medium,P2
10278,Low,0.3,0.62,3,0.86,0.62,0.87,P2,Team_C,Medium,P2
10279,High,0.9,0.52,4,0.65,0.62,0.31,P2,Team_B,Medium,P2
10280,High,0.9,0.34,3,0.61,0.45,0.45,P2,Team_C,Medium,P2
10281,Medium,0.6,0.76,2,0.79,0.73,0.43,P2,Team_A,Medium,P2
10282,Medium,0.6,0.39,4,0.74,0.73,0.86,P2,Team_A,Medium,P2
10283,High,0.9,0.28,3,0.85,0.69,0.45,P2,Team_C,Medium,P2
10284,Low,0.3,0.09,1,0.6,0.92,0.49,P3,Team_A,Low,P3
10285,High,0.9,0.5,3,0.74,0.82,0.39,P2,Team_B,Medium,P2
10286,Low,0.3,0.6,3,0.83,0.6,0.99,P2,Team_C,Medium,P2
10287,Medium,0.6,0.72,2,0.65,0.95,0.57,P2,Team_C,Medium,P2
10288,Medium,0.6,0.39,4,0.83,0.67,0.87,P2,Team_B,Medium,P2
10289,Medium,0.6,0.15,4,0.69,0.38,0.89,P2,Team_C,Medium,P2
10290,Medium,0.6,0.76,4,0.39,0.38,0.85,P2,Team_B,Medium,P2
10291,Low,0.3,0.57,2,0.79,0.43,0.39,P2,Team_B,Medium,P2
10292,Low,0.3,0.61,1,0.83,0.42,0.37,P2,Team_C,Medium,P2
10293,High,0.9,0.51,1,0.85,0.4,0.37,P2,Team_A,Medium,P2
10294,Medium,0.6,0.6,3,0.97,0.75,0.38,P2,Team_A,Medium,P2
10295,High,0.9,0.67,3,0.68,0.41,0.39,P1,Team_B,High,P1
10296,Low,0.3,0.08,3,0.74,0.92,0.7,P3,Team_B,Low,P3
10297,High,0.9,0.41,1,0.76,0.67,0.82,P2,Team_A,Medium,P2
10298,Low,0.3,0.25,2,0.62,0.81,0.49,P3,Team_A,Low,P3
10299,Low,0.3,0.17,4,0.83,0.79,0.91,P3,Team_B,Low,P3
10300,Medium,0.6,0.77,2,0.44,0.64,0.93,P2,Team_C,Medium,P2
10301,Low,0.3,0.77,4,0.85,0.92,0.69,P2,Team_C,Medium,P2
10302,Low,0.3,0.11,2,0.8,0.63,0.79,P3,Team_B,Low,P3
10303,Low,0.3,0.53,1,0.86,0.5,0.72,P2,Team_B,Medium,P2
10304,High,0.9,0.32,4,0.73,0.47,0.35,P2,Team_C,Medium,P2
10305,Low,0.3,0.2,2,0.82,0.38,0.51,P3,Team_C,Low,P3
10306,Medium,0.6,0.83,2,0.48,0.58,0.57,P2,Team_A,Medium,P2
10307,Low,0.3,0.71,3,0.66,0.64,0.62,P2,Team_B,Medium,P2
10308,Medium,0.6,0.83,2,0.63,0.58,0.66,P2,Team_B,Medium,P2
10309,Low,0.3,0.67,2,0.46,0.6,0.73,P2,Team_B,Medium,P2
10310,High,0.9,0.49,4,0.84,0.35,0.9,P2,Team_B,Medium,P2
10311,Medium,0.6,0.48,3,0.73,0.72,0.64,P2,Team_A,Medium,P2
10312,Medium,0.6,0.76,2,0.59,0.47,0.93,P2,Team_B,Medium,P2
10313,Medium,0.6,0.42,1,0.61,0.66,0.83,P2,Team_C,Medium,P2
10314,Medium,0.6,0.17,3,0.56,0.71,0.79,P2,Team_C,Medium,P2
10315,Low,0.3,0.06,4,0.88,0.79,0.78,P3,Team_A,Low,P3
10316,High,0.9,0.88,3,0.71,0.52,0.5,P1,Team_A,High,P1
10317,High,0.9,0.39,1,0.91,0.44,0.59,P2,Team_B,Medium,P2
10318,Low,0.3,0.32,1,0.78,0.93,0.85,P3,Team_A,Low,P3
10319,Medium,0.6,0.58,1,0.38,0.41,0.89,P2,Team_A,Medium,P2
10320,Low,0.3,0.01,3,0.8,0.79,0.96,P3,Team_B,Low,P3
10321,High,0.9,0.62,1,0.74,0.84,0.63,P1,Team_B,High,P1
10322,Low,0.3,0.25,1,0.88,0.44,0.45,P3,Team_B,Low,P3
10323,Medium,0.6,0.13,3,0.7,0.84,0.71,P2,Team_C,Medium,P2
10324,Low,0.3,0.32,4,0.73,0.42,0.43,P3,Team_C,Low,P3
10325,High,0.9,0.19,1,0.57,0.79,0.42,P2,Team_C,Medium,P2
10326,High,0.9,0.19,2,0.77,0.63,0.94,P2,Team_B,Medium,P2
10327,Medium,0.6,0.53,3,0.64,0.48,0.85,P2,Team_B,Medium,P2
10328,Medium,0.6,0.36,3,0.82,0.73,0.99,P2,Team_A,Medium,P2
10329,Medium,0.6,0.05,3,0.66,0.38,0.68,P2,Team_B,Medium,P2
10330,High,0.9,0.56,2,0.97,0.9,0.97,P2,Team_B,Medium,P2
10331,Low,0.3,0.67,3,0.85,0.29,0.84,P2,Team_C,Medium,P2
10332,Low,0.3,0.41,1,0.89,0.69,0.9,P2,Team_C,Medium,P2
10333,Medium,0.6,0.8,2,0.33,0.88,0.81,P2,Team_C,Medium,P2
10334,High,0.9,0.52,3,0.79,0.5,0.78,P2,Team_A,Medium,P2
10335,Medium,0.6,0.75,2,0.89,0.84,0.52,P2,Team_C,Medium,P2
10336,High,0.9,0.4,1,0.41,0.78,0.62,P2,Team_B,Medium,P2
10337,High,0.9,0.47,1,0.94,0.66,0.38,P2,Team_A,Medium,P2
10338,Medium,0.6,0.58,2,0.64,0.75,0.46,P2,Team_A,Medium,P2
10339,Low,0.3,0.94,1,0.54,0.86,0.39,P2,Team_B,Medium,P2
10340,Low,0.3,0.8,3,0.63,0.36,0.41,P2,Team_A,Medium,P2
10341,Low,0.3,0.69,2,0.83,0.61,0.74,P2,Team_B,Medium,P2
10342,Low,0.3,0.14,2,0.52,0.57,0.55,P3,Team_B,Low,P3
10343,Low,0.3,0.52,2,0.73,0.87,0.48,P2,Team_C,Medium,P2
10344,Medium,0.6,0.25,3,0.24,0.46,0.37,P2,Team_B,Medium,P2
10345,Medium,0.6,0.51,1,0.89,0.92,0.73,P2,Team_C,Medium,P2
10346,High,0.9,0.59,3,0.31,0.45,0.45,P2,Team_B,Medium,P2
10347,High,0.9,0.18,4,0.96,0.74,0.5,P2,Team_C,Medium,P2
10348,High,0.9,0.27,2,0.45,0.58,0.52,P2,Team_B,Medium,P2
10349,Medium,0.6,0.5,3,0.71,0.58,0.3,P2,Team_A,Medium,P2
10350,Medium,0.6,0.33,4,0.68,0.33,0.45,P2,Team_B,Medium,P2
10351,High,0.9,0.82,4,0.57,0.59,0.35,P1,Team_B,High,P1
10352,Low,0.3,0.65,1,0.76,0.69,0.87,P2,Team_C,Medium,P2
10353,Low,0.3,0.45,1,0.25,0.76,0.81,P2,Team_C,Medium,P2
10354,High,0.9,0.44,4,0.93,0.47,0.38,P2,Team_B,Medium,P2
10355,Low,0.3,0.65,1,0.8,0.82,0.54,P2,Team_C,Medium,P2
10356,High,0.9,0.58,2,0.9,0.88,0.45,P2,Team_B,Medium,P2
10357,High,0.9,0.88,3,0.81,0.85,0.35,P1,Team_C,High,P1
10358,Medium,0.6,0.66,1,0.92,0.61,0.74,P2,Team_B,Medium,P2
10359,High,0.9,0.64,4,0.97,0.4,0.99,P1,Team_A,High,P1
10360,Low,0.3,0.5,4,0.86,0.78,0.36,P2,Team_B,Medium,P2
10361,Medium,0.6,0.3,1,0.76,0.88,0.44,P2,Team_B,Medium,P2
10362,Low,0.3,0.45,1,0.63,0.38,0.6,P2,Team_C,Medium,P2
10363,Low,0.3,0.63,3,0.37,0.4,0.54,P2,Team_B,Medium,P2
10364,Low,0.3,0.11,1,0.75,0.49,0.86,P3,Team_A,Low,P3
10365,High,0.9,0.16,4,0.85,0.67,0.46,P2,Team_B,Medium,P2
10366,Low,0.3,0.61,1,0.73,0.79,0.79,P2,Team_B,Medium,P2
10367,Low,0.3,0.36,2,0.74,0.85,0.32,P3,Team_C,Low,P3
10368,Low,0.3,0.92,2,0.73,0.81,0.66,P2,Team_B,Medium,P2
10369,High,0.9,0.37,1,0.55,0.42,0.65,P2,Team_C,Medium,P2
10370,Low,0.3,0.47,2,0.81,0.93,0.41,P2,Team_C,Medium,P2
10371,Medium,0.6,0.73,2,0.94,0.76,0.93,P2,Team_B,Medium,P2
10372,Medium,0.6,0.54,1,0.83,0.79,0.8,P2,Team_B,Medium,P2
10373,Medium,0.6,0.74,4,0.9,0.87,0.53,P2,Team_B,Medium,P2
10374,Low,0.3,0.16,3,0.87,0.62,0.9,P3,Team_B,Low,P3
10375,Low,0.3,0.38,2,0.44,0.81,0.91,P3,Team_B,Low,P3
10376,High,0.9,0.13,4,0.87,0.93,0.34,P2,Team_B,Medium,P2
10377,Low,0.3,0.41,4,0.76,0.65,0.54,P2,Team_C,Medium,P2
10378,Low,0.3,0.52,2,0.7,0.94,1.0,P2,Team_C,Medium,P2
10379,High,0.9,0.4,4,0.93,0.62,0.88,P2,Team_B,Medium,P2
10380,Medium,0.6,0.9,4,0.78,0.41,0.59,P2,Team_B,Medium,P2
10381,Medium,0.6,0.39,4,0.58,0.44,0.33,P2,Team_A,Medium,P2
10382,Medium,0.6,0.75,2,0.93,0.81,0.7,P2,Team_A,Medium,P2
10383,High,0.9,0.45,1,0.73,0.45,0.7,P2,Team_B,Medium,P2
10384,High,0.9,0.67,1,0.84,0.71,0.31,P1,Team_B,High,P1
10385,High,0.9,0.15,4,0.95,0.6,0.47,P2,Team_C,Medium,P2
10386,Low,0.3,0.67,1,0.58,0.25,0.8,P2,Team_A,Medium,P2
10387,Low,0.3,0.36,4,0.85,0.79,0.87,P3,Team_A,Low,P3
10388,High,0.9,0.44,2,0.98,0.67,0.76,P2,Team_B,Medium,P2
10389,Low,0.3,0.91,2,0.88,0.76,0.4,P2,Team_C,Medium,P2
10390,Low,0.3,0.57,3,0.73,0.74,0.44,P2,Team_A,Medium,P2
10391,Medium,0.6,0.34,2,0.9,0.5,0.52,P2,Team_B,Medium,P2
10392,Low,0.3,0.27,4,0.74,0.46,0.94,P3,Team_A,Low,P3
10393,Medium,0.6,0.57,1,0.21,0.41,0.35,P2,Team_B,Medium,P2
10394,Medium,0.6,0.67,4,0.72,0.81,0.92,P2,Team_C,Medium,P2
10395,Medium,0.6,0.47,3,0.78,0.77,0.64,P2,Team_A,Medium,P2
10396,Low,0.3,0.07,3,0.68,0.87,0.57,P3,Team_B,Low,P3
10397,High,0.9,0.96,2,0.64,0.72,0.52,P1,Team_B,High,P1
10398,High,0.9,0.81,2,0.87,0.86,0.66,P1,Team_C,High,P1
10399,High,0.9,0.39,2,0.5,0.3,0.42,P2,Team_A,Medium,P2
10400,High,0.9,0.16,1,0.33,0.67,0.92,P2,Team_B,Medium,P2
10401,High,0.9,0.65,3,0.93,0.63,0.84,P1,Team_A,High,P1
10402,Medium,0.6,0.01,4,0.75,0.38,0.53,P2,Team_A,Medium,P2
10403,Low,0.3,0.9,4,0.84,0.88,0.54,P2,Team_A,Medium,P2
10404,Medium,0.6,0.31,2,0.41,0.95,0.31,P2,Team_A,Medium,P2
10405,Low,0.3,0.54,3,0.92,0.54,0.63,P2,Team_B,Medium,P2
10406,Low,0.3,0.06,2,0.79,0.74,0.68,P3,Team_A,Low,P3
10407,Medium,0.6,0.5,1,0.68,0.26,0.53,P2,Team_B,Medium,P2
10408,Low,0.3,0.81,4,0.53,0.75,0.62,P2,Team_A,Medium,P2
10409,High,0.9,0.49,1,0.72,0.89,0.32,P2,Team_A,Medium,P2
10410,High,0.9,0.74,3,0.85,0.33,0.65,P1,Team_A,High,P1
10411,Medium,0.6,0.64,1,0.76,0.69,0.33,P2,Team_A,Medium,P2
10412,Medium,0.6,0.75,2,0.79,0.48,0.75,P2,Team_B,Medium,P2
10413,Medium,0.6,0.49,3,0.87,0.76,0.39,P2,Team_A,Medium,P2
10414,Low,0.3,0.73,3,0.27,0.51,0.86,P2,Team_C,Medium,P2
10415,High,0.9,0.75,1,0.44,0.95,0.6,P1,Team_A,High,P1
10416,High,0.9,0.21,4,0.85,0.91,0.59,P2,Team_B,Medium,P2
10417,Medium,0.6,0.52,1,0.75,0.86,0.77,P2,Team_A,Medium,P2
10418,High,0.9,0.51,3,0.91,0.31,0.8,P2,Team_A,Medium,P2
10419,High,0.9,0.45,2,0.86,0.44,0.89,P2,Team_B,Medium,P2
10420,Medium,0.6,0.37,3,0.83,0.74,0.75,P2,Team_A,Medium,P2
10421,Medium,0.6,0.25,4,0.72,0.77,0.55,P2,Team_A,Medium,P2
10422,Medium,0.6,0.44,4,0.84,0.43,0.33,P2,Team_A,Medium,P2
10423,Low,0.3,0.53,4,0.36,0.61,0.36,P2,Team_B,Medium,P2
10424,High,0.9,0.36,4,0.8,0.81,0.32,P2,Team_A,Medium,P2
10425,Low,0.3,0.61,4,0.57,0.81,0.95,P2,Team_C,Medium,P2
10426,Low,0.3,0.8,4,0.36,0.33,0.36,P2,Team_A,Medium,P2
10427,High,0.9,0.12,2,0.56,0.67,0.85,P2,Team_C,Medium,P2
10428,Medium,0.6,0.06,4,0.83,0.47,0.79,P2,Team_A,Medium,P2
10429,Low,0.3,0.57,3,0.9,0.89,0.66,P2,Team_B,Medium,P2
10430,Low,0.3,0.77,1,0.6,0.54,0.95,P2,Team_C,Medium,P2
10431,Low,0.3,0.74,4,0.91,0.78,0.49,P2,Team_B,Medium,P2
10432,High,0.9,0.66,1,0.86,0.74,0.74,P1,Team_A,High,P1
10433,High,0.9,0.11,2,0.51,0.62,0.44,P2,Team_B,Medium,P2
10434,High,0.9,0.39,2,0.43,0.43,0.47,P2,Team_B,Medium,P2
10435,High,0.9,0.42,4,0.97,0.67,0.75,P2,Team_C,Medium,P2
10436,Low,0.3,0.45,4,0.59,0.88,0.5,P2,Team_B,Medium,P2
10437,High,0.9,0.07,4,0.52,0.66,0.95,P2,Team_B,Medium,P2
10438,Low,0.3,0.36,2,0.73,0.22,0.79,P3,Team_C,Low,P3
10439,High,0.9,0.46,4,0.67,0.69,0.49,P2,Team_A,Medium,P2
10440,Low,0.3,0.21,2,0.48,0.51,0.8,P3,Team_C,Low,P3
10441,High,0.9,0.55,1,0.94,0.69,0.79,P2,Team_C,Medium,P2
10442,Low,0.3,0.38,1,0.95,0.39,0.89,P3,Team_C,Low,P3
10443,Medium,0.6,0.59,2,0.93,0.49,0.42,P2,Team_C,Medium,P2
10444,Low,0.3,0.74,3,0.9,0.73,0.83,P2,Team_B,Medium,P2
10445,High,0.9,0.8,4,0.7,0.81,0.34,P1,Team_B,High,P1
10446,High,0.9,0.39,1,0.7,0.85,0.44,P2,Team_B,Medium,P2
10447,Medium,0.6,0.25,4,0.52,0.45,0.88,P2,Team_B,Medium,P2
10448,Medium,0.6,0.9,1,0.7,0.83,0.53,P2,Team_B,Medium,P2
10449,High,0.9,0.52,2,0.39,0.72,1.0,P2,Team_A,Medium,P2
10450,Low,0.3,0.67,1,0.14,0.31,0.52,P2,Team_B,Medium,P2
10451,Medium,0.6,0.26,4,0.93,0.72,0.82,P2,Team_B,Medium,P2
10452,High,0.9,0.36,4,0.77,0.62,0.74,P2,Team_B,Medium,P2
10453,Low,0.3,0.74,2,0.61,0.72,0.32,P2,Team_C,Medium,P2
10454,Medium,0.6,0.71,4,0.6,0.53,0.49,P2,Team_B,Medium,P2
10455,Low,0.3,0.87,2,0.63,0.76,0.49,P2,Team_A,Medium,P2
10456,Low,0.3,0.68,2,0.43,0.84,0.99,P2,Team_B,Medium,P2
10457,High,0.9,0.46,2,0.67,0.8,0.55,P2,Team_A,Medium,P2
10458,High,0.9,0.25,4,0.57,0.44,0.82,P2,Team_A,Medium,P2
10459,Low,0.3,0.29,4,0.54,0.71,0.71,P3,Team_B,Low,P3
10460,Medium,0.6,0.1,2,0.9,0.65,0.8,P2,Team_A,Medium,P2
10461,High,0.9,0.58,3,0.41,0.64,0.97,P2,Team_B,Medium,P2
10462,Low,0.3,0.64,3,0.86,0.67,0.67,P2,Team_B,Medium,P2
10463,Medium,0.6,0.8,2,0.8,0.62,0.58,P2,Team_B,Medium,P2
10464,Low,0.3,0.78,4,0.63,0.79,0.73,P2,Team_C,Medium,P2
10465,Medium,0.6,0.52,2,0.8,0.38,0.55,P2,Team_A,Medium,P2
10466,Medium,0.6,0.2,1,0.94,0.46,0.6,P2,Team_A,Medium,P2
10467,High,0.9,0.69,4,0.77,0.63,0.65,P1,Team_A,High,P1
10468,Medium,0.6,0.96,1,0.85,0.83,0.75,P2,Team_B,Medium,P2
10469,Low,0.3,0.11,1,0.67,0.8,0.99,P3,Team_A,Low,P3
10470,Medium,0.6,0.48,3,0.54,0.58,0.95,P2,Team_C,Medium,P2
10471,Low,0.3,0.75,4,0.73,0.61,0.79,P2,Team_B,Medium,P2
10472,Medium,0.6,0.27,4,0.35,0.54,0.3,P2,Team_A,Medium,P2
10473,Low,0.3,0.25,4,0.63,0.81,0.71,P3,Team_B,Low,P3
10474,Low,0.3,0.63,3,0.73,0.79,0.48,P2,Team_A,Medium,P2
10475,High,0.9,0.38,3,0.88,0.19,0.53,P2,Team_B,Medium,P2
10476,Medium,0.6,0.91,3,0.99,0.74,0.91,P2,Team_B,Medium,P2
10477,Medium,0.6,0.51,4,0.89,0.76,0.5,P2,Team_C,Medium,P2
10478,High,0.9,0.44,4,0.41,0.69,0.83,P2,Team_B,Medium,P2
10479,Medium,0.6,0.72,3,0.73,0.51,0.4,P2,Team_C,Medium,P2
10480,Low,0.3,0.69,3,0.92,0.55,0.85,P2,Team_A,Medium,P2
10481,High,0.9,0.67,1,0.8,0.44,0.76,P1,Team_A,High,P1
10482,High,0.9,0.32,3,0.72,0.63,0.72,P2,Team_A,Medium,P2
10483,Medium,0.6,0.32,2,0.78,0.5,0.39,P2,Team_C,Medium,P2
10484,Low,0.3,0.53,4,0.42,0.59,0.9,P2,Team_B,Medium,P2
10485,Low,0.3,0.41,4,0.84,0.58,0.55,P2,Team_A,Medium,P2
10486,Low,0.3,0.5,2,0.94,0.81,0.89,P2,Team_B,Medium,P2
10487,Low,0.3,0.34,4,0.34,0.33,0.97,P3,Team_C,Low,P3
10488,Low,0.3,0.67,3,0.88,0.6,0.47,P2,Team_B,Medium,P2
10489,High,0.9,0.28,4,0.89,0.2,0.68,P2,Team_C,Medium,P2
10490,Medium,0.6,0.26,1,0.7,0.79,0.95,P2,Team_A,Medium,P2
10491,Low,0.3,0.77,1,0.82,0.46,1.0,P2,Team_A,Medium,P2
10492,Low,0.3,0.95,2,0.83,0.63,0.59,P2,Team_A,Medium,P2
10493,Low,0.3,0.66,4,0.78,0.87,0.52,P2,Team_C,Medium,P2
10494,Low,0.3,0.23,1,0.52,0.67,1.0,P3,Team_B,Low,P3
10495,High,0.9,0.2,3,0.64,0.69,0.36,P2,Team_A,Medium,P2
10496,High,0.9,0.81,1,0.95,0.82,0.84,P1,Team_B,High,P1
10497,Low,0.3,0.34,4,0.75,0.82,0.82,P3,Team_B,Low,P3
10498,High,0.9,0.42,3,0.94,0.42,0.99,P2,Team_C,Medium,P2
10499,Medium,0.6,0.42,1,0.66,0.47,0.65,P2,Team_C,Medium,P2
10500,Low,0.3,0.18,4,0.7,0.53,0.47,P3,Team_A,Low,P3
10501,Medium,0.6,0.53,1,0.42,0.83,0.9,P2,Team_B,Medium,P2
10502,Low,0.3,0.32,2,0.75,0.62,0.6,P3,Team_C,Low,P3
10503,Medium,0.6,0.57,1,0.65,0.98,0.54,P2,Team_A,Medium,P2
10504,Medium,0.6,0.39,1,0.73,0.36,0.33,P2,Team_B,Medium,P2
10505,High,0.9,0.1,2,0.87,0.81,0.75,P2,Team_B,Medium,P2
10506,High,0.9,0.29,3,0.68,0.53,0.77,P2,Team_A,Medium,P2
10507,High,0.9,0.92,4,0.91,0.6,0.98,P1,Team_B,High,P1
10508,Medium,0.6,0.35,1,0.54,0.53,0.83,P2,Team_C,Medium,P2
10509,Low,0.3,0.28,3,0.73,0.69,0.56,P3,Team_C,Low,P3
10510,High,0.9,0.84,2,0.91,0.76,0.31,P1,Team_B,High,P1
10511,Medium,0.6,0.41,4,0.63,0.63,0.33,P2,Team_A,Medium,P2
10512,Low,0.3,0.12,1,0.84,0.75,0.87,P3,Team_B,Low,P3
10513,High,0.9,0.41,2,0.81,0.56,0.59,P2,Team_A,Medium,P2
10514,Low,0.3,0.54,3,0.82,0.78,0.37,P2,Team_A,Medium,P2
10515,Low,0.3,0.19,4,0.4,0.6,0.55,P3,Team_C,Low,P3
10516,Low,0.3,0.31,3,0.72,0.89,0.82,P3,Team_C,Low,P3
10517,Low,0.3,0.74,2,0.74,0.64,0.39,P2,Team_C,Medium,P2
10518,Medium,0.6,0.59,2,0.66,0.97,0.51,P2,Team_A,Medium,P2
10519,High,0.9,0.53,2,0.62,0.56,0.35,P2,Team_C,Medium,P2
10520,Medium,0.6,0.64,4,0.52,0.68,0.35,P2,Team_C,Medium,P2
10521,Low,0.3,0.58,2,0.9,0.84,0.52,P2,Team_B,Medium,P2
10522,High,0.9,0.29,2,0.6,0.74,0.43,P2,Team_C,Medium,P2
10523,Medium,0.6,0.7,3,0.86,0.37,0.45,P2,Team_B,Medium,P2
10524,High,0.9,0.61,1,0.61,0.43,0.73,P1,Team_A,High,P1
10525,Medium,0.6,0.23,4,0.67,0.59,0.43,P2,Team_C,Medium,P2
10526,Low,0.3,0.7,2,0.66,0.82,0.8,P2,Team_C,Medium,P2
10527,Medium,0.6,0.3,4,0.73,0.81,0.66,P2,Team_B,Medium,P2
10528,Medium,0.6,0.39,1,0.66,0.79,0.88,P2,Team_C,Medium,P2
10529,Low,0.3,0.52,2,0.79,0.76,0.47,P2,Team_B,Medium,P2
10530,High,0.9,0.33,2,0.75,0.61,0.31,P2,Team_A,Medium,P2
10531,High,0.9,0.81,1,0.76,0.59,0.92,P1,Team_A,High,P1
10532,Medium,0.6,0.81,3,0.4,0.87,0.65,P2,Team_A,Medium,P2
10533,Low,0.3,0.47,4,0.84,0.64,0.51,P2,Team_B,Medium,P2
10534,High,0.9,0.24,2,0.87,0.84,0.37,P2,Team_C,Medium,P2
10535,Medium,0.6,0.77,2,0.38,0.92,0.52,P2,Team_A,Medium,P2
10536,Low,0.3,0.77,2,0.86,0.32,0.86,P2,Team_B,Medium,P2
10537,Medium,0.6,0.44,3,0.63,0.64,0.49,P2,Team_A,Medium,P2
10538,Low,0.3,0.68,2,0.79,0.96,0.44,P2,Team_B,Medium,P2
10539,Low,0.3,0.57,1,0.64,0.31,0.73,P2,Team_A,Medium,P2
10540,High,0.9,0.61,1,0.72,0.55,0.64,P1,Team_C,High,P1
10541,High,0.9,0.4,4,0.49,0.73,0.91,P2,Team_A,Medium,P2
10542,Medium,0.6,0.43,3,0.65,0.45,0.41,P2,Team_C,Medium,P2
10543,Medium,0.6,0.52,3,0.6,0.41,0.51,P2,Team_A,Medium,P2
10544,High,0.9,0.69,1,0.9,0.32,0.52,P1,Team_B,High,P1
10545,Medium,0.6,0.28,4,0.76,0.82,0.6,P2,Team_C,Medium,P2
10546,Low,0.3,0.23,3,0.53,0.56,0.55,P3,Team_A,Low,P3
10547,High,0.9,0.77,1,0.82,0.76,0.68,P1,Team_C,High,P1
10548,Medium,0.6,0.14,1,0.63,0.61,0.79,P2,Team_B,Medium,P2
10549,High,0.9,0.64,1,0.55,0.83,0.31,P1,Team_A,High,P1
10550,Low,0.3,0.53,1,0.94,0.7,0.56,P2,Team_C,Medium,P2
10551,Medium,0.6,0.39,3,0.69,0.19,0.93,P2,Team_A,Medium,P2
10552,Medium,0.6,0.26,1,0.76,0.74,0.49,P2,Team_A,Medium,P2
10553,Medium,0.6,0.47,2,0.9,0.72,0.62,P2,Team_C,Medium,P2
10554,Low,0.3,0.82,2,0.93,0.49,0.69,P2,Team_C,Medium,P2
10555,Medium,0.6,0.25,2,0.65,0.53,0.47,P2,Team_C,Medium,P2
10556,Low,0.3,0.86,2,0.72,0.91,0.68,P2,Team_C,Medium,P2
10557,Medium,0.6,0.48,3,0.63,0.66,0.5,P2,Team_A,Medium,P2
10558,Low,0.3,0.66,4,0.7,0.63,0.44,P2,Team_C,Medium,P2
10559,Low,0.3,0.13,3,0.91,0.59,0.4,P3,Team_A,Low,P3
10560,Low,0.3,0.32,2,0.74,0.88,0.92,P3,Team_A,Low,P3
10561,Low,0.3,0.41,2,0.92,0.73,0.38,P2,Team_B,Medium,P2
10562,Low,0.3,0.77,3,0.83,0.64,0.97,P2,Team_A,Medium,P2
10563,Medium,0.6,0.19,4,0.73,0.87,0.66,P2,Team_B,Medium,P2
10564,High,0.9,0.49,1,0.71,0.56,0.54,P2,Team_A,Medium,P2
10565,Medium,0.6,0.9,1,0.66,0.67,0.37,P2,Team_B,Medium,P2
10566,Medium,0.6,0.26,1,0.48,0.43,0.92,P2,Team_C,Medium,P2
10567,Low,0.3,0.77,2,0.87,0.42,0.48,P2,Team_A,Medium,P2
10568,Medium,0.6,0.33,2,0.77,0.67,0.7,P2,Team_C,Medium,P2
10569,High,0.9,0.87,4,0.3,0.79,0.62,P1,Team_A,High,P1
10570,Low,0.3,0.37,2,0.75,0.56,0.46,P3,Team_B,Low,P3
10571,Medium,0.6,0.35,3,0.77,0.53,0.73,P2,Team_C,Medium,P2
10572,Low,0.3,0.73,4,0.93,0.73,0.47,P2,Team_B,Medium,P2
10573,Low,0.3,0.17,2,0.94,0.81,0.38,P3,Team_B,Low,P3
10574,High,0.9,0.53,4,0.84,0.55,0.84,P2,Team_B,Medium,P2
10575,Medium,0.6,0.53,2,0.31,0.51,0.9,P2,Team_C,Medium,P2
10576,Low,0.3,0.21,2,0.73,0.9,0.34,P3,Team_A,Low,P3
10577,Low,0.3,0.81,3,0.6,0.62,0.66,P2,Team_B,Medium,P2
10578,Medium,0.6,0.86,2,0.85,0.55,0.71,P2,Team_C,Medium,P2
10579,High,0.9,0.56,3,0.69,0.6,0.98,P2,Team_A,Medium,P2
10580,Medium,0.6,0.86,4,0.81,0.87,0.8,P2,Team_A,Medium,P2
10581,Low,0.3,0.35,1,0.87,0.54,0.36,P3,Team_A,Low,P3
10582,High,0.9,0.71,1,0.76,0.67,0.73,P1,Team_A,High,P1
10583,Medium,0.6,0.32,4,0.91,0.81,0.47,P2,Team_B,Medium,P2
10584,Medium,0.6,0.15,3,0.86,0.39,0.92,P2,Team_A,Medium,P2
10585,Low,0.3,0.44,3,0.74,0.88,0.73,P2,Team_B,Medium,P2
10586,Low,0.3,0.21,2,0.95,0.95,0.83,P3,Team_B,Low,P3
10587,Low,0.3,0.38,2,0.79,0.83,0.51,P3,Team_A,Low,P3
10588,Low,0.3,0.16,4,0.69,0.86,0.52,P3,Team_B,Low,P3
10589,Low,0.3,0.47,1,0.58,0.52,0.72,P2,Team_A,Medium,P2
10590,Low,0.3,0.12,3,0.78,0.72,0.6,P3,Team_B,Low,P3
10591,High,0.9,0.93,4,0.92,0.52,0.92,P1,Team_A,High,P1
10592,Low,0.3,0.67,3,0.88,0.78,0.33,P2,Team_C,Medium,P2
10593,Low,0.3,0.48,3,0.77,0.76,0.49,P2,Team_B,Medium,P2
10594,Low,0.3,0.64,4,0.86,0.44,0.68,P2,Team_A,Medium,P2
10595,Low,0.3,0.49,4,0.3,0.8,0.5,P2,Team_A,Medium,P2
10596,Low,0.3,0.44,1,0.92,0.89,0.5,P2,Team_A,Medium,P2
10597,Medium,0.6,0.63,4,0.33,0.4,0.61,P2,Team_C,Medium,P2
10598,Low,0.3,0.39,1,0.87,0.55,0.58,P3,Team_B,Low,P3
10599,Medium,0.6,0.64,4,0.6,0.56,0.38,P2,Team_C,Medium,P2
10600,Medium,0.6,0.75,1,0.67,0.47,0.68,P2,Team_C,Medium,P2
10601,Low,0.3,0.68,1,0.62,0.62,0.92,P2,Team_A,Medium,P2
10602,High,0.9,0.32,1,0.93,0.9,0.97,P2,Team_C,Medium,P2
10603,Medium,0.6,0.66,2,0.79,0.78,0.47,P2,Team_B,Medium,P2
10604,Medium,0.6,0.53,2,0.94,0.56,0.92,P2,Team_C,Medium,P2
10605,Low,0.3,0.6,1,0.79,0.61,0.71,P2,Team_B,Medium,P2
10606,Medium,0.6,0.38,2,0.55,0.52,0.77,P2,Team_B,Medium,P2
10607,Medium,0.6,0.47,2,0.57,0.65,0.5,P2,Team_C,Medium,P2
10608,Low,0.3,0.28,4,0.99,0.61,0.4,P3,Team_C,Low,P3
10609,High,0.9,0.95,4,0.54,0.44,0.84,P1,Team_C,High,P1
10610,High,0.9,0.93,3,0.47,0.33,0.86,P1,Team_A,High,P1
10611,Medium,0.6,0.26,2,0.63,0.51,0.79,P2,Team_B,Medium,P2
10612,Medium,0.6,0.59,3,0.8,0.34,0.4,P2,Team_A,Medium,P2
10613,Low,0.3,0.16,1,0.96,0.61,0.78,P3,Team_C,Low,P3
10614,Low,0.3,0.28,3,0.49,0.93,0.71,P3,Team_B,Low,P3
10615,Medium,0.6,0.53,2,0.43,0.82,0.63,P2,Team_C,Medium,P2
10616,Medium,0.6,0.64,4,0.47,0.57,0.92,P2,Team_C,Medium,P2
10617,Low,0.3,0.53,3,0.9,0.85,0.62,P2,Team_A,Medium,P2
10618,Medium,0.6,0.5,4,0.83,0.65,0.41,P2,Team_A,Medium,P2
10619,High,0.9,0.79,2,0.43,0.91,0.59,P1,Team_C,High,P1
10620,High,0.9,0.49,2,0.62,0.65,0.72,P2,Team_A,Medium,P2
10621,Medium,0.6,0.36,1,0.62,0.66,0.66,P2,Team_A,Medium,P2
10622,Low,0.3,0.68,2,0.96,0.7,0.64,P2,Team_C,Medium,P2
10623,Low,0.3,0.41,4,0.75,0.75,0.78,P2,Team_C,Medium,P2
10624,Medium,0.6,0.24,1,0.73,0.83,0.66,P2,Team_B,Medium,P2
10625,Low,0.3,0.78,2,0.6,0.77,0.98,P2,Team_C,Medium,P2
10626,Medium,0.6,0.15,1,0.91,0.73,0.9,P2,Team_A,Medium,P2
10627,Low,0.3,0.76,2,0.27,0.72,0.44,P2,Team_A,Medium,P2
10628,Medium,0.6,0.2,2,0.94,0.23,0.51,P2,Team_B,Medium,P2
10629,Medium,0.6,0.27,1,0.82,0.76,0.72,P2,Team_B,Medium,P2
10630,Low,0.3,0.44,1,0.89,0.65,0.59,P2,Team_A,Medium,P2
10631,Medium,0.6,0.7,2,0.68,0.73,0.83,P2,Team_A,Medium,P2
10632,Medium,0.6,0.44,3,0.85,0.87,0.78,P2,Team_A,Medium,P2
10633,High,0.9,0.61,2,0.8,0.75,0.51,P1,Team_C,High,P1
10634,Low,0.3,0.55,3,0.68,0.5,0.41,P2,Team_B,Medium,P2
10635,Medium,0.6,0.74,4,0.83,0.69,0.47,P2,Team_A,Medium,P2
10636,High,0.9,0.64,1,0.94,0.74,0.66,P1,Team_C,High,P1
10637,Medium,0.6,0.11,2,0.87,0.52,0.79,P2,Team_C,Medium,P2
10638,Low,0.3,0.59,2,0.56,0.84,0.48,P2,Team_A,Medium,P2
10639,Medium,0.6,0.24,4,0.9,0.51,0.66,P2,Team_C,Medium,P2
10640,Medium,0.6,0.49,2,0.65,0.44,0.67,P2,Team_C,Medium,P2
10641,High,0.9,0.51,1,0.48,0.84,0.51,P2,Team_B,Medium,P2
10642,Low,0.3,0.57,2,0.82,0.65,0.69,P2,Team_A,Medium,P2
10643,High,0.9,0.71,1,0.72,0.58,0.96,P1,Team_B,High,P1
10644,Medium,0.6,0.9,1,0.84,0.87,0.79,P2,Team_C,Medium,P2
10645,Low,0.3,0.91,4,0.91,0.58,0.51,P2,Team_B,Medium,P2
10646,Low,0.3,0.79,2,0.55,0.94,0.38,P2,Team_A,Medium,P2
10647,Medium,0.6,0.61,4,0.72,0.58,0.91,P2,Team_C,Medium,P2
10648,Medium,0.6,0.71,4,0.83,0.2,0.71,P2,Team_A,Medium,P2
10649,Low,0.3,0.33,1,0.78,0.58,0.68,P3,Team_A,Low,P3
10650,Medium,0.6,0.72,3,0.88,0.54,1.0,P2,Team_C,Medium,P2
10651,Low,0.3,0.85,4,0.94,0.5,0.62,P2,Team_C,Medium,P2
10652,Low,0.3,0.17,2,0.87,0.71,0.53,P3,Team_B,Low,P3
10653,Medium,0.6,0.38,3,0.65,0.47,0.66,P2,Team_B,Medium,P2
10654,Low,0.3,0.46,1,0.65,0.7,0.4,P2,Team_A,Medium,P2
10655,Medium,0.6,0.77,1,0.71,0.58,0.45,P2,Team_A,Medium,P2
10656,Low,0.3,0.39,4,0.44,0.82,0.38,P3,Team_B,Low,P3
10657,High,0.9,0.68,4,0.78,0.59,0.48,P1,Team_C,High,P1
10658,Medium,0.6,0.89,2,0.68,0.45,0.55,P2,Team_A,Medium,P2
10659,Low,0.3,0.37,4,0.82,0.52,0.73,P3,Team_C,Low,P3
10660,Low,0.3,0.39,2,0.43,0.8,0.75,P3,Team_B,Low,P3
10661,High,0.9,0.18,4,0.84,0.39,0.56,P2,Team_A,Medium,P2
10662,Medium,0.6,0.73,3,0.81,0.58,0.65,P2,Team_A,Medium,P2
10663,Low,0.3,0.63,1,0.76,0.76,0.49,P2,Team_A,Medium,P2
10664,Medium,0.6,0.52,4,0.86,0.91,0.85,P2,Team_C,Medium,P2
10665,Low,0.3,0.87,3,0.54,0.89,0.95,P2,Team_C,Medium,P2
10666,High,0.9,0.26,1,0.6,0.61,0.87,P2,Team_C,Medium,P2
10667,Medium,0.6,0.43,4,0.71,0.67,0.96,P2,Team_A,Medium,P2
10668,High,0.9,0.91,2,0.41,0.72,0.33,P1,Team_A,High,P1
10669,Medium,0.6,0.21,2,0.9,0.95,0.87,P2,Team_A,Medium,P2
10670,High,0.9,0.28,1,0.62,0.7,0.99,P2,Team_C,Medium,P2
10671,High,0.9,0.72,2,0.66,0.61,0.86,P1,Team_C,High,P1
10672,Low,0.3,0.58,1,0.61,0.79,0.35,P2,Team_C,Medium,P2
10673,Medium,0.6,0.49,3,0.61,0.66,0.89,P2,Team_A,Medium,P2
10674,Medium,0.6,0.41,1,0.62,0.28,0.92,P2,Team_C,Medium,P2
10675,Low,0.3,0.72,1,0.78,0.68,0.46,P2,Team_A,Medium,P2
10676,Low,0.3,0.69,3,0.62,0.75,0.61,P2,Team_B,Medium,P2
10677,Medium,0.6,0.52,4,0.92,0.85,0.48,P2,Team_B,Medium,P2
10678,Medium,0.6,0.5,1,0.61,0.73,0.38,P2,Team_B,Medium,P2
10679,Low,0.3,0.81,3,0.59,0.67,0.3,P2,Team_C,Medium,P2
10680,Low,0.3,0.72,3,0.83,0.61,0.99,P2,Team_C,Medium,P2
10681,Medium,0.6,0.44,2,0.77,0.88,0.87,P2,Team_B,Medium,P2
10682,Medium,0.6,0.68,3,0.76,0.71,0.51,P2,Team_C,Medium,P2
10683,Low,0.3,0.14,3,0.72,0.8,0.33,P3,Team_A,Low,P3
10684,Low,0.3,0.16,1,0.78,0.48,0.47,P3,Team_C,Low,P3
10685,Medium,0.6,0.57,1,0.85,0.78,0.73,P2,Team_C,Medium,P2
10686,Low,0.3,0.39,4,0.69,0.9,0.52,P3,Team_A,Low,P3
10687,Low,0.3,0.62,4,0.84,0.9,0.99,P2,Team_B,Medium,P2
10688,Medium,0.6,0.72,2,0.43,0.99,0.4,P2,Team_B,Medium,P2
10689,High,0.9,0.64,1,0.54,0.68,0.63,P1,Team_B,High,P1
10690,Low,0.3,0.4,4,0.44,0.59,0.32,P2,Team_B,Medium,P2
10691,Medium,0.6,0.52,2,0.72,0.85,0.96,P2,Team_C,Medium,P2
10692,Medium,0.6,0.78,4,0.81,0.56,0.75,P2,Team_C,Medium,P2
10693,High,0.9,0.15,4,0.53,0.67,0.68,P2,Team_A,Medium,P2
10694,Low,0.3,0.8,3,0.79,0.87,0.97,P2,Team_A,Medium,P2
10695,High,0.9,0.34,3,0.43,0.88,0.45,P2,Team_B,Medium,P2
10696,Medium,0.6,0.33,3,0.83,0.76,0.46,P2,Team_A,Medium,P2
10697,Low,0.3,0.2,4,0.82,0.84,0.9,P3,Team_B,Low,P3
10698,Medium,0.6,0.67,4,0.7,0.61,0.63,P2,Team_B,Medium,P2
10699,High,0.9,0.71,3,0.77,0.53,0.5,P1,Team_B,High,P1
10700,Medium,0.6,0.55,3,0.59,0.59,0.43,P2,Team_A,Medium,P2
10701,High,0.9,0.25,2,0.7,0.64,0.94,P2,Team_A,Medium,P2
10702,High,0.9,0.39,3,0.63,0.57,0.77,P2,Team_C,Medium,P2
10703,Low,0.3,0.28,4,0.77,0.79,0.67,P3,Team_A,Low,P3
10704,Medium,0.6,0.3,4,0.92,0.54,0.52,P2,Team_A,Medium,P2
10705,Low,0.3,0.43,2,0.44,0.29,0.34,P2,Team_B,Medium,P2
10706,High,0.9,0.66,4,0.77,0.8,0.9,P1,Team_A,High,P1
10707,Low,0.3,0.59,1,0.7,0.56,0.55,P2,Team_A,Medium,P2
10708,High,0.9,0.16,2,0.79,0.6,0.46,P2,Team_A,Medium,P2
10709,High,0.9,0.64,2,0.6,0.96,0.58,P1,Team_B,High,P1
10710,Medium,0.6,0.98,1,0.8,0.49,0.58,P2,Team_C,Medium,P2
10711,Low,0.3,0.37,4,0.46,0.81,0.88,P3,Team_C,Low,P3
10712,Medium,0.6,0.64,1,0.88,0.73,0.67,P2,Team_B,Medium,P2
10713,Medium,0.6,0.67,1,0.72,0.84,0.65,P2,Team_A,Medium,P2
10714,Medium,0.6,0.09,4,0.57,0.68,0.58,P2,Team_B,Medium,P2
10715,Medium,0.6,0.79,2,0.68,0.29,0.71,P2,Team_B,Medium,P2
10716,Low,0.3,0.72,4,0.75,0.93,0.54,P2,Team_C,Medium,P2
10717,High,0.9,0.44,2,0.76,0.43,0.98,P2,Team_B,Medium,P2
10718,High,0.9,0.87,4,0.84,0.44,0.49,P1,Team_C,High,P1
10719,High,0.9,0.7,4,0.78,0.38,0.85,P1,Team_C,High,P1
10720,Low,0.3,0.28,3,0.54,0.48,0.82,P3,Team_B,Low,P3
10721,Low,0.3,0.77,4,0.94,0.84,0.74,P2,Team_A,Medium,P2
10722,High,0.9,0.27,4,0.92,0.44,0.33,P2,Team_A,Medium,P2
10723,Low,0.3,0.15,4,0.65,0.53,0.63,P3,Team_A,Low,P3
10724,Low,0.3,0.47,4,0.92,0.94,0.7,P2,Team_A,Medium,P2
10725,High,0.9,0.5,3,0.62,0.88,0.62,P2,Team_B,Medium,P2
10726,Medium,0.6,0.66,3,0.88,0.82,0.46,P2,Team_B,Medium,P2
10727,Medium,0.6,0.12,1,0.55,0.79,0.88,P2,Team_A,Medium,P2
10728,Medium,0.6,0.26,3,0.56,0.92,0.98,P2,Team_A,Medium,P2
10729,Low,0.3,0.5,3,0.98,0.56,0.45,P2,Team_A,Medium,P2
10730,Low,0.3,0.49,1,0.51,0.95,0.38,P2,Team_A,Medium,P2
10731,Low,0.3,0.23,2,0.96,0.94,0.35,P3,Team_B,Low,P3
10732,Medium,0.6,0.27,3,0.98,0.69,0.99,P2,Team_A,Medium,P2
10733,High,0.9,0.72,3,0.84,0.45,0.9,P1,Team_A,High,P1
10734,High,0.9,0.39,1,0.81,0.67,0.86,P2,Team_A,Medium,P2
10735,Low,0.3,0.6,1,0.87,0.71,0.81,P2,Team_C,Medium,P2
10736,Low,0.3,0.43,4,0.87,0.73,0.92,P2,Team_B,Medium,P2
10737,Medium,0.6,0.29,2,0.83,0.31,0.44,P2,Team_B,Medium,P2
10738,Medium,0.6,0.39,3,0.53,0.95,0.9,P2,Team_C,Medium,P2
10739,High,0.9,0.17,1,0.77,0.42,0.75,P2,Team_A,Medium,P2
10740,Medium,0.6,0.57,2,0.77,0.85,0.68,P2,Team_B,Medium,P2
10741,High,0.9,0.8,2,0.64,0.54,0.7,P1,Team_A,High,P1
10742,Medium,0.6,0.25,1,0.83,0.9,0.49,P2,Team_B,Medium,P2
10743,High,0.9,0.23,4,0.4,0.5,0.46,P2,Team_A,Medium,P2
10744,Medium,0.6,0.52,1,0.45,0.67,0.93,P2,Team_B,Medium,P2
10745,Low,0.3,0.29,1,0.8,0.78,0.56,P3,Team_A,Low,P3
10746,Low,0.3,0.68,4,0.71,0.34,0.96,P2,Team_B,Medium,P2
10747,Medium,0.6,0.88,4,0.91,0.35,0.94,P2,Team_A,Medium,P2
10748,Medium,0.6,0.52,3,0.77,0.71,0.74,P2,Team_A,Medium,P2
10749,High,0.9,0.31,4,0.58,0.77,0.97,P2,Team_B,Medium,P2
10750,High,0.9,0.38,2,0.85,0.46,0.75,P2,Team_B,Medium,P2
10751,High,0.9,0.22,4,0.88,0.71,0.31,P2,Team_C,Medium,P2
10752,Low,0.3,0.92,3,0.58,0.46,0.33,P2,Team_A,Medium,P2
10753,High,0.9,0.73,1,0.71,0.89,0.46,P1,Team_A,High,P1
10754,Low,0.3,0.76,4,0.86,0.33,0.7,P2,Team_B,Medium,P2
10755,Medium,0.6,0.6,2,0.66,0.82,0.55,P2,Team_B,Medium,P2
10756,Medium,0.6,0.49,2,0.61,0.74,0.32,P2,Team_A,Medium,P2
10757,Low,0.3,0.64,2,0.69,0.78,0.89,P2,Team_A,Medium,P2
10758,Medium,0.6,0.6,3,0.5,0.78,0.97,P2,Team_A,Medium,P2
10759,Medium,0.6,0.08,4,0.61,0.32,0.92,P2,Team_B,Medium,P2
10760,High,0.9,0.6,4,0.55,0.51,0.95,P2,Team_C,Medium,P2
10761,Medium,0.6,0.49,4,0.55,0.68,0.62,P2,Team_B,Medium,P2
10762,Medium,0.6,0.95,2,0.5,0.3,0.58,P2,Team_A,Medium,P2
10763,Low,0.3,0.2,2,0.77,0.57,0.76,P3,Team_B,Low,P3
10764,Medium,0.6,0.59,2,0.76,0.47,0.37,P2,Team_B,Medium,P2
10765,Low,0.3,0.74,2,0.92,0.65,0.81,P2,Team_C,Medium,P2
10766,Low,0.3,0.77,1,0.81,0.41,0.31,P2,Team_B,Medium,P2
10767,Medium,0.6,0.1,4,0.36,0.71,0.5,P2,Team_B,Medium,P2
10768,Low,0.3,0.74,1,0.61,0.7,0.58,P2,Team_A,Medium,P2
10769,Medium,0.6,0.7,1,0.86,0.89,0.58,P2,Team_A,Medium,P2
10770,Medium,0.6,0.23,3,0.79,0.88,0.56,P2,Team_B,Medium,P2
10771,Low,0.3,0.83,2,0.53,0.54,0.88,P2,Team_B,Medium,P2
10772,Medium,0.6,0.84,2,0.65,0.77,0.46,P2,Team_B,Medium,P2
10773,Low,0.3,0.37,1,0.8,0.12,0.75,P3,Team_C,Low,P3
10774,High,0.9,0.22,4,0.92,0.69,0.93,P2,Team_B,Medium,P2
10775,Low,0.3,0.85,1,0.75,0.87,0.33,P2,Team_A,Medium,P2
10776,Low,0.3,0.17,3,0.54,0.71,0.43,P3,Team_B,Low,P3
10777,Low,0.3,0.52,1,0.53,0.71,0.62,P2,Team_B,Medium,P2
10778,Medium,0.6,0.96,2,0.69,0.89,0.76,P2,Team_C,Medium,P2
10779,High,0.9,0.32,4,0.64,0.54,0.41,P2,Team_B,Medium,P2
10780,Medium,0.6,0.47,3,0.79,0.59,0.33,P2,Team_B,Medium,P2
10781,Low,0.3,0.92,1,0.83,0.66,0.49,P2,Team_C,Medium,P2
10782,Low,0.3,0.32,4,0.86,0.89,0.45,P3,Team_B,Low,P3
10783,High,0.9,0.34,4,0.8,0.6,0.84,P2,Team_A,Medium,P2
10784,Low,0.3,0.47,1,0.85,0.67,0.69,P2,Team_C,Medium,P2
10785,High,0.9,0.53,1,0.64,0.84,0.93,P2,Team_A,Medium,P2
10786,Medium,0.6,0.24,2,0.82,0.51,0.68,P2,Team_C,Medium,P2
10787,Medium,0.6,0.68,2,0.63,0.48,0.68,P2,Team_A,Medium,P2
10788,Low,0.3,0.44,2,0.96,0.57,0.48,P2,Team_A,Medium,P2
10789,Low,0.3,0.44,2,0.34,0.73,0.73,P2,Team_B,Medium,P2
10790,Medium,0.6,0.73,3,0.86,0.56,0.45,P2,Team_C,Medium,P2
10791,Low,0.3,0.21,2,0.45,0.62,0.93,P3,Team_B,Low,P3
10792,Low,0.3,0.27,3,0.72,0.89,0.73,P3,Team_C,Low,P3
10793,Medium,0.6,0.84,2,0.67,0.57,0.76,P2,Team_A,Medium,P2
10794,Medium,0.6,0.42,4,0.78,0.94,0.72,P2,Team_A,Medium,P2
10795,High,0.9,0.73,1,0.69,0.69,0.78,P1,Team_B,High,P1
10796,Medium,0.6,0.21,3,0.81,0.85,0.41,P2,Team_B,Medium,P2
10797,Medium,0.6,0.4,1,0.94,0.5,0.4,P2,Team_A,Medium,P2
10798,High,0.9,0.84,4,0.26,0.64,0.31,P1,Team_B,High,P1
10799,Medium,0.6,0.46,1,0.57,0.6,0.51,P2,Team_C,Medium,P2
10800,High,0.9,0.87,1,0.89,0.57,0.9,P1,Team_B,High,P1
10801,High,0.9,0.76,3,0.51,0.38,0.51,P1,Team_A,High,P1
10802,High,0.9,0.63,3,0.74,0.65,0.64,P1,Team_B,High,P1
10803,Medium,0.6,0.71,3,0.86,0.56,0.97,P2,Team_B,Medium,P2
10804,High,0.9,0.9,3,0.46,0.52,0.31,P1,Team_B,High,P1
10805,Medium,0.6,0.32,4,0.7,0.64,1.0,P2,Team_C,Medium,P2
10806,Medium,0.6,0.66,1,0.71,0.58,0.95,P2,Team_B,Medium,P2
10807,Medium,0.6,0.75,2,0.93,0.9,1.0,P2,Team_B,Medium,P2
10808,High,0.9,0.69,1,0.9,0.8,0.72,P1,Team_C,High,P1
10809,High,0.9,0.22,3,0.91,0.57,0.86,P2,Team_A,Medium,P2
10810,Medium,0.6,0.46,3,0.44,0.68,0.82,P2,Team_A,Medium,P2
10811,High,0.9,0.7,2,0.65,0.89,0.91,P1,Team_B,High,P1
10812,Medium,0.6,0.4,1,0.65,0.55,0.43,P2,Team_C,Medium,P2
10813,Low,0.3,0.46,3,0.72,0.85,0.43,P2,Team_B,Medium,P2
10814,Low,0.3,0.83,4,0.84,0.69,0.97,P2,Team_C,Medium,P2
10815,High,0.9,0.53,3,0.96,0.81,0.9,P2,Team_C,Medium,P2
10816,Low,0.3,0.64,2,0.8,0.8,0.43,P2,Team_A,Medium,P2
10817,High,0.9,0.94,2,0.78,0.75,0.58,P1,Team_B,High,P1
10818,Low,0.3,0.7,4,0.84,0.92,0.81,P2,Team_A,Medium,P2
10819,Low,0.3,0.55,4,0.85,0.52,0.4,P2,Team_B,Medium,P2
10820,Medium,0.6,0.41,1,0.55,0.61,0.69,P2,Team_A,Medium,P2
10821,Low,0.3,0.28,1,0.72,0.89,0.47,P3,Team_B,Low,P3
10822,Low,0.3,0.73,1,0.9,0.97,0.62,P2,Team_A,Medium,P2
10823,Low,0.3,0.2,2,0.63,0.53,0.93,P3,Team_B,Low,P3
10824,High,0.9,0.28,4,0.77,0.75,0.35,P2,Team_C,Medium,P2
10825,Medium,0.6,0.39,3,0.69,0.73,0.81,P2,Team_C,Medium,P2
10826,Low,0.3,0.33,1,0.52,0.37,0.8,P3,Team_A,Low,P3
10827,High,0.9,0.6,4,0.82,0.49,0.38,P2,Team_B,Medium,P2
10828,High,0.9,0.71,2,0.56,0.69,0.96,P1,Team_B,High,P1
10829,Low,0.3,0.52,3,0.83,0.59,0.6,P2,Team_C,Medium,P2
10830,Medium,0.6,0.16,2,0.74,0.79,0.69,P2,Team_B,Medium,P2
10831,Medium,0.6,0.57,1,0.74,0.65,0.36,P2,Team_A,Medium,P2
10832,Low,0.3,0.48,3,0.65,0.59,0.76,P2,Team_C,Medium,P2
10833,Medium,0.6,0.52,1,0.46,0.78,0.99,P2,Team_A,Medium,P2
10834,High,0.9,0.69,3,0.76,0.39,0.64,P1,Team_C,High,P1
10835,Low,0.3,0.24,4,0.91,0.92,0.5,P3,Team_A,Low,P3
10836,Medium,0.6,0.95,3,0.68,0.33,0.81,P2,Team_B,Medium,P2
10837,High,0.9,0.76,1,0.78,0.76,0.74,P1,Team_B,High,P1
10838,Medium,0.6,0.74,2,0.36,0.67,0.61,P2,Team_A,Medium,P2
10839,High,0.9,0.66,3,0.94,0.74,0.53,P1,Team_C,High,P1
10840,Low,0.3,0.1,1,0.87,0.84,0.71,P3,Team_B,Low,P3
10841,High,0.9,0.66,1,0.2,0.65,0.49,P1,Team_C,High,P1
10842,High,0.9,0.64,2,0.9,0.69,0.61,P1,Team_A,High,P1
10843,High,0.9,0.52,2,0.82,0.46,0.51,P2,Team_A,Medium,P2
10844,Medium,0.6,0.22,1,0.67,0.8,0.59,P2,Team_A,Medium,P2
10845,Medium,0.6,0.18,4,0.74,0.73,0.8,P2,Team_B,Medium,P2
10846,Low,0.3,0.63,4,0.68,0.88,0.62,P2,Team_B,Medium,P2
10847,Low,0.3,0.59,4,0.9,0.72,0.5,P2,Team_B,Medium,P2
10848,Medium,0.6,0.4,4,0.36,0.51,0.84,P2,Team_A,Medium,P2
10849,High,0.9,0.2,3,0.91,0.94,0.95,P2,Team_C,Medium,P2
10850,Low,0.3,0.59,3,0.32,0.45,0.78,P2,Team_C,Medium,P2
10851,Low,0.3,0.45,2,0.76,0.57,0.9,P2,Team_B,Medium,P2
10852,High,0.9,0.47,3,0.96,0.31,0.88,P2,Team_A,Medium,P2
10853,Low,0.3,0.37,3,0.77,0.37,0.59,P3,Team_B,Low,P3
10854,Low,0.3,0.63,2,0.73,0.86,0.92,P2,Team_A,Medium,P2
10855,Low,0.3,0.89,4,0.79,0.59,0.65,P2,Team_B,Medium,P2
10856,High,0.9,0.3,1,0.9,0.67,0.45,P2,Team_B,Medium,P2
10857,Medium,0.6,0.14,2,0.81,0.35,0.52,P2,Team_A,Medium,P2
10858,Medium,0.6,0.43,3,0.87,0.89,0.74,P2,Team_A,Medium,P2
10859,High,0.9,0.36,3,0.71,0.76,0.77,P2,Team_A,Medium,P2
10860,Low,0.3,0.32,3,0.96,0.7,0.36,P3,Team_C,Low,P3
10861,Medium,0.6,0.68,3,0.84,0.9,0.49,P2,Team_A,Medium,P2
10862,Medium,0.6,0.27,4,0.99,0.57,0.51,P2,Team_C,Medium,P2
10863,High,0.9,0.6,1,0.61,0.82,0.68,P2,Team_C,Medium,P2
10864,Medium,0.6,0.67,2,0.66,0.69,0.88,P2,Team_A,Medium,P2
10865,Medium,0.6,0.01,4,0.74,0.7,0.9,P2,Team_A,Medium,P2
10866,Low,0.3,0.32,1,0.84,0.53,0.78,P3,Team_B,Low,P3
10867,Medium,0.6,0.35,4,0.79,0.55,0.39,P2,Team_B,Medium,P2
10868,Medium,0.6,0.54,3,0.77,0.86,0.73,P2,Team_A,Medium,P2
10869,Medium,0.6,0.44,4,0.76,0.65,0.76,P2,Team_A,Medium,P2
10870,Low,0.3,0.83,2,0.63,0.75,0.82,P2,Team_C,Medium,P2
10871,Low,0.3,0.46,4,0.73,0.79,0.39,P2,Team_B,Medium,P2
10872,Medium,0.6,0.2,4,0.26,0.63,0.8,P2,Team_B,Medium,P2
10873,High,0.9,0.67,3,0.89,0.97,0.99,P1,Team_A,High,P1
10874,Medium,0.6,0.11,4,0.61,0.41,0.9,P2,Team_A,Medium,P2
10875,Medium,0.6,0.21,2,0.86,0.88,0.41,P2,Team_B,Medium,P2
10876,High,0.9,0.32,1,0.81,0.83,0.42,P2,Team_B,Medium,P2
10877,High,0.9,0.28,1,0.72,0.71,0.76,P2,Team_C,Medium,P2
10878,Low,0.3,0.41,3,0.91,0.89,0.62,P2,Team_C,Medium,P2
10879,Low,0.3,0.43,2,0.59,0.82,0.9,P2,Team_A,Medium,P2
10880,Medium,0.6,0.64,1,0.83,0.94,0.64,P2,Team_A,Medium,P2
10881,High,0.9,0.43,4,0.81,0.61,0.64,P2,Team_B,Medium,P2
10882,Low,0.3,0.28,2,0.59,0.46,0.61,P3,Team_A,Low,P3
10883,High,0.9,0.39,4,0.9,0.78,0.96,P2,Team_C,Medium,P2
10884,Low,0.3,0.2,2,0.7,0.66,0.54,P3,Team_B,Low,P3
10885,Low,0.3,0.28,1,0.96,0.81,0.73,P3,Team_C,Low,P3
10886,Low,0.3,0.79,3,0.88,0.92,0.35,P2,Team_B,Medium,P2
10887,Low,0.3,0.99,2,0.75,0.92,0.34,P2,Team_B,Medium,P2
10888,Low,0.3,0.2,2,0.78,0.52,0.93,P3,Team_A,Low,P3
10889,High,0.9,0.8,1,0.81,0.82,0.33,P1,Team_A,High,P1
10890,Medium,0.6,0.34,3,0.85,0.77,0.35,P2,Team_B,Medium,P2
10891,High,0.9,0.79,4,0.83,0.66,0.52,P1,Team_B,High,P1
10892,Medium,0.6,0.46,2,0.68,0.62,0.42,P2,Team_A,Medium,P2
10893,Medium,0.6,0.66,3,0.39,0.71,0.55,P2,Team_B,Medium,P2
10894,Medium,0.6,0.29,1,0.68,0.6,0.61,P2,Team_B,Medium,P2
10895,Low,0.3,0.76,4,0.91,0.64,0.64,P2,Team_C,Medium,P2
10896,Low,0.3,0.46,3,0.75,0.32,0.68,P2,Team_B,Medium,P2
10897,Low,0.3,0.91,4,0.48,0.68,0.43,P2,Team_A,Medium,P2
10898,Low,0.3,0.4,4,0.6,0.8,0.7,P2,Team_B,Medium,P2
10899,High,0.9,0.42,4,0.66,0.35,0.7,P2,Team_C,Medium,P2
10900,Medium,0.6,0.26,4,0.73,0.64,0.9,P2,Team_A,Medium,P2
10901,Medium,0.6,0.81,4,0.95,0.8,0.34,P2,Team_B,Medium,P2
10902,Low,0.3,0.53,2,0.6,0.78,0.89,P2,Team_B,Medium,P2
10903,Low,0.3,0.73,4,0.64,0.76,0.49,P2,Team_B,Medium,P2
10904,High,0.9,0.41,1,0.8,0.67,0.97,P2,Team_B,Medium,P2
10905,Low,0.3,0.18,2,0.56,0.71,0.54,P3,Team_C,Low,P3
10906,Medium,0.6,0.19,3,0.82,0.57,0.52,P2,Team_C,Medium,P2
10907,Low,0.3,0.26,3,0.48,0.55,0.84,P3,Team_B,Low,P3
10908,Medium,0.6,0.71,4,0.52,0.69,0.76,P2,Team_A,Medium,P2
10909,Low,0.3,0.97,4,0.98,0.81,0.66,P2,Team_A,Medium,P2
10910,High,0.9,0.24,1,0.57,0.89,0.76,P2,Team_C,Medium,P2
10911,High,0.9,0.39,3,0.66,0.63,0.31,P2,Team_B,Medium,P2
10912,Medium,0.6,0.27,2,0.57,0.59,0.51,P2,Team_C,Medium,P2
10913,Low,0.3,0.36,1,0.89,0.53,0.87,P3,Team_B,Low,P3
10914,Low,0.3,0.42,3,0.66,0.58,0.84,P2,Team_B,Medium,P2
10915,Low,0.3,0.15,2,0.69,0.71,0.9,P3,Team_A,Low,P3
10916,High,0.9,0.16,1,0.53,0.66,0.98,P2,Team_A,Medium,P2
10917,High,0.9,0.67,4,0.95,0.77,0.53,P1,Team_C,High,P1
10918,Low,0.3,0.49,1,0.55,0.59,0.49,P2,Team_A,Medium,P2
10919,Low,0.3,0.82,3,0.69,0.85,0.99,P2,Team_C,Medium,P2
10920,Medium,0.6,0.36,2,0.73,0.91,0.5,P2,Team_B,Medium,P2
10921,Medium,0.6,0.27,4,0.87,0.85,0.49,P2,Team_A,Medium,P2
10922,High,0.9,0.37,3,0.52,0.65,0.61,P2,Team_B,Medium,P2
10923,Medium,0.6,0.29,1,0.86,0.93,0.62,P2,Team_B,Medium,P2
10924,High,0.9,0.94,4,0.58,0.62,0.84,P1,Team_B,High,P1
10925,High,0.9,0.65,1,0.71,0.66,0.45,P1,Team_B,High,P1
10926,Medium,0.6,0.69,1,0.69,0.91,0.34,P2,Team_C,Medium,P2
10927,Low,0.3,0.63,2,0.63,0.95,0.8,P2,Team_C,Medium,P2
10928,Medium,0.6,0.18,1,0.76,0.74,0.68,P2,Team_B,Medium,P2
10929,Low,0.3,0.56,3,0.61,0.85,0.58,P2,Team_B,Medium,P2
10930,High,0.9,0.94,3,1.0,0.73,0.84,P1,Team_B,High,P1
10931,High,0.9,0.7,3,0.55,0.76,0.92,P1,Team_C,High,P1
10932,Low,0.3,0.27,1,0.84,0.52,0.62,P3,Team_A,Low,P3
10933,Low,0.3,0.32,4,0.4,0.53,0.81,P3,Team_C,Low,P3
10934,Low,0.3,0.42,3,0.62,0.67,0.65,P2,Team_A,Medium,P2
10935,Medium,0.6,0.79,1,0.69,0.72,0.37,P2,Team_B,Medium,P2
10936,High,0.9,0.49,3,0.76,0.4,0.76,P2,Team_A,Medium,P2
10937,Low,0.3,0.66,4,0.84,0.93,0.69,P2,Team_A,Medium,P2
10938,Low,0.3,0.62,2,0.44,0.35,0.9,P2,Team_C,Medium,P2
10939,Low,0.3,0.62,1,0.77,0.37,0.43,P2,Team_C,Medium,P2
10940,High,0.9,0.51,1,0.78,0.73,0.71,P2,Team_C,Medium,P2
10941,High,0.9,0.01,4,0.98,0.73,0.82,P2,Team_A,Medium,P2
10942,Low,0.3,0.72,1,0.7,0.89,0.75,P2,Team_B,Medium,P2
10943,Medium,0.6,0.61,3,0.97,0.72,0.44,P2,Team_B,Medium,P2
10944,Low,0.3,0.55,1,0.89,0.49,0.46,P2,Team_C,Medium,P2
10945,Low,0.3,0.69,2,0.75,0.81,0.65,P2,Team_C,Medium,P2
10946,Medium,0.6,0.97,3,0.82,0.65,0.48,P2,Team_C,Medium,P2
10947,Medium,0.6,0.77,4,0.73,0.54,0.98,P2,Team_C,Medium,P2
10948,Low,0.3,0.04,4,0.79,0.84,0.8,P3,Team_B,Low,P3
10949,Medium,0.6,0.49,3,0.49,0.81,0.97,P2,Team_A,Medium,P2
10950,Low,0.3,0.61,3,0.87,0.89,0.35,P2,Team_C,Medium,P2
10951,Low,0.3,0.65,2,0.84,0.79,0.45,P2,Team_B,Medium,P2
10952,Low,0.3,0.27,1,0.84,0.78,0.65,P3,Team_A,Low,P3
10953,Medium,0.6,0.49,3,0.65,0.79,0.94,P2,Team_B,Medium,P2
10954,High,0.9,0.37,4,0.93,0.73,0.36,P2,Team_A,Medium,P2
10955,High,0.9,0.39,1,0.49,0.43,0.47,P2,Team_C,Medium,P2
10956,Medium,0.6,0.21,3,0.7,0.59,0.54,P2,Team_A,Medium,P2
10957,Medium,0.6,0.31,4,0.87,0.36,0.71,P2,Team_B,Medium,P2
10958,Low,0.3,0.34,1,0.78,0.6,0.55,P3,Team_A,Low,P3
10959,Low,0.3,0.35,3,0.82,0.65,0.88,P3,Team_C,Low,P3
10960,Medium,0.6,0.17,2,0.77,0.5,0.77,P2,Team_C,Medium,P2
10961,Medium,0.6,0.29,4,0.78,0.79,0.51,P2,Team_B,Medium,P2
10962,Low,0.3,0.7,3,0.82,0.83,0.83,P2,Team_B,Medium,P2
10963,High,0.9,0.46,1,0.83,0.6,0.55,P2,Team_C,Medium,P2
10964,High,0.9,0.72,2,0.9,0.43,0.43,P1,Team_A,High,P1
10965,Medium,0.6,0.55,4,0.78,0.87,0.4,P2,Team_C,Medium,P2
10966,Low,0.3,0.91,3,0.65,0.76,0.56,P2,Team_A,Medium,P2
10967,High,0.9,0.84,2,0.81,0.54,1.0,P1,Team_B,High,P1
10968,Medium,0.6,0.23,4,0.72,0.84,0.3,P2,Team_A,Medium,P2
10969,Medium,0.6,0.43,1,0.6,0.68,0.52,P2,Team_A,Medium,P2
10970,Medium,0.6,0.34,1,0.67,0.54,0.59,P2,Team_C,Medium,P2
10971,Medium,0.6,0.19,2,0.84,0.35,0.7,P2,Team_A,Medium,P2
10972,Medium,0.6,0.23,3,0.85,0.45,0.62,P2,Team_B,Medium,P2
10973,Low,0.3,0.12,4,0.72,0.63,0.74,P3,Team_C,Low,P3
10974,Medium,0.6,0.35,2,0.34,0.54,0.7,P2,Team_A,Medium,P2
10975,Medium,0.6,0.46,3,0.74,0.79,0.33,P2,Team_C,Medium,P2
10976,Low,0.3,0.51,1,0.63,0.89,0.41,P2,Team_B,Medium,P2
10977,Low,0.3,0.55,4,0.7,0.8,0.8,P2,Team_A,Medium,P2
10978,High,0.9,0.21,4,0.65,0.78,0.71,P2,Team_A,Medium,P2
10979,High,0.9,0.9,3,0.46,0.64,0.75,P1,Team_C,High,P1
10980,Medium,0.6,0.22,2,0.46,0.44,0.52,P2,Team_C,Medium,P2
10981,High,0.9,0.67,1,0.69,0.56,0.7,P1,Team_B,High,P1
10982,Low,0.3,0.4,1,0.92,0.58,0.6,P2,Team_C,Medium,P2
10983,Low,0.3,0.18,1,0.9,0.6,0.3,P3,Team_C,Low,P3
10984,Medium,0.6,0.08,3,0.81,0.7,0.81,P2,Team_C,Medium,P2
10985,Low,0.3,0.78,2,0.51,0.6,0.73,P2,Team_B,Medium,P2
10986,Medium,0.6,0.45,3,0.83,0.49,0.66,P2,Team_C,Medium,P2
10987,Medium,0.6,0.41,4,0.59,0.68,0.48,P2,Team_C,Medium,P2
10988,High,0.9,0.57,1,0.93,0.71,0.35,P2,Team_C,Medium,P2
10989,Low,0.3,0.54,1,0.59,0.38,0.41,P2,Team_A,Medium,P2
10990,High,0.9,0.67,1,0.23,0.79,0.61,P1,Team_B,High,P1
10991,Low,0.3,0.77,3,0.56,0.39,0.6,P2,Team_A,Medium,P2
10992,Medium,0.6,0.52,2,0.93,0.67,1.0,P2,Team_C,Medium,P2
10993,High,0.9,0.82,1,0.69,0.19,0.75,P1,Team_A,High,P1
10994,High,0.9,0.29,3,0.76,0.42,0.41,P2,Team_B,Medium,P2
10995,Low,0.3,0.45,4,0.7,0.6,0.85,P2,Team_B,Medium,P2
10996,High,0.9,0.35,3,0.95,0.72,0.73,P2,Team_A,Medium,P2
10997,Low,0.3,0.36,3,0.78,0.74,0.96,P3,Team_B,Low,P3
10998,High,0.9,0.51,4,0.8,0.88,0.6,P2,Team_C,Medium,P2
10999,Low,0.3,0.91,1,0.51,0.63,0.7,P2,Team_A,Medium,P2
11000,Medium,0.6,0.51,3,0.88,0.55,0.31,P2,Team_B,Medium,P2
11001,High,0.9,0.82,4,0.56,0.49,0.92,P1,Team_C,High,P1
11002,Medium,0.6,0.76,4,0.63,0.61,0.7,P2,Team_A,Medium,P2
11003,Low,0.3,0.27,2,0.79,0.34,0.61,P3,Team_B,Low,P3
11004,Low,0.3,0.41,3,0.8,0.59,0.94,P2,Team_A,Medium,P2
11005,High,0.9,0.56,1,0.88,0.72,0.83,P2,Team_B,Medium,P2
11006,Medium,0.6,0.37,2,0.61,0.56,0.64,P2,Team_B,Medium,P2
11007,Low,0.3,0.54,4,0.82,0.78,0.74,P2,Team_C,Medium,P2
11008,Low,0.3,0.18,2,0.94,0.59,0.9,P3,Team_A,Low,P3
11009,Medium,0.6,0.09,4,0.54,0.76,0.8,P2,Team_C,Medium,P2
11010,Medium,0.6,0.48,4,0.41,0.73,0.59,P2,Team_B,Medium,P2
11011,High,0.9,0.61,3,0.79,0.64,0.95,P1,Team_A,High,P1
11012,High,0.9,0.31,4,0.6,0.86,0.74,P2,Team_B,Medium,P2
11013,High,0.9,0.22,2,0.73,0.82,0.74,P2,Team_B,Medium,P2
11014,High,0.9,0.83,4,0.82,0.72,0.44,P1,Team_A,High,P1
11015,Medium,0.6,0.41,1,0.72,0.68,0.67,P2,Team_B,Medium,P2
11016,Medium,0.6,0.75,1,0.69,0.46,0.66,P2,Team_A,Medium,P2
11017,Low,0.3,0.58,4,0.65,0.56,0.54,P2,Team_B,Medium,P2
11018,Low,0.3,0.34,3,0.47,0.95,0.44,P3,Team_C,Low,P3
11019,Medium,0.6,0.27,4,0.39,0.45,0.55,P2,Team_B,Medium,P2
11020,Low,0.3,0.66,1,0.61,0.69,0.32,P2,Team_B,Medium,P2
11021,Medium,0.6,0.58,2,0.67,0.99,0.61,P2,Team_A,Medium,P2
11022,Low,0.3,0.98,2,0.63,0.82,0.92,P2,Team_B,Medium,P2
11023,Medium,0.6,0.41,4,0.9,0.85,0.46,P2,Team_A,Medium,P2
11024,Low,0.3,0.49,4,0.6,0.51,0.86,P2,Team_C,Medium,P2
11025,Medium,0.6,0.58,3,0.73,0.72,0.85,P2,Team_A,Medium,P2
11026,Medium,0.6,0.32,2,0.51,0.96,0.53,P2,Team_C,Medium,P2
11027,Low,0.3,0.49,2,0.53,0.45,0.41,P2,Team_C,Medium,P2
11028,High,0.9,0.04,4,0.63,0.84,0.59,P2,Team_A,Medium,P2
11029,Medium,0.6,0.42,1,0.74,0.92,0.97,P2,Team_A,Medium,P2
11030,Medium,0.6,0.72,1,0.72,0.32,0.74,P2,Team_A,Medium,P2
11031,Low,0.3,0.8,3,0.88,0.41,0.93,P2,Team_C,Medium,P2
11032,High,0.9,0.56,3,0.87,0.8,0.82,P2,Team_B,Medium,P2
11033,Medium,0.6,0.34,4,0.75,0.82,0.44,P2,Team_C,Medium,P2
11034,Low,0.3,0.8,2,0.77,0.65,0.86,P2,Team_A,Medium,P2
11035,Medium,0.6,0.77,3,0.78,0.63,0.58,P2,Team_B,Medium,P2
11036,Low,0.3,0.7,1,0.75,0.8,0.35,P2,Team_C,Medium,P2
11037,High,0.9,0.2,4,0.94,0.56,0.57,P2,Team_B,Medium,P2
11038,Low,0.3,0.65,2,0.81,0.92,0.57,P2,Team_B,Medium,P2
11039,Medium,0.6,0.65,1,0.77,0.83,0.5,P2,Team_A,Medium,P2
11040,Low,0.3,0.25,4,0.91,0.79,0.74,P3,Team_B,Low,P3
11041,Low,0.3,0.7,3,0.4,0.4,0.35,P2,Team_B,Medium,P2
11042,Low,0.3,0.42,2,0.73,0.78,0.98,P2,Team_B,Medium,P2
11043,Low,0.3,0.54,1,0.84,0.78,0.89,P2,Team_B,Medium,P2
11044,Medium,0.6,0.36,4,0.92,0.86,0.69,P2,Team_B,Medium,P2
11045,Medium,0.6,0.61,3,0.6,0.25,0.75,P2,Team_A,Medium,P2
11046,High,0.9,0.29,4,0.81,0.64,0.79,P2,Team_B,Medium,P2
11047,Low,0.3,0.43,2,0.52,0.38,0.57,P2,Team_A,Medium,P2
11048,Medium,0.6,0.3,4,0.83,0.84,0.94,P2,Team_B,Medium,P2
11049,Medium,0.6,0.21,4,0.5,0.51,0.92,P2,Team_C,Medium,P2
11050,High,0.9,0.66,3,0.92,0.47,0.62,P1,Team_B,High,P1
11051,Low,0.3,0.16,3,0.54,0.66,0.69,P3,Team_A,Low,P3
11052,Medium,0.6,0.31,4,0.65,0.65,0.83,P2,Team_C,Medium,P2
11053,Medium,0.6,0.18,4,0.78,0.9,0.71,P2,Team_A,Medium,P2
11054,Low,0.3,0.44,1,0.92,0.84,0.55,P2,Team_B,Medium,P2
11055,Low,0.3,0.7,4,0.88,0.92,0.72,P2,Team_B,Medium,P2
11056,High,0.9,0.41,3,0.81,0.66,0.59,P2,Team_A,Medium,P2
11057,High,0.9,0.81,2,0.82,0.81,0.68,P1,Team_A,High,P1
11058,Low,0.3,0.35,2,0.74,0.74,0.42,P3,Team_A,Low,P3
11059,Low,0.3,0.46,4,0.55,0.8,0.47,P2,Team_B,Medium,P2
11060,Low,0.3,0.75,1,0.87,0.74,0.32,P2,Team_C,Medium,P2
11061,Low,0.3,0.73,2,0.72,0.7,0.8,P2,Team_A,Medium,P2
11062,Low,0.3,0.16,4,0.77,0.73,0.33,P3,Team_C,Low,P3
11063,High,0.9,0.64,3,0.17,0.15,0.81,P1,Team_B,High,P1
11064,High,0.9,0.9,4,0.65,0.85,0.6,P1,Team_B,High,P1
11065,Low,0.3,0.13,3,0.66,0.83,0.33,P3,Team_B,Low,P3
11066,Medium,0.6,0.66,4,0.86,0.6,0.62,P2,Team_C,Medium,P2
11067,Low,0.3,0.77,2,0.84,0.51,0.72,P2,Team_C,Medium,P2
11068,Medium,0.6,0.24,2,0.72,0.89,0.95,P2,Team_A,Medium,P2
11069,High,0.9,0.24,3,0.75,0.73,0.95,P2,Team_A,Medium,P2
11070,High,0.9,0.73,4,0.76,0.53,0.42,P1,Team_C,High,P1
11071,Low,0.3,0.52,2,0.42,0.6,0.45,P2,Team_B,Medium,P2
11072,Medium,0.6,0.6,1,0.25,0.8,0.58,P2,Team_C,Medium,P2
11073,Medium,0.6,0.8,1,0.78,0.59,0.67,P2,Team_C,Medium,P2
11074,Low,0.3,0.61,4,0.7,0.71,0.4,P2,Team_A,Medium,P2
11075,Medium,0.6,0.06,2,0.88,0.68,0.4,P2,Team_A,Medium,P2
11076,Low,0.3,0.3,2,0.56,0.82,0.93,P3,Team_B,Low,P3
11077,Low,0.3,0.42,2,0.66,0.75,0.63,P2,Team_A,Medium,P2
11078,High,0.9,0.54,1,0.64,0.66,0.96,P2,Team_B,Medium,P2
11079,Low,0.3,0.41,1,0.47,0.92,0.64,P2,Team_B,Medium,P2
11080,Low,0.3,0.81,4,0.79,0.32,0.83,P2,Team_C,Medium,P2
11081,Low,0.3,0.48,2,0.73,0.38,0.52,P2,Team_B,Medium,P2
11082,High,0.9,0.11,2,0.34,0.7,0.74,P2,Team_A,Medium,P2
11083,Medium,0.6,0.58,2,0.76,0.84,0.62,P2,Team_C,Medium,P2
11084,Low,0.3,0.41,1,0.88,0.91,0.5,P2,Team_A,Medium,P2
11085,Medium,0.6,0.31,1,0.84,0.79,0.67,P2,Team_C,Medium,P2
11086,Medium,0.6,0.36,3,0.78,0.45,0.36,P2,Team_C,Medium,P2
11087,Low,0.3,0.6,4,0.74,0.62,0.82,P2,Team_A,Medium,P2
11088,High,0.9,0.63,3,0.79,0.67,0.32,P1,Team_B,High,P1
11089,Low,0.3,0.32,2,0.87,0.4,0.8,P3,Team_C,Low,P3
11090,Low,0.3,0.77,1,0.87,0.57,0.42,P2,Team_B,Medium,P2
11091,Medium,0.6,0.51,1,0.73,0.61,0.3,P2,Team_C,Medium,P2
11092,Low,0.3,0.88,3,0.28,0.56,0.65,P2,Team_C,Medium,P2
11093,Medium,0.6,0.71,4,0.9,0.57,0.93,P2,Team_C,Medium,P2
11094,Low,0.3,0.52,2,0.85,0.4,0.93,P2,Team_B,Medium,P2
11095,Low,0.3,0.19,1,0.69,0.58,0.71,P3,Team_C,Low,P3
11096,Medium,0.6,0.45,4,0.68,0.41,0.49,P2,Team_A,Medium,P2
11097,Medium,0.6,0.69,2,0.85,0.9,0.87,P2,Team_B,Medium,P2
11098,Medium,0.6,0.75,3,0.88,0.55,0.44,P2,Team_B,Medium,P2
11099,Medium,0.6,0.52,4,0.91,0.78,0.43,P2,Team_A,Medium,P2
11100,Medium,0.6,0.75,4,0.85,0.82,0.83,P2,Team_A,Medium,P2
11101,Medium,0.6,0.53,4,0.93,0.95,0.72,P2,Team_C,Medium,P2
11102,High,0.9,0.81,1,0.71,0.58,0.55,P1,Team_A,High,P1
11103,Medium,0.6,0.07,4,0.95,0.7,0.74,P2,Team_C,Medium,P2
11104,Low,0.3,0.54,4,0.79,0.88,0.62,P2,Team_C,Medium,P2
11105,Low,0.3,0.47,2,0.72,0.62,0.89,P2,Team_C,Medium,P2
11106,Low,0.3,0.13,4,0.6,0.61,0.71,P3,Team_A,Low,P3
11107,High,0.9,0.55,4,0.8,0.49,0.53,P2,Team_C,Medium,P2
11108,Low,0.3,0.3,4,0.81,0.89,0.79,P3,Team_A,Low,P3
11109,High,0.9,0.27,4,0.69,0.73,0.51,P2,Team_C,Medium,P2
11110,Low,0.3,0.82,4,0.6,0.97,0.7,P2,Team_A,Medium,P2
11111,Medium,0.6,0.48,4,0.89,0.63,0.66,P2,Team_A,Medium,P2
11112,Low,0.3,0.89,3,0.8,0.64,0.5,P2,Team_A,Medium,P2
11113,Low,0.3,0.37,2,0.72,0.67,0.35,P3,Team_B,Low,P3
11114,Medium,0.6,0.8,3,0.95,0.47,0.76,P2,Team_B,Medium,P2
11115,Low,0.3,0.74,2,0.95,0.55,0.95,P2,Team_A,Medium,P2
11116,High,0.9,0.34,2,0.86,0.85,0.58,P2,Team_A,Medium,P2
11117,High,0.9,0.75,4,0.76,0.95,0.73,P1,Team_C,High,P1
11118,Medium,0.6,0.18,1,0.75,0.93,0.9,P2,Team_C,Medium,P2
11119,Medium,0.6,0.31,2,0.72,0.7,0.92,P2,Team_A,Medium,P2
11120,Low,0.3,0.25,2,0.88,0.57,0.46,P3,Team_A,Low,P3
11121,High,0.9,0.77,3,0.86,0.41,0.79,P1,Team_B,High,P1
11122,Low,0.3,0.55,1,0.58,0.85,0.34,P2,Team_B,Medium,P2
11123,Medium,0.6,0.52,2,0.9,0.58,0.84,P2,Team_C,Medium,P2
11124,Low,0.3,0.76,4,0.77,0.61,0.67,P2,Team_A,Medium,P2
11125,Low,0.3,0.18,1,0.83,0.87,0.62,P3,Team_C,Low,P3
11126,High,0.9,0.65,4,0.58,0.76,0.51,P1,Team_B,High,P1
11127,Medium,0.6,0.33,1,0.44,0.58,0.84,P2,Team_A,Medium,P2
11128,High,0.9,0.79,3,0.67,0.61,0.36,P1,Team_B,High,P1
11129,Low,0.3,0.24,3,0.5,0.66,0.41,P3,Team_A,Low,P3
11130,Low,0.3,0.71,3,0.94,0.87,0.51,P2,Team_B,Medium,P2
11131,Medium,0.6,0.33,3,0.81,0.86,0.8,P2,Team_A,Medium,P2
11132,Medium,0.6,0.41,1,0.96,0.38,0.3,P2,Team_C,Medium,P2
11133,Low,0.3,0.8,3,0.62,0.7,0.81,P2,Team_C,Medium,P2
11134,Medium,0.6,0.65,3,0.71,0.47,0.52,P2,Team_C,Medium,P2
11135,Medium,0.6,0.14,4,0.63,0.75,0.87,P2,Team_C,Medium,P2
11136,Low,0.3,0.45,1,0.32,0.56,0.84,P2,Team_B,Medium,P2
11137,Medium,0.6,0.74,3,0.93,0.89,0.7,P2,Team_B,Medium,P2
11138,Low,0.3,0.61,1,0.6,0.66,0.95,P2,Team_B,Medium,P2
11139,Medium,0.6,0.63,4,0.91,0.22,0.35,P2,Team_C,Medium,P2
11140,Low,0.3,0.22,3,0.58,0.28,0.31,P3,Team_B,Low,P3
11141,Medium,0.6,0.6,1,0.66,0.63,0.84,P2,Team_C,Medium,P2
11142,Low,0.3,0.59,4,0.86,0.62,0.67,P2,Team_C,Medium,P2
11143,High,0.9,0.5,3,0.69,0.38,0.41,P2,Team_A,Medium,P2
11144,High,0.9,0.28,3,0.51,0.47,0.76,P2,Team_A,Medium,P2
11145,Medium,0.6,0.49,4,0.75,0.92,0.46,P2,Team_B,Medium,P2
11146,Low,0.3,0.67,1,0.35,0.71,0.68,P2,Team_C,Medium,P2
11147,Medium,0.6,0.5,3,0.81,0.71,0.62,P2,Team_C,Medium,P2
11148,High,0.9,0.43,2,0.8,0.55,0.85,P2,Team_B,Medium,P2
11149,High,0.9,0.67,3,0.54,0.55,0.59,P1,Team_A,High,P1
11150,Medium,0.6,0.49,2,0.93,0.9,0.4,P2,Team_C,Medium,P2
11151,Low,0.3,0.65,3,0.58,0.75,0.53,P2,Team_B,Medium,P2
11152,Low,0.3,0.14,4,0.65,0.71,0.94,P3,Team_A,Low,P3
11153,Medium,0.6,0.25,1,0.91,0.62,0.96,P2,Team_C,Medium,P2
11154,Low,0.3,0.55,2,0.87,0.79,0.93,P2,Team_A,Medium,P2
11155,High,0.9,0.66,3,0.71,0.69,0.55,P1,Team_B,High,P1
11156,High,0.9,0.47,3,0.53,0.26,0.43,P2,Team_B,Medium,P2
11157,Medium,0.6,0.59,3,0.97,0.42,0.5,P2,Team_C,Medium,P2
11158,Medium,0.6,0.57,2,0.8,0.66,0.88,P2,Team_A,Medium,P2
11159,Low,0.3,0.77,3,0.7,0.84,0.45,P2,Team_A,Medium,P2
11160,Medium,0.6,0.34,3,0.37,0.87,0.5,P2,Team_B,Medium,P2
11161,Low,0.3,0.39,1,0.74,0.56,0.9,P3,Team_B,Low,P3
11162,Medium,0.6,0.37,1,0.46,0.85,0.91,P2,Team_A,Medium,P2
11163,Medium,0.6,0.57,2,0.33,0.86,0.76,P2,Team_A,Medium,P2
11164,High,0.9,0.6,3,0.39,0.68,0.71,P2,Team_C,Medium,P2
11165,High,0.9,0.59,3,0.89,0.48,0.83,P2,Team_C,Medium,P2
11166,Low,0.3,0.82,1,0.86,0.61,0.57,P2,Team_C,Medium,P2
11167,Medium,0.6,0.31,1,0.68,0.86,0.37,P2,Team_C,Medium,P2
11168,Medium,0.6,0.17,4,0.56,0.44,0.9,P2,Team_B,Medium,P2
11169,Low,0.3,0.11,1,0.54,0.17,0.39,P3,Team_C,Low,P3
11170,Low,0.3,0.5,2,0.89,0.49,0.55,P2,Team_C,Medium,P2
11171,High,0.9,0.6,4,0.56,0.76,0.49,P2,Team_B,Medium,P2
11172,Medium,0.6,0.63,4,0.67,0.92,0.82,P2,Team_C,Medium,P2
11173,High,0.9,0.16,1,0.91,0.81,0.59,P2,Team_A,Medium,P2
11174,Low,0.3,0.84,2,0.51,0.98,0.8,P2,Team_B,Medium,P2
11175,High,0.9,0.28,4,0.68,0.52,0.35,P2,Team_A,Medium,P2
11176,High,0.9,0.62,4,0.52,0.94,0.76,P1,Team_C,High,P1
11177,High,0.9,0.66,3,0.87,0.63,0.6,P1,Team_B,High,P1
11178,Medium,0.6,0.53,3,0.78,0.32,0.49,P2,Team_C,Medium,P2
11179,Medium,0.6,0.12,3,0.75,0.78,0.87,P2,Team_B,Medium,P2
11180,High,0.9,0.91,4,0.77,0.27,0.54,P1,Team_B,High,P1
11181,Low,0.3,0.73,3,0.6,0.52,0.38,P2,Team_C,Medium,P2
11182,Medium,0.6,0.29,3,0.69,0.28,0.64,P2,Team_A,Medium,P2
11183,Low,0.3,0.54,1,0.62,0.93,0.86,P2,Team_A,Medium,P2
11184,Low,0.3,0.17,4,0.75,0.6,0.6,P3,Team_A,Low,P3
11185,Low,0.3,0.56,3,0.79,0.65,0.91,P2,Team_A,Medium,P2
11186,Low,0.3,0.5,4,0.72,0.84,0.49,P2,Team_A,Medium,P2
11187,High,0.9,0.3,4,0.94,0.41,0.58,P2,Team_A,Medium,P2
11188,Low,0.3,0.41,4,0.86,0.78,0.95,P2,Team_A,Medium,P2
11189,High,0.9,0.73,4,0.61,0.65,1.0,P1,Team_A,High,P1
11190,Medium,0.6,0.53,1,0.79,0.29,0.44,P2,Team_A,Medium,P2
11191,Medium,0.6,0.39,4,0.61,0.9,0.67,P2,Team_A,Medium,P2
11192,High,0.9,0.97,3,0.76,0.83,0.72,P1,Team_A,High,P1
11193,Low,0.3,0.54,1,0.75,0.92,0.46,P2,Team_B,Medium,P2
11194,Medium,0.6,0.82,4,0.47,0.72,0.6,P2,Team_C,Medium,P2
11195,Low,0.3,0.58,1,0.7,0.82,0.68,P2,Team_C,Medium,P2
11196,Medium,0.6,0.35,4,0.49,0.31,0.8,P2,Team_A,Medium,P2
11197,Medium,0.6,0.66,1,0.6,0.97,0.88,P2,Team_B,Medium,P2
11198,Low,0.3,0.41,3,0.74,0.59,0.54,P2,Team_A,Medium,P2
11199,High,0.9,0.3,3,0.57,0.66,0.58,P2,Team_A,Medium,P2
11200,Low,0.3,0.41,2,0.47,0.58,0.95,P2,Team_A,Medium,P2
11201,High,0.9,0.68,3,0.85,0.63,0.72,P1,Team_C,High,P1
11202,Low,0.3,0.49,2,0.9,0.84,0.55,P2,Team_B,Medium,P2
11203,Medium,0.6,0.14,2,0.87,0.44,0.4,P2,Team_B,Medium,P2
11204,Low,0.3,0.74,3,0.61,0.87,0.32,P2,Team_C,Medium,P2
11205,Low,0.3,0.36,3,0.65,0.91,0.46,P3,Team_A,Low,P3
11206,Medium,0.6,0.17,4,0.54,0.52,0.64,P2,Team_C,Medium,P2
11207,Low,0.3,0.53,4,0.92,0.61,0.56,P2,Team_B,Medium,P2
11208,Low,0.3,0.57,4,0.76,0.66,0.48,P2,Team_B,Medium,P2
11209,Low,0.3,0.16,4,0.68,0.53,0.82,P3,Team_A,Low,P3
11210,High,0.9,0.56,1,0.83,0.68,0.47,P2,Team_B,Medium,P2
11211,Low,0.3,0.29,4,0.73,0.84,0.58,P3,Team_A,Low,P3
11212,High,0.9,0.59,3,0.76,0.5,0.79,P2,Team_A,Medium,P2
11213,Low,0.3,0.34,4,0.8,0.63,0.65,P3,Team_C,Low,P3
11214,Low,0.3,0.49,3,0.65,0.67,0.59,P2,Team_C,Medium,P2
11215,Medium,0.6,0.71,1,0.46,0.38,0.35,P2,Team_A,Medium,P2
11216,Low,0.3,0.53,1,0.9,0.34,0.37,P2,Team_C,Medium,P2
11217,Low,0.3,0.79,1,0.8,0.84,0.83,P2,Team_C,Medium,P2
11218,Low,0.3,0.15,2,0.89,0.72,0.95,P3,Team_B,Low,P3
11219,Medium,0.6,0.56,1,0.89,0.7,0.49,P2,Team_B,Medium,P2
11220,High,0.9,0.36,2,0.73,0.74,0.58,P2,Team_C,Medium,P2
11221,Medium,0.6,0.27,4,0.81,0.84,0.42,P2,Team_A,Medium,P2
11222,Medium,0.6,0.69,2,0.86,0.55,0.78,P2,Team_A,Medium,P2
11223,Low,0.3,0.75,2,0.7,0.93,0.45,P2,Team_B,Medium,P2
11224,Medium,0.6,0.78,3,0.63,0.35,0.98,P2,Team_B,Medium,P2
11225,Low,0.3,0.44,1,0.44,0.91,0.87,P2,Team_A,Medium,P2
11226,High,0.9,0.85,2,0.61,0.58,0.79,P1,Team_B,High,P1
11227,Medium,0.6,0.31,4,0.74,0.77,0.51,P2,Team_A,Medium,P2
11228,High,0.9,0.07,1,0.8,0.76,0.94,P2,Team_C,Medium,P2
11229,High,0.9,0.53,3,0.72,0.54,0.38,P2,Team_B,Medium,P2
11230,Medium,0.6,0.33,2,0.36,0.6,0.87,P2,Team_A,Medium,P2
11231,Low,0.3,0.59,2,0.79,0.55,0.85,P2,Team_B,Medium,P2
11232,Medium,0.6,0.9,1,0.99,0.37,0.71,P2,Team_C,Medium,P2
11233,Low,0.3,0.41,1,0.47,0.51,0.32,P2,Team_B,Medium,P2
11234,High,0.9,0.26,4,0.86,0.79,0.41,P2,Team_A,Medium,P2
11235,Low,0.3,0.4,2,0.68,0.98,0.64,P2,Team_C,Medium,P2
11236,Medium,0.6,0.59,1,0.72,0.88,0.81,P2,Team_B,Medium,P2
11237,Medium,0.6,0.33,2,0.73,0.68,0.71,P2,Team_C,Medium,P2
11238,Low,0.3,0.8,3,0.79,0.53,0.91,P2,Team_A,Medium,P2
11239,Medium,0.6,0.52,2,0.77,0.91,0.63,P2,Team_C,Medium,P2
11240,Medium,0.6,0.34,4,0.62,0.54,0.92,P2,Team_B,Medium,P2
11241,Low,0.3,0.82,3,0.65,0.72,0.96,P2,Team_B,Medium,P2
11242,Low,0.3,0.33,2,0.82,0.69,0.64,P3,Team_C,Low,P3
11243,Low,0.3,0.18,3,0.98,0.47,0.62,P3,Team_A,Low,P3
11244,Medium,0.6,0.51,3,0.63,0.28,0.57,P2,Team_B,Medium,P2
11245,Low,0.3,0.27,2,0.9,0.76,0.31,P3,Team_A,Low,P3
11246,Low,0.3,0.55,3,0.77,0.82,0.74,P2,Team_B,Medium,P2
11247,Medium,0.6,0.69,4,0.63,0.64,0.77,P2,Team_C,Medium,P2
11248,Medium,0.6,0.64,2,0.34,0.48,0.84,P2,Team_B,Medium,P2
11249,Low,0.3,0.44,3,0.56,0.74,1.0,P2,Team_A,Medium,P2
11250,Medium,0.6,0.35,1,0.63,0.75,0.45,P2,Team_B,Medium,P2
11251,Low,0.3,0.39,3,0.7,0.61,0.52,P3,Team_A,Low,P3
11252,Low,0.3,0.72,3,0.7,0.73,0.63,P2,Team_A,Medium,P2
11253,High,0.9,0.5,4,0.33,0.32,0.88,P2,Team_C,Medium,P2
11254,Low,0.3,0.77,3,0.82,0.66,0.57,P2,Team_A,Medium,P2
11255,Medium,0.6,0.43,4,0.64,0.77,0.6,P2,Team_A,Medium,P2
11256,High,0.9,0.4,3,0.34,0.48,0.51,P2,Team_B,Medium,P2
11257,Low,0.3,0.32,3,0.97,0.83,0.34,P3,Team_C,Low,P3
11258,Low,0.3,0.28,4,0.74,0.84,0.73,P3,Team_A,Low,P3
11259,Medium,0.6,0.75,4,0.49,0.91,0.5,P2,Team_C,Medium,P2
11260,Medium,0.6,0.35,1,0.78,0.7,0.8,P2,Team_A,Medium,P2
11261,Medium,0.6,0.34,4,0.85,0.75,0.62,P2,Team_A,Medium,P2
11262,Low,0.3,0.8,2,0.81,0.64,0.4,P2,Team_C,Medium,P2
11263,High,0.9,0.97,1,0.62,0.88,0.36,P1,Team_C,High,P1
11264,Medium,0.6,0.48,3,0.54,0.69,0.34,P2,Team_A,Medium,P2
11265,Low,0.3,0.46,1,0.7,0.55,0.42,P2,Team_B,Medium,P2
11266,Medium,0.6,0.21,2,0.81,0.9,0.46,P2,Team_A,Medium,P2
11267,Medium,0.6,0.06,2,0.86,0.89,0.93,P2,Team_A,Medium,P2
11268,Medium,0.6,0.1,1,0.57,0.77,0.98,P2,Team_C,Medium,P2
11269,Medium,0.6,0.78,3,0.64,0.72,0.46,P2,Team_B,Medium,P2
11270,Low,0.3,0.77,3,0.93,0.44,0.88,P2,Team_C,Medium,P2
11271,Medium,0.6,0.43,3,0.68,0.65,0.41,P2,Team_A,Medium,P2
11272,Medium,0.6,0.2,4,0.49,0.79,0.54,P2,Team_C,Medium,P2
11273,High,0.9,0.24,3,0.84,0.48,0.35,P2,Team_C,Medium,P2
11274,Low,0.3,0.33,4,0.82,0.92,0.33,P3,Team_C,Low,P3
11275,Low,0.3,0.45,4,0.24,0.55,0.89,P2,Team_B,Medium,P2
11276,Medium,0.6,0.23,1,0.94,0.9,0.74,P2,Team_A,Medium,P2
11277,Medium,0.6,0.33,2,0.86,0.47,0.88,P2,Team_A,Medium,P2
11278,Medium,0.6,0.27,1,0.69,0.48,0.58,P2,Team_C,Medium,P2
11279,Low,0.3,0.64,3,0.47,0.58,0.64,P2,Team_B,Medium,P2
11280,Low,0.3,0.62,3,0.93,0.71,0.69,P2,Team_B,Medium,P2
11281,High,0.9,0.38,1,0.53,0.29,0.94,P2,Team_A,Medium,P2
11282,High,0.9,0.19,1,0.91,0.74,0.71,P2,Team_B,Medium,P2
11283,Medium,0.6,0.75,2,0.83,0.8,0.67,P2,Team_C,Medium,P2
11284,High,0.9,0.19,3,0.87,0.81,0.8,P2,Team_A,Medium,P2
11285,Low,0.3,0.33,4,0.87,0.65,0.93,P3,Team_A,Low,P3
11286,Low,0.3,0.49,4,0.65,0.76,0.57,P2,Team_A,Medium,P2
11287,Medium,0.6,0.12,1,0.46,0.44,0.55,P2,Team_C,Medium,P2
11288,Low,0.3,0.78,2,0.88,0.55,0.56,P2,Team_A,Medium,P2
11289,High,0.9,0.16,4,0.92,0.71,0.43,P2,Team_C,Medium,P2
11290,Medium,0.6,0.74,4,0.61,0.49,0.47,P2,Team_A,Medium,P2
11291,Medium,0.6,0.86,3,0.9,0.71,0.8,P2,Team_A,Medium,P2
11292,Low,0.3,0.84,2,0.99,0.7,0.63,P2,Team_B,Medium,P2
11293,High,0.9,0.39,4,0.73,0.45,0.75,P2,Team_B,Medium,P2
11294,High,0.9,0.46,3,0.83,0.22,0.83,P2,Team_C,Medium,P2
11295,Medium,0.6,0.44,2,0.61,0.59,0.62,P2,Team_C,Medium,P2
11296,High,0.9,0.06,1,0.59,0.84,0.83,P2,Team_A,Medium,P2
11297,Medium,0.6,0.55,3,0.74,0.6,0.55,P2,Team_C,Medium,P2
11298,High,0.9,0.52,1,0.67,0.89,0.57,P2,Team_B,Medium,P2
11299,Medium,0.6,0.38,1,0.66,0.84,0.75,P2,Team_C,Medium,P2
11300,Low,0.3,0.48,2,0.66,0.77,0.45,P2,Team_B,Medium,P2
11301,Low,0.3,0.52,4,0.79,0.69,0.59,P2,Team_C,Medium,P2
11302,High,0.9,0.17,1,0.67,0.26,0.69,P2,Team_A,Medium,P2
11303,Medium,0.6,0.11,4,0.58,0.43,0.82,P2,Team_A,Medium,P2
11304,Low,0.3,0.73,4,0.92,0.63,0.41,P2,Team_A,Medium,P2
11305,High,0.9,0.43,2,0.85,0.78,0.95,P2,Team_A,Medium,P2
11306,High,0.9,0.51,3,0.89,0.39,0.41,P2,Team_A,Medium,P2
11307,Low,0.3,0.55,3,0.8,0.82,0.69,P2,Team_C,Medium,P2
11308,Low,0.3,0.47,1,0.8,0.81,0.55,P2,Team_A,Medium,P2
11309,Low,0.3,0.87,4,0.62,0.94,0.38,P2,Team_A,Medium,P2
11310,Medium,0.6,0.18,4,0.76,0.87,0.89,P2,Team_B,Medium,P2
11311,High,0.9,0.7,3,0.92,0.57,0.44,P1,Team_B,High,P1
11312,Medium,0.6,0.62,4,0.8,0.74,0.73,P2,Team_C,Medium,P2
11313,Medium,0.6,0.74,3,0.9,0.6,0.5,P2,Team_A,Medium,P2
11314,Medium,0.6,0.87,2,0.78,0.38,0.55,P2,Team_C,Medium,P2
11315,High,0.9,0.56,4,0.64,0.46,0.39,P2,Team_C,Medium,P2
11316,Medium,0.6,0.49,4,0.55,0.74,0.45,P2,Team_A,Medium,P2
11317,Low,0.3,0.65,3,0.46,0.96,0.88,P2,Team_A,Medium,P2
11318,Medium,0.6,0.66,3,0.87,0.79,0.89,P2,Team_B,Medium,P2
11319,Medium,0.6,0.73,4,0.8,0.97,0.43,P2,Team_A,Medium,P2
11320,High,0.9,0.61,4,0.72,0.73,0.74,P1,Team_A,High,P1
11321,Low,0.3,0.3,4,0.79,0.57,0.81,P3,Team_C,Low,P3
11322,High,0.9,0.74,4,0.74,0.83,0.33,P1,Team_A,High,P1
11323,Low,0.3,0.69,4,0.91,0.71,0.86,P2,Team_B,Medium,P2
11324,Low,0.3,0.63,4,0.89,0.82,0.91,P2,Team_C,Medium,P2
11325,Low,0.3,0.9,2,0.83,0.58,1.0,P2,Team_C,Medium,P2
11326,High,0.9,0.3,2,0.76,0.89,0.4,P2,Team_C,Medium,P2
11327,Medium,0.6,0.29,4,0.42,0.58,0.39,P2,Team_A,Medium,P2
11328,Low,0.3,0.26,1,0.73,0.71,0.8,P3,Team_B,Low,P3
11329,High,0.9,0.17,1,0.81,0.64,0.35,P2,Team_A,Medium,P2
11330,Low,0.3,0.4,1,0.76,0.66,0.63,P2,Team_A,Medium,P2
11331,Medium,0.6,0.68,3,0.79,0.83,0.95,P2,Team_C,Medium,P2
11332,Low,0.3,0.06,1,0.79,0.65,0.63,P3,Team_C,Low,P3
11333,Low,0.3,0.69,3,0.57,0.68,0.86,P2,Team_C,Medium,P2
11334,Medium,0.6,0.51,3,0.85,0.67,0.72,P2,Team_B,Medium,P2
11335,Medium,0.6,0.28,1,0.94,0.75,0.99,P2,Team_A,Medium,P2
11336,Low,0.3,0.15,4,0.71,0.57,0.62,P3,Team_A,Low,P3
11337,High,0.9,0.54,2,0.79,0.87,0.34,P2,Team_A,Medium,P2
11338,High,0.9,0.22,2,0.61,0.41,0.48,P2,Team_B,Medium,P2
11339,High,0.9,0.35,4,0.71,0.62,0.6,P2,Team_A,Medium,P2
11340,High,0.9,0.25,2,0.76,0.41,0.92,P2,Team_B,Medium,P2
11341,Medium,0.6,0.89,2,0.82,0.6,0.33,P2,Team_A,Medium,P2
11342,High,0.9,0.64,4,0.75,0.91,0.66,P1,Team_C,High,P1
11343,Low,0.3,0.21,4,0.85,0.79,0.74,P3,Team_C,Low,P3
11344,High,0.9,0.5,4,0.4,0.7,0.75,P2,Team_A,Medium,P2
11345,Low,0.3,0.3,1,0.56,0.66,0.46,P3,Team_B,Low,P3
11346,High,0.9,0.3,4,0.71,0.97,0.9,P2,Team_C,Medium,P2
11347,High,0.9,0.68,1,0.93,0.78,0.95,P1,Team_B,High,P1
11348,High,0.9,0.24,3,0.82,0.76,0.56,P2,Team_C,Medium,P2
11349,High,0.9,0.42,2,0.86,0.76,0.53,P2,Team_C,Medium,P2
11350,Low,0.3,0.29,4,0.45,0.19,0.5,P3,Team_B,Low,P3
11351,Low,0.3,0.53,4,0.86,0.61,0.77,P2,Team_B,Medium,P2
11352,Medium,0.6,0.15,1,0.64,0.45,0.88,P2,Team_A,Medium,P2
11353,Medium,0.6,0.95,3,0.8,0.72,0.83,P2,Team_A,Medium,P2
11354,Low,0.3,0.55,2,0.91,0.57,0.63,P2,Team_A,Medium,P2
11355,Medium,0.6,0.68,3,0.77,0.38,0.49,P2,Team_C,Medium,P2
11356,High,0.9,0.59,2,0.81,0.86,0.5,P2,Team_A,Medium,P2
11357,Medium,0.6,0.46,4,0.89,0.76,0.86,P2,Team_B,Medium,P2
11358,Medium,0.6,0.27,2,0.81,0.75,0.69,P2,Team_A,Medium,P2
11359,Low,0.3,0.47,4,0.84,0.76,0.96,P2,Team_A,Medium,P2
11360,High,0.9,0.44,1,0.88,0.57,0.42,P2,Team_C,Medium,P2
11361,Medium,0.6,0.3,1,0.9,0.32,0.38,P2,Team_B,Medium,P2
11362,Low,0.3,0.2,3,0.49,0.7,0.94,P3,Team_A,Low,P3
11363,Medium,0.6,0.49,3,0.62,0.76,0.5,P2,Team_A,Medium,P2
11364,Medium,0.6,0.53,1,0.83,0.81,0.55,P2,Team_C,Medium,P2
11365,Medium,0.6,0.63,3,0.79,0.63,0.89,P2,Team_B,Medium,P2
11366,Low,0.3,0.79,3,0.68,0.31,0.7,P2,Team_C,Medium,P2
11367,Medium,0.6,0.14,1,0.62,0.59,0.87,P2,Team_A,Medium,P2
11368,Low,0.3,0.44,1,0.7,0.77,0.51,P2,Team_C,Medium,P2
11369,High,0.9,0.1,4,0.9,0.7,0.63,P2,Team_A,Medium,P2
11370,Medium,0.6,0.37,1,0.92,0.73,0.69,P2,Team_C,Medium,P2
11371,Medium,0.6,0.48,4,0.43,0.64,0.55,P2,Team_B,Medium,P2
11372,Low,0.3,0.2,2,0.75,0.51,0.89,P3,Team_C,Low,P3
11373,High,0.9,0.39,2,0.85,0.86,0.54,P2,Team_C,Medium,P2
11374,High,0.9,0.82,2,0.61,0.64,0.98,P1,Team_A,High,P1
11375,Medium,0.6,0.77,2,0.91,0.49,0.31,P2,Team_B,Medium,P2
11376,High,0.9,0.26,3,0.9,0.59,0.83,P2,Team_C,Medium,P2
11377,High,0.9,0.3,2,0.43,0.46,0.47,P2,Team_B,Medium,P2
11378,Low,0.3,0.97,1,0.41,0.8,0.72,P2,Team_A,Medium,P2
11379,Medium,0.6,0.61,2,0.81,0.87,0.32,P2,Team_C,Medium,P2
11380,High,0.9,0.57,2,0.76,0.51,0.56,P2,Team_B,Medium,P2
11381,Low,0.3,0.56,4,0.13,0.47,0.77,P2,Team_A,Medium,P2
11382,Low,0.3,0.54,2,0.63,0.83,0.33,P2,Team_A,Medium,P2
11383,High,0.9,0.64,3,0.64,0.68,0.94,P1,Team_C,High,P1
11384,Medium,0.6,0.4,4,0.86,0.63,0.68,P2,Team_B,Medium,P2
11385,Low,0.3,0.29,4,0.76,0.84,0.98,P3,Team_C,Low,P3
11386,Low,0.3,0.47,3,0.66,0.53,0.84,P2,Team_A,Medium,P2
11387,Low,0.3,0.71,4,0.78,0.54,0.92,P2,Team_B,Medium,P2
11388,Medium,0.6,0.53,1,0.78,0.16,0.84,P2,Team_C,Medium,P2
11389,High,0.9,0.73,4,0.87,0.83,0.68,P1,Team_B,High,P1
11390,Low,0.3,0.36,4,0.81,0.53,0.36,P3,Team_A,Low,P3
11391,High,0.9,0.83,4,0.64,0.83,0.97,P1,Team_B,High,P1
11392,High,0.9,0.66,2,0.71,0.9,0.65,P1,Team_C,High,P1
11393,Medium,0.6,0.33,2,0.6,0.48,0.9,P2,Team_C,Medium,P2
11394,Low,0.3,0.34,4,0.49,0.85,0.6,P3,Team_C,Low,P3
11395,Low,0.3,0.24,3,0.5,0.36,0.44,P3,Team_B,Low,P3
11396,Low,0.3,0.22,3,0.76,0.24,0.35,P3,Team_C,Low,P3
11397,High,0.9,0.46,2,0.47,0.68,0.84,P2,Team_C,Medium,P2
11398,Low,0.3,0.66,2,0.79,0.95,0.67,P2,Team_B,Medium,P2
11399,Low,0.3,0.57,3,0.75,0.56,0.52,P2,Team_A,Medium,P2
11400,Low,0.3,0.34,2,0.94,0.71,0.44,P3,Team_B,Low,P3
11401,Medium,0.6,0.42,4,0.5,0.52,0.57,P2,Team_C,Medium,P2
11402,Medium,0.6,0.81,1,0.75,0.82,0.53,P2,Team_A,Medium,P2
11403,Low,0.3,0.67,3,0.9,0.73,0.59,P2,Team_B,Medium,P2
11404,Low,0.3,0.65,1,0.66,0.71,0.7,P2,Team_B,Medium,P2
11405,Low,0.3,0.21,2,0.67,0.93,0.79,P3,Team_C,Low,P3
11406,Low,0.3,0.57,3,0.78,0.41,0.87,P2,Team_A,Medium,P2
11407,High,0.9,0.49,1,0.87,0.87,0.51,P2,Team_A,Medium,P2
11408,Low,0.3,0.26,3,0.71,0.7,0.48,P3,Team_A,Low,P3
11409,Low,0.3,0.46,4,0.55,0.61,0.59,P2,Team_A,Medium,P2
11410,Low,0.3,0.9,4,0.93,0.35,0.65,P2,Team_A,Medium,P2
11411,Low,0.3,0.56,2,0.76,0.46,0.83,P2,Team_C,Medium,P2
11412,Low,0.3,0.36,1,0.62,0.75,0.96,P3,Team_C,Low,P3
11413,Low,0.3,0.76,3,0.76,0.92,0.46,P2,Team_A,Medium,P2
11414,Low,0.3,0.71,1,0.84,0.69,0.98,P2,Team_C,Medium,P2
11415,Low,0.3,0.2,4,0.86,0.72,0.8,P3,Team_A,Low,P3
11416,Low,0.3,0.26,4,0.72,0.8,0.39,P3,Team_A,Low,P3
11417,Medium,0.6,0.94,3,0.69,0.49,0.51,P2,Team_A,Medium,P2
11418,High,0.9,0.51,4,0.87,0.84,0.53,P2,Team_C,Medium,P2
11419,Low,0.3,0.67,2,0.59,0.81,0.91,P2,Team_C,Medium,P2
11420,High,0.9,0.69,3,0.71,0.85,0.54,P1,Team_A,High,P1
11421,Medium,0.6,0.3,2,0.66,0.75,0.38,P2,Team_B,Medium,P2
11422,Medium,0.6,0.39,4,0.52,0.79,0.73,P2,Team_B,Medium,P2
11423,Medium,0.6,0.37,1,0.9,0.7,0.62,P2,Team_C,Medium,P2
11424,Low,0.3,0.27,4,0.35,0.93,0.77,P3,Team_A,Low,P3
11425,Low,0.3,0.97,2,0.51,0.61,0.85,P2,Team_C,Medium,P2
11426,High,0.9,0.79,3,0.66,0.84,0.73,P1,Team_A,High,P1
11427,High,0.9,0.68,3,0.68,0.39,0.31,P1,Team_B,High,P1
11428,High,0.9,0.56,1,0.75,0.31,0.44,P2,Team_C,Medium,P2
11429,Low,0.3,0.78,1,0.75,0.71,0.76,P2,Team_B,Medium,P2
11430,Medium,0.6,0.49,1,0.84,0.67,0.74,P2,Team_C,Medium,P2
11431,High,0.9,0.58,4,0.61,0.53,0.43,P2,Team_C,Medium,P2
11432,High,0.9,0.79,4,0.75,0.87,0.32,P1,Team_C,High,P1
11433,High,0.9,0.47,4,0.72,0.67,0.57,P2,Team_B,Medium,P2
11434,Low,0.3,0.32,1,0.61,0.76,0.58,P3,Team_A,Low,P3
11435,Medium,0.6,0.09,3,0.82,0.87,0.52,P2,Team_C,Medium,P2
11436,Low,0.3,0.82,4,0.85,0.67,0.37,P2,Team_B,Medium,P2
11437,Low,0.3,0.46,1,0.78,0.82,0.79,P2,Team_A,Medium,P2
11438,High,0.9,0.38,3,0.45,0.41,0.69,P2,Team_B,Medium,P2
11439,Medium,0.6,0.4,2,0.89,0.41,0.37,P2,Team_A,Medium,P2
11440,High,0.9,0.81,3,0.91,0.8,0.67,P1,Team_A,High,P1
11441,High,0.9,0.24,4,0.81,0.62,0.45,P2,Team_A,Medium,P2
11442,Medium,0.6,0.51,2,0.83,0.8,0.98,P2,Team_A,Medium,P2
11443,Low,0.3,0.32,4,0.72,0.87,0.9,P3,Team_B,Low,P3
11444,Low,0.3,0.65,4,0.66,0.6,0.36,P2,Team_A,Medium,P2
11445,Low,0.3,0.81,3,0.88,0.86,0.77,P2,Team_C,Medium,P2
11446,Low,0.3,0.16,1,0.71,0.87,0.63,P3,Team_B,Low,P3
11447,Low,0.3,0.41,3,0.66,0.7,0.37,P2,Team_C,Medium,P2
11448,High,0.9,0.54,1,0.49,0.94,0.82,P2,Team_C,Medium,P2
11449,High,0.9,0.46,4,0.79,0.61,0.81,P2,Team_C,Medium,P2
11450,Medium,0.6,0.6,1,0.79,0.48,0.37,P2,Team_B,Medium,P2
11451,Low,0.3,0.59,1,0.95,0.3,0.33,P2,Team_C,Medium,P2
11452,High,0.9,0.76,4,0.64,0.56,0.5,P1,Team_A,High,P1
11453,High,0.9,0.45,3,0.52,0.73,0.95,P2,Team_B,Medium,P2
11454,High,0.9,0.26,4,0.4,0.72,0.78,P2,Team_B,Medium,P2
11455,High,0.9,0.41,3,0.75,0.76,0.92,P2,Team_C,Medium,P2
11456,Medium,0.6,0.44,1,0.67,0.9,0.53,P2,Team_A,Medium,P2
11457,Low,0.3,0.42,2,0.51,0.27,0.31,P2,Team_A,Medium,P2
11458,Medium,0.6,0.32,1,0.79,0.56,0.7,P2,Team_A,Medium,P2
11459,Low,0.3,0.85,1,0.72,0.67,0.46,P2,Team_A,Medium,P2
11460,Medium,0.6,0.72,2,0.5,0.58,0.45,P2,Team_A,Medium,P2
11461,Low,0.3,0.62,2,0.72,0.7,0.51,P2,Team_A,Medium,P2
11462,Low,0.3,0.45,3,0.77,0.41,0.46,P2,Team_B,Medium,P2
11463,High,0.9,0.19,4,0.57,0.68,0.81,P2,Team_A,Medium,P2
11464,High,0.9,0.64,4,0.57,0.66,0.61,P1,Team_A,High,P1
11465,High,0.9,0.85,1,0.64,0.31,0.51,P1,Team_A,High,P1
11466,Low,0.3,0.15,2,0.67,0.66,0.49,P3,Team_B,Low,P3
11467,Medium,0.6,0.9,1,0.72,0.69,0.5,P2,Team_C,Medium,P2
11468,Low,0.3,0.24,2,0.74,0.82,0.84,P3,Team_A,Low,P3
11469,Medium,0.6,0.59,3,0.47,0.37,0.65,P2,Team_C,Medium,P2
11470,Low,0.3,0.45,3,0.62,0.87,0.74,P2,Team_B,Medium,P2
11471,Medium,0.6,0.12,2,0.66,0.89,0.71,P2,Team_C,Medium,P2
11472,Low,0.3,0.7,4,0.78,0.73,0.82,P2,Team_A,Medium,P2
11473,High,0.9,0.75,3,0.8,0.9,0.37,P1,Team_B,High,P1
11474,Medium,0.6,0.88,4,0.48,0.77,0.92,P2,Team_C,Medium,P2
11475,Medium,0.6,0.75,2,0.78,0.4,0.84,P2,Team_B,Medium,P2
11476,Low,0.3,0.29,1,0.92,0.79,0.55,P3,Team_A,Low,P3
11477,Low,0.3,0.76,2,0.79,0.49,0.6,P2,Team_C,Medium,P2
11478,Low,0.3,0.7,2,0.27,0.43,0.94,P2,Team_A,Medium,P2
11479,High,0.9,0.76,3,0.69,0.77,0.89,P1,Team_C,High,P1
11480,Medium,0.6,0.95,2,0.84,0.86,0.45,P2,Team_A,Medium,P2
11481,Low,0.3,0.45,3,0.53,0.54,0.86,P2,Team_A,Medium,P2
11482,Low,0.3,0.37,1,0.75,0.81,0.52,P3,Team_B,Low,P3
11483,High,0.9,0.45,4,0.67,0.85,0.94,P2,Team_A,Medium,P2
11484,High,0.9,0.58,4,0.9,0.72,0.62,P2,Team_C,Medium,P2
11485,Medium,0.6,0.92,2,0.87,0.76,0.87,P2,Team_C,Medium,P2
11486,Medium,0.6,0.53,1,0.58,0.8,0.81,P2,Team_C,Medium,P2
11487,Medium,0.6,0.49,1,0.62,0.85,0.95,P2,Team_B,Medium,P2
11488,Low,0.3,0.8,4,0.64,0.76,0.79,P2,Team_B,Medium,P2
11489,Medium,0.6,0.28,4,0.82,0.43,0.44,P2,Team_B,Medium,P2
11490,Medium,0.6,0.6,2,0.7,0.85,0.79,P2,Team_A,Medium,P2
11491,Low,0.3,0.58,2,0.91,0.3,0.42,P2,Team_C,Medium,P2
11492,Medium,0.6,0.37,1,0.73,0.55,0.71,P2,Team_C,Medium,P2
11493,Medium,0.6,0.37,3,0.64,0.61,0.85,P2,Team_B,Medium,P2
11494,High,0.9,0.37,1,0.83,0.55,0.4,P2,Team_C,Medium,P2
11495,Low,0.3,0.73,3,0.78,0.89,0.8,P2,Team_A,Medium,P2
11496,Medium,0.6,0.8,2,0.47,0.28,0.5,P2,Team_C,Medium,P2
11497,Low,0.3,0.35,3,0.85,0.73,0.95,P3,Team_A,Low,P3
11498,Low,0.3,0.34,3,0.71,0.81,0.74,P3,Team_B,Low,P3
11499,Medium,0.6,0.18,2,0.74,0.19,0.36,P2,Team_A,Medium,P2
11500,Low,0.3,0.45,2,0.8,0.71,0.81,P2,Team_C,Medium,P2
11501,High,0.9,0.84,4,0.92,0.32,0.5,P1,Team_C,High,P1
11502,Medium,0.6,0.42,1,0.63,0.67,0.51,P2,Team_A,Medium,P2
11503,High,0.9,0.67,4,0.65,0.67,0.76,P1,Team_B,High,P1
11504,Low,0.3,0.65,2,0.53,0.7,0.96,P2,Team_C,Medium,P2
11505,Medium,0.6,0.41,4,0.68,0.7,0.57,P2,Team_C,Medium,P2
11506,Medium,0.6,0.77,2,0.66,0.9,0.92,P2,Team_B,Medium,P2
11507,Medium,0.6,0.89,3,0.75,0.66,0.95,P2,Team_A,Medium,P2
11508,High,0.9,0.12,1,0.99,0.41,0.56,P2,Team_C,Medium,P2
11509,Medium,0.6,0.72,4,0.52,0.53,0.3,P2,Team_C,Medium,P2
11510,Low,0.3,0.91,2,0.86,0.47,0.68,P2,Team_B,Medium,P2
11511,High,0.9,0.72,2,0.6,0.69,0.98,P1,Team_B,High,P1
11512,Low,0.3,0.23,3,0.64,0.27,0.66,P3,Team_C,Low,P3
11513,Medium,0.6,0.42,1,0.8,0.92,0.4,P2,Team_A,Medium,P2
11514,High,0.9,0.11,4,0.62,0.64,0.72,P2,Team_B,Medium,P2
11515,Medium,0.6,0.53,4,0.92,0.8,0.86,P2,Team_A,Medium,P2
11516,Low,0.3,0.44,4,0.76,0.83,0.53,P2,Team_A,Medium,P2
11517,Low,0.3,0.57,1,0.82,0.73,0.46,P2,Team_C,Medium,P2
11518,Low,0.3,0.55,3,0.98,0.45,0.5,P2,Team_B,Medium,P2
11519,Low,0.3,0.35,1,0.75,0.77,0.93,P3,Team_C,Low,P3
11520,Medium,0.6,0.15,2,0.58,0.61,0.64,P2,Team_A,Medium,P2
11521,Medium,0.6,0.52,4,0.76,0.7,0.81,P2,Team_B,Medium,P2
11522,Low,0.3,0.54,2,0.69,0.97,0.65,P2,Team_B,Medium,P2
11523,Medium,0.6,0.3,3,0.58,0.81,0.9,P2,Team_A,Medium,P2
11524,Low,0.3,0.6,4,0.46,0.86,0.68,P2,Team_B,Medium,P2
11525,Low,0.3,0.18,4,0.81,0.88,0.79,P3,Team_A,Low,P3
11526,High,0.9,0.28,3,0.79,0.94,0.43,P2,Team_C,Medium,P2
11527,Medium,0.6,0.53,4,0.81,0.8,0.35,P2,Team_C,Medium,P2
11528,High,0.9,0.49,2,0.74,0.52,0.66,P2,Team_B,Medium,P2
11529,Low,0.3,0.41,2,0.8,0.45,0.7,P2,Team_C,Medium,P2
11530,Medium,0.6,0.03,3,0.73,0.46,0.86,P2,Team_A,Medium,P2
11531,High,0.9,0.4,4,0.82,0.93,0.44,P2,Team_C,Medium,P2
11532,High,0.9,0.69,2,0.65,0.37,0.91,P1,Team_B,High,P1
11533,High,0.9,0.51,4,0.89,0.87,0.92,P2,Team_A,Medium,P2
11534,Medium,0.6,0.91,1,0.63,0.62,0.39,P2,Team_C,Medium,P2
11535,Low,0.3,0.23,4,0.5,0.58,0.34,P3,Team_C,Low,P3
11536,Medium,0.6,0.6,4,0.4,0.77,0.93,P2,Team_A,Medium,P2
11537,Low,0.3,0.45,4,0.65,0.79,0.91,P2,Team_C,Medium,P2
11538,Medium,0.6,0.92,2,0.84,0.35,0.48,P2,Team_C,Medium,P2
11539,Medium,0.6,0.2,4,0.58,0.46,0.72,P2,Team_A,Medium,P2
11540,Low,0.3,0.78,4,0.74,0.67,0.96,P2,Team_C,Medium,P2
11541,Low,0.3,0.49,2,0.81,0.12,0.53,P2,Team_A,Medium,P2
11542,Low,0.3,0.8,4,0.63,0.78,0.98,P2,Team_B,Medium,P2
11543,Low,0.3,0.32,4,0.84,0.65,0.65,P3,Team_B,Low,P3
11544,Medium,0.6,0.57,3,0.85,0.52,0.65,P2,Team_A,Medium,P2
11545,High,0.9,0.65,1,0.82,0.78,0.8,P1,Team_C,High,P1
11546,Low,0.3,0.73,2,0.91,0.55,0.87,P2,Team_B,Medium,P2
11547,High,0.9,0.87,2,0.55,0.4,0.67,P1,Team_C,High,P1
11548,High,0.9,0.39,2,0.85,0.14,0.81,P2,Team_B,Medium,P2
11549,High,0.9,0.14,4,0.89,0.73,0.87,P2,Team_A,Medium,P2
11550,Low,0.3,0.29,3,0.59,0.69,0.76,P3,Team_B,Low,P3
11551,Low,0.3,0.27,4,0.68,0.9,1.0,P3,Team_A,Low,P3
11552,Low,0.3,0.45,3,0.72,0.55,0.37,P2,Team_B,Medium,P2
11553,High,0.9,0.59,1,0.32,0.67,0.57,P2,Team_C,Medium,P2
11554,Low,0.3,0.92,2,0.73,0.76,0.38,P2,Team_C,Medium,P2
11555,Medium,0.6,0.72,3,0.78,0.53,0.55,P2,Team_A,Medium,P2
11556,Medium,0.6,0.6,1,0.92,0.85,0.59,P2,Team_A,Medium,P2
11557,Medium,0.6,0.77,1,0.53,0.82,0.69,P2,Team_C,Medium,P2
11558,High,0.9,0.29,4,0.75,0.2,0.81,P2,Team_B,Medium,P2
11559,Medium,0.6,0.56,4,0.67,0.71,0.32,P2,Team_C,Medium,P2
11560,Medium,0.6,0.36,1,0.67,0.9,0.92,P2,Team_B,Medium,P2
11561,Low,0.3,0.54,4,0.57,0.76,0.77,P2,Team_C,Medium,P2
11562,High,0.9,0.84,1,0.85,0.72,0.87,P1,Team_A,High,P1
11563,Low,0.3,0.6,3,0.44,0.7,0.45,P2,Team_C,Medium,P2
11564,Low,0.3,0.5,2,0.52,0.62,0.87,P2,Team_C,Medium,P2
11565,Low,0.3,0.85,2,0.95,0.5,0.42,P2,Team_C,Medium,P2
11566,Low,0.3,0.29,1,0.84,0.81,0.9,P3,Team_A,Low,P3
11567,Low,0.3,0.23,1,0.65,0.42,0.66,P3,Team_C,Low,P3
11568,Medium,0.6,0.62,2,0.74,0.91,0.39,P2,Team_B,Medium,P2
11569,Low,0.3,0.11,2,0.98,0.71,0.51,P3,Team_B,Low,P3
11570,Medium,0.6,0.37,1,0.49,0.88,0.67,P2,Team_C,Medium,P2
11571,Low,0.3,0.45,2,0.32,0.9,0.56,P2,Team_C,Medium,P2
11572,High,0.9,0.17,4,0.69,0.77,0.82,P2,Team_A,Medium,P2
11573,Low,0.3,0.79,1,0.93,0.6,0.37,P2,Team_C,Medium,P2
11574,Low,0.3,0.38,3,0.66,0.79,0.39,P3,Team_B,Low,P3
11575,High,0.9,0.66,3,0.86,0.34,0.72,P1,Team_C,High,P1
11576,High,0.9,0.76,1,0.75,0.93,0.84,P1,Team_C,High,P1
11577,Medium,0.6,0.67,4,0.5,0.79,0.32,P2,Team_C,Medium,P2
11578,Low,0.3,0.23,4,0.69,0.79,0.53,P3,Team_B,Low,P3
11579,Low,0.3,0.27,2,0.54,0.79,0.61,P3,Team_C,Low,P3
11580,High,0.9,0.72,4,0.84,0.75,0.75,P1,Team_A,High,P1
11581,Low,0.3,0.69,1,0.58,0.91,0.96,P2,Team_A,Medium,P2
11582,Low,0.3,0.79,2,0.9,0.56,0.52,P2,Team_C,Medium,P2
11583,Low,0.3,0.29,3,0.68,0.94,0.56,P3,Team_B,Low,P3
11584,Low,0.3,0.05,3,0.93,0.85,0.81,P3,Team_C,Low,P3
11585,High,0.9,0.81,1,0.83,0.39,0.81,P1,Team_B,High,P1
11586,Low,0.3,0.23,2,0.58,0.5,0.51,P3,Team_B,Low,P3
11587,Low,0.3,0.5,2,0.46,0.8,0.34,P2,Team_B,Medium,P2
11588,Low,0.3,0.95,4,0.63,0.75,0.72,P2,Team_A,Medium,P2
11589,High,0.9,0.77,1,0.5,0.54,0.75,P1,Team_B,High,P1
11590,Low,0.3,0.65,3,0.62,0.47,0.73,P2,Team_B,Medium,P2
11591,Medium,0.6,0.51,2,0.53,0.67,0.52,P2,Team_A,Medium,P2
11592,High,0.9,0.43,3,0.73,0.7,0.41,P2,Team_B,Medium,P2
11593,Medium,0.6,0.87,2,0.67,0.63,0.74,P2,Team_C,Medium,P2
11594,Medium,0.6,0.32,3,0.82,0.86,0.56,P2,Team_C,Medium,P2
11595,Low,0.3,0.7,3,0.83,0.56,1.0,P2,Team_C,Medium,P2
11596,Low,0.3,0.4,1,0.95,0.91,0.86,P2,Team_C,Medium,P2
11597,High,0.9,0.37,1,0.96,0.35,0.78,P2,Team_C,Medium,P2
11598,Medium,0.6,0.33,2,0.8,0.56,0.84,P2,Team_A,Medium,P2
11599,Medium,0.6,0.52,1,0.8,0.94,0.37,P2,Team_B,Medium,P2
11600,Low,0.3,0.23,2,0.85,0.38,0.65,P3,Team_A,Low,P3
11601,Low,0.3,0.29,3,0.6,0.57,0.97,P3,Team_B,Low,P3
11602,Low,0.3,0.82,4,0.78,0.74,1.0,P2,Team_A,Medium,P2
11603,Low,0.3,0.39,4,0.65,0.93,0.35,P3,Team_C,Low,P3
11604,High,0.9,0.07,2,0.66,0.46,0.61,P2,Team_A,Medium,P2
11605,Medium,0.6,0.85,3,0.95,0.44,0.39,P2,Team_C,Medium,P2
11606,High,0.9,0.31,1,0.71,0.61,0.68,P2,Team_A,Medium,P2
11607,High,0.9,0.27,4,0.92,0.81,0.69,P2,Team_C,Medium,P2
11608,Low,0.3,0.13,2,0.59,0.66,0.68,P3,Team_B,Low,P3
11609,Medium,0.6,0.39,3,0.89,0.95,0.44,P2,Team_B,Medium,P2
11610,Low,0.3,0.2,2,0.93,0.35,1.0,P3,Team_A,Low,P3
11611,High,0.9,0.69,1,0.68,0.51,0.55,P1,Team_B,High,P1
11612,High,0.9,0.84,3,0.66,0.89,0.99,P1,Team_A,High,P1
11613,Medium,0.6,0.23,2,0.92,0.49,0.38,P2,Team_B,Medium,P2
11614,Medium,0.6,0.18,2,0.55,0.78,0.85,P2,Team_C,Medium,P2
11615,Low,0.3,0.6,3,0.88,0.82,0.86,P2,Team_B,Medium,P2
11616,Low,0.3,0.56,1,0.63,0.85,0.77,P2,Team_B,Medium,P2
11617,High,0.9,0.36,3,0.51,0.91,0.32,P2,Team_C,Medium,P2
11618,Medium,0.6,0.25,1,0.74,0.47,0.81,P2,Team_B,Medium,P2
11619,Low,0.3,0.37,2,0.56,0.74,0.95,P3,Team_B,Low,P3
11620,Low,0.3,0.27,3,0.85,0.45,0.36,P3,Team_A,Low,P3
11621,Medium,0.6,0.74,2,0.78,0.64,0.89,P2,Team_C,Medium,P2
11622,Medium,0.6,0.7,1,0.81,0.67,0.43,P2,Team_C,Medium,P2
11623,High,0.9,0.51,4,0.68,0.77,0.95,P2,Team_C,Medium,P2
11624,High,0.9,0.57,2,0.66,0.89,0.39,P2,Team_B,Medium,P2
11625,Medium,0.6,0.21,3,0.93,0.4,0.72,P2,Team_A,Medium,P2
11626,Medium,0.6,0.14,2,0.51,0.37,0.63,P2,Team_B,Medium,P2
11627,Medium,0.6,0.54,2,0.79,0.51,0.69,P2,Team_C,Medium,P2
11628,High,0.9,0.63,1,0.85,0.51,0.31,P1,Team_A,High,P1
11629,Low,0.3,0.37,2,0.72,0.75,0.94,P3,Team_C,Low,P3
11630,Low,0.3,0.37,3,0.9,0.61,0.83,P3,Team_C,Low,P3
11631,High,0.9,0.21,2,0.66,0.85,0.88,P2,Team_C,Medium,P2
11632,Medium,0.6,0.37,3,0.82,0.72,0.53,P2,Team_C,Medium,P2
11633,Low,0.3,0.39,2,0.41,0.54,0.75,P3,Team_A,Low,P3
11634,Medium,0.6,0.13,1,0.69,0.62,0.47,P2,Team_C,Medium,P2
11635,High,0.9,0.29,3,0.64,0.92,0.82,P2,Team_A,Medium,P2
11636,High,0.9,0.39,1,0.8,0.81,0.95,P2,Team_C,Medium,P2
11637,Medium,0.6,0.65,2,0.62,0.96,0.47,P2,Team_C,Medium,P2
11638,Low,0.3,0.74,1,0.71,0.87,0.63,P2,Team_B,Medium,P2
11639,Low,0.3,0.49,3,0.44,0.77,0.58,P2,Team_B,Medium,P2
11640,Low,0.3,0.23,3,0.7,0.7,0.39,P3,Team_A,Low,P3
11641,Low,0.3,0.88,4,0.84,0.69,0.74,P2,Team_A,Medium,P2
11642,High,0.9,0.36,3,0.82,0.4,0.93,P2,Team_A,Medium,P2
11643,High,0.9,0.53,1,0.74,0.49,0.91,P2,Team_A,Medium,P2
11644,Low,0.3,0.3,1,0.4,0.47,0.56,P3,Team_C,Low,P3
11645,High,0.9,0.93,4,0.85,0.81,0.94,P1,Team_C,High,P1
11646,Low,0.3,0.69,3,0.67,0.28,0.73,P2,Team_B,Medium,P2
11647,Low,0.3,0.65,3,0.72,0.48,0.77,P2,Team_A,Medium,P2
11648,High,0.9,0.82,4,0.86,0.51,0.67,P1,Team_B,High,P1
11649,High,0.9,0.6,4,0.62,0.57,0.85,P2,Team_A,Medium,P2
11650,High,0.9,0.41,1,0.6,0.77,0.37,P2,Team_C,Medium,P2
11651,High,0.9,0.66,1,0.91,0.72,0.33,P1,Team_C,High,P1
11652,Low,0.3,0.64,1,0.69,0.9,0.81,P2,Team_B,Medium,P2
11653,Low,0.3,0.14,4,0.8,0.52,0.53,P3,Team_B,Low,P3
11654,Medium,0.6,0.45,1,0.97,0.72,0.83,P2,Team_C,Medium,P2
11655,Low,0.3,0.55,3,0.92,0.86,0.92,P2,Team_B,Medium,P2
11656,High,0.9,0.43,4,0.65,0.95,0.44,P2,Team_C,Medium,P2
11657,Low,0.3,0.88,3,0.73,0.74,0.63,P2,Team_C,Medium,P2
11658,Low,0.3,0.95,4,0.86,0.67,0.49,P2,Team_C,Medium,P2
11659,Low,0.3,0.19,4,0.72,0.88,0.67,P3,Team_A,Low,P3
11660,Low,0.3,0.62,3,0.9,0.73,0.52,P2,Team_C,Medium,P2
11661,Low,0.3,0.59,4,0.75,0.93,0.75,P2,Team_C,Medium,P2
11662,High,0.9,0.52,4,0.62,0.55,0.59,P2,Team_B,Medium,P2
11663,High,0.9,0.43,4,0.93,0.73,0.86,P2,Team_A,Medium,P2
11664,Medium,0.6,0.96,4,0.94,0.69,0.67,P2,Team_C,Medium,P2
11665,High,0.9,0.83,3,0.67,0.67,0.99,P1,Team_B,High,P1
11666,Low,0.3,0.69,4,0.64,0.5,0.65,P2,Team_C,Medium,P2
11667,Low,0.3,0.87,3,0.82,0.7,0.51,P2,Team_B,Medium,P2
11668,Medium,0.6,0.35,2,0.74,0.49,0.47,P2,Team_B,Medium,P2
11669,Low,0.3,0.68,4,0.66,0.75,0.47,P2,Team_B,Medium,P2
11670,Low,0.3,0.75,4,0.82,0.43,0.74,P2,Team_B,Medium,P2
11671,Medium,0.6,0.5,1,0.9,0.89,0.52,P2,Team_C,Medium,P2
11672,High,0.9,0.07,4,0.74,0.78,0.87,P2,Team_A,Medium,P2
11673,Medium,0.6,0.3,4,0.88,0.72,0.53,P2,Team_B,Medium,P2
11674,Low,0.3,0.45,3,0.95,0.84,0.76,P2,Team_A,Medium,P2
11675,Low,0.3,0.4,1,0.74,0.37,0.84,P2,Team_C,Medium,P2
11676,Low,0.3,0.33,1,0.83,0.91,0.46,P3,Team_B,Low,P3
11677,Medium,0.6,0.92,2,0.89,0.58,0.45,P2,Team_C,Medium,P2
11678,Medium,0.6,0.41,3,0.76,0.77,0.8,P2,Team_A,Medium,P2
11679,Low,0.3,0.75,4,0.92,0.72,0.77,P2,Team_B,Medium,P2
11680,High,0.9,0.43,4,0.91,0.29,0.82,P2,Team_C,Medium,P2
11681,Low,0.3,0.23,1,0.46,0.66,0.89,P3,Team_B,Low,P3
11682,Medium,0.6,0.49,3,0.5,0.67,0.38,P2,Team_B,Medium,P2
11683,High,0.9,0.85,4,0.82,0.58,0.69,P1,Team_B,High,P1
11684,Low,0.3,0.04,1,0.65,0.77,0.48,P3,Team_B,Low,P3
11685,Medium,0.6,0.43,4,0.88,0.68,0.65,P2,Team_C,Medium,P2
11686,Medium,0.6,0.71,4,0.61,0.57,0.93,P2,Team_A,Medium,P2
11687,Low,0.3,0.57,4,0.66,0.88,0.89,P2,Team_C,Medium,P2
11688,Low,0.3,0.27,1,0.74,0.6,0.75,P3,Team_B,Low,P3
11689,Medium,0.6,0.7,3,0.79,0.8,0.62,P2,Team_A,Medium,P2
11690,Low,0.3,0.43,2,0.99,0.62,0.79,P2,Team_B,Medium,P2
11691,High,0.9,0.72,2,0.13,0.66,0.46,P1,Team_B,High,P1
11692,Low,0.3,0.28,1,0.31,0.78,0.41,P3,Team_C,Low,P3
11693,Low,0.3,0.19,1,0.51,0.79,0.73,P3,Team_C,Low,P3
11694,High,0.9,0.81,3,0.84,0.48,0.91,P1,Team_B,High,P1
11695,Medium,0.6,0.32,4,0.76,0.85,0.74,P2,Team_C,Medium,P2
11696,Medium,0.6,0.43,2,0.23,0.6,0.92,P2,Team_C,Medium,P2
11697,Low,0.3,0.82,1,0.83,0.96,0.54,P2,Team_C,Medium,P2
11698,Low,0.3,0.59,2,0.58,0.91,0.61,P2,Team_B,Medium,P2
11699,High,0.9,0.47,3,0.68,0.65,0.62,P2,Team_A,Medium,P2
11700,Low,0.3,0.4,2,0.82,0.49,0.95,P2,Team_B,Medium,P2
11701,Low,0.3,0.38,3,0.62,0.94,0.98,P3,Team_B,Low,P3
11702,Low,0.3,0.7,4,0.58,0.85,0.43,P2,Team_A,Medium,P2
11703,Medium,0.6,0.76,3,0.74,0.84,0.57,P2,Team_A,Medium,P2
11704,Low,0.3,0.23,1,0.79,0.4,0.67,P3,Team_A,Low,P3
11705,High,0.9,0.35,2,0.65,0.62,0.63,P2,Team_C,Medium,P2
11706,Medium,0.6,0.5,1,0.51,0.48,0.6,P2,Team_C,Medium,P2
11707,Low,0.3,0.4,3,0.58,0.79,0.43,P2,Team_C,Medium,P2
11708,Low,0.3,0.29,2,0.75,0.77,0.66,P3,Team_A,Low,P3
11709,Low,0.3,0.27,4,0.83,0.74,0.95,P3,Team_C,Low,P3
11710,Medium,0.6,0.58,1,0.38,0.86,0.82,P2,Team_B,Medium,P2
11711,Low,0.3,0.47,4,0.76,0.41,0.4,P2,Team_B,Medium,P2
11712,Medium,0.6,0.79,2,0.55,0.89,0.5,P2,Team_B,Medium,P2
11713,Medium,0.6,0.16,3,0.53,0.72,0.39,P2,Team_B,Medium,P2
11714,High,0.9,0.42,1,0.91,0.79,0.35,P2,Team_A,Medium,P2
11715,High,0.9,0.34,1,0.73,0.81,0.61,P2,Team_B,Medium,P2
11716,Low,0.3,0.57,2,0.69,0.56,0.83,P2,Team_C,Medium,P2
11717,High,0.9,0.16,4,0.92,0.67,0.68,P2,Team_C,Medium,P2
11718,Low,0.3,0.29,2,0.75,0.28,0.59,P3,Team_A,Low,P3
11719,Medium,0.6,0.45,4,0.43,0.71,0.95,P2,Team_B,Medium,P2
11720,High,0.9,0.39,1,0.61,0.6,0.79,P2,Team_C,Medium,P2
11721,Medium,0.6,0.21,2,0.69,0.77,0.82,P2,Team_C,Medium,P2
11722,High,0.9,0.06,1,0.61,0.88,0.95,P2,Team_A,Medium,P2
11723,Medium,0.6,0.68,2,0.75,0.39,0.7,P2,Team_B,Medium,P2
11724,High,0.9,0.22,2,0.83,0.43,0.83,P2,Team_A,Medium,P2
11725,Low,0.3,0.44,1,0.87,0.62,0.38,P2,Team_C,Medium,P2
11726,Low,0.3,0.32,3,0.86,0.47,0.7,P3,Team_A,Low,P3
11727,Medium,0.6,0.79,4,0.69,0.61,0.55,P2,Team_B,Medium,P2
11728,Low,0.3,0.63,4,0.59,0.74,0.66,P2,Team_A,Medium,P2
11729,Low,0.3,0.32,4,0.76,0.41,0.49,P3,Team_C,Low,P3
11730,Medium,0.6,0.2,3,0.84,0.29,0.92,P2,Team_B,Medium,P2
11731,High,0.9,0.59,1,0.5,0.81,0.58,P2,Team_A,Medium,P2
11732,High,0.9,0.94,2,0.98,0.66,0.88,P1,Team_C,High,P1
11733,Medium,0.6,0.76,1,0.78,0.95,0.7,P2,Team_C,Medium,P2
11734,Low,0.3,0.62,4,0.28,0.26,0.5,P2,Team_B,Medium,P2
11735,Medium,0.6,0.48,3,0.84,0.79,0.49,P2,Team_C,Medium,P2
11736,High,0.9,0.66,2,0.84,0.92,0.84,P1,Team_B,High,P1
11737,Medium,0.6,0.09,4,0.66,0.64,0.63,P2,Team_C,Medium,P2
11738,Low,0.3,0.6,1,0.51,0.75,0.32,P2,Team_B,Medium,P2
11739,Low,0.3,0.15,1,0.79,0.59,0.73,P3,Team_A,Low,P3
11740,High,0.9,0.48,1,0.95,0.69,0.44,P2,Team_C,Medium,P2
11741,Medium,0.6,0.5,4,0.67,0.74,0.36,P2,Team_A,Medium,P2
11742,Medium,0.6,0.53,3,0.63,0.83,0.75,P2,Team_C,Medium,P2
11743,Low,0.3,0.19,4,0.82,0.6,0.96,P3,Team_C,Low,P3
11744,High,0.9,0.16,1,0.55,0.45,0.5,P2,Team_A,Medium,P2
11745,Low,0.3,0.66,1,0.69,0.67,0.57,P2,Team_B,Medium,P2
11746,Medium,0.6,0.94,3,0.46,0.55,0.31,P2,Team_A,Medium,P2
11747,High,0.9,0.17,4,0.69,0.85,0.8,P2,Team_B,Medium,P2
11748,Medium,0.6,0.6,1,0.9,0.4,0.91,P2,Team_B,Medium,P2
11749,Low,0.3,0.4,3,0.47,0.86,0.39,P2,Team_C,Medium,P2
11750,High,0.9,0.3,3,0.62,0.62,0.84,P2,Team_A,Medium,P2
11751,High,0.9,0.52,2,0.74,0.72,0.89,P2,Team_C,Medium,P2
11752,Low,0.3,0.64,2,0.49,0.74,0.34,P2,Team_C,Medium,P2
11753,Medium,0.6,0.53,3,0.21,0.37,0.4,P2,Team_C,Medium,P2
11754,High,0.9,0.85,4,0.73,0.68,0.68,P1,Team_A,High,P1
11755,High,0.9,0.64,1,0.67,0.41,0.93,P1,Team_C,High,P1
11756,Low,0.3,0.6,4,0.63,0.61,0.34,P2,Team_A,Medium,P2
11757,Low,0.3,0.18,3,0.76,0.89,0.32,P3,Team_B,Low,P3
11758,Low,0.3,0.39,1,0.75,0.45,0.3,P3,Team_A,Low,P3
11759,Medium,0.6,0.63,3,0.91,0.76,0.72,P2,Team_C,Medium,P2
11760,High,0.9,0.49,3,0.83,0.65,0.74,P2,Team_A,Medium,P2
11761,High,0.9,0.75,1,0.91,0.53,0.63,P1,Team_A,High,P1
11762,Medium,0.6,0.45,1,0.55,0.84,0.45,P2,Team_B,Medium,P2
11763,Low,0.3,0.07,2,0.35,0.66,0.43,P3,Team_C,Low,P3
11764,High,0.9,0.51,1,0.96,0.46,0.45,P2,Team_C,Medium,P2
11765,Low,0.3,0.4,4,0.94,0.35,0.45,P2,Team_C,Medium,P2
11766,High,0.9,0.58,3,0.99,0.78,0.72,P2,Team_A,Medium,P2
11767,Medium,0.6,0.24,4,0.4,0.46,0.81,P2,Team_C,Medium,P2
11768,High,0.9,0.26,4,0.86,0.55,0.6,P2,Team_B,Medium,P2
11769,Low,0.3,0.91,1,0.9,0.92,0.72,P2,Team_A,Medium,P2
11770,Low,0.3,0.31,1,0.24,0.58,0.42,P3,Team_A,Low,P3
11771,Low,0.3,0.26,1,0.57,0.78,0.86,P3,Team_C,Low,P3
11772,High,0.9,0.32,3,0.79,0.56,0.66,P2,Team_C,Medium,P2
11773,Low,0.3,0.26,1,0.87,0.87,0.96,P3,Team_B,Low,P3
11774,Low,0.3,0.22,1,0.52,0.86,0.88,P3,Team_C,Low,P3
11775,Medium,0.6,0.4,2,0.59,0.8,0.86,P2,Team_B,Medium,P2
11776,High,0.9,0.33,2,0.62,0.56,0.34,P2,Team_A,Medium,P2
11777,High,0.9,0.21,4,0.81,0.6,0.97,P2,Team_B,Medium,P2
11778,Low,0.3,0.26,2,0.49,0.49,0.5,P3,Team_A,Low,P3
11779,Medium,0.6,0.75,4,0.6,0.44,0.88,P2,Team_B,Medium,P2
11780,High,0.9,0.56,4,0.85,0.57,0.74,P2,Team_C,Medium,P2
11781,Medium,0.6,0.58,3,0.83,0.64,0.9,P2,Team_A,Medium,P2
11782,Low,0.3,0.72,1,0.64,0.76,0.31,P2,Team_A,Medium,P2
11783,Low,0.3,0.32,1,0.85,0.48,0.73,P3,Team_C,Low,P3
11784,Medium,0.6,0.36,4,0.7,0.85,0.94,P2,Team_B,Medium,P2
11785,Medium,0.6,0.24,3,0.69,0.79,0.51,P2,Team_B,Medium,P2
11786,Medium,0.6,0.43,4,0.78,0.76,0.84,P2,Team_B,Medium,P2
11787,Low,0.3,0.49,2,0.65,0.7,0.43,P2,Team_B,Medium,P2
11788,Low,0.3,0.68,1,0.86,0.72,0.77,P2,Team_A,Medium,P2
11789,High,0.9,0.18,4,0.85,0.64,0.92,P2,Team_A,Medium,P2
11790,Low,0.3,0.68,3,0.58,0.81,0.55,P2,Team_A,Medium,P2
11791,Low,0.3,0.32,1,0.5,1.0,0.49,P3,Team_B,Low,P3
11792,Low,0.3,0.77,1,0.77,0.77,0.54,P2,Team_B,Medium,P2
11793,Low,0.3,0.36,4,0.57,0.78,0.94,P3,Team_A,Low,P3
11794,Low,0.3,0.95,1,0.5,0.45,0.3,P2,Team_B,Medium,P2
11795,Low,0.3,0.48,1,0.91,0.85,0.83,P2,Team_C,Medium,P2
11796,Medium,0.6,0.22,4,0.66,0.69,0.63,P2,Team_A,Medium,P2
11797,High,0.9,0.57,3,0.93,0.25,0.57,P2,Team_C,Medium,P2
11798,Medium,0.6,0.4,4,0.74,0.63,0.39,P2,Team_B,Medium,P2
11799,High,0.9,0.1,2,0.64,0.52,0.4,P2,Team_B,Medium,P2
11800,Low,0.3,0.48,4,0.58,0.53,0.47,P2,Team_A,Medium,P2
11801,High,0.9,0.59,2,0.58,0.68,0.51,P2,Team_C,Medium,P2
11802,Low,0.3,0.78,2,0.78,0.66,0.77,P2,Team_C,Medium,P2
11803,High,0.9,0.6,4,0.9,0.55,0.68,P2,Team_A,Medium,P2
11804,Medium,0.6,0.28,4,0.59,0.68,0.57,P2,Team_C,Medium,P2
11805,Medium,0.6,0.36,4,0.69,0.54,0.62,P2,Team_B,Medium,P2
11806,Low,0.3,0.51,3,0.67,0.6,0.45,P2,Team_C,Medium,P2
11807,High,0.9,0.54,4,0.82,0.85,0.5,P2,Team_A,Medium,P2
11808,Low,0.3,0.6,3,0.55,0.55,0.84,P2,Team_B,Medium,P2
11809,Low,0.3,0.71,1,0.92,0.91,0.84,P2,Team_C,Medium,P2
11810,High,0.9,0.21,3,0.96,0.48,0.62,P2,Team_A,Medium,P2
11811,Low,0.3,0.28,3,0.68,0.37,0.76,P3,Team_C,Low,P3
11812,Low,0.3,0.86,4,0.83,0.29,0.73,P2,Team_C,Medium,P2
11813,Low,0.3,0.37,2,0.84,0.63,0.52,P3,Team_C,Low,P3
11814,High,0.9,0.76,1,0.52,0.82,0.66,P1,Team_A,High,P1
11815,Low,0.3,0.45,4,0.58,0.7,0.52,P2,Team_A,Medium,P2
11816,Low,0.3,0.31,3,0.93,0.82,0.35,P3,Team_B,Low,P3
11817,Low,0.3,0.82,1,0.39,0.46,0.79,P2,Team_A,Medium,P2
11818,Low,0.3,0.57,4,0.64,0.43,0.95,P2,Team_B,Medium,P2
11819,Medium,0.6,0.53,3,0.6,0.45,0.82,P2,Team_A,Medium,P2
11820,Low,0.3,0.33,1,0.86,0.87,0.78,P3,Team_C,Low,P3
11821,Medium,0.6,0.74,3,0.85,0.61,0.8,P2,Team_C,Medium,P2
11822,Low,0.3,0.38,2,0.53,0.59,0.42,P3,Team_C,Low,P3
11823,Low,0.3,0.54,2,0.74,0.5,0.94,P2,Team_B,Medium,P2
11824,High,0.9,0.8,2,0.92,0.58,0.61,P1,Team_B,High,P1
11825,Low,0.3,0.29,2,0.71,0.89,0.65,P3,Team_B,Low,P3
11826,Medium,0.6,0.73,2,0.93,0.99,0.36,P2,Team_A,Medium,P2
11827,Medium,0.6,0.7,3,0.91,0.91,0.71,P2,Team_C,Medium,P2
11828,Low,0.3,0.2,1,0.56,0.56,0.76,P3,Team_C,Low,P3
11829,Medium,0.6,0.52,3,0.92,0.85,0.65,P2,Team_B,Medium,P2
11830,Medium,0.6,0.29,2,0.7,0.86,0.74,P2,Team_C,Medium,P2
11831,Low,0.3,0.36,1,0.35,0.63,0.93,P3,Team_B,Low,P3
11832,Medium,0.6,0.88,4,0.8,0.8,1.0,P2,Team_B,Medium,P2
11833,Medium,0.6,0.13,3,0.69,0.6,0.73,P2,Team_C,Medium,P2
11834,Low,0.3,0.54,1,0.58,0.73,0.81,P2,Team_B,Medium,P2
11835,Medium,0.6,0.43,4,0.76,0.77,0.55,P2,Team_B,Medium,P2
11836,Low,0.3,0.85,4,0.74,0.82,0.34,P2,Team_C,Medium,P2
11837,Low,0.3,0.38,4,0.84,0.91,0.32,P3,Team_C,Low,P3
11838,Medium,0.6,0.25,3,0.58,0.54,0.82,P2,Team_A,Medium,P2
11839,Low,0.3,0.81,4,0.65,0.66,0.52,P2,Team_A,Medium,P2
11840,Medium,0.6,0.21,3,0.44,0.74,0.49,P2,Team_A,Medium,P2
11841,Medium,0.6,0.13,1,0.63,0.7,0.59,P2,Team_C,Medium,P2
11842,High,0.9,0.7,2,0.83,0.71,0.73,P1,Team_C,High,P1
11843,Medium,0.6,0.23,1,0.86,0.56,0.8,P2,Team_A,Medium,P2
11844,Medium,0.6,0.85,1,0.83,0.68,0.31,P2,Team_A,Medium,P2
11845,Low,0.3,0.46,1,0.75,0.21,0.33,P2,Team_A,Medium,P2
11846,High,0.9,0.43,2,0.91,0.63,0.85,P2,Team_C,Medium,P2
11847,Medium,0.6,0.46,1,0.43,0.62,0.94,P2,Team_C,Medium,P2
11848,Low,0.3,0.34,1,0.95,0.74,0.87,P3,Team_A,Low,P3
11849,Low,0.3,0.89,2,0.91,0.82,0.66,P2,Team_C,Medium,P2
11850,Low,0.3,0.29,2,0.98,0.36,0.36,P3,Team_B,Low,P3
11851,Low,0.3,0.41,1,0.97,0.82,0.84,P2,Team_A,Medium,P2
11852,Low,0.3,0.84,4,0.53,0.3,0.8,P2,Team_C,Medium,P2
11853,High,0.9,0.14,4,0.38,0.91,0.91,P2,Team_C,Medium,P2
11854,Low,0.3,0.51,1,0.71,0.31,0.72,P2,Team_A,Medium,P2
11855,High,0.9,0.83,4,0.79,0.79,0.93,P1,Team_C,High,P1
11856,Low,0.3,0.41,2,0.89,0.45,0.5,P2,Team_A,Medium,P2
11857,Low,0.3,0.56,2,0.93,0.92,0.71,P2,Team_B,Medium,P2
11858,High,0.9,0.71,3,0.89,0.6,0.41,P1,Team_C,High,P1
11859,Medium,0.6,0.76,4,0.65,0.9,0.74,P2,Team_C,Medium,P2
11860,Low,0.3,0.47,3,0.66,0.8,0.48,P2,Team_A,Medium,P2
11861,Low,0.3,0.78,2,0.26,0.73,0.45,P2,Team_B,Medium,P2
11862,High,0.9,0.87,4,0.88,0.65,0.47,P1,Team_C,High,P1
11863,Medium,0.6,0.43,1,0.85,0.81,0.99,P2,Team_A,Medium,P2
11864,High,0.9,0.37,4,0.65,0.67,0.59,P2,Team_B,Medium,P2
11865,Medium,0.6,0.51,4,0.62,0.62,0.82,P2,Team_A,Medium,P2
11866,Medium,0.6,0.3,1,0.63,0.34,0.91,P2,Team_A,Medium,P2
11867,High,0.9,0.16,2,0.6,0.52,0.85,P2,Team_C,Medium,P2
11868,Low,0.3,0.68,1,0.66,0.65,0.85,P2,Team_A,Medium,P2
11869,Low,0.3,0.49,4,0.74,0.95,0.88,P2,Team_C,Medium,P2
11870,High,0.9,0.54,3,0.38,0.63,0.46,P2,Team_B,Medium,P2
11871,Low,0.3,0.61,1,0.49,0.54,0.37,P2,Team_B,Medium,P2
11872,Medium,0.6,0.23,3,0.63,0.76,0.85,P2,Team_A,Medium,P2
11873,Low,0.3,0.16,1,0.87,0.78,0.91,P3,Team_B,Low,P3
11874,High,0.9,0.69,4,0.7,0.34,0.95,P1,Team_A,High,P1
11875,Medium,0.6,0.68,4,0.21,0.46,0.44,P2,Team_C,Medium,P2
11876,Medium,0.6,0.37,3,0.91,0.91,0.46,P2,Team_C,Medium,P2
11877,Low,0.3,0.24,4,0.62,0.75,0.4,P3,Team_B,Low,P3
11878,High,0.9,0.66,2,0.6,0.78,0.59,P1,Team_B,High,P1
11879,High,0.9,0.19,1,0.85,0.27,0.97,P2,Team_B,Medium,P2
11880,Low,0.3,0.56,4,0.79,0.74,0.41,P2,Team_A,Medium,P2
11881,Medium,0.6,0.37,2,0.59,0.77,0.31,P2,Team_C,Medium,P2
11882,Low,0.3,0.34,2,0.6,0.39,0.45,P3,Team_A,Low,P3
11883,High,0.9,0.77,3,0.52,0.75,0.51,P1,Team_C,High,P1
11884,High,0.9,0.17,4,0.84,0.46,0.7,P2,Team_A,Medium,P2
11885,Low,0.3,0.87,2,0.73,0.48,0.36,P2,Team_C,Medium,P2
11886,Medium,0.6,0.75,3,0.87,0.76,0.95,P2,Team_B,Medium,P2
11887,High,0.9,0.52,1,0.53,0.44,0.57,P2,Team_C,Medium,P2
11888,Low,0.3,0.57,2,0.75,0.84,0.9,P2,Team_C,Medium,P2
11889,Low,0.3,0.34,4,0.67,0.85,0.6,P3,Team_B,Low,P3
11890,Low,0.3,0.88,3,0.66,0.47,0.59,P2,Team_B,Medium,P2
11891,Medium,0.6,0.47,2,0.78,0.54,0.78,P2,Team_B,Medium,P2
11892,Low,0.3,0.12,4,0.73,0.59,0.45,P3,Team_B,Low,P3
11893,Low,0.3,0.41,4,0.91,0.84,0.57,P2,Team_B,Medium,P2
11894,High,0.9,0.94,1,0.87,0.36,0.74,P1,Team_C,High,P1
11895,Low,0.3,0.21,2,0.71,0.71,0.53,P3,Team_B,Low,P3
11896,Low,0.3,0.94,1,0.55,0.79,0.64,P2,Team_C,Medium,P2
11897,Low,0.3,0.71,4,0.43,0.58,0.58,P2,Team_A,Medium,P2
11898,Low,0.3,0.73,2,0.85,0.49,0.95,P2,Team_C,Medium,P2
11899,Low,0.3,0.47,1,0.91,0.61,0.55,P2,Team_B,Medium,P2
11900,Low,0.3,0.19,2,0.81,0.84,0.57,P3,Team_A,Low,P3
11901,Low,0.3,0.06,2,0.7,0.77,0.99,P3,Team_A,Low,P3
11902,High,0.9,0.83,4,0.83,0.84,0.58,P1,Team_A,High,P1
11903,Low,0.3,0.81,2,0.76,0.87,0.91,P2,Team_A,Medium,P2
11904,High,0.9,0.27,3,0.9,0.59,0.52,P2,Team_B,Medium,P2
11905,Low,0.3,0.53,3,0.58,0.79,0.47,P2,Team_A,Medium,P2
11906,Low,0.3,0.48,2,0.81,0.54,0.95,P2,Team_C,Medium,P2
11907,High,0.9,0.54,2,0.68,0.82,0.51,P2,Team_A,Medium,P2
11908,Medium,0.6,0.47,1,0.95,0.46,0.57,P2,Team_A,Medium,P2
11909,Low,0.3,0.69,1,0.66,0.92,0.54,P2,Team_C,Medium,P2
11910,Medium,0.6,0.53,4,0.79,0.86,0.71,P2,Team_A,Medium,P2
11911,High,0.9,0.58,1,0.78,0.44,0.35,P2,Team_B,Medium,P2
11912,Medium,0.6,0.73,3,0.89,0.66,0.87,P2,Team_C,Medium,P2
11913,Medium,0.6,0.65,4,0.62,0.63,0.64,P2,Team_C,Medium,P2
11914,Medium,0.6,0.67,1,0.67,0.66,0.61,P2,Team_B,Medium,P2
11915,High,0.9,0.74,4,0.64,0.6,0.51,P1,Team_B,High,P1
11916,Medium,0.6,0.97,3,0.79,0.83,0.37,P2,Team_B,Medium,P2
11917,Medium,0.6,0.52,2,0.7,0.46,0.48,P2,Team_C,Medium,P2
11918,Medium,0.6,0.15,3,0.89,0.88,0.34,P2,Team_A,Medium,P2
11919,High,0.9,0.7,3,0.86,0.88,0.44,P1,Team_C,High,P1
11920,Low,0.3,0.13,2,0.78,0.67,0.59,P3,Team_A,Low,P3
11921,Medium,0.6,0.83,4,0.77,0.85,0.38,P2,Team_A,Medium,P2
11922,Low,0.3,0.58,4,0.61,0.89,0.48,P2,Team_B,Medium,P2
11923,Medium,0.6,0.39,1,0.78,0.97,0.63,P2,Team_B,Medium,P2
11924,Low,0.3,0.31,1,0.86,0.28,0.38,P3,Team_C,Low,P3
11925,Medium,0.6,0.52,2,0.83,0.44,0.82,P2,Team_A,Medium,P2
11926,Low,0.3,0.44,4,0.77,0.35,0.74,P2,Team_C,Medium,P2
11927,Low,0.3,0.44,4,0.81,0.42,0.83,P2,Team_A,Medium,P2
11928,Low,0.3,0.17,3,0.55,0.62,0.45,P3,Team_C,Low,P3
11929,Medium,0.6,0.62,2,0.9,0.49,0.35,P2,Team_B,Medium,P2
11930,Low,0.3,0.64,3,0.75,0.7,0.77,P2,Team_A,Medium,P2
11931,Medium,0.6,0.79,2,0.67,0.97,0.79,P2,Team_C,Medium,P2
11932,Low,0.3,0.59,2,0.82,0.75,0.77,P2,Team_C,Medium,P2
11933,High,0.9,0.93,1,0.73,0.35,0.41,P1,Team_C,High,P1
11934,High,0.9,0.74,4,0.85,0.62,0.88,P1,Team_B,High,P1
11935,Medium,0.6,0.96,4,0.75,0.65,0.6,P2,Team_A,Medium,P2
11936,Medium,0.6,0.85,4,0.96,0.88,0.96,P2,Team_B,Medium,P2
11937,High,0.9,0.71,2,0.78,0.71,0.39,P1,Team_C,High,P1
11938,Low,0.3,0.8,1,0.76,0.55,0.9,P2,Team_B,Medium,P2
11939,Low,0.3,0.88,3,0.66,0.31,0.85,P2,Team_A,Medium,P2
11940,Medium,0.6,0.82,4,0.83,0.68,0.53,P2,Team_C,Medium,P2
11941,Medium,0.6,0.19,4,0.73,0.79,0.38,P2,Team_A,Medium,P2
11942,High,0.9,0.46,1,0.61,0.88,0.46,P2,Team_C,Medium,P2
11943,Medium,0.6,0.78,3,0.8,0.42,0.86,P2,Team_A,Medium,P2
11944,Medium,0.6,0.44,3,0.85,0.77,0.93,P2,Team_A,Medium,P2
11945,Medium,0.6,0.58,1,0.81,0.39,0.6,P2,Team_C,Medium,P2
11946,High,0.9,0.46,3,0.8,0.64,0.58,P2,Team_B,Medium,P2
11947,Low,0.3,0.53,2,0.89,0.77,0.93,P2,Team_A,Medium,P2
11948,Low,0.3,0.53,3,0.71,0.88,0.62,P2,Team_C,Medium,P2
11949,Low,0.3,0.53,4,0.84,0.51,0.79,P2,Team_B,Medium,P2
11950,Medium,0.6,0.21,3,0.86,0.84,0.55,P2,Team_C,Medium,P2
11951,Medium,0.6,0.56,4,0.87,0.86,0.7,P2,Team_A,Medium,P2
11952,Low,0.3,0.34,4,0.79,0.77,0.65,P3,Team_C,Low,P3
11953,Medium,0.6,0.29,3,0.78,0.67,0.55,P2,Team_A,Medium,P2
11954,Medium,0.6,0.79,3,0.82,0.78,0.4,P2,Team_A,Medium,P2
11955,Low,0.3,0.75,3,0.49,0.88,0.9,P2,Team_B,Medium,P2
11956,Medium,0.6,0.36,4,0.7,0.81,0.76,P2,Team_C,Medium,P2
11957,Low,0.3,0.37,4,0.63,0.63,0.68,P3,Team_B,Low,P3
11958,Low,0.3,0.36,3,0.95,0.39,0.62,P3,Team_C,Low,P3
11959,Medium,0.6,0.89,3,0.5,0.48,0.92,P2,Team_C,Medium,P2
11960,Medium,0.6,0.69,3,0.81,0.46,0.6,P2,Team_C,Medium,P2
11961,Low,0.3,0.56,3,0.91,0.21,0.88,P2,Team_B,Medium,P2
11962,Low,0.3,0.77,3,0.88,0.67,0.58,P2,Team_B,Medium,P2
11963,Low,0.3,0.69,3,0.94,0.91,0.84,P2,Team_B,Medium,P2
11964,Low,0.3,0.18,1,0.55,0.46,0.55,P3,Team_C,Low,P3
11965,Low,0.3,0.13,3,0.76,0.8,0.76,P3,Team_C,Low,P3
11966,Medium,0.6,0.32,3,0.67,0.77,0.81,P2,Team_C,Medium,P2
11967,Low,0.3,0.06,1,0.84,0.67,0.81,P3,Team_C,Low,P3
11968,High,0.9,0.41,3,0.55,0.64,1.0,P2,Team_B,Medium,P2
11969,Low,0.3,0.6,2,0.74,0.5,0.83,P2,Team_A,Medium,P2
11970,Medium,0.6,0.28,4,0.66,0.9,0.72,P2,Team_B,Medium,P2
11971,Low,0.3,0.3,2,0.78,0.71,0.98,P3,Team_C,Low,P3
11972,High,0.9,0.67,1,0.63,0.87,0.71,P1,Team_C,High,P1
11973,High,0.9,0.99,2,0.86,0.59,0.34,P1,Team_A,High,P1
11974,Medium,0.6,0.08,4,0.72,0.96,0.4,P2,Team_B,Medium,P2
11975,Low,0.3,0.49,1,0.57,0.82,0.68,P2,Team_A,Medium,P2
11976,Medium,0.6,0.32,1,0.9,0.59,0.84,P2,Team_A,Medium,P2
11977,Medium,0.6,0.51,1,0.92,0.66,0.93,P2,Team_B,Medium,P2
11978,Low,0.3,0.2,2,0.63,0.51,0.99,P3,Team_A,Low,P3
11979,Medium,0.6,0.65,4,0.76,0.75,0.9,P2,Team_B,Medium,P2
11980,High,0.9,0.12,2,0.72,0.79,0.4,P2,Team_A,Medium,P2
11981,High,0.9,0.32,3,0.82,0.35,0.87,P2,Team_C,Medium,P2
11982,Low,0.3,0.23,1,0.84,0.89,0.54,P3,Team_B,Low,P3
11983,Low,0.3,0.77,4,0.82,0.72,0.46,P2,Team_A,Medium,P2
11984,High,0.9,0.2,1,0.87,0.62,0.78,P2,Team_C,Medium,P2
11985,Low,0.3,0.58,1,0.72,0.79,0.84,P2,Team_A,Medium,P2
11986,Low,0.3,0.32,1,0.49,0.68,0.32,P3,Team_B,Low,P3
11987,High,0.9,0.26,4,0.92,0.53,0.72,P2,Team_B,Medium,P2
11988,Low,0.3,0.61,2,0.77,0.83,0.44,P2,Team_B,Medium,P2
11989,High,0.9,0.86,4,0.86,0.65,0.75,P1,Team_C,High,P1
11990,Low,0.3,0.14,3,0.69,0.65,0.4,P3,Team_A,Low,P3
11991,Low,0.3,0.84,2,0.49,0.56,0.63,P2,Team_B,Medium,P2
11992,Low,0.3,0.63,4,0.83,0.79,0.82,P2,Team_B,Medium,P2
11993,Medium,0.6,0.47,4,0.92,0.68,0.3,P2,Team_A,Medium,P2
11994,Low,0.3,0.4,2,0.71,0.73,0.66,P2,Team_C,Medium,P2
11995,Medium,0.6,0.35,1,0.37,0.74,0.78,P2,Team_A,Medium,P2
11996,Low,0.3,0.94,4,0.47,0.55,0.95,P2,Team_B,Medium,P2
11997,Low,0.3,0.53,4,0.85,0.8,0.7,P2,Team_A,Medium,P2
11998,High,0.9,0.35,1,0.53,0.76,0.53,P2,Team_B,Medium,P2
11999,Medium,0.6,0.26,2,0.92,0.61,0.66,P2,Team_C,Medium,P2
12000,High,0.9,0.17,2,0.46,0.65,0.72,P2,Team_A,Medium,P2
